region,taxon_group,species_id,split_id,seed,estimand,n_presence,n_PA_test,categorical_encoding,weight_decay,lambda_s,lambda_r,lambda_selection,basis_df,knots,background_scheme,integration_support,objective,model,n_background,converged,runtime_s,auc_roc,auprc,prg,artifact_path,skip_reason,optimizer,train_steps,steps_adam,final_loss,deep_lr,residual,disable_silu,warm_start,freeze_edges
AWT,bird,awt01,pa_holdout,0,global_conditional_density,178,340,onehot_l2,0.0,0.01,1e-06,frozen_default,9,"G=6,K=3",random_50k,full_background_50k,ipp,additive_kan_ipp,50000,True,22.4101602419978,0.5371669004207573,0.2971777947419499,0.069963546753284,,,lbfgs,15.0,,,,,,,
AWT,bird,awt01,pa_holdout,0,global_conditional_density,178,340,onehot_l2,0.0,0.01,1e-06,frozen_default,9,"G=6,K=3",random_50k,full_background_50k,ipp,deep2_kan_ipp,50000,True,69.41706722500385,0.5681977559607293,0.3241491586219206,0.136035733644265,,,lbfgs,12.0,0.0,1768.15130429672,0.05,True,True,True,True
AWT,bird,awt01,pa_holdout,1,global_conditional_density,178,340,onehot_l2,0.0,0.01,1e-06,frozen_default,9,"G=6,K=3",random_50k,full_background_50k,ipp,additive_kan_ipp,50000,True,28.42733314000361,0.5366847826086956,0.2963473344309307,0.0706480166011997,,,lbfgs,15.0,,,,,,,
AWT,bird,awt01,pa_holdout,1,global_conditional_density,178,340,onehot_l2,0.0,0.01,1e-06,frozen_default,9,"G=6,K=3",random_50k,full_background_50k,ipp,deep2_kan_ipp,50000,True,66.5534192329942,0.5742461430575035,0.3266404254992477,0.1454581013187831,,,lbfgs,12.0,0.0,1769.2757196675511,0.05,True,True,True,True
AWT,bird,awt01,pa_holdout,2,global_conditional_density,178,340,onehot_l2,0.0,0.01,1e-06,frozen_default,9,"G=6,K=3",random_50k,full_background_50k,ipp,additive_kan_ipp,50000,True,26.843235446998733,0.5367286115007013,0.2964728166282211,0.0698585744460126,,,lbfgs,15.0,,,,,,,
AWT,bird,awt01,pa_holdout,2,global_conditional_density,178,340,onehot_l2,0.0,0.01,1e-06,frozen_default,9,"G=6,K=3",random_50k,full_background_50k,ipp,deep2_kan_ipp,50000,True,73.29315614400548,0.5686798737727911,0.3262691748854515,0.1348003111117076,,,lbfgs,12.0,0.0,1769.9859793530504,0.05,True,True,True,True
AWT,bird,awt02,pa_holdout,0,global_conditional_density,149,340,onehot_l2,0.0,0.01,1e-06,frozen_default,9,"G=6,K=3",random_50k,full_background_50k,ipp,additive_kan_ipp,50000,True,27.24786557799962,0.7550557244174266,0.6727978950685664,0.5600879933954008,,,lbfgs,15.0,,,,,,,
AWT,bird,awt02,pa_holdout,0,global_conditional_density,149,340,onehot_l2,0.0,0.01,1e-06,frozen_default,9,"G=6,K=3",random_50k,full_background_50k,ipp,deep2_kan_ipp,50000,True,75.03205902500486,0.8660182370820668,0.7278652175990926,0.7566629546243993,,,lbfgs,12.0,0.0,1419.6675096338065,0.05,True,True,True,True
AWT,bird,awt02,pa_holdout,1,global_conditional_density,149,340,onehot_l2,0.0,0.01,1e-06,frozen_default,9,"G=6,K=3",random_50k,full_background_50k,ipp,additive_kan_ipp,50000,True,30.379551902995445,0.7541236068895643,0.6721337135681356,0.5584295747140565,,,lbfgs,15.0,,,,,,,
AWT,bird,awt02,pa_holdout,1,global_conditional_density,149,340,onehot_l2,0.0,0.01,1e-06,frozen_default,9,"G=6,K=3",random_50k,full_background_50k,ipp,deep2_kan_ipp,50000,True,70.44007795100333,0.8501722391084092,0.7161630040795348,0.7328272072160545,,,lbfgs,12.0,0.0,1421.059129623074,0.05,True,True,True,True
AWT,bird,awt02,pa_holdout,2,global_conditional_density,149,340,onehot_l2,0.0,0.01,1e-06,frozen_default,9,"G=6,K=3",random_50k,full_background_50k,ipp,additive_kan_ipp,50000,True,30.110062462001224,0.7550557244174265,0.6725378440050757,0.5604953715225945,,,lbfgs,15.0,,,,,,,
AWT,bird,awt02,pa_holdout,2,global_conditional_density,149,340,onehot_l2,0.0,0.01,1e-06,frozen_default,9,"G=6,K=3",random_50k,full_background_50k,ipp,deep2_kan_ipp,50000,True,70.57417754101334,0.8690982776089158,0.7341623053290963,0.7622065447849503,,,lbfgs,12.0,0.0,1420.755207947273,0.05,True,True,True,True
AWT,bird,awt03,pa_holdout,0,global_conditional_density,219,340,onehot_l2,0.0,0.01,1e-06,frozen_default,9,"G=6,K=3",random_50k,full_background_50k,ipp,additive_kan_ipp,50000,True,28.69880897500844,0.528233954223153,0.3884760662167766,0.0667929057862757,,,lbfgs,15.0,,,,,,,
AWT,bird,awt03,pa_holdout,0,global_conditional_density,219,340,onehot_l2,0.0,0.01,1e-06,frozen_default,9,"G=6,K=3",random_50k,full_background_50k,ipp,deep2_kan_ipp,50000,True,72.50849681699765,0.519490062088982,0.3795339963588815,0.0498879164721935,,,lbfgs,12.0,0.0,2097.397803083308,0.05,True,True,True,True
AWT,bird,awt03,pa_holdout,1,global_conditional_density,219,340,onehot_l2,0.0,0.01,1e-06,frozen_default,9,"G=6,K=3",random_50k,full_background_50k,ipp,additive_kan_ipp,50000,True,28.774274732990307,0.5281604761379918,0.3883919534921804,0.0669126337690296,,,lbfgs,15.0,,,,,,,
AWT,bird,awt03,pa_holdout,1,global_conditional_density,219,340,onehot_l2,0.0,0.01,1e-06,frozen_default,9,"G=6,K=3",random_50k,full_background_50k,ipp,deep2_kan_ipp,50000,True,70.81911623399355,0.5187552812373709,0.3809362383957677,0.0493644111905004,,,lbfgs,12.0,0.0,2098.2942303191453,0.05,True,True,True,True
AWT,bird,awt03,pa_holdout,2,global_conditional_density,219,340,onehot_l2,0.0,0.01,1e-06,frozen_default,9,"G=6,K=3",random_50k,full_background_50k,ipp,additive_kan_ipp,50000,True,29.74171413099976,0.5287483008192806,0.3899479559165132,0.0685828098543691,,,lbfgs,15.0,,,,,,,
AWT,bird,awt03,pa_holdout,2,global_conditional_density,219,340,onehot_l2,0.0,0.01,1e-06,frozen_default,9,"G=6,K=3",random_50k,full_background_50k,ipp,deep2_kan_ipp,50000,True,71.8360698010074,0.5171387633638268,0.3814217269668044,0.0366375474999148,,,lbfgs,12.0,0.0,2095.279079723473,0.05,True,True,True,True
AWT,bird,awt04,pa_holdout,0,global_conditional_density,216,340,onehot_l2,0.0,0.01,1e-06,frozen_default,9,"G=6,K=3",random_50k,full_background_50k,ipp,additive_kan_ipp,50000,True,28.74244214799546,0.4647030185004869,0.4525546510353332,-0.0430997593838635,,,lbfgs,15.0,,,,,,,
AWT,bird,awt04,pa_holdout,0,global_conditional_density,216,340,onehot_l2,0.0,0.01,1e-06,frozen_default,9,"G=6,K=3",random_50k,full_background_50k,ipp,deep2_kan_ipp,50000,True,69.09239410700684,0.4668243149255807,0.4537823851295461,-0.0464565530201946,,,lbfgs,12.0,0.0,2070.867767230284,0.05,True,True,True,True
AWT,bird,awt04,pa_holdout,1,global_conditional_density,216,340,onehot_l2,0.0,0.01,1e-06,frozen_default,9,"G=6,K=3",random_50k,full_background_50k,ipp,additive_kan_ipp,50000,True,28.108211716011283,0.4645639170955626,0.4524621498880628,-0.0433047826082259,,,lbfgs,15.0,,,,,,,
AWT,bird,awt04,pa_holdout,1,global_conditional_density,216,340,onehot_l2,0.0,0.01,1e-06,frozen_default,9,"G=6,K=3",random_50k,full_background_50k,ipp,deep2_kan_ipp,50000,True,71.24736936099362,0.4653637501738766,0.4534892703937522,-0.0486654053451378,,,lbfgs,12.0,0.0,2070.888347068746,0.05,True,True,True,True
AWT,bird,awt04,pa_holdout,2,global_conditional_density,216,340,onehot_l2,0.0,0.01,1e-06,frozen_default,9,"G=6,K=3",random_50k,full_background_50k,ipp,additive_kan_ipp,50000,True,28.24352897399513,0.4646682431492558,0.4525450482164393,-0.043046909855808,,,lbfgs,15.0,,,,,,,
AWT,bird,awt04,pa_holdout,2,global_conditional_density,216,340,onehot_l2,0.0,0.01,1e-06,frozen_default,9,"G=6,K=3",random_50k,full_background_50k,ipp,deep2_kan_ipp,50000,True,69.17588191699178,0.4659549311448046,0.453523455229523,-0.0484982099566606,,,lbfgs,12.0,0.0,2071.027760803684,0.05,True,True,True,True
AWT,bird,awt05,pa_holdout,0,global_conditional_density,114,340,onehot_l2,0.0,0.01,1e-06,frozen_default,9,"G=6,K=3",random_50k,full_background_50k,ipp,additive_kan_ipp,50000,True,34.23030042700702,0.7327717667562269,0.2735606034489157,0.5112567007822605,,,lbfgs,15.0,,,,,,,
AWT,bird,awt05,pa_holdout,0,global_conditional_density,114,340,onehot_l2,0.0,0.01,1e-06,frozen_default,9,"G=6,K=3",random_50k,full_background_50k,ipp,deep2_kan_ipp,50000,True,76.36930970600224,0.7061941761673081,0.2492436891932222,0.4479560088719843,,,lbfgs,12.0,0.0,1004.4149897408464,0.05,True,True,True,True
AWT,bird,awt05,pa_holdout,1,global_conditional_density,114,340,onehot_l2,0.0,0.01,1e-06,frozen_default,9,"G=6,K=3",random_50k,full_background_50k,ipp,additive_kan_ipp,50000,True,27.51933954600827,0.7326265340207683,0.2737143311267938,0.5106919735085326,,,lbfgs,15.0,,,,,,,
AWT,bird,awt05,pa_holdout,1,global_conditional_density,114,340,onehot_l2,0.0,0.01,1e-06,frozen_default,9,"G=6,K=3",random_50k,full_background_50k,ipp,deep2_kan_ipp,50000,True,75.62410427800205,0.7070655725800595,0.2454175103474788,0.4488624071603682,,,lbfgs,12.0,0.0,1004.6336504833668,0.05,True,True,True,True
AWT,bird,awt05,pa_holdout,2,global_conditional_density,114,340,onehot_l2,0.0,0.01,1e-06,frozen_default,9,"G=6,K=3",random_50k,full_background_50k,ipp,additive_kan_ipp,50000,True,29.81726025999524,0.7324813012853097,0.2736170369821453,0.5106160833868227,,,lbfgs,15.0,,,,,,,
AWT,bird,awt05,pa_holdout,2,global_conditional_density,114,340,onehot_l2,0.0,0.01,1e-06,frozen_default,9,"G=6,K=3",random_50k,full_background_50k,ipp,deep2_kan_ipp,50000,True,81.51084181100305,0.7062667925350374,0.2448068547676014,0.4453460874267463,,,lbfgs,12.0,0.0,1003.9929489315134,0.05,True,True,True,True
AWT,bird,awt06,pa_holdout,0,global_conditional_density,265,340,onehot_l2,0.0,0.01,1e-06,frozen_default,9,"G=6,K=3",random_50k,full_background_50k,ipp,additive_kan_ipp,50000,True,30.356895126999007,0.6440180350214952,0.6196974616626065,0.3191617129398542,,,lbfgs,15.0,,,,,,,
AWT,bird,awt06,pa_holdout,0,global_conditional_density,265,340,onehot_l2,0.0,0.01,1e-06,frozen_default,9,"G=6,K=3",random_50k,full_background_50k,ipp,deep2_kan_ipp,50000,True,73.17188630701276,0.6310509943727938,0.6077851401647743,0.2962905096437137,,,lbfgs,12.0,0.0,2516.5053353981048,0.05,True,True,True,True
AWT,bird,awt06,pa_holdout,1,global_conditional_density,265,340,onehot_l2,0.0,0.01,1e-06,frozen_default,9,"G=6,K=3",random_50k,full_background_50k,ipp,additive_kan_ipp,50000,True,38.04914180299966,0.6439481318374052,0.6196742631279164,0.3190403532452535,,,lbfgs,15.0,,,,,,,
AWT,bird,awt06,pa_holdout,1,global_conditional_density,265,340,onehot_l2,0.0,0.01,1e-06,frozen_default,9,"G=6,K=3",random_50k,full_background_50k,ipp,deep2_kan_ipp,50000,True,91.4955569649901,0.6282898186012373,0.609638596954867,0.2817065531353008,,,lbfgs,12.0,0.0,2517.621633969335,0.05,True,True,True,True
AWT,bird,awt06,pa_holdout,2,global_conditional_density,265,340,onehot_l2,0.0,0.01,1e-06,frozen_default,9,"G=6,K=3",random_50k,full_background_50k,ipp,additive_kan_ipp,50000,True,35.4171122770058,0.6439131802453602,0.6196760122434187,0.3187997834802154,,,lbfgs,15.0,,,,,,,
AWT,bird,awt06,pa_holdout,2,global_conditional_density,265,340,onehot_l2,0.0,0.01,1e-06,frozen_default,9,"G=6,K=3",random_50k,full_background_50k,ipp,deep2_kan_ipp,50000,True,89.60148886799288,0.6363985879556814,0.6133206883144464,0.3042991459373789,,,lbfgs,12.0,0.0,2516.1475466959587,0.05,True,True,True,True
AWT,bird,awt07,pa_holdout,0,global_conditional_density,158,340,onehot_l2,0.0,0.01,1e-06,frozen_default,9,"G=6,K=3",random_50k,full_background_50k,ipp,additive_kan_ipp,50000,True,37.385094362995005,0.4987368320701654,0.2324889446597808,0.0127590333960436,,,lbfgs,15.0,,,,,,,
AWT,bird,awt07,pa_holdout,0,global_conditional_density,158,340,onehot_l2,0.0,0.01,1e-06,frozen_default,9,"G=6,K=3",random_50k,full_background_50k,ipp,deep2_kan_ipp,50000,True,88.51511954099988,0.5070785070785071,0.2358991116204022,0.0252246227420116,,,lbfgs,12.0,0.0,1548.413246967683,0.05,True,True,True,True
AWT,bird,awt07,pa_holdout,1,global_conditional_density,158,340,onehot_l2,0.0,0.01,1e-06,frozen_default,9,"G=6,K=3",random_50k,full_background_50k,ipp,additive_kan_ipp,50000,True,37.17965548198845,0.4984984984984985,0.2323850993408555,0.012302978885935,,,lbfgs,15.0,,,,,,,
AWT,bird,awt07,pa_holdout,1,global_conditional_density,158,340,onehot_l2,0.0,0.01,1e-06,frozen_default,9,"G=6,K=3",random_50k,full_background_50k,ipp,deep2_kan_ipp,50000,True,93.38422961600008,0.5065541732208398,0.2352711158599075,0.0247567891866549,,,lbfgs,12.0,0.0,1548.248428848126,0.05,True,True,True,True
AWT,bird,awt07,pa_holdout,2,global_conditional_density,158,340,onehot_l2,0.0,0.01,1e-06,frozen_default,9,"G=6,K=3",random_50k,full_background_50k,ipp,additive_kan_ipp,50000,True,15.552329136000026,0.4986414986414986,0.2324507023868805,0.0143254180543219,,,lbfgs,15.0,,,,,,,
AWT,bird,awt07,pa_holdout,2,global_conditional_density,158,340,onehot_l2,0.0,0.01,1e-06,frozen_default,9,"G=6,K=3",random_50k,full_background_50k,ipp,deep2_kan_ipp,50000,True,46.63005225099994,0.504313837647171,0.2337206842364056,0.0272286555081507,,,lbfgs,12.0,0.0,1548.1567561323889,0.05,True,True,True,True
AWT,bird,awt08,pa_holdout,0,global_conditional_density,231,340,onehot_l2,0.0,0.01,1e-06,frozen_default,9,"G=6,K=3",random_50k,full_background_50k,ipp,additive_kan_ipp,50000,True,19.70544493300008,0.7594117435547085,0.6338194307651486,0.5376371872798245,,,lbfgs,15.0,,,,,,,
AWT,bird,awt08,pa_holdout,0,global_conditional_density,231,340,onehot_l2,0.0,0.01,1e-06,frozen_default,9,"G=6,K=3",random_50k,full_background_50k,ipp,deep2_kan_ipp,50000,True,47.34041589399999,0.7613534213081156,0.6278683931606048,0.5407373210168909,,,lbfgs,12.0,0.0,2313.688003899977,0.05,True,True,True,True
AWT,bird,awt08,pa_holdout,1,global_conditional_density,231,340,onehot_l2,0.0,0.01,1e-06,frozen_default,9,"G=6,K=3",random_50k,full_background_50k,ipp,additive_kan_ipp,50000,True,20.048901763000003,0.7590521736003739,0.633016471540587,0.5372655651340008,,,lbfgs,15.0,,,,,,,
AWT,bird,awt08,pa_holdout,1,global_conditional_density,231,340,onehot_l2,0.0,0.01,1e-06,frozen_default,9,"G=6,K=3",random_50k,full_background_50k,ipp,deep2_kan_ipp,50000,True,49.199068059999945,0.7624321311711193,0.6280456405249377,0.5433670032642726,,,lbfgs,12.0,0.0,2313.678847507272,0.05,True,True,True,True
AWT,bird,awt08,pa_holdout,2,global_conditional_density,231,340,onehot_l2,0.0,0.01,1e-06,frozen_default,9,"G=6,K=3",random_50k,full_background_50k,ipp,additive_kan_ipp,50000,True,19.677829991999943,0.7590521736003739,0.6333132106919538,0.5372349552490343,,,lbfgs,15.0,,,,,,,
AWT,bird,awt08,pa_holdout,2,global_conditional_density,231,340,onehot_l2,0.0,0.01,1e-06,frozen_default,9,"G=6,K=3",random_50k,full_background_50k,ipp,deep2_kan_ipp,50000,True,44.2475286670001,0.7588004746323397,0.6296093870883079,0.5342859519613421,,,lbfgs,12.0,0.0,2314.697120050284,0.05,True,True,True,True
AWT,bird,awt09,pa_holdout,0,global_conditional_density,112,340,onehot_l2,0.0,0.01,1e-06,frozen_default,9,"G=6,K=3",random_50k,full_background_50k,ipp,additive_kan_ipp,50000,True,16.967673888999798,0.7208666075125703,0.3898990749749275,0.5237853235552987,,,lbfgs,15.0,,,,,,,
AWT,bird,awt09,pa_holdout,0,global_conditional_density,112,340,onehot_l2,0.0,0.01,1e-06,frozen_default,9,"G=6,K=3",random_50k,full_background_50k,ipp,deep2_kan_ipp,50000,True,58.30507254400004,0.7062259686483289,0.279963125007805,0.4731230244889357,,,lbfgs,12.0,0.0,1071.222873907717,0.05,True,True,True,True
AWT,bird,awt09,pa_holdout,1,global_conditional_density,112,340,onehot_l2,0.0,0.01,1e-06,frozen_default,9,"G=6,K=3",random_50k,full_background_50k,ipp,additive_kan_ipp,50000,True,24.49216500800003,0.7207926648920437,0.3953131040854763,0.5231734385896722,,,lbfgs,15.0,,,,,,,
AWT,bird,awt09,pa_holdout,1,global_conditional_density,112,340,onehot_l2,0.0,0.01,1e-06,frozen_default,9,"G=6,K=3",random_50k,full_background_50k,ipp,deep2_kan_ipp,50000,True,60.79576327899986,0.7088139603667554,0.2781115926052169,0.479353583733961,,,lbfgs,12.0,0.0,1071.3373053562443,0.05,True,True,True,True
AWT,bird,awt09,pa_holdout,2,global_conditional_density,112,340,onehot_l2,0.0,0.01,1e-06,frozen_default,9,"G=6,K=3",random_50k,full_background_50k,ipp,additive_kan_ipp,50000,True,23.131896996000023,0.7207187222715173,0.3898783214767806,0.5231734385896722,,,lbfgs,15.0,,,,,,,
AWT,bird,awt09,pa_holdout,2,global_conditional_density,112,340,onehot_l2,0.0,0.01,1e-06,frozen_default,9,"G=6,K=3",random_50k,full_background_50k,ipp,deep2_kan_ipp,50000,True,61.80183199899989,0.7067435669920141,0.2788670303586001,0.4780307750184749,,,lbfgs,12.0,0.0,1071.2437581898496,0.05,True,True,True,True
AWT,bird,awt10,pa_holdout,0,global_conditional_density,122,340,onehot_l2,0.0,0.01,1e-06,frozen_default,9,"G=6,K=3",random_50k,full_background_50k,ipp,additive_kan_ipp,50000,True,22.178412626999943,0.6833910034602075,0.4295322613211091,0.3958236082699542,,,lbfgs,15.0,,,,,,,
AWT,bird,awt10,pa_holdout,0,global_conditional_density,122,340,onehot_l2,0.0,0.01,1e-06,frozen_default,9,"G=6,K=3",random_50k,full_background_50k,ipp,deep2_kan_ipp,50000,True,61.55940213000008,0.6692618223760093,0.4164007789713834,0.359064323003776,,,lbfgs,12.0,0.0,1115.7332084940083,0.05,True,True,True,True
AWT,bird,awt10,pa_holdout,1,global_conditional_density,122,340,onehot_l2,0.0,0.01,1e-06,frozen_default,9,"G=6,K=3",random_50k,full_background_50k,ipp,additive_kan_ipp,50000,True,23.55584916599992,0.6833910034602075,0.4296111911940866,0.3957816606981744,,,lbfgs,15.0,,,,,,,
AWT,bird,awt10,pa_holdout,1,global_conditional_density,122,340,onehot_l2,0.0,0.01,1e-06,frozen_default,9,"G=6,K=3",random_50k,full_background_50k,ipp,deep2_kan_ipp,50000,True,58.05524377000006,0.6707859614434009,0.4208286895518418,0.364189659845198,,,lbfgs,12.0,0.0,1116.166053948457,0.05,True,True,True,True
AWT,bird,awt10,pa_holdout,2,global_conditional_density,122,340,onehot_l2,0.0,0.01,1e-06,frozen_default,9,"G=6,K=3",random_50k,full_background_50k,ipp,additive_kan_ipp,50000,True,25.10590183199997,0.6832674246169055,0.4295096673603392,0.3954608623199381,,,lbfgs,15.0,,,,,,,
AWT,bird,awt10,pa_holdout,2,global_conditional_density,122,340,onehot_l2,0.0,0.01,1e-06,frozen_default,9,"G=6,K=3",random_50k,full_background_50k,ipp,deep2_kan_ipp,50000,True,59.54286508999985,0.6716922062942825,0.4219785149726356,0.367277129106826,,,lbfgs,12.0,0.0,1116.7240337932026,0.05,True,True,True,True
AWT,bird,awt11,pa_holdout,0,global_conditional_density,82,340,onehot_l2,0.0,0.01,1e-06,frozen_default,9,"G=6,K=3",random_50k,full_background_50k,ipp,additive_kan_ipp,50000,True,18.67942046500002,0.3984944718889673,0.0325870923140594,-0.2705163297706013,,,lbfgs,15.0,,,,,,,
AWT,bird,awt11,pa_holdout,0,global_conditional_density,82,340,onehot_l2,0.0,0.01,1e-06,frozen_default,9,"G=6,K=3",random_50k,full_background_50k,ipp,deep2_kan_ipp,50000,True,50.75868227199999,0.4735356386732534,0.0420256630985087,0.0040526801882466,,,lbfgs,12.0,0.0,798.2013566201031,0.05,True,True,True,True
AWT,bird,awt11,pa_holdout,1,global_conditional_density,82,340,onehot_l2,0.0,0.01,1e-06,frozen_default,9,"G=6,K=3",random_50k,full_background_50k,ipp,additive_kan_ipp,50000,True,21.046237935000136,0.3984944718889673,0.0325870923140594,-0.2705163297706013,,,lbfgs,15.0,,,,,,,
AWT,bird,awt11,pa_holdout,1,global_conditional_density,82,340,onehot_l2,0.0,0.01,1e-06,frozen_default,9,"G=6,K=3",random_50k,full_background_50k,ipp,deep2_kan_ipp,50000,True,59.25481228699982,0.4620089390731592,0.0415255125805403,-0.0104806437887267,,,lbfgs,12.0,0.0,799.2220732179744,0.05,True,True,True,True
AWT,bird,awt11,pa_holdout,2,global_conditional_density,82,340,onehot_l2,0.0,0.01,1e-06,frozen_default,9,"G=6,K=3",random_50k,full_background_50k,ipp,additive_kan_ipp,50000,True,24.587972019000063,0.3984944718889673,0.0325870923140594,-0.2705163297706013,,,lbfgs,15.0,,,,,,,
AWT,bird,awt11,pa_holdout,2,global_conditional_density,82,340,onehot_l2,0.0,0.01,1e-06,frozen_default,9,"G=6,K=3",random_50k,full_background_50k,ipp,deep2_kan_ipp,50000,True,61.04700812500005,0.4735356386732533,0.0421158684195948,0.0140247569476309,,,lbfgs,12.0,0.0,798.2847322760542,0.05,True,True,True,True
AWT,bird,awt12,pa_holdout,0,global_conditional_density,32,340,onehot_l2,0.0,0.01,1e-06,frozen_default,9,"G=6,K=3",random_50k,full_background_50k,ipp,additive_kan_ipp,50000,True,20.85563434899996,0.8323688271604939,0.1523468313294956,0.6690772170417518,,,lbfgs,15.0,,,,,,,
AWT,bird,awt12,pa_holdout,0,global_conditional_density,32,340,onehot_l2,0.0,0.01,1e-06,frozen_default,9,"G=6,K=3",random_50k,full_background_50k,ipp,deep2_kan_ipp,50000,True,58.93361621400004,0.8192515432098766,0.1599070649938066,0.6743601248738138,,,lbfgs,12.0,0.0,255.2019383956023,0.05,True,True,True,True
AWT,bird,awt12,pa_holdout,1,global_conditional_density,32,340,onehot_l2,0.0,0.01,1e-06,frozen_default,9,"G=6,K=3",random_50k,full_background_50k,ipp,additive_kan_ipp,50000,True,22.977870909999865,0.8321759259259259,0.1514539741866384,0.6679976051939643,,,lbfgs,15.0,,,,,,,
AWT,bird,awt12,pa_holdout,1,global_conditional_density,32,340,onehot_l2,0.0,0.01,1e-06,frozen_default,9,"G=6,K=3",random_50k,full_background_50k,ipp,deep2_kan_ipp,50000,True,58.938870868000095,0.8186728395061729,0.1589118712961634,0.6751675778274716,,,lbfgs,12.0,0.0,255.18756159275327,0.05,True,True,True,True
AWT,bird,awt12,pa_holdout,2,global_conditional_density,32,340,onehot_l2,0.0,0.01,1e-06,frozen_default,9,"G=6,K=3",random_50k,full_background_50k,ipp,additive_kan_ipp,50000,True,21.25551426800007,0.8323688271604939,0.1523468313294956,0.6690772170417518,,,lbfgs,15.0,,,,,,,
AWT,bird,awt12,pa_holdout,2,global_conditional_density,32,340,onehot_l2,0.0,0.01,1e-06,frozen_default,9,"G=6,K=3",random_50k,full_background_50k,ipp,deep2_kan_ipp,50000,True,57.57653279999977,0.8152006172839505,0.1569202035656413,0.6598600084218226,,,lbfgs,12.0,0.0,255.4212504937203,0.05,True,True,True,True
AWT,bird,awt13,pa_holdout,0,global_conditional_density,122,340,onehot_l2,0.0,0.01,1e-06,frozen_default,9,"G=6,K=3",random_50k,full_background_50k,ipp,additive_kan_ipp,50000,True,23.079563295999836,0.7468281430219146,0.4752929169770843,0.5368039602801683,,,lbfgs,15.0,,,,,,,
AWT,bird,awt13,pa_holdout,0,global_conditional_density,122,340,onehot_l2,0.0,0.01,1e-06,frozen_default,9,"G=6,K=3",random_50k,full_background_50k,ipp,deep2_kan_ipp,50000,True,57.79218368000011,0.747240072499588,0.4843218515401108,0.5298248200955457,,,lbfgs,12.0,0.0,1082.128310043367,0.05,True,True,True,True
AWT,bird,awt13,pa_holdout,1,global_conditional_density,122,340,onehot_l2,0.0,0.01,1e-06,frozen_default,9,"G=6,K=3",random_50k,full_background_50k,ipp,additive_kan_ipp,50000,True,20.848790462000125,0.7471576866040534,0.4754510909522086,0.5363259435038501,,,lbfgs,15.0,,,,,,,
AWT,bird,awt13,pa_holdout,1,global_conditional_density,122,340,onehot_l2,0.0,0.01,1e-06,frozen_default,9,"G=6,K=3",random_50k,full_background_50k,ipp,deep2_kan_ipp,50000,True,55.64674647699985,0.7492997198879552,0.4870761824165419,0.5374140088424512,,,lbfgs,12.0,0.0,1081.9873813435468,0.05,True,True,True,True
AWT,bird,awt13,pa_holdout,2,global_conditional_density,122,340,onehot_l2,0.0,0.01,1e-06,frozen_default,9,"G=6,K=3",random_50k,full_background_50k,ipp,additive_kan_ipp,50000,True,22.014208172000053,0.7474872301861921,0.4759257692296106,0.5367173830136498,,,lbfgs,15.0,,,,,,,
AWT,bird,awt13,pa_holdout,2,global_conditional_density,122,340,onehot_l2,0.0,0.01,1e-06,frozen_default,9,"G=6,K=3",random_50k,full_background_50k,ipp,deep2_kan_ipp,50000,True,66.0013910749999,0.7480227385071675,0.4895607676801617,0.5357894854476009,,,lbfgs,12.0,0.0,1082.265475643236,0.05,True,True,True,True
AWT,bird,awt14,pa_holdout,0,global_conditional_density,99,340,onehot_l2,0.0,0.01,1e-06,frozen_default,9,"G=6,K=3",random_50k,full_background_50k,ipp,additive_kan_ipp,50000,True,24.502851831000044,0.8039160839160839,0.4854658908047335,0.638835741842379,,,lbfgs,15.0,,,,,,,
AWT,bird,awt14,pa_holdout,0,global_conditional_density,99,340,onehot_l2,0.0,0.01,1e-06,frozen_default,9,"G=6,K=3",random_50k,full_background_50k,ipp,deep2_kan_ipp,50000,True,59.7498489059999,0.8274125874125875,0.5490882215040219,0.6951441140899164,,,lbfgs,12.0,0.0,839.6079774904572,0.05,True,True,True,True
AWT,bird,awt14,pa_holdout,1,global_conditional_density,99,340,onehot_l2,0.0,0.01,1e-06,frozen_default,9,"G=6,K=3",random_50k,full_background_50k,ipp,additive_kan_ipp,50000,True,25.03593270400006,0.8031888111888112,0.4847308475178566,0.6371260389121364,,,lbfgs,15.0,,,,,,,
AWT,bird,awt14,pa_holdout,1,global_conditional_density,99,340,onehot_l2,0.0,0.01,1e-06,frozen_default,9,"G=6,K=3",random_50k,full_background_50k,ipp,deep2_kan_ipp,50000,True,61.33235166699978,0.8307692307692308,0.5499660712461535,0.6951889320860836,,,lbfgs,12.0,0.0,840.7144144547505,0.05,True,True,True,True
AWT,bird,awt14,pa_holdout,2,global_conditional_density,99,340,onehot_l2,0.0,0.01,1e-06,frozen_default,9,"G=6,K=3",random_50k,full_background_50k,ipp,additive_kan_ipp,50000,True,21.31703074899997,0.8035804195804196,0.4854380620884289,0.6386817756342164,,,lbfgs,15.0,,,,,,,
AWT,bird,awt14,pa_holdout,2,global_conditional_density,99,340,onehot_l2,0.0,0.01,1e-06,frozen_default,9,"G=6,K=3",random_50k,full_background_50k,ipp,deep2_kan_ipp,50000,True,62.88649567500033,0.8247272727272728,0.5491833608082617,0.6895756758940568,,,lbfgs,12.0,0.0,838.7378049669433,0.05,True,True,True,True
AWT,bird,awt15,pa_holdout,0,global_conditional_density,254,340,onehot_l2,0.0,0.01,1e-06,frozen_default,9,"G=6,K=3",random_50k,full_background_50k,ipp,additive_kan_ipp,50000,True,22.66572813000039,0.7706571725263314,0.8302300127479233,0.461830907608206,,,lbfgs,15.0,,,,,,,
AWT,bird,awt15,pa_holdout,0,global_conditional_density,254,340,onehot_l2,0.0,0.01,1e-06,frozen_default,9,"G=6,K=3",random_50k,full_background_50k,ipp,deep2_kan_ipp,50000,True,60.52067340300027,0.7858997181427088,0.8354689899381497,0.5015254034159736,,,lbfgs,12.0,0.0,2333.10252686282,0.05,True,True,True,True
AWT,bird,awt15,pa_holdout,1,global_conditional_density,254,340,onehot_l2,0.0,0.01,1e-06,frozen_default,9,"G=6,K=3",random_50k,full_background_50k,ipp,additive_kan_ipp,50000,True,25.569693538000134,0.7715472481827622,0.8305227375310388,0.4650434468151364,,,lbfgs,15.0,,,,,,,
AWT,bird,awt15,pa_holdout,1,global_conditional_density,254,340,onehot_l2,0.0,0.01,1e-06,frozen_default,9,"G=6,K=3",random_50k,full_background_50k,ipp,deep2_kan_ipp,50000,True,61.43698659499978,0.7810043020323393,0.8318947045343027,0.4928942514603298,,,lbfgs,12.0,0.0,2334.447471397861,0.05,True,True,True,True
AWT,bird,awt15,pa_holdout,2,global_conditional_density,254,340,onehot_l2,0.0,0.01,1e-06,frozen_default,9,"G=6,K=3",random_50k,full_background_50k,ipp,additive_kan_ipp,50000,True,26.31691445100023,0.7715843346684469,0.8307133104694184,0.4640591964026287,,,lbfgs,15.0,,,,,,,
AWT,bird,awt15,pa_holdout,2,global_conditional_density,254,340,onehot_l2,0.0,0.01,1e-06,frozen_default,9,"G=6,K=3",random_50k,full_background_50k,ipp,deep2_kan_ipp,50000,True,63.57327734,0.782784453345201,0.8326065323536644,0.4985378989021802,,,lbfgs,12.0,0.0,2333.3377344150726,0.05,True,True,True,True
AWT,bird,awt16,pa_holdout,0,global_conditional_density,144,340,onehot_l2,0.0,0.01,1e-06,frozen_default,9,"G=6,K=3",random_50k,full_background_50k,ipp,additive_kan_ipp,50000,True,23.749144503000025,0.6715353260869564,0.2580550663490505,0.3712969105918816,,,lbfgs,15.0,,,,,,,
AWT,bird,awt16,pa_holdout,0,global_conditional_density,144,340,onehot_l2,0.0,0.01,1e-06,frozen_default,9,"G=6,K=3",random_50k,full_background_50k,ipp,deep2_kan_ipp,50000,True,59.60626063600012,0.6546082427536232,0.2482028662158023,0.329596963932034,,,lbfgs,12.0,0.0,1282.12168554722,0.05,True,True,True,True
AWT,bird,awt16,pa_holdout,1,global_conditional_density,144,340,onehot_l2,0.0,0.01,1e-06,frozen_default,9,"G=6,K=3",random_50k,full_background_50k,ipp,additive_kan_ipp,50000,True,22.802601525000227,0.671478713768116,0.2581295228833873,0.3719111751066108,,,lbfgs,15.0,,,,,,,
AWT,bird,awt16,pa_holdout,1,global_conditional_density,144,340,onehot_l2,0.0,0.01,1e-06,frozen_default,9,"G=6,K=3",random_50k,full_background_50k,ipp,deep2_kan_ipp,50000,True,52.8517013820001,0.6537590579710144,0.2479651216034686,0.3318906456800005,,,lbfgs,12.0,0.0,1282.3560529159165,0.05,True,True,True,True
AWT,bird,awt16,pa_holdout,2,global_conditional_density,144,340,onehot_l2,0.0,0.01,1e-06,frozen_default,9,"G=6,K=3",random_50k,full_background_50k,ipp,additive_kan_ipp,50000,True,24.02509619600005,0.6719316123188406,0.2583906286198169,0.3742019021237204,,,lbfgs,15.0,,,,,,,
AWT,bird,awt16,pa_holdout,2,global_conditional_density,144,340,onehot_l2,0.0,0.01,1e-06,frozen_default,9,"G=6,K=3",random_50k,full_background_50k,ipp,deep2_kan_ipp,50000,True,56.69021066699997,0.6544384057971014,0.2480941562153292,0.3314441736376494,,,lbfgs,12.0,0.0,1282.4416287396823,0.05,True,True,True,True
AWT,bird,awt17,pa_holdout,0,global_conditional_density,184,340,onehot_l2,0.0,0.01,1e-06,frozen_default,9,"G=6,K=3",random_50k,full_background_50k,ipp,additive_kan_ipp,50000,True,25.358388215000105,0.8015239031584123,0.549913193805907,0.6258659760474404,,,lbfgs,15.0,,,,,,,
AWT,bird,awt17,pa_holdout,0,global_conditional_density,184,340,onehot_l2,0.0,0.01,1e-06,frozen_default,9,"G=6,K=3",random_50k,full_background_50k,ipp,deep2_kan_ipp,50000,True,59.41505821700002,0.7907500716889927,0.5308955721208944,0.6049509979802034,,,lbfgs,12.0,0.0,1727.5085895435625,0.05,True,True,True,True
AWT,bird,awt17,pa_holdout,1,global_conditional_density,184,340,onehot_l2,0.0,0.01,1e-06,frozen_default,9,"G=6,K=3",random_50k,full_background_50k,ipp,additive_kan_ipp,50000,True,22.044759726000397,0.8021383802384172,0.5496670119160068,0.6273954245905453,,,lbfgs,15.0,,,,,,,
AWT,bird,awt17,pa_holdout,1,global_conditional_density,184,340,onehot_l2,0.0,0.01,1e-06,frozen_default,9,"G=6,K=3",random_50k,full_background_50k,ipp,deep2_kan_ipp,50000,True,59.589545303999785,0.7892753266969809,0.5294945765460042,0.601563872316109,,,lbfgs,12.0,0.0,1727.3774273069682,0.05,True,True,True,True
AWT,bird,awt17,pa_holdout,2,global_conditional_density,184,340,onehot_l2,0.0,0.01,1e-06,frozen_default,9,"G=6,K=3",random_50k,full_background_50k,ipp,additive_kan_ipp,50000,True,23.12884764799992,0.8016058334357462,0.549731084372309,0.6256790130461894,,,lbfgs,15.0,,,,,,,
AWT,bird,awt17,pa_holdout,2,global_conditional_density,184,340,onehot_l2,0.0,0.01,1e-06,frozen_default,9,"G=6,K=3",random_50k,full_background_50k,ipp,deep2_kan_ipp,50000,True,56.27490031399975,0.7900126991929868,0.5289092087440207,0.6044631583113537,,,lbfgs,12.0,0.0,1727.2588078601757,0.05,True,True,True,True
AWT,bird,awt18,pa_holdout,0,global_conditional_density,242,340,onehot_l2,0.0,0.01,1e-06,frozen_default,9,"G=6,K=3",random_50k,full_background_50k,ipp,additive_kan_ipp,50000,True,24.638905285999957,0.600373952752508,0.4679914598950217,0.2074049155146657,,,lbfgs,15.0,,,,,,,
AWT,bird,awt18,pa_holdout,0,global_conditional_density,242,340,onehot_l2,0.0,0.01,1e-06,frozen_default,9,"G=6,K=3",random_50k,full_background_50k,ipp,deep2_kan_ipp,50000,True,53.83896498500008,0.5960231563050591,0.4716979651012436,0.1921958725968775,,,lbfgs,12.0,0.0,2432.729500464133,0.05,True,True,True,True
AWT,bird,awt18,pa_holdout,1,global_conditional_density,242,340,onehot_l2,0.0,0.01,1e-06,frozen_default,9,"G=6,K=3",random_50k,full_background_50k,ipp,additive_kan_ipp,50000,True,24.74724497499983,0.6003739527525079,0.4680910429569148,0.207337256733287,,,lbfgs,15.0,,,,,,,
AWT,bird,awt18,pa_holdout,1,global_conditional_density,242,340,onehot_l2,0.0,0.01,1e-06,frozen_default,9,"G=6,K=3",random_50k,full_background_50k,ipp,deep2_kan_ipp,50000,True,59.86443748700003,0.5999424688073065,0.4730437325520751,0.2078949514641307,,,lbfgs,12.0,0.0,2436.124235392188,0.05,True,True,True,True
AWT,bird,awt18,pa_holdout,2,global_conditional_density,242,340,onehot_l2,0.0,0.01,1e-06,frozen_default,9,"G=6,K=3",random_50k,full_background_50k,ipp,additive_kan_ipp,50000,True,20.057743501000004,0.6004458667433749,0.4681016302673657,0.2075426400770624,,,lbfgs,15.0,,,,,,,
AWT,bird,awt18,pa_holdout,2,global_conditional_density,242,340,onehot_l2,0.0,0.01,1e-06,frozen_default,9,"G=6,K=3",random_50k,full_background_50k,ipp,deep2_kan_ipp,50000,True,59.594478371999685,0.5914206608895761,0.4800782948484372,0.1664322617349798,,,lbfgs,12.0,0.0,2433.6068991216785,0.05,True,True,True,True
AWT,bird,awt19,pa_holdout,0,global_conditional_density,78,340,onehot_l2,0.0,0.01,1e-06,frozen_default,9,"G=6,K=3",random_50k,full_background_50k,ipp,additive_kan_ipp,50000,True,22.800015412999983,0.6595335144927535,0.2562769995426911,0.3454521029352433,,,lbfgs,15.0,,,,,,,
AWT,bird,awt19,pa_holdout,0,global_conditional_density,78,340,onehot_l2,0.0,0.01,1e-06,frozen_default,9,"G=6,K=3",random_50k,full_background_50k,ipp,deep2_kan_ipp,50000,True,57.347178544000144,0.663383152173913,0.2596813571434793,0.3620869013848635,,,lbfgs,12.0,0.0,678.6898212507891,0.05,True,True,True,True
AWT,bird,awt19,pa_holdout,1,global_conditional_density,78,340,onehot_l2,0.0,0.01,1e-06,frozen_default,9,"G=6,K=3",random_50k,full_background_50k,ipp,additive_kan_ipp,50000,True,24.12853999700019,0.6598165760869565,0.256333798740839,0.3471693841266989,,,lbfgs,15.0,,,,,,,
AWT,bird,awt19,pa_holdout,1,global_conditional_density,78,340,onehot_l2,0.0,0.01,1e-06,frozen_default,9,"G=6,K=3",random_50k,full_background_50k,ipp,deep2_kan_ipp,50000,True,58.36376584100026,0.6535892210144928,0.2608051433619927,0.3349684700973068,,,lbfgs,12.0,0.0,678.5608104292377,0.05,True,True,True,True
AWT,bird,awt19,pa_holdout,2,global_conditional_density,78,340,onehot_l2,0.0,0.01,1e-06,frozen_default,9,"G=6,K=3",random_50k,full_background_50k,ipp,additive_kan_ipp,50000,True,21.790094471999964,0.6593636775362319,0.2560042049710914,0.3455094018085963,,,lbfgs,15.0,,,,,,,
AWT,bird,awt19,pa_holdout,2,global_conditional_density,78,340,onehot_l2,0.0,0.01,1e-06,frozen_default,9,"G=6,K=3",random_50k,full_background_50k,ipp,deep2_kan_ipp,50000,True,60.0308673530003,0.6615149456521738,0.2647944523769074,0.3587192397898215,,,lbfgs,12.0,0.0,678.3665697561952,0.05,True,True,True,True
AWT,bird,awt20,pa_holdout,0,global_conditional_density,104,340,onehot_l2,0.0,0.01,1e-06,frozen_default,9,"G=6,K=3",random_50k,full_background_50k,ipp,additive_kan_ipp,50000,True,21.40465048199985,0.5517788461538462,0.2470233510459614,0.1278000121390282,,,lbfgs,15.0,,,,,,,
AWT,bird,awt20,pa_holdout,0,global_conditional_density,104,340,onehot_l2,0.0,0.01,1e-06,frozen_default,9,"G=6,K=3",random_50k,full_background_50k,ipp,deep2_kan_ipp,50000,True,63.3979166160002,0.5592307692307691,0.2480650586960223,0.134087177855446,,,lbfgs,12.0,0.0,1037.2910895649616,0.05,True,True,True,True
AWT,bird,awt20,pa_holdout,1,global_conditional_density,104,340,onehot_l2,0.0,0.01,1e-06,frozen_default,9,"G=6,K=3",random_50k,full_background_50k,ipp,additive_kan_ipp,50000,True,22.843227438999747,0.5515384615384616,0.246891585911814,0.1256398927191133,,,lbfgs,15.0,,,,,,,
AWT,bird,awt20,pa_holdout,1,global_conditional_density,104,340,onehot_l2,0.0,0.01,1e-06,frozen_default,9,"G=6,K=3",random_50k,full_background_50k,ipp,deep2_kan_ipp,50000,True,58.6250204009998,0.5539903846153846,0.2461443886566855,0.1218941355147441,,,lbfgs,12.0,0.0,1037.642004602816,0.05,True,True,True,True
AWT,bird,awt20,pa_holdout,2,global_conditional_density,104,340,onehot_l2,0.0,0.01,1e-06,frozen_default,9,"G=6,K=3",random_50k,full_background_50k,ipp,additive_kan_ipp,50000,True,24.091247530000143,0.5514423076923076,0.2468717368447445,0.1254048905899527,,,lbfgs,15.0,,,,,,,
AWT,bird,awt20,pa_holdout,2,global_conditional_density,104,340,onehot_l2,0.0,0.01,1e-06,frozen_default,9,"G=6,K=3",random_50k,full_background_50k,ipp,deep2_kan_ipp,50000,True,58.87560698899961,0.5579807692307692,0.2480676524132417,0.1355012617729236,,,lbfgs,12.0,0.0,1037.7644475423067,0.05,True,True,True,True
AWT,plant,awt21,pa_holdout,0,global_conditional_density,17,102,onehot_l2,0.0,0.01,1e-06,frozen_default,9,"G=6,K=3",random_50k,full_background_50k,ipp,additive_kan_ipp,50000,True,23.693083762999777,0.5689024390243902,0.3645728450693573,0.2448238238978008,,,lbfgs,15.0,,,,,,,
AWT,plant,awt21,pa_holdout,0,global_conditional_density,17,102,onehot_l2,0.0,0.01,1e-06,frozen_default,9,"G=6,K=3",random_50k,full_background_50k,ipp,deep2_kan_ipp,50000,True,85.76298865300032,0.6487804878048781,0.4003953446379061,0.3783530480863678,,,lbfgs,18.0,0.0,132.01019395054917,0.05,True,True,True,True
AWT,plant,awt21,pa_holdout,1,global_conditional_density,17,102,onehot_l2,0.0,0.01,1e-06,frozen_default,9,"G=6,K=3",random_50k,full_background_50k,ipp,additive_kan_ipp,50000,True,23.028812865999495,0.5713414634146341,0.3658023490579518,0.2494469223935941,,,lbfgs,15.0,,,,,,,
AWT,plant,awt21,pa_holdout,1,global_conditional_density,17,102,onehot_l2,0.0,0.01,1e-06,frozen_default,9,"G=6,K=3",random_50k,full_background_50k,ipp,deep2_kan_ipp,50000,True,86.21331050699973,0.6310975609756098,0.3927622279701658,0.3479227683016546,,,lbfgs,18.0,0.0,132.06843488753702,0.05,True,True,True,True
AWT,plant,awt21,pa_holdout,2,global_conditional_density,17,102,onehot_l2,0.0,0.01,1e-06,frozen_default,9,"G=6,K=3",random_50k,full_background_50k,ipp,additive_kan_ipp,50000,True,22.53840094899988,0.5695121951219512,0.3654442526036304,0.2470877631114723,,,lbfgs,15.0,,,,,,,
AWT,plant,awt21,pa_holdout,2,global_conditional_density,17,102,onehot_l2,0.0,0.01,1e-06,frozen_default,9,"G=6,K=3",random_50k,full_background_50k,ipp,deep2_kan_ipp,50000,True,93.05381743700036,0.6164634146341463,0.3763484506012109,0.3248740619306385,,,lbfgs,18.0,0.0,132.06474581592806,0.05,True,True,True,True
AWT,plant,awt22,pa_holdout,0,global_conditional_density,9,102,onehot_l2,0.0,0.01,1e-06,frozen_default,9,"G=6,K=3",random_50k,full_background_50k,ipp,additive_kan_ipp,50000,True,21.33370308600024,0.6732542819499341,0.5783893941732478,0.3231674960667191,,,lbfgs,15.0,,,,,,,
AWT,plant,awt22,pa_holdout,0,global_conditional_density,9,102,onehot_l2,0.0,0.01,1e-06,frozen_default,9,"G=6,K=3",random_50k,full_background_50k,ipp,deep2_kan_ipp,50000,True,91.54238216699925,0.6613965744400527,0.529794156524604,0.3359497434116269,,,lbfgs,18.0,0.0,64.94237871354632,0.05,True,True,True,True
AWT,plant,awt22,pa_holdout,1,global_conditional_density,9,102,onehot_l2,0.0,0.01,1e-06,frozen_default,9,"G=6,K=3",random_50k,full_background_50k,ipp,additive_kan_ipp,50000,True,22.106869248000294,0.6732542819499341,0.5783893941732478,0.3231674960667191,,,lbfgs,15.0,,,,,,,
AWT,plant,awt22,pa_holdout,1,global_conditional_density,9,102,onehot_l2,0.0,0.01,1e-06,frozen_default,9,"G=6,K=3",random_50k,full_background_50k,ipp,deep2_kan_ipp,50000,True,102.35043722599949,0.6376811594202898,0.5046364395245205,0.2862143864041651,,,lbfgs,18.0,0.0,64.38137321000961,0.05,True,True,True,True
AWT,plant,awt22,pa_holdout,2,global_conditional_density,9,102,onehot_l2,0.0,0.01,1e-06,frozen_default,9,"G=6,K=3",random_50k,full_background_50k,ipp,additive_kan_ipp,50000,True,22.30574636600068,0.6732542819499341,0.5783893941732478,0.3231674960667191,,,lbfgs,15.0,,,,,,,
AWT,plant,awt22,pa_holdout,2,global_conditional_density,9,102,onehot_l2,0.0,0.01,1e-06,frozen_default,9,"G=6,K=3",random_50k,full_background_50k,ipp,deep2_kan_ipp,50000,True,90.19290686499971,0.6622749231444884,0.4871590166741196,0.3401536308240802,,,lbfgs,18.0,0.0,63.980387068437366,0.05,True,True,True,True
AWT,plant,awt23,pa_holdout,0,global_conditional_density,56,102,onehot_l2,0.0,0.01,1e-06,frozen_default,9,"G=6,K=3",random_50k,full_background_50k,ipp,additive_kan_ipp,50000,True,29.13834225699975,0.6487889273356402,0.4461638181201238,0.3135400447173903,,,lbfgs,15.0,,,,,,,
AWT,plant,awt23,pa_holdout,0,global_conditional_density,56,102,onehot_l2,0.0,0.01,1e-06,frozen_default,9,"G=6,K=3",random_50k,full_background_50k,ipp,deep2_kan_ipp,50000,True,62.675605139000254,0.634515570934256,0.4085275265597788,0.2976516182706063,,,lbfgs,12.0,0.0,532.2601679643707,0.05,True,True,True,True
AWT,plant,awt23,pa_holdout,1,global_conditional_density,56,102,onehot_l2,0.0,0.01,1e-06,frozen_default,9,"G=6,K=3",random_50k,full_background_50k,ipp,additive_kan_ipp,50000,True,24.25722385900008,0.647923875432526,0.4454426758548638,0.3104938262299954,,,lbfgs,15.0,,,,,,,
AWT,plant,awt23,pa_holdout,1,global_conditional_density,56,102,onehot_l2,0.0,0.01,1e-06,frozen_default,9,"G=6,K=3",random_50k,full_background_50k,ipp,deep2_kan_ipp,50000,True,62.08452437899996,0.6410034602076125,0.4136838010976709,0.3164868926760286,,,lbfgs,12.0,0.0,532.7844129000418,0.05,True,True,True,True
AWT,plant,awt23,pa_holdout,2,global_conditional_density,56,102,onehot_l2,0.0,0.01,1e-06,frozen_default,9,"G=6,K=3",random_50k,full_background_50k,ipp,additive_kan_ipp,50000,True,24.62383703100022,0.6479238754325259,0.4456894119309,0.3113341623644491,,,lbfgs,15.0,,,,,,,
AWT,plant,awt23,pa_holdout,2,global_conditional_density,56,102,onehot_l2,0.0,0.01,1e-06,frozen_default,9,"G=6,K=3",random_50k,full_background_50k,ipp,deep2_kan_ipp,50000,True,63.492977822000285,0.639273356401384,0.4067456614146214,0.3130480351947248,,,lbfgs,12.0,0.0,532.5876069108955,0.05,True,True,True,True
AWT,plant,awt24,pa_holdout,0,global_conditional_density,10,102,onehot_l2,0.0,0.01,1e-06,frozen_default,9,"G=6,K=3",random_50k,full_background_50k,ipp,additive_kan_ipp,50000,True,25.32448342499993,0.4972839506172839,0.3415448750902263,-0.0366002563660595,,,lbfgs,15.0,,,,,,,
AWT,plant,awt24,pa_holdout,0,global_conditional_density,10,102,onehot_l2,0.0,0.01,1e-06,frozen_default,9,"G=6,K=3",random_50k,full_background_50k,ipp,deep2_kan_ipp,50000,True,96.3292288900002,0.5822222222222222,0.3182696345485883,0.1753565976813818,,,lbfgs,18.0,0.0,77.66413851465873,0.05,True,True,True,True
AWT,plant,awt24,pa_holdout,1,global_conditional_density,10,102,onehot_l2,0.0,0.01,1e-06,frozen_default,9,"G=6,K=3",random_50k,full_background_50k,ipp,additive_kan_ipp,50000,True,21.646668501000025,0.4972839506172839,0.3415448750902263,-0.0366002563660595,,,lbfgs,15.0,,,,,,,
AWT,plant,awt24,pa_holdout,1,global_conditional_density,10,102,onehot_l2,0.0,0.01,1e-06,frozen_default,9,"G=6,K=3",random_50k,full_background_50k,ipp,deep2_kan_ipp,50000,True,87.6946015020003,0.6034567901234568,0.3422447386330178,0.2182168220844894,,,lbfgs,18.0,0.0,77.44969217266605,0.05,True,True,True,True
AWT,plant,awt24,pa_holdout,2,global_conditional_density,10,102,onehot_l2,0.0,0.01,1e-06,frozen_default,9,"G=6,K=3",random_50k,full_background_50k,ipp,additive_kan_ipp,50000,True,21.340715930999977,0.4967901234567901,0.341393350099426,-0.0378954944612976,,,lbfgs,15.0,,,,,,,
AWT,plant,awt24,pa_holdout,2,global_conditional_density,10,102,onehot_l2,0.0,0.01,1e-06,frozen_default,9,"G=6,K=3",random_50k,full_background_50k,ipp,deep2_kan_ipp,50000,True,84.91752588399959,0.6024691358024691,0.3366191327613874,0.2144732022972083,,,lbfgs,18.0,0.0,77.30642638059913,0.05,True,True,True,True
AWT,plant,awt25,pa_holdout,0,global_conditional_density,12,102,onehot_l2,0.0,0.01,1e-06,frozen_default,9,"G=6,K=3",random_50k,full_background_50k,ipp,additive_kan_ipp,50000,True,20.86837228199965,0.5224358974358975,0.2900081903605094,0.131119611126009,,,lbfgs,15.0,,,,,,,
AWT,plant,awt25,pa_holdout,0,global_conditional_density,12,102,onehot_l2,0.0,0.01,1e-06,frozen_default,9,"G=6,K=3",random_50k,full_background_50k,ipp,deep2_kan_ipp,50000,True,85.35600059100034,0.4930555555555556,0.2891075494618754,0.0536667281622632,,,lbfgs,18.0,0.0,98.72206744000782,0.05,True,True,True,True
AWT,plant,awt25,pa_holdout,1,global_conditional_density,12,102,onehot_l2,0.0,0.01,1e-06,frozen_default,9,"G=6,K=3",random_50k,full_background_50k,ipp,additive_kan_ipp,50000,True,21.55052378399978,0.5219017094017094,0.2892771962084627,0.129722503959671,,,lbfgs,15.0,,,,,,,
AWT,plant,awt25,pa_holdout,1,global_conditional_density,12,102,onehot_l2,0.0,0.01,1e-06,frozen_default,9,"G=6,K=3",random_50k,full_background_50k,ipp,deep2_kan_ipp,50000,True,85.99789201899966,0.4834401709401709,0.2909990747989787,0.0202993818881122,,,lbfgs,18.0,0.0,98.3117133619898,0.05,True,True,True,True
AWT,plant,awt25,pa_holdout,2,global_conditional_density,12,102,onehot_l2,0.0,0.01,1e-06,frozen_default,9,"G=6,K=3",random_50k,full_background_50k,ipp,additive_kan_ipp,50000,True,22.365012195999952,0.5224358974358975,0.2900081903605094,0.131119611126009,,,lbfgs,15.0,,,,,,,
AWT,plant,awt25,pa_holdout,2,global_conditional_density,12,102,onehot_l2,0.0,0.01,1e-06,frozen_default,9,"G=6,K=3",random_50k,full_background_50k,ipp,deep2_kan_ipp,50000,True,86.67927601499923,0.4893162393162393,0.2879954688347007,0.0387848152034271,,,lbfgs,18.0,0.0,98.40704606293392,0.05,True,True,True,True
AWT,plant,awt26,pa_holdout,0,global_conditional_density,34,102,onehot_l2,0.0,0.01,1e-06,frozen_default,9,"G=6,K=3",random_50k,full_background_50k,ipp,additive_kan_ipp,50000,True,21.795885171999544,0.6911337209302325,0.2956832412261712,0.4293575047631294,,,lbfgs,15.0,,,,,,,
AWT,plant,awt26,pa_holdout,0,global_conditional_density,34,102,onehot_l2,0.0,0.01,1e-06,frozen_default,9,"G=6,K=3",random_50k,full_background_50k,ipp,deep2_kan_ipp,50000,True,55.33015503099978,0.6751453488372092,0.2849481282132891,0.396963201639716,,,lbfgs,12.0,0.0,296.5526582587763,0.05,True,True,True,True
AWT,plant,awt26,pa_holdout,1,global_conditional_density,34,102,onehot_l2,0.0,0.01,1e-06,frozen_default,9,"G=6,K=3",random_50k,full_background_50k,ipp,additive_kan_ipp,50000,True,22.51156200100013,0.6911337209302325,0.2956832412261712,0.4293575047631294,,,lbfgs,15.0,,,,,,,
AWT,plant,awt26,pa_holdout,1,global_conditional_density,34,102,onehot_l2,0.0,0.01,1e-06,frozen_default,9,"G=6,K=3",random_50k,full_background_50k,ipp,deep2_kan_ipp,50000,True,58.43206064300011,0.6773255813953488,0.2854638797703643,0.3993000503867864,,,lbfgs,12.0,0.0,296.5341761787176,0.05,True,True,True,True
AWT,plant,awt26,pa_holdout,2,global_conditional_density,34,102,onehot_l2,0.0,0.01,1e-06,frozen_default,9,"G=6,K=3",random_50k,full_background_50k,ipp,additive_kan_ipp,50000,True,21.558140406999883,0.6911337209302325,0.2956832412261712,0.4293575047631294,,,lbfgs,15.0,,,,,,,
AWT,plant,awt26,pa_holdout,2,global_conditional_density,34,102,onehot_l2,0.0,0.01,1e-06,frozen_default,9,"G=6,K=3",random_50k,full_background_50k,ipp,deep2_kan_ipp,50000,True,57.26439883300009,0.6787790697674418,0.291579266092996,0.4074612346820297,,,lbfgs,12.0,0.0,296.70696460268226,0.05,True,True,True,True
AWT,plant,awt27,pa_holdout,0,global_conditional_density,41,102,onehot_l2,0.0,0.01,1e-06,frozen_default,9,"G=6,K=3",random_50k,full_background_50k,ipp,additive_kan_ipp,50000,True,21.8856274080008,0.7254320987654319,0.4436349907020201,0.453584207906905,,,lbfgs,15.0,,,,,,,
AWT,plant,awt27,pa_holdout,0,global_conditional_density,41,102,onehot_l2,0.0,0.01,1e-06,frozen_default,9,"G=6,K=3",random_50k,full_background_50k,ipp,deep2_kan_ipp,50000,True,57.10151870999925,0.7101234567901235,0.395264620884013,0.4223575462970795,,,lbfgs,12.0,0.0,381.8272149297672,0.05,True,True,True,True
AWT,plant,awt27,pa_holdout,1,global_conditional_density,41,102,onehot_l2,0.0,0.01,1e-06,frozen_default,9,"G=6,K=3",random_50k,full_background_50k,ipp,additive_kan_ipp,50000,True,22.873959499999728,0.7254320987654319,0.4436349907020201,0.453584207906905,,,lbfgs,15.0,,,,,,,
AWT,plant,awt27,pa_holdout,1,global_conditional_density,41,102,onehot_l2,0.0,0.01,1e-06,frozen_default,9,"G=6,K=3",random_50k,full_background_50k,ipp,deep2_kan_ipp,50000,True,53.7233414049997,0.7051851851851851,0.387225622968246,0.4177879144860563,,,lbfgs,12.0,0.0,381.9735001755902,0.05,True,True,True,True
AWT,plant,awt27,pa_holdout,2,global_conditional_density,41,102,onehot_l2,0.0,0.01,1e-06,frozen_default,9,"G=6,K=3",random_50k,full_background_50k,ipp,additive_kan_ipp,50000,True,21.1504470509999,0.7254320987654319,0.4436349907020201,0.453584207906905,,,lbfgs,15.0,,,,,,,
AWT,plant,awt27,pa_holdout,2,global_conditional_density,41,102,onehot_l2,0.0,0.01,1e-06,frozen_default,9,"G=6,K=3",random_50k,full_background_50k,ipp,deep2_kan_ipp,50000,True,55.465415898000174,0.7037037037037037,0.3894864924718837,0.4178652643601842,,,lbfgs,12.0,0.0,381.9140352056532,0.05,True,True,True,True
AWT,plant,awt28,pa_holdout,0,global_conditional_density,31,102,onehot_l2,0.0,0.01,1e-06,frozen_default,9,"G=6,K=3",random_50k,full_background_50k,ipp,additive_kan_ipp,50000,True,21.177375586999915,0.7930194805194805,0.4531596133628134,0.696731159250529,,,lbfgs,15.0,,,,,,,
AWT,plant,awt28,pa_holdout,0,global_conditional_density,31,102,onehot_l2,0.0,0.01,1e-06,frozen_default,9,"G=6,K=3",random_50k,full_background_50k,ipp,deep2_kan_ipp,50000,True,52.829588639000576,0.7459415584415585,0.3279002088516061,0.6051024388834305,,,lbfgs,12.0,0.0,270.31175778346824,0.05,True,True,True,True
AWT,plant,awt28,pa_holdout,1,global_conditional_density,31,102,onehot_l2,0.0,0.01,1e-06,frozen_default,9,"G=6,K=3",random_50k,full_background_50k,ipp,additive_kan_ipp,50000,True,16.47874703999969,0.7930194805194805,0.4531596133628134,0.696731159250529,,,lbfgs,15.0,,,,,,,
AWT,plant,awt28,pa_holdout,1,global_conditional_density,31,102,onehot_l2,0.0,0.01,1e-06,frozen_default,9,"G=6,K=3",random_50k,full_background_50k,ipp,deep2_kan_ipp,50000,True,48.41687263700078,0.734577922077922,0.3376393562223405,0.5935533367286983,,,lbfgs,12.0,0.0,270.4410478382671,0.05,True,True,True,True
AWT,plant,awt28,pa_holdout,2,global_conditional_density,31,102,onehot_l2,0.0,0.01,1e-06,frozen_default,9,"G=6,K=3",random_50k,full_background_50k,ipp,additive_kan_ipp,50000,True,17.819071109000106,0.7930194805194805,0.4531596133628134,0.696731159250529,,,lbfgs,15.0,,,,,,,
AWT,plant,awt28,pa_holdout,2,global_conditional_density,31,102,onehot_l2,0.0,0.01,1e-06,frozen_default,9,"G=6,K=3",random_50k,full_background_50k,ipp,deep2_kan_ipp,50000,True,47.771467022999786,0.7662337662337662,0.3444754933432829,0.6383637712150108,,,lbfgs,12.0,0.0,269.9294830423784,0.05,True,True,True,True
AWT,plant,awt29,pa_holdout,0,global_conditional_density,44,102,onehot_l2,0.0,0.01,1e-06,frozen_default,9,"G=6,K=3",random_50k,full_background_50k,ipp,additive_kan_ipp,50000,True,14.844420219999847,0.8367816091954023,0.3528358788937536,0.666010921302241,,,lbfgs,15.0,,,,,,,
AWT,plant,awt29,pa_holdout,0,global_conditional_density,44,102,onehot_l2,0.0,0.01,1e-06,frozen_default,9,"G=6,K=3",random_50k,full_background_50k,ipp,deep2_kan_ipp,50000,True,44.98376537700005,0.8375478927203066,0.3865313914831944,0.6858082112541091,,,lbfgs,12.0,0.0,395.8010166396124,0.05,True,True,True,True
AWT,plant,awt29,pa_holdout,1,global_conditional_density,44,102,onehot_l2,0.0,0.01,1e-06,frozen_default,9,"G=6,K=3",random_50k,full_background_50k,ipp,additive_kan_ipp,50000,True,16.156936815000336,0.8352490421455938,0.3496734857313605,0.6619681151191257,,,lbfgs,15.0,,,,,,,
AWT,plant,awt29,pa_holdout,1,global_conditional_density,44,102,onehot_l2,0.0,0.01,1e-06,frozen_default,9,"G=6,K=3",random_50k,full_background_50k,ipp,deep2_kan_ipp,50000,True,42.3738308460006,0.8298850574712644,0.3884314695963855,0.6783211965732776,,,lbfgs,12.0,0.0,395.0819955420423,0.05,True,True,True,True
AWT,plant,awt29,pa_holdout,2,global_conditional_density,44,102,onehot_l2,0.0,0.01,1e-06,frozen_default,9,"G=6,K=3",random_50k,full_background_50k,ipp,additive_kan_ipp,50000,True,16.38597916300023,0.8352490421455938,0.3496734857313605,0.6619681151191257,,,lbfgs,15.0,,,,,,,
AWT,plant,awt29,pa_holdout,2,global_conditional_density,44,102,onehot_l2,0.0,0.01,1e-06,frozen_default,9,"G=6,K=3",random_50k,full_background_50k,ipp,deep2_kan_ipp,50000,True,44.7801982660003,0.8168582375478927,0.3724813416875156,0.6541968160874225,,,lbfgs,12.0,0.0,395.20430712435393,0.05,True,True,True,True
AWT,plant,awt30,pa_holdout,0,global_conditional_density,66,102,onehot_l2,0.0,0.01,1e-06,frozen_default,9,"G=6,K=3",random_50k,full_background_50k,ipp,additive_kan_ipp,50000,True,19.11751569399985,0.580149319279754,0.4241524227674627,0.1790091827242602,,,lbfgs,15.0,,,,,,,
AWT,plant,awt30,pa_holdout,0,global_conditional_density,66,102,onehot_l2,0.0,0.01,1e-06,frozen_default,9,"G=6,K=3",random_50k,full_background_50k,ipp,deep2_kan_ipp,50000,True,45.57476489599958,0.5823451910408433,0.4210323181665804,0.1931874463933121,,,lbfgs,12.0,0.0,645.961671484497,0.05,True,True,True,True
AWT,plant,awt30,pa_holdout,1,global_conditional_density,66,102,onehot_l2,0.0,0.01,1e-06,frozen_default,9,"G=6,K=3",random_50k,full_background_50k,ipp,additive_kan_ipp,50000,True,19.056072956000207,0.5805884936319718,0.4243219502097174,0.1799018523314856,,,lbfgs,15.0,,,,,,,
AWT,plant,awt30,pa_holdout,1,global_conditional_density,66,102,onehot_l2,0.0,0.01,1e-06,frozen_default,9,"G=6,K=3",random_50k,full_background_50k,ipp,deep2_kan_ipp,50000,True,51.48399229700044,0.5920070267896356,0.4270630685193708,0.2043675590493272,,,lbfgs,12.0,0.0,646.2605940443241,0.05,True,True,True,True
AWT,plant,awt30,pa_holdout,2,global_conditional_density,66,102,onehot_l2,0.0,0.01,1e-06,frozen_default,9,"G=6,K=3",random_50k,full_background_50k,ipp,additive_kan_ipp,50000,True,19.66124997499992,0.580149319279754,0.4231564490442162,0.1799018523314856,,,lbfgs,15.0,,,,,,,
AWT,plant,awt30,pa_holdout,2,global_conditional_density,66,102,onehot_l2,0.0,0.01,1e-06,frozen_default,9,"G=6,K=3",random_50k,full_background_50k,ipp,deep2_kan_ipp,50000,True,54.699719078999806,0.577953447518665,0.4100123157934093,0.1772272836116131,,,lbfgs,12.0,0.0,646.0570861928653,0.05,True,True,True,True
AWT,plant,awt31,pa_holdout,0,global_conditional_density,14,102,onehot_l2,0.0,0.01,1e-06,frozen_default,9,"G=6,K=3",random_50k,full_background_50k,ipp,additive_kan_ipp,50000,True,22.84833307200006,0.6923387096774194,0.729124198341574,0.3556555811959841,,,lbfgs,15.0,,,,,,,
AWT,plant,awt31,pa_holdout,0,global_conditional_density,14,102,onehot_l2,0.0,0.01,1e-06,frozen_default,9,"G=6,K=3",random_50k,full_background_50k,ipp,deep2_kan_ipp,50000,True,116.04778080100004,0.7358870967741936,0.7457437662210993,0.4765002528453084,,,lbfgs,18.0,0.0,112.5834778784707,0.05,True,True,True,True
AWT,plant,awt31,pa_holdout,1,global_conditional_density,14,102,onehot_l2,0.0,0.01,1e-06,frozen_default,9,"G=6,K=3",random_50k,full_background_50k,ipp,additive_kan_ipp,50000,True,23.0372648270004,0.6923387096774194,0.729124198341574,0.3556555811959841,,,lbfgs,15.0,,,,,,,
AWT,plant,awt31,pa_holdout,1,global_conditional_density,14,102,onehot_l2,0.0,0.01,1e-06,frozen_default,9,"G=6,K=3",random_50k,full_background_50k,ipp,deep2_kan_ipp,50000,True,77.34371296100016,0.7278225806451613,0.7397607153440248,0.4575161431915932,,,lbfgs,18.0,0.0,112.76484079518748,0.05,True,True,True,True
AWT,plant,awt31,pa_holdout,2,global_conditional_density,14,102,onehot_l2,0.0,0.01,1e-06,frozen_default,9,"G=6,K=3",random_50k,full_background_50k,ipp,additive_kan_ipp,50000,True,20.714098622000165,0.6919354838709676,0.7288987751094557,0.3540618311959841,,,lbfgs,15.0,,,,,,,
AWT,plant,awt31,pa_holdout,2,global_conditional_density,14,102,onehot_l2,0.0,0.01,1e-06,frozen_default,9,"G=6,K=3",random_50k,full_background_50k,ipp,deep2_kan_ipp,50000,True,75.7233539230001,0.7346774193548387,0.7460476674945632,0.4690569598252434,,,lbfgs,18.0,0.0,112.56673618722522,0.05,True,True,True,True
AWT,plant,awt32,pa_holdout,0,global_conditional_density,74,102,onehot_l2,0.0,0.01,1e-06,frozen_default,9,"G=6,K=3",random_50k,full_background_50k,ipp,additive_kan_ipp,50000,True,31.181518115000472,0.567398119122257,0.4658235751163442,0.1488411198621103,,,lbfgs,15.0,,,,,,,
AWT,plant,awt32,pa_holdout,0,global_conditional_density,74,102,onehot_l2,0.0,0.01,1e-06,frozen_default,9,"G=6,K=3",random_50k,full_background_50k,ipp,deep2_kan_ipp,50000,True,50.27633169500041,0.5913009404388715,0.4720589948382985,0.1964281775257564,,,lbfgs,12.0,0.0,714.926305305657,0.05,True,True,True,True
AWT,plant,awt32,pa_holdout,1,global_conditional_density,74,102,onehot_l2,0.0,0.01,1e-06,frozen_default,9,"G=6,K=3",random_50k,full_background_50k,ipp,additive_kan_ipp,50000,True,18.3497534600001,0.5670062695924765,0.4655825282843883,0.1473972605109977,,,lbfgs,15.0,,,,,,,
AWT,plant,awt32,pa_holdout,1,global_conditional_density,74,102,onehot_l2,0.0,0.01,1e-06,frozen_default,9,"G=6,K=3",random_50k,full_background_50k,ipp,deep2_kan_ipp,50000,True,48.04054958599954,0.5940438871473355,0.472952425828208,0.2006607664826319,,,lbfgs,12.0,0.0,714.847368285007,0.05,True,True,True,True
AWT,plant,awt32,pa_holdout,2,global_conditional_density,74,102,onehot_l2,0.0,0.01,1e-06,frozen_default,9,"G=6,K=3",random_50k,full_background_50k,ipp,additive_kan_ipp,50000,True,18.09560404900003,0.5677899686520376,0.4680963023890715,0.1488411198621103,,,lbfgs,15.0,,,,,,,
AWT,plant,awt32,pa_holdout,2,global_conditional_density,74,102,onehot_l2,0.0,0.01,1e-06,frozen_default,9,"G=6,K=3",random_50k,full_background_50k,ipp,deep2_kan_ipp,50000,True,47.91745960600019,0.5975705329153604,0.4752159012588454,0.2121788513141281,,,lbfgs,12.0,0.0,714.6827346973052,0.05,True,True,True,True
AWT,plant,awt33,pa_holdout,0,global_conditional_density,18,102,onehot_l2,0.0,0.01,1e-06,frozen_default,9,"G=6,K=3",random_50k,full_background_50k,ipp,additive_kan_ipp,50000,True,16.45406820900007,0.7019230769230769,0.4001441260836764,0.4442003357603435,,,lbfgs,15.0,,,,,,,
AWT,plant,awt33,pa_holdout,0,global_conditional_density,18,102,onehot_l2,0.0,0.01,1e-06,frozen_default,9,"G=6,K=3",random_50k,full_background_50k,ipp,deep2_kan_ipp,50000,True,70.76495459600028,0.6757478632478633,0.365905530248316,0.3724114578500996,,,lbfgs,18.0,0.0,150.4754130656054,0.05,True,True,True,True
AWT,plant,awt33,pa_holdout,1,global_conditional_density,18,102,onehot_l2,0.0,0.01,1e-06,frozen_default,9,"G=6,K=3",random_50k,full_background_50k,ipp,additive_kan_ipp,50000,True,26.349211318000016,0.7008547008547009,0.3990873627986523,0.4414061214276676,,,lbfgs,15.0,,,,,,,
AWT,plant,awt33,pa_holdout,1,global_conditional_density,18,102,onehot_l2,0.0,0.01,1e-06,frozen_default,9,"G=6,K=3",random_50k,full_background_50k,ipp,deep2_kan_ipp,50000,True,95.0428457019998,0.6784188034188035,0.3625684885656224,0.3805651179638188,,,lbfgs,18.0,0.0,150.45133571778854,0.05,True,True,True,True
AWT,plant,awt33,pa_holdout,2,global_conditional_density,18,102,onehot_l2,0.0,0.01,1e-06,frozen_default,9,"G=6,K=3",random_50k,full_background_50k,ipp,additive_kan_ipp,50000,True,18.65921757099932,0.701388888888889,0.399389295165802,0.442523807160738,,,lbfgs,15.0,,,,,,,
AWT,plant,awt33,pa_holdout,2,global_conditional_density,18,102,onehot_l2,0.0,0.01,1e-06,frozen_default,9,"G=6,K=3",random_50k,full_background_50k,ipp,deep2_kan_ipp,50000,True,78.89396038300038,0.6757478632478633,0.3683074923346514,0.3698218527939393,,,lbfgs,18.0,0.0,150.6302651493962,0.05,True,True,True,True
AWT,plant,awt34,pa_holdout,0,global_conditional_density,28,102,onehot_l2,0.0,0.01,1e-06,frozen_default,9,"G=6,K=3",random_50k,full_background_50k,ipp,additive_kan_ipp,50000,True,17.151646006000192,0.8973180076628353,0.5413200094144252,0.764413208230093,,,lbfgs,15.0,,,,,,,
AWT,plant,awt34,pa_holdout,0,global_conditional_density,28,102,onehot_l2,0.0,0.01,1e-06,frozen_default,9,"G=6,K=3",random_50k,full_background_50k,ipp,deep2_kan_ipp,50000,True,71.92429646599976,0.8919540229885057,0.5756098993094835,0.7701256333836595,,,lbfgs,18.0,0.0,222.10055221641733,0.05,True,True,True,True
AWT,plant,awt34,pa_holdout,1,global_conditional_density,28,102,onehot_l2,0.0,0.01,1e-06,frozen_default,9,"G=6,K=3",random_50k,full_background_50k,ipp,additive_kan_ipp,50000,True,18.701979428999948,0.8973180076628353,0.5413200094144252,0.764413208230093,,,lbfgs,15.0,,,,,,,
AWT,plant,awt34,pa_holdout,1,global_conditional_density,28,102,onehot_l2,0.0,0.01,1e-06,frozen_default,9,"G=6,K=3",random_50k,full_background_50k,ipp,deep2_kan_ipp,50000,True,125.05116837199968,0.9019157088122606,0.610666855870222,0.7879128138343358,,,lbfgs,18.0,0.0,221.85330901621148,0.05,True,True,True,True
AWT,plant,awt34,pa_holdout,2,global_conditional_density,28,102,onehot_l2,0.0,0.01,1e-06,frozen_default,9,"G=6,K=3",random_50k,full_background_50k,ipp,additive_kan_ipp,50000,True,41.52280028299992,0.8973180076628353,0.5413200094144252,0.764413208230093,,,lbfgs,15.0,,,,,,,
AWT,plant,awt34,pa_holdout,2,global_conditional_density,28,102,onehot_l2,0.0,0.01,1e-06,frozen_default,9,"G=6,K=3",random_50k,full_background_50k,ipp,deep2_kan_ipp,50000,True,167.413770397,0.8996168582375479,0.5763402392814156,0.7864664863475801,,,lbfgs,18.0,0.0,221.56677256913017,0.05,True,True,True,True
AWT,plant,awt35,pa_holdout,0,global_conditional_density,44,102,onehot_l2,0.0,0.01,1e-06,frozen_default,9,"G=6,K=3",random_50k,full_background_50k,ipp,additive_kan_ipp,50000,True,46.820566989000326,0.6611538461538462,0.5977483274747951,0.3829435776334061,,,lbfgs,15.0,,,,,,,
AWT,plant,awt35,pa_holdout,0,global_conditional_density,44,102,onehot_l2,0.0,0.01,1e-06,frozen_default,9,"G=6,K=3",random_50k,full_background_50k,ipp,deep2_kan_ipp,50000,True,114.91511261800042,0.67,0.5978737593758716,0.4053319863069088,,,lbfgs,12.0,0.0,422.48860005467634,0.05,True,True,True,True
AWT,plant,awt35,pa_holdout,1,global_conditional_density,44,102,onehot_l2,0.0,0.01,1e-06,frozen_default,9,"G=6,K=3",random_50k,full_background_50k,ipp,additive_kan_ipp,50000,True,46.64197276300001,0.6611538461538462,0.5977483274747951,0.3829435776334061,,,lbfgs,15.0,,,,,,,
AWT,plant,awt35,pa_holdout,1,global_conditional_density,44,102,onehot_l2,0.0,0.01,1e-06,frozen_default,9,"G=6,K=3",random_50k,full_background_50k,ipp,deep2_kan_ipp,50000,True,98.94093005099968,0.6615384615384615,0.5897422810700751,0.4024323312903199,,,lbfgs,12.0,0.0,422.9845773278013,0.05,True,True,True,True
AWT,plant,awt35,pa_holdout,2,global_conditional_density,44,102,onehot_l2,0.0,0.01,1e-06,frozen_default,9,"G=6,K=3",random_50k,full_background_50k,ipp,additive_kan_ipp,50000,True,37.41729288799979,0.6611538461538462,0.5977483274747951,0.3829435776334061,,,lbfgs,15.0,,,,,,,
AWT,plant,awt35,pa_holdout,2,global_conditional_density,44,102,onehot_l2,0.0,0.01,1e-06,frozen_default,9,"G=6,K=3",random_50k,full_background_50k,ipp,deep2_kan_ipp,50000,True,93.7911001550001,0.6646153846153846,0.5935698948105644,0.4045831490154551,,,lbfgs,12.0,0.0,422.8774868425408,0.05,True,True,True,True
AWT,plant,awt36,pa_holdout,0,global_conditional_density,56,102,onehot_l2,0.0,0.01,1e-06,frozen_default,9,"G=6,K=3",random_50k,full_background_50k,ipp,additive_kan_ipp,50000,True,22.86477843600005,0.4036908881199538,0.43817230620531,-0.054896433989009,,,lbfgs,15.0,,,,,,,
AWT,plant,awt36,pa_holdout,0,global_conditional_density,56,102,onehot_l2,0.0,0.01,1e-06,frozen_default,9,"G=6,K=3",random_50k,full_background_50k,ipp,deep2_kan_ipp,50000,True,47.81494104800004,0.4221453287197232,0.4394135571485374,0.0013158914819148,,,lbfgs,12.0,0.0,527.3576678530939,0.05,True,True,True,True
AWT,plant,awt36,pa_holdout,1,global_conditional_density,56,102,onehot_l2,0.0,0.01,1e-06,frozen_default,9,"G=6,K=3",random_50k,full_background_50k,ipp,additive_kan_ipp,50000,True,14.860873609999544,0.4036908881199538,0.43817230620531,-0.054896433989009,,,lbfgs,15.0,,,,,,,
AWT,plant,awt36,pa_holdout,1,global_conditional_density,56,102,onehot_l2,0.0,0.01,1e-06,frozen_default,9,"G=6,K=3",random_50k,full_background_50k,ipp,deep2_kan_ipp,50000,True,47.51253656799963,0.4202229911572472,0.4439056104422521,-0.0091178540524498,,,lbfgs,12.0,0.0,527.5532649315389,0.05,True,True,True,True
AWT,plant,awt36,pa_holdout,2,global_conditional_density,56,102,onehot_l2,0.0,0.01,1e-06,frozen_default,9,"G=6,K=3",random_50k,full_background_50k,ipp,additive_kan_ipp,50000,True,16.54842181999993,0.404075355632449,0.4383137089202421,-0.0535892444465253,,,lbfgs,15.0,,,,,,,
AWT,plant,awt36,pa_holdout,2,global_conditional_density,56,102,onehot_l2,0.0,0.01,1e-06,frozen_default,9,"G=6,K=3",random_50k,full_background_50k,ipp,deep2_kan_ipp,50000,True,43.64685884299979,0.4232987312572088,0.4511360531306906,-0.012056704261415,,,lbfgs,12.0,0.0,526.8294961427576,0.05,True,True,True,True
AWT,plant,awt37,pa_holdout,0,global_conditional_density,28,102,onehot_l2,0.0,0.01,1e-06,frozen_default,9,"G=6,K=3",random_50k,full_background_50k,ipp,additive_kan_ipp,50000,True,16.54045284300082,0.8336272780717225,0.599571217371788,0.6942304645701511,,,lbfgs,15.0,,,,,,,
AWT,plant,awt37,pa_holdout,0,global_conditional_density,28,102,onehot_l2,0.0,0.01,1e-06,frozen_default,9,"G=6,K=3",random_50k,full_background_50k,ipp,deep2_kan_ipp,50000,True,67.52907428000071,0.7630805408583187,0.5595289905534175,0.6015584892543233,,,lbfgs,18.0,0.0,247.74836607008544,0.05,True,True,True,True
AWT,plant,awt37,pa_holdout,1,global_conditional_density,28,102,onehot_l2,0.0,0.01,1e-06,frozen_default,9,"G=6,K=3",random_50k,full_background_50k,ipp,additive_kan_ipp,50000,True,15.65537663699979,0.8336272780717225,0.599571217371788,0.6942304645701511,,,lbfgs,15.0,,,,,,,
AWT,plant,awt37,pa_holdout,1,global_conditional_density,28,102,onehot_l2,0.0,0.01,1e-06,frozen_default,9,"G=6,K=3",random_50k,full_background_50k,ipp,deep2_kan_ipp,50000,True,67.89149895799892,0.763668430335097,0.5584927906328363,0.6016403124680504,,,lbfgs,18.0,0.0,247.75696691766117,0.05,True,True,True,True
AWT,plant,awt37,pa_holdout,2,global_conditional_density,28,102,onehot_l2,0.0,0.01,1e-06,frozen_default,9,"G=6,K=3",random_50k,full_background_50k,ipp,additive_kan_ipp,50000,True,16.006888359001096,0.8342151675485009,0.6020132198137904,0.6961737658961686,,,lbfgs,15.0,,,,,,,
AWT,plant,awt37,pa_holdout,2,global_conditional_density,28,102,onehot_l2,0.0,0.01,1e-06,frozen_default,9,"G=6,K=3",random_50k,full_background_50k,ipp,deep2_kan_ipp,50000,True,63.10621807000098,0.763668430335097,0.5619320986893273,0.6030429961319426,,,lbfgs,18.0,0.0,247.75265235176585,0.05,True,True,True,True
AWT,plant,awt38,pa_holdout,0,global_conditional_density,42,102,onehot_l2,0.0,0.01,1e-06,frozen_default,9,"G=6,K=3",random_50k,full_background_50k,ipp,additive_kan_ipp,50000,True,15.749046854998596,0.7572674418604651,0.4524103750175449,0.579685362748843,,,lbfgs,15.0,,,,,,,
AWT,plant,awt38,pa_holdout,0,global_conditional_density,42,102,onehot_l2,0.0,0.01,1e-06,frozen_default,9,"G=6,K=3",random_50k,full_background_50k,ipp,deep2_kan_ipp,50000,True,42.43542197399984,0.7521802325581396,0.3671125912300191,0.5623873011565684,,,lbfgs,12.0,0.0,387.9445578215913,0.05,True,True,True,True
AWT,plant,awt38,pa_holdout,1,global_conditional_density,42,102,onehot_l2,0.0,0.01,1e-06,frozen_default,9,"G=6,K=3",random_50k,full_background_50k,ipp,additive_kan_ipp,50000,True,15.346785558000192,0.7572674418604651,0.4524103750175449,0.579685362748843,,,lbfgs,15.0,,,,,,,
AWT,plant,awt38,pa_holdout,1,global_conditional_density,42,102,onehot_l2,0.0,0.01,1e-06,frozen_default,9,"G=6,K=3",random_50k,full_background_50k,ipp,deep2_kan_ipp,50000,True,43.182065310000326,0.7398255813953487,0.3266081639634816,0.5368729454248654,,,lbfgs,12.0,0.0,387.77495316187,0.05,True,True,True,True
AWT,plant,awt38,pa_holdout,2,global_conditional_density,42,102,onehot_l2,0.0,0.01,1e-06,frozen_default,9,"G=6,K=3",random_50k,full_background_50k,ipp,additive_kan_ipp,50000,True,16.003538721999576,0.7572674418604651,0.4524103750175449,0.579685362748843,,,lbfgs,15.0,,,,,,,
AWT,plant,awt38,pa_holdout,2,global_conditional_density,42,102,onehot_l2,0.0,0.01,1e-06,frozen_default,9,"G=6,K=3",random_50k,full_background_50k,ipp,deep2_kan_ipp,50000,True,42.56735034200028,0.7354651162790697,0.3249662879455163,0.5317189024919555,,,lbfgs,12.0,0.0,387.9364738773733,0.05,True,True,True,True
AWT,plant,awt39,pa_holdout,0,global_conditional_density,20,102,onehot_l2,0.0,0.01,1e-06,frozen_default,9,"G=6,K=3",random_50k,full_background_50k,ipp,additive_kan_ipp,50000,True,15.608516153000892,0.7575892857142856,0.6000141779268697,0.5362251500762212,,,lbfgs,15.0,,,,,,,
AWT,plant,awt39,pa_holdout,0,global_conditional_density,20,102,onehot_l2,0.0,0.01,1e-06,frozen_default,9,"G=6,K=3",random_50k,full_background_50k,ipp,deep2_kan_ipp,50000,True,61.372363765000046,0.7616071428571429,0.6431504344163446,0.5324348408554874,,,lbfgs,18.0,0.0,180.9984874144681,0.05,True,True,True,True
AWT,plant,awt39,pa_holdout,1,global_conditional_density,20,102,onehot_l2,0.0,0.01,1e-06,frozen_default,9,"G=6,K=3",random_50k,full_background_50k,ipp,additive_kan_ipp,50000,True,16.49616124199929,0.7575892857142856,0.6000141779268697,0.5362251500762212,,,lbfgs,15.0,,,,,,,
AWT,plant,awt39,pa_holdout,1,global_conditional_density,20,102,onehot_l2,0.0,0.01,1e-06,frozen_default,9,"G=6,K=3",random_50k,full_background_50k,ipp,deep2_kan_ipp,50000,True,65.46677366900076,0.7598214285714286,0.6398657262379578,0.5275592255291739,,,lbfgs,18.0,0.0,180.99811008347248,0.05,True,True,True,True
AWT,plant,awt39,pa_holdout,2,global_conditional_density,20,102,onehot_l2,0.0,0.01,1e-06,frozen_default,9,"G=6,K=3",random_50k,full_background_50k,ipp,additive_kan_ipp,50000,True,16.40883265100092,0.7575892857142856,0.6000141779268697,0.5362251500762212,,,lbfgs,15.0,,,,,,,
AWT,plant,awt39,pa_holdout,2,global_conditional_density,20,102,onehot_l2,0.0,0.01,1e-06,frozen_default,9,"G=6,K=3",random_50k,full_background_50k,ipp,deep2_kan_ipp,50000,True,65.38049313999909,0.7607142857142858,0.6426209932464068,0.5338190202072733,,,lbfgs,18.0,0.0,180.8764905471882,0.05,True,True,True,True
AWT,plant,awt40,pa_holdout,0,global_conditional_density,57,102,onehot_l2,0.0,0.01,1e-06,frozen_default,9,"G=6,K=3",random_50k,full_background_50k,ipp,additive_kan_ipp,50000,True,16.15761990899955,0.7523056653491437,0.4992916025024623,0.5382683433089589,,,lbfgs,15.0,,,,,,,
AWT,plant,awt40,pa_holdout,0,global_conditional_density,57,102,onehot_l2,0.0,0.01,1e-06,frozen_default,9,"G=6,K=3",random_50k,full_background_50k,ipp,deep2_kan_ipp,50000,True,43.3864742450005,0.7720685111989459,0.5086789504297339,0.5664354482592716,,,lbfgs,12.0,0.0,551.0167689664319,0.05,True,True,True,True
AWT,plant,awt40,pa_holdout,1,global_conditional_density,57,102,onehot_l2,0.0,0.01,1e-06,frozen_default,9,"G=6,K=3",random_50k,full_background_50k,ipp,additive_kan_ipp,50000,True,16.635684629000025,0.7527448397013614,0.5009149791258389,0.5382683433089589,,,lbfgs,15.0,,,,,,,
AWT,plant,awt40,pa_holdout,1,global_conditional_density,57,102,onehot_l2,0.0,0.01,1e-06,frozen_default,9,"G=6,K=3",random_50k,full_background_50k,ipp,deep2_kan_ipp,50000,True,43.76767269099946,0.7725076855511638,0.5050324572762431,0.5721809086313633,,,lbfgs,12.0,0.0,551.0277386864827,0.05,True,True,True,True
AWT,plant,awt40,pa_holdout,2,global_conditional_density,57,102,onehot_l2,0.0,0.01,1e-06,frozen_default,9,"G=6,K=3",random_50k,full_background_50k,ipp,additive_kan_ipp,50000,True,15.617103889999273,0.7527448397013614,0.5009149791258389,0.5382683433089589,,,lbfgs,15.0,,,,,,,
AWT,plant,awt40,pa_holdout,2,global_conditional_density,57,102,onehot_l2,0.0,0.01,1e-06,frozen_default,9,"G=6,K=3",random_50k,full_background_50k,ipp,deep2_kan_ipp,50000,True,45.98347115999968,0.769433465085639,0.5012354086996526,0.5678893081395505,,,lbfgs,12.0,0.0,551.0602389895948,0.05,True,True,True,True
CAN,bird,can01,pa_holdout,0,global_conditional_density,16,14571,onehot_l2,0.0,0.01,1e-06,frozen_default,9,"G=6,K=3",random_50k,full_background_50k,ipp,additive_kan_ipp,50000,True,17.540799777998473,0.7348467301109922,0.0283927575518055,0.4404544198061932,,,lbfgs,15.0,,,,,,,
CAN,bird,can01,pa_holdout,0,global_conditional_density,16,14571,onehot_l2,0.0,0.01,1e-06,frozen_default,9,"G=6,K=3",random_50k,full_background_50k,ipp,deep2_kan_ipp,50000,True,76.41436116199475,0.6945181495438739,0.0259512772822949,0.3703258734236963,,,lbfgs,18.0,0.0,138.45345414917338,0.05,True,True,True,True
CAN,bird,can01,pa_holdout,1,global_conditional_density,16,14571,onehot_l2,0.0,0.01,1e-06,frozen_default,9,"G=6,K=3",random_50k,full_background_50k,ipp,additive_kan_ipp,50000,True,21.61006937798811,0.7348412729692612,0.0283922651888804,0.440459310923482,,,lbfgs,15.0,,,,,,,
CAN,bird,can01,pa_holdout,1,global_conditional_density,16,14571,onehot_l2,0.0,0.01,1e-06,frozen_default,9,"G=6,K=3",random_50k,full_background_50k,ipp,deep2_kan_ipp,50000,True,76.83522910099418,0.6954834572811913,0.025945656091417,0.3744899907913723,,,lbfgs,18.0,0.0,137.887862278596,0.05,True,True,True,True
CAN,bird,can01,pa_holdout,2,global_conditional_density,16,14571,onehot_l2,0.0,0.01,1e-06,frozen_default,9,"G=6,K=3",random_50k,full_background_50k,ipp,additive_kan_ipp,50000,True,20.02637133099779,0.7348631015361855,0.0283953058501715,0.4407805285183023,,,lbfgs,15.0,,,,,,,
CAN,bird,can01,pa_holdout,2,global_conditional_density,16,14571,onehot_l2,0.0,0.01,1e-06,frozen_default,9,"G=6,K=3",random_50k,full_background_50k,ipp,deep2_kan_ipp,50000,True,82.71411852700112,0.6913229930603348,0.025934567450129,0.3719005710574352,,,lbfgs,18.0,0.0,136.75573222968563,0.05,True,True,True,True
CAN,bird,can02,pa_holdout,0,global_conditional_density,740,14571,onehot_l2,0.0,0.01,1e-06,frozen_default,9,"G=6,K=3",random_50k,full_background_50k,ipp,additive_kan_ipp,50000,True,20.029991243005497,0.7029528012314255,0.2851135836071177,0.4276217090542651,,,lbfgs,15.0,,,,,,,
CAN,bird,can02,pa_holdout,0,global_conditional_density,740,14571,onehot_l2,0.0,0.01,1e-06,frozen_default,9,"G=6,K=3",random_50k,full_background_50k,ipp,deep2_kan_ipp,50000,True,58.62036729199463,0.7035399186195901,0.2851580843046102,0.4279576005487935,,,lbfgs,12.0,0.0,6007.611855549707,0.05,True,True,True,True
CAN,bird,can02,pa_holdout,1,global_conditional_density,740,14571,onehot_l2,0.0,0.01,1e-06,frozen_default,9,"G=6,K=3",random_50k,full_background_50k,ipp,additive_kan_ipp,50000,True,25.329615517999628,0.7030799404810179,0.2850987722279384,0.4279140509800313,,,lbfgs,15.0,,,,,,,
CAN,bird,can02,pa_holdout,1,global_conditional_density,740,14571,onehot_l2,0.0,0.01,1e-06,frozen_default,9,"G=6,K=3",random_50k,full_background_50k,ipp,deep2_kan_ipp,50000,True,55.94547858199803,0.7041248093460081,0.28548702503232,0.4291852848931689,,,lbfgs,12.0,0.0,6008.208702803672,0.05,True,True,True,True
CAN,bird,can02,pa_holdout,2,global_conditional_density,740,14571,onehot_l2,0.0,0.01,1e-06,frozen_default,9,"G=6,K=3",random_50k,full_background_50k,ipp,additive_kan_ipp,50000,True,21.68436760699842,0.7032828175914307,0.2852586227409372,0.4281906180906348,,,lbfgs,15.0,,,,,,,
CAN,bird,can02,pa_holdout,2,global_conditional_density,740,14571,onehot_l2,0.0,0.01,1e-06,frozen_default,9,"G=6,K=3",random_50k,full_background_50k,ipp,deep2_kan_ipp,50000,True,54.36002036300488,0.7038978152935784,0.2854349678917042,0.4285925684612176,,,lbfgs,12.0,0.0,6007.823441301292,0.05,True,True,True,True
CAN,bird,can03,pa_holdout,0,global_conditional_density,165,14571,onehot_l2,0.0,0.01,1e-06,frozen_default,9,"G=6,K=3",random_50k,full_background_50k,ipp,additive_kan_ipp,50000,True,21.647492643998703,0.4815310562790562,0.0485964175664888,-0.0111355371510831,,,lbfgs,15.0,,,,,,,
CAN,bird,can03,pa_holdout,0,global_conditional_density,165,14571,onehot_l2,0.0,0.01,1e-06,frozen_default,9,"G=6,K=3",random_50k,full_background_50k,ipp,deep2_kan_ipp,50000,True,52.100592761009466,0.4704288165474842,0.0479836483826702,-0.0328873307638692,,,lbfgs,12.0,0.0,1561.885768768001,0.05,True,True,True,True
CAN,bird,can03,pa_holdout,1,global_conditional_density,165,14571,onehot_l2,0.0,0.01,1e-06,frozen_default,9,"G=6,K=3",random_50k,full_background_50k,ipp,additive_kan_ipp,50000,True,22.277914316000533,0.4814130979308669,0.048583675687403,-0.0113903322312777,,,lbfgs,15.0,,,,,,,
CAN,bird,can03,pa_holdout,1,global_conditional_density,165,14571,onehot_l2,0.0,0.01,1e-06,frozen_default,9,"G=6,K=3",random_50k,full_background_50k,ipp,deep2_kan_ipp,50000,True,56.10145874800219,0.475724325801368,0.0476342351933413,-0.0305342650239261,,,lbfgs,12.0,0.0,1560.807302619665,0.05,True,True,True,True
CAN,bird,can03,pa_holdout,2,global_conditional_density,165,14571,onehot_l2,0.0,0.01,1e-06,frozen_default,9,"G=6,K=3",random_50k,full_background_50k,ipp,additive_kan_ipp,50000,True,20.80296242699842,0.4813805824557574,0.0485815402599777,-0.011703396713399,,,lbfgs,15.0,,,,,,,
CAN,bird,can03,pa_holdout,2,global_conditional_density,165,14571,onehot_l2,0.0,0.01,1e-06,frozen_default,9,"G=6,K=3",random_50k,full_background_50k,ipp,deep2_kan_ipp,50000,True,54.45339202799369,0.4710862035505668,0.0479518899451914,-0.033513799976798,,,lbfgs,12.0,0.0,1561.3474636316148,0.05,True,True,True,True
CAN,bird,can04,pa_holdout,0,global_conditional_density,42,14571,onehot_l2,0.0,0.01,1e-06,frozen_default,9,"G=6,K=3",random_50k,full_background_50k,ipp,additive_kan_ipp,50000,True,21.481853323988616,0.5666894853624753,0.0887209535110162,0.2262115857737133,,,lbfgs,15.0,,,,,,,
CAN,bird,can04,pa_holdout,0,global_conditional_density,42,14571,onehot_l2,0.0,0.01,1e-06,frozen_default,9,"G=6,K=3",random_50k,full_background_50k,ipp,deep2_kan_ipp,50000,True,53.65523241298797,0.5605092411186692,0.0927839391197472,0.2364243414123791,,,lbfgs,12.0,0.0,336.7210125532344,0.05,True,True,True,True
CAN,bird,can04,pa_holdout,1,global_conditional_density,42,14571,onehot_l2,0.0,0.01,1e-06,frozen_default,9,"G=6,K=3",random_50k,full_background_50k,ipp,additive_kan_ipp,50000,True,21.98510637799336,0.5666537290236344,0.0887294571755235,0.2261287399278839,,,lbfgs,15.0,,,,,,,
CAN,bird,can04,pa_holdout,1,global_conditional_density,42,14571,onehot_l2,0.0,0.01,1e-06,frozen_default,9,"G=6,K=3",random_50k,full_background_50k,ipp,deep2_kan_ipp,50000,True,55.23675673399703,0.5640273682642555,0.0917156970637432,0.238114946019803,,,lbfgs,12.0,0.0,336.725418074103,0.05,True,True,True,True
CAN,bird,can04,pa_holdout,2,global_conditional_density,42,14571,onehot_l2,0.0,0.01,1e-06,frozen_default,9,"G=6,K=3",random_50k,full_background_50k,ipp,additive_kan_ipp,50000,True,20.21015352800896,0.566663286017426,0.0887301023898281,0.2261777710817959,,,lbfgs,15.0,,,,,,,
CAN,bird,can04,pa_holdout,2,global_conditional_density,42,14571,onehot_l2,0.0,0.01,1e-06,frozen_default,9,"G=6,K=3",random_50k,full_background_50k,ipp,deep2_kan_ipp,50000,True,52.78503516199999,0.5655365494045499,0.0922166992762091,0.2415550024073617,,,lbfgs,12.0,0.0,336.67268675635074,0.05,True,True,True,True
CAN,bird,can05,pa_holdout,0,global_conditional_density,138,14571,onehot_l2,0.0,0.01,1e-06,frozen_default,9,"G=6,K=3",random_50k,full_background_50k,ipp,additive_kan_ipp,50000,True,20.00794398100697,0.6313888135315877,0.0795489084462398,0.2938357277610469,,,lbfgs,15.0,,,,,,,
CAN,bird,can05,pa_holdout,0,global_conditional_density,138,14571,onehot_l2,0.0,0.01,1e-06,frozen_default,9,"G=6,K=3",random_50k,full_background_50k,ipp,deep2_kan_ipp,50000,True,55.69832878099987,0.628401133373811,0.0794304780108255,0.2916208481718093,,,lbfgs,12.0,0.0,1132.897677758141,0.05,True,True,True,True
CAN,bird,can05,pa_holdout,1,global_conditional_density,138,14571,onehot_l2,0.0,0.01,1e-06,frozen_default,9,"G=6,K=3",random_50k,full_background_50k,ipp,additive_kan_ipp,50000,True,22.422905656989315,0.6314281715735035,0.0795528599205665,0.2939063680925887,,,lbfgs,15.0,,,,,,,
CAN,bird,can05,pa_holdout,1,global_conditional_density,138,14571,onehot_l2,0.0,0.01,1e-06,frozen_default,9,"G=6,K=3",random_50k,full_background_50k,ipp,deep2_kan_ipp,50000,True,51.61818540901004,0.6278724265481619,0.0793530607724393,0.2904917710199026,,,lbfgs,12.0,0.0,1131.5299767240429,0.05,True,True,True,True
CAN,bird,can05,pa_holdout,2,global_conditional_density,138,14571,onehot_l2,0.0,0.01,1e-06,frozen_default,9,"G=6,K=3",random_50k,full_background_50k,ipp,additive_kan_ipp,50000,True,21.050214595001307,0.6314467740615862,0.0795537748184172,0.2939332911419872,,,lbfgs,15.0,,,,,,,
CAN,bird,can05,pa_holdout,2,global_conditional_density,138,14571,onehot_l2,0.0,0.01,1e-06,frozen_default,9,"G=6,K=3",random_50k,full_background_50k,ipp,deep2_kan_ipp,50000,True,58.67590827100503,0.6295166798003677,0.0800004623102966,0.2952977464875754,,,lbfgs,12.0,0.0,1133.9180401004398,0.05,True,True,True,True
CAN,bird,can06,pa_holdout,0,global_conditional_density,27,14571,onehot_l2,0.0,0.01,1e-06,frozen_default,9,"G=6,K=3",random_50k,full_background_50k,ipp,additive_kan_ipp,50000,True,22.414084001997253,0.8841509693886833,0.0206535237213243,0.7811908156091881,,,lbfgs,15.0,,,,,,,
CAN,bird,can06,pa_holdout,0,global_conditional_density,27,14571,onehot_l2,0.0,0.01,1e-06,frozen_default,9,"G=6,K=3",random_50k,full_background_50k,ipp,deep2_kan_ipp,50000,True,85.88825904700207,0.8858495764529134,0.0235001269131276,0.7927101190055765,,,lbfgs,18.0,0.0,177.46837657385947,0.05,True,True,True,True
CAN,bird,can06,pa_holdout,1,global_conditional_density,27,14571,onehot_l2,0.0,0.01,1e-06,frozen_default,9,"G=6,K=3",random_50k,full_background_50k,ipp,additive_kan_ipp,50000,True,20.81230195700482,0.8841522690115329,0.0206562008362499,0.7812773473245328,,,lbfgs,15.0,,,,,,,
CAN,bird,can06,pa_holdout,1,global_conditional_density,27,14571,onehot_l2,0.0,0.01,1e-06,frozen_default,9,"G=6,K=3",random_50k,full_background_50k,ipp,deep2_kan_ipp,50000,True,87.0009594209987,0.8856962209566784,0.0230490032047473,0.7916812548655107,,,lbfgs,18.0,0.0,177.49088248300174,0.05,True,True,True,True
CAN,bird,can06,pa_holdout,2,global_conditional_density,27,14571,onehot_l2,0.0,0.01,1e-06,frozen_default,9,"G=6,K=3",random_50k,full_background_50k,ipp,additive_kan_ipp,50000,True,22.057864410002367,0.8841457708972855,0.0206522572658471,0.7812432024060144,,,lbfgs,15.0,,,,,,,
CAN,bird,can06,pa_holdout,2,global_conditional_density,27,14571,onehot_l2,0.0,0.01,1e-06,frozen_default,9,"G=6,K=3",random_50k,full_background_50k,ipp,deep2_kan_ipp,50000,True,95.7630344019999,0.8857313107736136,0.0231684288869018,0.7931122799406145,,,lbfgs,18.0,0.0,177.55701146686883,0.05,True,True,True,True
CAN,bird,can07,pa_holdout,0,global_conditional_density,221,14571,onehot_l2,0.0,0.01,1e-06,frozen_default,9,"G=6,K=3",random_50k,full_background_50k,ipp,additive_kan_ipp,50000,True,21.795559737991425,0.6681587824655671,0.0344672605286024,0.343239482222303,,,lbfgs,15.0,,,,,,,
CAN,bird,can07,pa_holdout,0,global_conditional_density,221,14571,onehot_l2,0.0,0.01,1e-06,frozen_default,9,"G=6,K=3",random_50k,full_background_50k,ipp,deep2_kan_ipp,50000,True,61.65119535800477,0.6621776643900538,0.0342628540410205,0.3377296011750812,,,lbfgs,12.0,0.0,1752.0658358467522,0.05,True,True,True,True
CAN,bird,can07,pa_holdout,1,global_conditional_density,221,14571,onehot_l2,0.0,0.01,1e-06,frozen_default,9,"G=6,K=3",random_50k,full_background_50k,ipp,additive_kan_ipp,50000,True,26.656476053001825,0.6679991200640168,0.0344487399107456,0.3426315967233756,,,lbfgs,15.0,,,,,,,
CAN,bird,can07,pa_holdout,1,global_conditional_density,221,14571,onehot_l2,0.0,0.01,1e-06,frozen_default,9,"G=6,K=3",random_50k,full_background_50k,ipp,deep2_kan_ipp,50000,True,72.11191838400555,0.6622308148856821,0.0342996266141273,0.3375542670214425,,,lbfgs,12.0,0.0,1752.2967323981024,0.05,True,True,True,True
CAN,bird,can07,pa_holdout,2,global_conditional_density,221,14571,onehot_l2,0.0,0.01,1e-06,frozen_default,9,"G=6,K=3",random_50k,full_background_50k,ipp,additive_kan_ipp,50000,True,28.60621499500121,0.6682207913771335,0.0344706326955631,0.3439334253324945,,,lbfgs,15.0,,,,,,,
CAN,bird,can07,pa_holdout,2,global_conditional_density,221,14571,onehot_l2,0.0,0.01,1e-06,frozen_default,9,"G=6,K=3",random_50k,full_background_50k,ipp,deep2_kan_ipp,50000,True,67.87642168899765,0.6626248034802606,0.0342376048342233,0.3369842827492048,,,lbfgs,12.0,0.0,1751.599657366746,0.05,True,True,True,True
CAN,bird,can08,pa_holdout,0,global_conditional_density,322,14571,onehot_l2,0.0,0.01,1e-06,frozen_default,9,"G=6,K=3",random_50k,full_background_50k,ipp,additive_kan_ipp,50000,True,30.31978445900313,0.5416822545510626,0.1942078239673825,0.0802545468797837,,,lbfgs,15.0,,,,,,,
CAN,bird,can08,pa_holdout,0,global_conditional_density,322,14571,onehot_l2,0.0,0.01,1e-06,frozen_default,9,"G=6,K=3",random_50k,full_background_50k,ipp,deep2_kan_ipp,50000,True,68.80262121799751,0.5431725548280139,0.1942732066564963,0.0847020192925059,,,lbfgs,12.0,0.0,2601.915201000939,0.05,True,True,True,True
CAN,bird,can08,pa_holdout,1,global_conditional_density,322,14571,onehot_l2,0.0,0.01,1e-06,frozen_default,9,"G=6,K=3",random_50k,full_background_50k,ipp,additive_kan_ipp,50000,True,27.08149687400146,0.5417464481471248,0.1942303589019697,0.0802600506160734,,,lbfgs,15.0,,,,,,,
CAN,bird,can08,pa_holdout,1,global_conditional_density,322,14571,onehot_l2,0.0,0.01,1e-06,frozen_default,9,"G=6,K=3",random_50k,full_background_50k,ipp,deep2_kan_ipp,50000,True,68.75126400400768,0.5446481400564185,0.1946866023759826,0.0878819972350579,,,lbfgs,12.0,0.0,2601.7300633717905,0.05,True,True,True,True
CAN,bird,can08,pa_holdout,2,global_conditional_density,322,14571,onehot_l2,0.0,0.01,1e-06,frozen_default,9,"G=6,K=3",random_50k,full_background_50k,ipp,additive_kan_ipp,50000,True,29.49383350799326,0.5418420317048251,0.1942494034172588,0.0805418436913893,,,lbfgs,15.0,,,,,,,
CAN,bird,can08,pa_holdout,2,global_conditional_density,322,14571,onehot_l2,0.0,0.01,1e-06,frozen_default,9,"G=6,K=3",random_50k,full_background_50k,ipp,deep2_kan_ipp,50000,True,66.69852171499224,0.5441089845331346,0.1946673923480587,0.0863715540135699,,,lbfgs,12.0,0.0,2603.256708950657,0.05,True,True,True,True
CAN,bird,can09,pa_holdout,0,global_conditional_density,119,14571,onehot_l2,0.0,0.01,1e-06,frozen_default,9,"G=6,K=3",random_50k,full_background_50k,ipp,additive_kan_ipp,50000,True,13.035263628000052,0.7124999574197021,0.0218194693497083,0.4691457256847343,,,lbfgs,15.0,,,,,,,
CAN,bird,can09,pa_holdout,0,global_conditional_density,119,14571,onehot_l2,0.0,0.01,1e-06,frozen_default,9,"G=6,K=3",random_50k,full_background_50k,ipp,deep2_kan_ipp,50000,True,35.6492143480001,0.7109687699062892,0.0212522087059299,0.4586298387350673,,,lbfgs,12.0,0.0,916.4700501377756,0.05,True,True,True,True
CAN,bird,can09,pa_holdout,1,global_conditional_density,119,14571,onehot_l2,0.0,0.01,1e-06,frozen_default,9,"G=6,K=3",random_50k,full_background_50k,ipp,additive_kan_ipp,50000,True,14.61897606499997,0.7129274636108773,0.0218665967948205,0.4691073590733775,,,lbfgs,15.0,,,,,,,
CAN,bird,can09,pa_holdout,1,global_conditional_density,119,14571,onehot_l2,0.0,0.01,1e-06,frozen_default,9,"G=6,K=3",random_50k,full_background_50k,ipp,deep2_kan_ipp,50000,True,38.79414147800003,0.7110322145501988,0.0211582908729155,0.4586640872010634,,,lbfgs,12.0,0.0,916.401208065863,0.05,True,True,True,True
CAN,bird,can09,pa_holdout,2,global_conditional_density,119,14571,onehot_l2,0.0,0.01,1e-06,frozen_default,9,"G=6,K=3",random_50k,full_background_50k,ipp,additive_kan_ipp,50000,True,14.419817848999967,0.7121771987614243,0.0217815456449114,0.4687167981911341,,,lbfgs,15.0,,,,,,,
CAN,bird,can09,pa_holdout,2,global_conditional_density,119,14571,onehot_l2,0.0,0.01,1e-06,frozen_default,9,"G=6,K=3",random_50k,full_background_50k,ipp,deep2_kan_ipp,50000,True,37.52531444500005,0.7108163324397148,0.0211364471251054,0.4579717754094244,,,lbfgs,12.0,0.0,916.5190353140456,0.05,True,True,True,True
CAN,bird,can10,pa_holdout,0,global_conditional_density,234,14571,onehot_l2,0.0,0.01,1e-06,frozen_default,9,"G=6,K=3",random_50k,full_background_50k,ipp,additive_kan_ipp,50000,True,15.23515815299993,0.6698061370723242,0.1196254155234241,0.3320173909491851,,,lbfgs,15.0,,,,,,,
CAN,bird,can10,pa_holdout,0,global_conditional_density,234,14571,onehot_l2,0.0,0.01,1e-06,frozen_default,9,"G=6,K=3",random_50k,full_background_50k,ipp,deep2_kan_ipp,50000,True,39.209120631999895,0.6629696243005595,0.1179098670967066,0.3206450892757474,,,lbfgs,12.0,0.0,1851.9020840686085,0.05,True,True,True,True
CAN,bird,can10,pa_holdout,1,global_conditional_density,234,14571,onehot_l2,0.0,0.01,1e-06,frozen_default,9,"G=6,K=3",random_50k,full_background_50k,ipp,additive_kan_ipp,50000,True,13.99501784999984,0.6695809118470989,0.1195193036160308,0.331393792016847,,,lbfgs,15.0,,,,,,,
CAN,bird,can10,pa_holdout,1,global_conditional_density,234,14571,onehot_l2,0.0,0.01,1e-06,frozen_default,9,"G=6,K=3",random_50k,full_background_50k,ipp,deep2_kan_ipp,50000,True,37.08274995000011,0.6636176344209918,0.1177064252311654,0.3198262794040208,,,lbfgs,12.0,0.0,1853.154106073049,0.05,True,True,True,True
CAN,bird,can10,pa_holdout,2,global_conditional_density,234,14571,onehot_l2,0.0,0.01,1e-06,frozen_default,9,"G=6,K=3",random_50k,full_background_50k,ipp,additive_kan_ipp,50000,True,13.661893780000128,0.669608937474645,0.1195298059800458,0.3314136404232336,,,lbfgs,15.0,,,,,,,
CAN,bird,can10,pa_holdout,2,global_conditional_density,234,14571,onehot_l2,0.0,0.01,1e-06,frozen_default,9,"G=6,K=3",random_50k,full_background_50k,ipp,deep2_kan_ipp,50000,True,43.72216185399998,0.6623795258087825,0.1176568091073097,0.3190335400232975,,,lbfgs,12.0,0.0,1851.751408788484,0.05,True,True,True,True
CAN,bird,can11,pa_holdout,0,global_conditional_density,478,14571,onehot_l2,0.0,0.01,1e-06,frozen_default,9,"G=6,K=3",random_50k,full_background_50k,ipp,additive_kan_ipp,50000,True,19.026781225999912,0.5955062493874792,0.350524398770931,0.205142748616031,,,lbfgs,15.0,,,,,,,
CAN,bird,can11,pa_holdout,0,global_conditional_density,478,14571,onehot_l2,0.0,0.01,1e-06,frozen_default,9,"G=6,K=3",random_50k,full_background_50k,ipp,deep2_kan_ipp,50000,True,46.56050768900013,0.5969827772348815,0.3514069935368494,0.2082549393745165,,,lbfgs,12.0,0.0,3988.601231040716,0.05,True,True,True,True
CAN,bird,can11,pa_holdout,1,global_conditional_density,478,14571,onehot_l2,0.0,0.01,1e-06,frozen_default,9,"G=6,K=3",random_50k,full_background_50k,ipp,additive_kan_ipp,50000,True,20.44868235499985,0.5954949463942879,0.3505287657324144,0.2051383210102915,,,lbfgs,15.0,,,,,,,
CAN,bird,can11,pa_holdout,1,global_conditional_density,478,14571,onehot_l2,0.0,0.01,1e-06,frozen_default,9,"G=6,K=3",random_50k,full_background_50k,ipp,deep2_kan_ipp,50000,True,47.40780632099995,0.5967766353161736,0.3512122991040758,0.2080639394255219,,,lbfgs,12.0,0.0,3988.38899877439,0.05,True,True,True,True
CAN,bird,can11,pa_holdout,2,global_conditional_density,478,14571,onehot_l2,0.0,0.01,1e-06,frozen_default,9,"G=6,K=3",random_50k,full_background_50k,ipp,additive_kan_ipp,50000,True,19.78054485899997,0.5954965768455475,0.3505300033354043,0.2051411901099602,,,lbfgs,15.0,,,,,,,
CAN,bird,can11,pa_holdout,2,global_conditional_density,478,14571,onehot_l2,0.0,0.01,1e-06,frozen_default,9,"G=6,K=3",random_50k,full_background_50k,ipp,deep2_kan_ipp,50000,True,47.58305554899994,0.5967798741855675,0.3513069788947736,0.2080698938435377,,,lbfgs,12.0,0.0,3988.4745589843537,0.05,True,True,True,True
CAN,bird,can12,pa_holdout,0,global_conditional_density,312,14571,onehot_l2,0.0,0.01,1e-06,frozen_default,9,"G=6,K=3",random_50k,full_background_50k,ipp,additive_kan_ipp,50000,True,17.947014077000176,0.5300757309881022,0.1485167346517633,0.0623260221653553,,,lbfgs,15.0,,,,,,,
CAN,bird,can12,pa_holdout,0,global_conditional_density,312,14571,onehot_l2,0.0,0.01,1e-06,frozen_default,9,"G=6,K=3",random_50k,full_background_50k,ipp,deep2_kan_ipp,50000,True,49.06037522700012,0.5174345234772308,0.1468425436866987,0.0373490267739478,,,lbfgs,12.0,0.0,3003.883658903763,0.05,True,True,True,True
CAN,bird,can12,pa_holdout,1,global_conditional_density,312,14571,onehot_l2,0.0,0.01,1e-06,frozen_default,9,"G=6,K=3",random_50k,full_background_50k,ipp,additive_kan_ipp,50000,True,18.644193650000037,0.5300813915856973,0.1485165383778958,0.0623458138215749,,,lbfgs,15.0,,,,,,,
CAN,bird,can12,pa_holdout,1,global_conditional_density,312,14571,onehot_l2,0.0,0.01,1e-06,frozen_default,9,"G=6,K=3",random_50k,full_background_50k,ipp,deep2_kan_ipp,50000,True,45.48173623899993,0.5148987319090229,0.1477909982408873,0.0414198976936721,,,lbfgs,12.0,0.0,3005.93764683146,0.05,True,True,True,True
CAN,bird,can12,pa_holdout,2,global_conditional_density,312,14571,onehot_l2,0.0,0.01,1e-06,frozen_default,9,"G=6,K=3",random_50k,full_background_50k,ipp,additive_kan_ipp,50000,True,18.87469251399989,0.5300778000341198,0.1485195155451647,0.0623398635488872,,,lbfgs,15.0,,,,,,,
CAN,bird,can12,pa_holdout,2,global_conditional_density,312,14571,onehot_l2,0.0,0.01,1e-06,frozen_default,9,"G=6,K=3",random_50k,full_background_50k,ipp,deep2_kan_ipp,50000,True,48.01667712199992,0.5157580106239656,0.1464383132892145,0.0333052640667476,,,lbfgs,12.0,0.0,3003.9689447654846,0.05,True,True,True,True
CAN,bird,can13,pa_holdout,0,global_conditional_density,39,14571,onehot_l2,0.0,0.01,1e-06,frozen_default,9,"G=6,K=3",random_50k,full_background_50k,ipp,additive_kan_ipp,50000,True,18.17229394500009,0.3832927707075892,0.0376764011191851,-0.3548899956357146,,,lbfgs,15.0,,,,,,,
CAN,bird,can13,pa_holdout,0,global_conditional_density,39,14571,onehot_l2,0.0,0.01,1e-06,frozen_default,9,"G=6,K=3",random_50k,full_background_50k,ipp,deep2_kan_ipp,50000,True,40.89575503299989,0.4424445840782106,0.0416887278574782,-0.2238493312444311,,,lbfgs,12.0,0.0,327.0536428349045,0.05,True,True,True,True
CAN,bird,can13,pa_holdout,1,global_conditional_density,39,14571,onehot_l2,0.0,0.01,1e-06,frozen_default,9,"G=6,K=3",random_50k,full_background_50k,ipp,additive_kan_ipp,50000,True,14.83352043900004,0.3832922790393983,0.0376763893474061,-0.3548830852610587,,,lbfgs,15.0,,,,,,,
CAN,bird,can13,pa_holdout,1,global_conditional_density,39,14571,onehot_l2,0.0,0.01,1e-06,frozen_default,9,"G=6,K=3",random_50k,full_background_50k,ipp,deep2_kan_ipp,50000,True,38.67005994500005,0.444149689364037,0.0418525336224543,-0.2161627163807447,,,lbfgs,12.0,0.0,326.7593385573812,0.05,True,True,True,True
CAN,bird,can13,pa_holdout,2,global_conditional_density,39,14571,onehot_l2,0.0,0.01,1e-06,frozen_default,9,"G=6,K=3",random_50k,full_background_50k,ipp,additive_kan_ipp,50000,True,16.232549900000095,0.3832927707075891,0.0376764611990946,-0.3548633350903851,,,lbfgs,15.0,,,,,,,
CAN,bird,can13,pa_holdout,2,global_conditional_density,39,14571,onehot_l2,0.0,0.01,1e-06,frozen_default,9,"G=6,K=3",random_50k,full_background_50k,ipp,deep2_kan_ipp,50000,True,44.99951007799996,0.4447305461646931,0.041895388118422,-0.2155135236127639,,,lbfgs,12.0,0.0,326.4136288180432,0.05,True,True,True,True
CAN,bird,can14,pa_holdout,0,global_conditional_density,18,14571,onehot_l2,0.0,0.01,1e-06,frozen_default,9,"G=6,K=3",random_50k,full_background_50k,ipp,additive_kan_ipp,50000,True,18.956316027999947,0.3891681074024415,0.0239776121267317,-0.216785910951029,,,lbfgs,15.0,,,,,,,
CAN,bird,can14,pa_holdout,0,global_conditional_density,18,14571,onehot_l2,0.0,0.01,1e-06,frozen_default,9,"G=6,K=3",random_50k,full_background_50k,ipp,deep2_kan_ipp,50000,True,70.70755793800004,0.5171747759508856,0.0283974157407711,0.009657846335584,,,lbfgs,18.0,0.0,143.60884187345445,0.05,True,True,True,True
CAN,bird,can14,pa_holdout,1,global_conditional_density,18,14571,onehot_l2,0.0,0.01,1e-06,frozen_default,9,"G=6,K=3",random_50k,full_background_50k,ipp,additive_kan_ipp,50000,True,16.68869491700002,0.3892102709759367,0.0239786659227588,-0.2167020527946729,,,lbfgs,15.0,,,,,,,
CAN,bird,can14,pa_holdout,1,global_conditional_density,18,14571,onehot_l2,0.0,0.01,1e-06,frozen_default,9,"G=6,K=3",random_50k,full_background_50k,ipp,deep2_kan_ipp,50000,True,68.13597672300011,0.5027820019758662,0.0279576349037458,-0.0197171909995094,,,lbfgs,18.0,0.0,144.2611323892239,0.05,True,True,True,True
CAN,bird,can14,pa_holdout,2,global_conditional_density,18,14571,onehot_l2,0.0,0.01,1e-06,frozen_default,9,"G=6,K=3",random_50k,full_background_50k,ipp,additive_kan_ipp,50000,True,18.67395223100016,0.3892051548937972,0.0239790276000506,-0.2164093091896421,,,lbfgs,15.0,,,,,,,
CAN,bird,can14,pa_holdout,2,global_conditional_density,18,14571,onehot_l2,0.0,0.01,1e-06,frozen_default,9,"G=6,K=3",random_50k,full_background_50k,ipp,deep2_kan_ipp,50000,True,67.08988810300002,0.5058712335050455,0.0279820267053314,-0.0168673893322056,,,lbfgs,18.0,0.0,143.39774961504037,0.05,True,True,True,True
CAN,bird,can15,pa_holdout,0,global_conditional_density,721,14571,onehot_l2,0.0,0.01,1e-06,frozen_default,9,"G=6,K=3",random_50k,full_background_50k,ipp,additive_kan_ipp,50000,True,17.35750588499991,0.6810392350826662,0.3045430499450116,0.3840285569517359,,,lbfgs,15.0,,,,,,,
CAN,bird,can15,pa_holdout,0,global_conditional_density,721,14571,onehot_l2,0.0,0.01,1e-06,frozen_default,9,"G=6,K=3",random_50k,full_background_50k,ipp,deep2_kan_ipp,50000,True,43.56838975799974,0.6787891767461237,0.3030357278646237,0.3790743613508349,,,lbfgs,12.0,0.0,6404.774434721631,0.05,True,True,True,True
CAN,bird,can15,pa_holdout,1,global_conditional_density,721,14571,onehot_l2,0.0,0.01,1e-06,frozen_default,9,"G=6,K=3",random_50k,full_background_50k,ipp,additive_kan_ipp,50000,True,18.94266863799976,0.6810140966854823,0.3045221795801671,0.3839574237108362,,,lbfgs,15.0,,,,,,,
CAN,bird,can15,pa_holdout,1,global_conditional_density,721,14571,onehot_l2,0.0,0.01,1e-06,frozen_default,9,"G=6,K=3",random_50k,full_background_50k,ipp,deep2_kan_ipp,50000,True,42.6348914629998,0.67880120194751,0.3030650080106495,0.3790194615476357,,,lbfgs,12.0,0.0,6405.010104238788,0.05,True,True,True,True
CAN,bird,can15,pa_holdout,2,global_conditional_density,721,14571,onehot_l2,0.0,0.01,1e-06,frozen_default,9,"G=6,K=3",random_50k,full_background_50k,ipp,additive_kan_ipp,50000,True,18.889757534000186,0.6810430716945369,0.3045040852940304,0.3840205835719733,,,lbfgs,15.0,,,,,,,
CAN,bird,can15,pa_holdout,2,global_conditional_density,721,14571,onehot_l2,0.0,0.01,1e-06,frozen_default,9,"G=6,K=3",random_50k,full_background_50k,ipp,deep2_kan_ipp,50000,True,41.169607435000216,0.6791041797595818,0.3032881490969152,0.3795580780273647,,,lbfgs,12.0,0.0,6405.163196483934,0.05,True,True,True,True
CAN,bird,can16,pa_holdout,0,global_conditional_density,57,14571,onehot_l2,0.0,0.01,1e-06,frozen_default,9,"G=6,K=3",random_50k,full_background_50k,ipp,additive_kan_ipp,50000,True,17.730462061999788,0.4970595482819708,0.0231945560109608,0.045387934128599,,,lbfgs,15.0,,,,,,,
CAN,bird,can16,pa_holdout,0,global_conditional_density,57,14571,onehot_l2,0.0,0.01,1e-06,frozen_default,9,"G=6,K=3",random_50k,full_background_50k,ipp,deep2_kan_ipp,50000,True,43.98828109600026,0.4974114123847284,0.0240796619177119,0.0669235258567988,,,lbfgs,12.0,0.0,512.1619453308905,0.05,True,True,True,True
CAN,bird,can16,pa_holdout,1,global_conditional_density,57,14571,onehot_l2,0.0,0.01,1e-06,frozen_default,9,"G=6,K=3",random_50k,full_background_50k,ipp,additive_kan_ipp,50000,True,17.86957869300022,0.4970595482819707,0.0231953391087575,0.0453222863004796,,,lbfgs,15.0,,,,,,,
CAN,bird,can16,pa_holdout,1,global_conditional_density,57,14571,onehot_l2,0.0,0.01,1e-06,frozen_default,9,"G=6,K=3",random_50k,full_background_50k,ipp,deep2_kan_ipp,50000,True,47.09325107299992,0.4972164996514658,0.0240948266416259,0.0669538656881838,,,lbfgs,12.0,0.0,512.1525788371335,0.05,True,True,True,True
CAN,bird,can16,pa_holdout,2,global_conditional_density,57,14571,onehot_l2,0.0,0.01,1e-06,frozen_default,9,"G=6,K=3",random_50k,full_background_50k,ipp,additive_kan_ipp,50000,True,22.34684022099964,0.4971729883807147,0.0232027023857793,0.0457569720077012,,,lbfgs,15.0,,,,,,,
CAN,bird,can16,pa_holdout,2,global_conditional_density,57,14571,onehot_l2,0.0,0.01,1e-06,frozen_default,9,"G=6,K=3",random_50k,full_background_50k,ipp,deep2_kan_ipp,50000,True,45.15089318899982,0.4973747829986369,0.0243031843060004,0.0712226450641304,,,lbfgs,12.0,0.0,511.9679885844939,0.05,True,True,True,True
CAN,bird,can17,pa_holdout,0,global_conditional_density,313,14571,onehot_l2,0.0,0.01,1e-06,frozen_default,9,"G=6,K=3",random_50k,full_background_50k,ipp,additive_kan_ipp,50000,True,19.5262438689997,0.4704020263316547,0.1768124607520377,-0.04538939852027,,,lbfgs,15.0,,,,,,,
CAN,bird,can17,pa_holdout,0,global_conditional_density,313,14571,onehot_l2,0.0,0.01,1e-06,frozen_default,9,"G=6,K=3",random_50k,full_background_50k,ipp,deep2_kan_ipp,50000,True,46.63081946199964,0.4740610831333605,0.1777526979771427,-0.0357115900574737,,,lbfgs,12.0,0.0,2868.043173560691,0.05,True,True,True,True
CAN,bird,can17,pa_holdout,1,global_conditional_density,313,14571,onehot_l2,0.0,0.01,1e-06,frozen_default,9,"G=6,K=3",random_50k,full_background_50k,ipp,additive_kan_ipp,50000,True,19.95530507100011,0.4703292214971682,0.1767521249019086,-0.0456433914635536,,,lbfgs,15.0,,,,,,,
CAN,bird,can17,pa_holdout,1,global_conditional_density,313,14571,onehot_l2,0.0,0.01,1e-06,frozen_default,9,"G=6,K=3",random_50k,full_background_50k,ipp,deep2_kan_ipp,50000,True,44.53346192200024,0.4783009211653169,0.1800256017134529,-0.0230674302053781,,,lbfgs,12.0,0.0,2865.5789688189857,0.05,True,True,True,True
CAN,bird,can17,pa_holdout,2,global_conditional_density,313,14571,onehot_l2,0.0,0.01,1e-06,frozen_default,9,"G=6,K=3",random_50k,full_background_50k,ipp,additive_kan_ipp,50000,True,20.73410426800001,0.4704714548879821,0.1768539695297286,-0.0452188775067589,,,lbfgs,15.0,,,,,,,
CAN,bird,can17,pa_holdout,2,global_conditional_density,313,14571,onehot_l2,0.0,0.01,1e-06,frozen_default,9,"G=6,K=3",random_50k,full_background_50k,ipp,deep2_kan_ipp,50000,True,48.75259378199962,0.4786010109067903,0.179367930888512,-0.0226320641303332,,,lbfgs,12.0,0.0,2866.413258072213,0.05,True,True,True,True
CAN,bird,can18,pa_holdout,0,global_conditional_density,612,14571,onehot_l2,0.0,0.01,1e-06,frozen_default,9,"G=6,K=3",random_50k,full_background_50k,ipp,additive_kan_ipp,50000,True,20.436020148999887,0.7808774181386137,0.2152938776371198,0.6032403408151733,,,lbfgs,15.0,,,,,,,
CAN,bird,can18,pa_holdout,0,global_conditional_density,612,14571,onehot_l2,0.0,0.01,1e-06,frozen_default,9,"G=6,K=3",random_50k,full_background_50k,ipp,deep2_kan_ipp,50000,True,46.487582707,0.7755798851346304,0.21164292934811,0.5925848147356159,,,lbfgs,12.0,0.0,5097.32034134096,0.05,True,True,True,True
CAN,bird,can18,pa_holdout,1,global_conditional_density,612,14571,onehot_l2,0.0,0.01,1e-06,frozen_default,9,"G=6,K=3",random_50k,full_background_50k,ipp,additive_kan_ipp,50000,True,19.559680682999897,0.7810227159164094,0.2154621306000978,0.6035594612832479,,,lbfgs,15.0,,,,,,,
CAN,bird,can18,pa_holdout,1,global_conditional_density,612,14571,onehot_l2,0.0,0.01,1e-06,frozen_default,9,"G=6,K=3",random_50k,full_background_50k,ipp,deep2_kan_ipp,50000,True,48.88095133200022,0.7760031603370758,0.2115037736389065,0.5928400850655644,,,lbfgs,12.0,0.0,5097.669296513214,0.05,True,True,True,True
CAN,bird,can18,pa_holdout,2,global_conditional_density,612,14571,onehot_l2,0.0,0.01,1e-06,frozen_default,9,"G=6,K=3",random_50k,full_background_50k,ipp,additive_kan_ipp,50000,True,20.884912844000155,0.7809442942326056,0.2153814026922488,0.6033691079240922,,,lbfgs,15.0,,,,,,,
CAN,bird,can18,pa_holdout,2,global_conditional_density,612,14571,onehot_l2,0.0,0.01,1e-06,frozen_default,9,"G=6,K=3",random_50k,full_background_50k,ipp,deep2_kan_ipp,50000,True,49.98703638400002,0.7761333163577412,0.2115491142027778,0.5921891405757158,,,lbfgs,12.0,0.0,5098.66581708047,0.05,True,True,True,True
CAN,bird,can19,pa_holdout,0,global_conditional_density,109,14571,onehot_l2,0.0,0.01,1e-06,frozen_default,9,"G=6,K=3",random_50k,full_background_50k,ipp,additive_kan_ipp,50000,True,19.33258031200012,0.4641120162232762,0.0014553345232224,-0.2595707334409998,,,lbfgs,15.0,,,,,,,
CAN,bird,can19,pa_holdout,0,global_conditional_density,109,14571,onehot_l2,0.0,0.01,1e-06,frozen_default,9,"G=6,K=3",random_50k,full_background_50k,ipp,deep2_kan_ipp,50000,True,48.21065519400008,0.4628030407185903,0.0014516443800714,-0.2509449555553661,,,lbfgs,12.0,0.0,847.5067779773138,0.05,True,True,True,True
CAN,bird,can19,pa_holdout,1,global_conditional_density,109,14571,onehot_l2,0.0,0.01,1e-06,frozen_default,9,"G=6,K=3",random_50k,full_background_50k,ipp,additive_kan_ipp,50000,True,19.62879413799965,0.4641034233862652,0.0014553308227916,-0.2587636701946695,,,lbfgs,15.0,,,,,,,
CAN,bird,can19,pa_holdout,1,global_conditional_density,109,14571,onehot_l2,0.0,0.01,1e-06,frozen_default,9,"G=6,K=3",random_50k,full_background_50k,ipp,deep2_kan_ipp,50000,True,41.61586304799994,0.4608496024380742,0.0014482009509196,-0.2615738031025281,,,lbfgs,12.0,0.0,846.8558863547386,0.05,True,True,True,True
CAN,bird,can19,pa_holdout,2,global_conditional_density,109,14571,onehot_l2,0.0,0.01,1e-06,frozen_default,9,"G=6,K=3",random_50k,full_background_50k,ipp,additive_kan_ipp,50000,True,17.97086703800005,0.4641206090602873,0.0014553727303838,-0.2591309454558601,,,lbfgs,15.0,,,,,,,
CAN,bird,can19,pa_holdout,2,global_conditional_density,109,14571,onehot_l2,0.0,0.01,1e-06,frozen_default,9,"G=6,K=3",random_50k,full_background_50k,ipp,deep2_kan_ipp,50000,True,40.91093199599982,0.462593948351321,0.0014525645555647,-0.2615814857273774,,,lbfgs,12.0,0.0,847.3517279981145,0.05,True,True,True,True
CAN,bird,can20,pa_holdout,0,global_conditional_density,380,14571,onehot_l2,0.0,0.01,1e-06,frozen_default,9,"G=6,K=3",random_50k,full_background_50k,ipp,additive_kan_ipp,50000,True,18.93457032299966,0.6239813502920393,0.0879105575275002,0.2950442616323849,,,lbfgs,15.0,,,,,,,
CAN,bird,can20,pa_holdout,0,global_conditional_density,380,14571,onehot_l2,0.0,0.01,1e-06,frozen_default,9,"G=6,K=3",random_50k,full_background_50k,ipp,deep2_kan_ipp,50000,True,41.76766478099989,0.6182980016953685,0.0896998830921291,0.3022949132120182,,,lbfgs,12.0,0.0,3548.436501469265,0.05,True,True,True,True
CAN,bird,can20,pa_holdout,1,global_conditional_density,380,14571,onehot_l2,0.0,0.01,1e-06,frozen_default,9,"G=6,K=3",random_50k,full_background_50k,ipp,additive_kan_ipp,50000,True,18.47984418599981,0.6240023909378184,0.0879137371245086,0.2951926144622332,,,lbfgs,15.0,,,,,,,
CAN,bird,can20,pa_holdout,1,global_conditional_density,380,14571,onehot_l2,0.0,0.01,1e-06,frozen_default,9,"G=6,K=3",random_50k,full_background_50k,ipp,deep2_kan_ipp,50000,True,46.02359802799992,0.618404351107303,0.0903544654626348,0.3065015801185235,,,lbfgs,12.0,0.0,3550.1505777498787,0.05,True,True,True,True
CAN,bird,can20,pa_holdout,2,global_conditional_density,380,14571,onehot_l2,0.0,0.01,1e-06,frozen_default,9,"G=6,K=3",random_50k,full_background_50k,ipp,additive_kan_ipp,50000,True,17.952248342000075,0.6238930941980705,0.0878735726724298,0.2947526684918582,,,lbfgs,15.0,,,,,,,
CAN,bird,can20,pa_holdout,2,global_conditional_density,380,14571,onehot_l2,0.0,0.01,1e-06,frozen_default,9,"G=6,K=3",random_50k,full_background_50k,ipp,deep2_kan_ipp,50000,True,46.08721454700026,0.6152381023335141,0.0895961314325675,0.3006992257594285,,,lbfgs,12.0,0.0,3550.126263581127,0.05,True,True,True,True
NSW,ba,nsw01,pa_holdout,0,global_conditional_density,26,570,onehot_l2,0.0,0.01,1e-06,frozen_default,9,"G=6,K=3",random_50k,full_background_50k,ipp,additive_kan_ipp,50000,True,33.50138415499532,0.701574074074074,0.316948992332116,0.4255492655195335,,,lbfgs,15.0,,,,,,,
NSW,ba,nsw01,pa_holdout,0,global_conditional_density,26,570,onehot_l2,0.0,0.01,1e-06,frozen_default,9,"G=6,K=3",random_50k,full_background_50k,ipp,deep2_kan_ipp,50000,True,145.50929492399155,0.6650740740740742,0.3166801054857129,0.3777939654655718,,,lbfgs,18.0,0.0,169.49545136944295,0.05,True,True,True,True
NSW,ba,nsw01,pa_holdout,1,global_conditional_density,26,570,onehot_l2,0.0,0.01,1e-06,frozen_default,9,"G=6,K=3",random_50k,full_background_50k,ipp,additive_kan_ipp,50000,True,37.76383786500082,0.7016666666666668,0.3170089684516585,0.4258811971870971,,,lbfgs,15.0,,,,,,,
NSW,ba,nsw01,pa_holdout,1,global_conditional_density,26,570,onehot_l2,0.0,0.01,1e-06,frozen_default,9,"G=6,K=3",random_50k,full_background_50k,ipp,deep2_kan_ipp,50000,True,153.4891916329943,0.6587037037037036,0.3115072012105139,0.3682189868784504,,,lbfgs,18.0,0.0,168.55048579060482,0.05,True,True,True,True
NSW,ba,nsw01,pa_holdout,2,global_conditional_density,26,570,onehot_l2,0.0,0.01,1e-06,frozen_default,9,"G=6,K=3",random_50k,full_background_50k,ipp,additive_kan_ipp,50000,True,44.525242860996514,0.7016111111111111,0.3169180394951771,0.4261003359767162,,,lbfgs,15.0,,,,,,,
NSW,ba,nsw01,pa_holdout,2,global_conditional_density,26,570,onehot_l2,0.0,0.01,1e-06,frozen_default,9,"G=6,K=3",random_50k,full_background_50k,ipp,deep2_kan_ipp,50000,True,147.8199540469941,0.6583518518518517,0.3125364254428883,0.3665093952812373,,,lbfgs,18.0,0.0,169.68058870356427,0.05,True,True,True,True
NSW,ba,nsw02,pa_holdout,0,global_conditional_density,6,570,onehot_l2,0.0,0.01,1e-06,frozen_default,9,"G=6,K=3",random_50k,full_background_50k,ipp,additive_kan_ipp,50000,True,39.06345351500204,0.7252909376031693,0.3397459346015112,0.4828309225104949,,,lbfgs,15.0,,,,,,,
NSW,ba,nsw02,pa_holdout,0,global_conditional_density,6,570,onehot_l2,0.0,0.01,1e-06,frozen_default,9,"G=6,K=3",random_50k,full_background_50k,ipp,deep2_kan_ipp,50000,True,143.94872485300584,0.6660510894684714,0.283511830544699,0.3579772655576429,,,lbfgs,18.0,0.0,28.643297000881887,0.05,True,True,True,True
NSW,ba,nsw02,pa_holdout,1,global_conditional_density,6,570,onehot_l2,0.0,0.01,1e-06,frozen_default,9,"G=6,K=3",random_50k,full_background_50k,ipp,additive_kan_ipp,50000,True,41.56713527700049,0.7251258666226478,0.3397594882416944,0.4832493616452107,,,lbfgs,15.0,,,,,,,
NSW,ba,nsw02,pa_holdout,1,global_conditional_density,6,570,onehot_l2,0.0,0.01,1e-06,frozen_default,9,"G=6,K=3",random_50k,full_background_50k,ipp,deep2_kan_ipp,50000,True,145.60049929699744,0.6658447507428195,0.2703822930203341,0.3553957046345458,,,lbfgs,18.0,0.0,28.89278722916421,0.05,True,True,True,True
NSW,ba,nsw02,pa_holdout,2,global_conditional_density,6,570,onehot_l2,0.0,0.01,1e-06,frozen_default,9,"G=6,K=3",random_50k,full_background_50k,ipp,additive_kan_ipp,50000,True,42.31495147499663,0.7252084021129086,0.3396128771023958,0.4829916696663144,,,lbfgs,15.0,,,,,,,
NSW,ba,nsw02,pa_holdout,2,global_conditional_density,6,570,onehot_l2,0.0,0.01,1e-06,frozen_default,9,"G=6,K=3",random_50k,full_background_50k,ipp,deep2_kan_ipp,50000,True,141.56428741899435,0.6647924232419941,0.273945061086444,0.3543232119441824,,,lbfgs,18.0,0.0,28.76340906049649,0.05,True,True,True,True
NSW,ba,nsw03,pa_holdout,0,global_conditional_density,12,570,onehot_l2,0.0,0.01,1e-06,frozen_default,9,"G=6,K=3",random_50k,full_background_50k,ipp,additive_kan_ipp,50000,True,41.43453960600891,0.7258218405759389,0.0911030582101168,0.5284671921229931,,,lbfgs,15.0,,,,,,,
NSW,ba,nsw03,pa_holdout,0,global_conditional_density,12,570,onehot_l2,0.0,0.01,1e-06,frozen_default,9,"G=6,K=3",random_50k,full_background_50k,ipp,deep2_kan_ipp,50000,True,163.84387818600226,0.7170613236187007,0.0719446973120832,0.4319499370510414,,,lbfgs,18.0,0.0,72.21159229615516,0.05,True,True,True,True
NSW,ba,nsw03,pa_holdout,1,global_conditional_density,12,570,onehot_l2,0.0,0.01,1e-06,frozen_default,9,"G=6,K=3",random_50k,full_background_50k,ipp,additive_kan_ipp,50000,True,44.10220716499316,0.7259085783675948,0.0911112875329753,0.5285853901382618,,,lbfgs,15.0,,,,,,,
NSW,ba,nsw03,pa_holdout,1,global_conditional_density,12,570,onehot_l2,0.0,0.01,1e-06,frozen_default,9,"G=6,K=3",random_50k,full_background_50k,ipp,deep2_kan_ipp,50000,True,166.76224570799968,0.7141122387024026,0.0698903843854414,0.4307107469300322,,,lbfgs,18.0,0.0,70.56273027520086,0.05,True,True,True,True
NSW,ba,nsw03,pa_holdout,2,global_conditional_density,12,570,onehot_l2,0.0,0.01,1e-06,frozen_default,9,"G=6,K=3",random_50k,full_background_50k,ipp,additive_kan_ipp,50000,True,43.98802747399896,0.7258218405759389,0.0911012860033296,0.5284671921229931,,,lbfgs,15.0,,,,,,,
NSW,ba,nsw03,pa_holdout,2,global_conditional_density,12,570,onehot_l2,0.0,0.01,1e-06,frozen_default,9,"G=6,K=3",random_50k,full_background_50k,ipp,deep2_kan_ipp,50000,True,181.69515332199808,0.7226992800763292,0.0760988047704726,0.4709316956896496,,,lbfgs,18.0,0.0,72.78956633211094,0.05,True,True,True,True
NSW,ba,nsw04,pa_holdout,0,global_conditional_density,49,570,onehot_l2,0.0,0.01,1e-06,frozen_default,9,"G=6,K=3",random_50k,full_background_50k,ipp,additive_kan_ipp,50000,True,54.61919889500132,0.8494623655913978,0.0861486112772006,0.638767366611626,,,lbfgs,15.0,,,,,,,
NSW,ba,nsw04,pa_holdout,0,global_conditional_density,49,570,onehot_l2,0.0,0.01,1e-06,frozen_default,9,"G=6,K=3",random_50k,full_background_50k,ipp,deep2_kan_ipp,50000,True,122.71523585199613,0.878136200716846,0.1153232524733183,0.7051865869214695,,,lbfgs,12.0,0.0,326.05174469229524,0.05,True,True,True,True
NSW,ba,nsw04,pa_holdout,1,global_conditional_density,49,570,onehot_l2,0.0,0.01,1e-06,frozen_default,9,"G=6,K=3",random_50k,full_background_50k,ipp,additive_kan_ipp,50000,True,53.04916347400285,0.8496117084826762,0.0861882812232495,0.638767366611626,,,lbfgs,15.0,,,,,,,
NSW,ba,nsw04,pa_holdout,1,global_conditional_density,49,570,onehot_l2,0.0,0.01,1e-06,frozen_default,9,"G=6,K=3",random_50k,full_background_50k,ipp,deep2_kan_ipp,50000,True,127.2090886740043,0.8733572281959379,0.1130297765899433,0.6950568976742524,,,lbfgs,12.0,0.0,326.42997867668555,0.05,True,True,True,True
NSW,ba,nsw04,pa_holdout,2,global_conditional_density,49,570,onehot_l2,0.0,0.01,1e-06,frozen_default,9,"G=6,K=3",random_50k,full_background_50k,ipp,additive_kan_ipp,50000,True,24.47757973,0.8493130227001195,0.0861056005245124,0.638767366611626,,,lbfgs,15.0,,,,,,,
NSW,ba,nsw04,pa_holdout,2,global_conditional_density,49,570,onehot_l2,0.0,0.01,1e-06,frozen_default,9,"G=6,K=3",random_50k,full_background_50k,ipp,deep2_kan_ipp,50000,True,67.14113275499994,0.8764934289127837,0.1091211125641603,0.6916737525117107,,,lbfgs,12.0,0.0,326.2257190838732,0.05,True,True,True,True
NSW,ba,nsw05,pa_holdout,0,global_conditional_density,22,570,onehot_l2,0.0,0.01,1e-06,frozen_default,9,"G=6,K=3",random_50k,full_background_50k,ipp,additive_kan_ipp,50000,True,24.42609809099997,0.5532075471698114,0.0831709468793667,0.1430181541982457,,,lbfgs,15.0,,,,,,,
NSW,ba,nsw05,pa_holdout,0,global_conditional_density,22,570,onehot_l2,0.0,0.01,1e-06,frozen_default,9,"G=6,K=3",random_50k,full_background_50k,ipp,deep2_kan_ipp,50000,True,100.774004376,0.5375471698113208,0.0943531786793883,0.0935450237727595,,,lbfgs,18.0,0.0,187.34573409828735,0.05,True,True,True,True
NSW,ba,nsw05,pa_holdout,1,global_conditional_density,22,570,onehot_l2,0.0,0.01,1e-06,frozen_default,9,"G=6,K=3",random_50k,full_background_50k,ipp,additive_kan_ipp,50000,True,24.99735715299994,0.5529716981132076,0.0831375716053182,0.1428744704069546,,,lbfgs,15.0,,,,,,,
NSW,ba,nsw05,pa_holdout,1,global_conditional_density,22,570,onehot_l2,0.0,0.01,1e-06,frozen_default,9,"G=6,K=3",random_50k,full_background_50k,ipp,deep2_kan_ipp,50000,True,104.7474020709999,0.5416509433962264,0.0968723353373136,0.1169736858731832,,,lbfgs,18.0,0.0,187.8252293940078,0.05,True,True,True,True
NSW,ba,nsw05,pa_holdout,2,global_conditional_density,22,570,onehot_l2,0.0,0.01,1e-06,frozen_default,9,"G=6,K=3",random_50k,full_background_50k,ipp,additive_kan_ipp,50000,True,34.247305119999965,0.5533018867924528,0.0831641193839929,0.1428984839076961,,,lbfgs,15.0,,,,,,,
NSW,ba,nsw05,pa_holdout,2,global_conditional_density,22,570,onehot_l2,0.0,0.01,1e-06,frozen_default,9,"G=6,K=3",random_50k,full_background_50k,ipp,deep2_kan_ipp,50000,True,123.08140181699991,0.5438207547169811,0.0933741161752554,0.1122965448712597,,,lbfgs,18.0,0.0,188.38022803943264,0.05,True,True,True,True
NSW,ba,nsw06,pa_holdout,0,global_conditional_density,44,570,onehot_l2,0.0,0.01,1e-06,frozen_default,9,"G=6,K=3",random_50k,full_background_50k,ipp,additive_kan_ipp,50000,True,30.85321794299989,0.4940076934827591,0.3245423241619641,0.0124213905865771,,,lbfgs,15.0,,,,,,,
NSW,ba,nsw06,pa_holdout,0,global_conditional_density,44,570,onehot_l2,0.0,0.01,1e-06,frozen_default,9,"G=6,K=3",random_50k,full_background_50k,ipp,deep2_kan_ipp,50000,True,84.12551921600016,0.5115888291741311,0.3385471811756978,0.0465849804276092,,,lbfgs,12.0,0.0,326.0260166273493,0.05,True,True,True,True
NSW,ba,nsw06,pa_holdout,1,global_conditional_density,44,570,onehot_l2,0.0,0.01,1e-06,frozen_default,9,"G=6,K=3",random_50k,full_background_50k,ipp,additive_kan_ipp,50000,True,32.90962751300003,0.4940215806357538,0.3246124248299019,0.0125073328430424,,,lbfgs,15.0,,,,,,,
NSW,ba,nsw06,pa_holdout,1,global_conditional_density,44,570,onehot_l2,0.0,0.01,1e-06,frozen_default,9,"G=6,K=3",random_50k,full_background_50k,ipp,deep2_kan_ipp,50000,True,82.17352384599985,0.5095057562249163,0.3357207233827435,0.0446322707081494,,,lbfgs,12.0,0.0,324.72982327385824,0.05,True,True,True,True
NSW,ba,nsw06,pa_holdout,2,global_conditional_density,44,570,onehot_l2,0.0,0.01,1e-06,frozen_default,9,"G=6,K=3",random_50k,full_background_50k,ipp,additive_kan_ipp,50000,True,30.31285191999996,0.493896596258801,0.3244711996838242,0.0123722740116689,,,lbfgs,15.0,,,,,,,
NSW,ba,nsw06,pa_holdout,2,global_conditional_density,44,570,onehot_l2,0.0,0.01,1e-06,frozen_default,9,"G=6,K=3",random_50k,full_background_50k,ipp,deep2_kan_ipp,50000,True,69.06925140199996,0.510644502770487,0.3374510856067024,0.0448618673633666,,,lbfgs,12.0,0.0,326.11738048727176,0.05,True,True,True,True
NSW,ba,nsw07,pa_holdout,0,global_conditional_density,28,570,onehot_l2,0.0,0.01,1e-06,frozen_default,9,"G=6,K=3",random_50k,full_background_50k,ipp,additive_kan_ipp,50000,True,31.187323844000048,0.7426114759764949,0.2033458598746229,0.5583755496685794,,,lbfgs,15.0,,,,,,,
NSW,ba,nsw07,pa_holdout,0,global_conditional_density,28,570,onehot_l2,0.0,0.01,1e-06,frozen_default,9,"G=6,K=3",random_50k,full_background_50k,ipp,deep2_kan_ipp,50000,True,127.14115465000008,0.7527652955409609,0.1974432192996146,0.5768881154059836,,,lbfgs,18.0,0.0,212.6515160928684,0.05,True,True,True,True
NSW,ba,nsw07,pa_holdout,1,global_conditional_density,28,570,onehot_l2,0.0,0.01,1e-06,frozen_default,9,"G=6,K=3",random_50k,full_background_50k,ipp,additive_kan_ipp,50000,True,31.88391780100005,0.7421361908053923,0.2026175008625032,0.5588457098704555,,,lbfgs,15.0,,,,,,,
NSW,ba,nsw07,pa_holdout,1,global_conditional_density,28,570,onehot_l2,0.0,0.01,1e-06,frozen_default,9,"G=6,K=3",random_50k,full_background_50k,ipp,deep2_kan_ipp,50000,True,126.96256159699988,0.7442533702039406,0.1912627283502525,0.5655942215360097,,,lbfgs,18.0,0.0,212.49147584631703,0.05,True,True,True,True
NSW,ba,nsw07,pa_holdout,2,global_conditional_density,28,570,onehot_l2,0.0,0.01,1e-06,frozen_default,9,"G=6,K=3",random_50k,full_background_50k,ipp,additive_kan_ipp,50000,True,30.23784962600007,0.7422658140338749,0.2039057014268266,0.5589259665081832,,,lbfgs,15.0,,,,,,,
NSW,ba,nsw07,pa_holdout,2,global_conditional_density,28,570,onehot_l2,0.0,0.01,1e-06,frozen_default,9,"G=6,K=3",random_50k,full_background_50k,ipp,deep2_kan_ipp,50000,True,115.15949598499992,0.7506049083995852,0.198723353269147,0.5734480509136417,,,lbfgs,18.0,0.0,212.707551245133,0.05,True,True,True,True
NSW,db,nsw08,pa_holdout,0,global_conditional_density,129,702,onehot_l2,0.0,0.01,1e-06,frozen_default,9,"G=6,K=3",random_50k,full_background_50k,ipp,additive_kan_ipp,50000,True,30.9823997540002,0.86158357771261,0.2151526482035422,0.7555775547868918,,,lbfgs,15.0,,,,,,,
NSW,db,nsw08,pa_holdout,0,global_conditional_density,129,702,onehot_l2,0.0,0.01,1e-06,frozen_default,9,"G=6,K=3",random_50k,full_background_50k,ipp,deep2_kan_ipp,50000,True,76.5624268370002,0.8599706744868035,0.2375859773241682,0.749460914293451,,,lbfgs,12.0,0.0,1012.8160231295436,0.05,True,True,True,True
NSW,db,nsw08,pa_holdout,1,global_conditional_density,129,702,onehot_l2,0.0,0.01,1e-06,frozen_default,9,"G=6,K=3",random_50k,full_background_50k,ipp,additive_kan_ipp,50000,True,32.08618597499981,0.8615102639296187,0.2147692396444782,0.7560478468329851,,,lbfgs,15.0,,,,,,,
NSW,db,nsw08,pa_holdout,1,global_conditional_density,129,702,onehot_l2,0.0,0.01,1e-06,frozen_default,9,"G=6,K=3",random_50k,full_background_50k,ipp,deep2_kan_ipp,50000,True,84.63297128900012,0.8571847507331378,0.2355512141384648,0.7527820981683224,,,lbfgs,12.0,0.0,1013.1620845559212,0.05,True,True,True,True
NSW,db,nsw08,pa_holdout,2,global_conditional_density,129,702,onehot_l2,0.0,0.01,1e-06,frozen_default,9,"G=6,K=3",random_50k,full_background_50k,ipp,additive_kan_ipp,50000,True,33.04041517199994,0.861217008797654,0.2148414050053676,0.7533764059385638,,,lbfgs,15.0,,,,,,,
NSW,db,nsw08,pa_holdout,2,global_conditional_density,129,702,onehot_l2,0.0,0.01,1e-06,frozen_default,9,"G=6,K=3",random_50k,full_background_50k,ipp,deep2_kan_ipp,50000,True,81.58393385699992,0.8600439882697947,0.251117186202681,0.7561415356252945,,,lbfgs,12.0,0.0,1013.743491224762,0.05,True,True,True,True
NSW,db,nsw09,pa_holdout,0,global_conditional_density,426,702,onehot_l2,0.0,0.01,1e-06,frozen_default,9,"G=6,K=3",random_50k,full_background_50k,ipp,additive_kan_ipp,50000,True,31.17895184100007,0.5860363636363636,0.1380054998497248,0.1807598311449371,,,lbfgs,15.0,,,,,,,
NSW,db,nsw09,pa_holdout,0,global_conditional_density,426,702,onehot_l2,0.0,0.01,1e-06,frozen_default,9,"G=6,K=3",random_50k,full_background_50k,ipp,deep2_kan_ipp,50000,True,82.02666317300009,0.6089142857142857,0.1391908239267835,0.2348213854345966,,,lbfgs,12.0,0.0,4193.871864817419,0.05,True,True,True,True
NSW,db,nsw09,pa_holdout,1,global_conditional_density,426,702,onehot_l2,0.0,0.01,1e-06,frozen_default,9,"G=6,K=3",random_50k,full_background_50k,ipp,additive_kan_ipp,50000,True,32.52715168700024,0.5860155844155844,0.1379318667269946,0.1812763333409153,,,lbfgs,15.0,,,,,,,
NSW,db,nsw09,pa_holdout,1,global_conditional_density,426,702,onehot_l2,0.0,0.01,1e-06,frozen_default,9,"G=6,K=3",random_50k,full_background_50k,ipp,deep2_kan_ipp,50000,True,83.39434145799987,0.6081662337662337,0.1391360680528154,0.2318931929448212,,,lbfgs,12.0,0.0,4193.649978924501,0.05,True,True,True,True
NSW,db,nsw09,pa_holdout,2,global_conditional_density,426,702,onehot_l2,0.0,0.01,1e-06,frozen_default,9,"G=6,K=3",random_50k,full_background_50k,ipp,additive_kan_ipp,50000,True,34.738312880000194,0.5860155844155844,0.1389765562560957,0.182552082717799,,,lbfgs,15.0,,,,,,,
NSW,db,nsw09,pa_holdout,2,global_conditional_density,426,702,onehot_l2,0.0,0.01,1e-06,frozen_default,9,"G=6,K=3",random_50k,full_background_50k,ipp,deep2_kan_ipp,50000,True,83.6634239670002,0.607812987012987,0.1390360999448952,0.2315790426131746,,,lbfgs,12.0,0.0,4194.062481446268,0.05,True,True,True,True
NSW,db,nsw10,pa_holdout,0,global_conditional_density,65,702,onehot_l2,0.0,0.01,1e-06,frozen_default,9,"G=6,K=3",random_50k,full_background_50k,ipp,additive_kan_ipp,50000,True,33.49721008400002,0.9633620689655172,0.5033213344178507,0.7353559750297265,,,lbfgs,15.0,,,,,,,
NSW,db,nsw10,pa_holdout,0,global_conditional_density,65,702,onehot_l2,0.0,0.01,1e-06,frozen_default,9,"G=6,K=3",random_50k,full_background_50k,ipp,deep2_kan_ipp,50000,True,74.90203303599992,0.9583333333333331,0.4653022460017109,0.727071566587396,,,lbfgs,12.0,0.0,420.4053896559344,0.05,True,True,True,True
NSW,db,nsw10,pa_holdout,1,global_conditional_density,65,702,onehot_l2,0.0,0.01,1e-06,frozen_default,9,"G=6,K=3",random_50k,full_background_50k,ipp,additive_kan_ipp,50000,True,30.804398779000167,0.9633620689655172,0.5033213344178507,0.7353559750297265,,,lbfgs,15.0,,,,,,,
NSW,db,nsw10,pa_holdout,1,global_conditional_density,65,702,onehot_l2,0.0,0.01,1e-06,frozen_default,9,"G=6,K=3",random_50k,full_background_50k,ipp,deep2_kan_ipp,50000,True,72.20454821299973,0.9566570881226054,0.3952223851417399,0.7284241230677764,,,lbfgs,12.0,0.0,420.2295200492902,0.05,True,True,True,True
NSW,db,nsw10,pa_holdout,2,global_conditional_density,65,702,onehot_l2,0.0,0.01,1e-06,frozen_default,9,"G=6,K=3",random_50k,full_background_50k,ipp,additive_kan_ipp,50000,True,32.70891685400011,0.9633620689655172,0.5033213344178507,0.7353559750297265,,,lbfgs,15.0,,,,,,,
NSW,db,nsw10,pa_holdout,2,global_conditional_density,65,702,onehot_l2,0.0,0.01,1e-06,frozen_default,9,"G=6,K=3",random_50k,full_background_50k,ipp,deep2_kan_ipp,50000,True,77.62455958500004,0.9602490421455938,0.373779159360221,0.7302838882282996,,,lbfgs,12.0,0.0,424.80606966813946,0.05,True,True,True,True
NSW,db,nsw11,pa_holdout,0,global_conditional_density,48,702,onehot_l2,0.0,0.01,1e-06,frozen_default,9,"G=6,K=3",random_50k,full_background_50k,ipp,additive_kan_ipp,50000,True,29.300308982999923,0.5551360098636049,0.0323101436098233,0.0585639544323278,,,lbfgs,15.0,,,,,,,
NSW,db,nsw11,pa_holdout,0,global_conditional_density,48,702,onehot_l2,0.0,0.01,1e-06,frozen_default,9,"G=6,K=3",random_50k,full_background_50k,ipp,deep2_kan_ipp,50000,True,79.23500293799998,0.5320181860214226,0.0324999916183086,0.0882195711003596,,,lbfgs,12.0,0.0,364.4071211063495,0.05,True,True,True,True
NSW,db,nsw11,pa_holdout,1,global_conditional_density,48,702,onehot_l2,0.0,0.01,1e-06,frozen_default,9,"G=6,K=3",random_50k,full_background_50k,ipp,additive_kan_ipp,50000,True,30.264127789999748,0.5541342374971102,0.0322329797937323,0.0571347934263776,,,lbfgs,15.0,,,,,,,
NSW,db,nsw11,pa_holdout,1,global_conditional_density,48,702,onehot_l2,0.0,0.01,1e-06,frozen_default,9,"G=6,K=3",random_50k,full_background_50k,ipp,deep2_kan_ipp,50000,True,80.66276054499986,0.5401094243661864,0.0325308212852232,0.0566516875760889,,,lbfgs,12.0,0.0,361.6131970264679,0.05,True,True,True,True
NSW,db,nsw11,pa_holdout,2,global_conditional_density,48,702,onehot_l2,0.0,0.01,1e-06,frozen_default,9,"G=6,K=3",random_50k,full_background_50k,ipp,additive_kan_ipp,50000,True,31.42604329899996,0.5543654157355321,0.0322530394481528,0.0549407894774443,,,lbfgs,15.0,,,,,,,
NSW,db,nsw11,pa_holdout,2,global_conditional_density,48,702,onehot_l2,0.0,0.01,1e-06,frozen_default,9,"G=6,K=3",random_50k,full_background_50k,ipp,deep2_kan_ipp,50000,True,77.95932725400007,0.533019958387917,0.031935489272703,0.0776067964906842,,,lbfgs,12.0,0.0,361.72135499007,0.05,True,True,True,True
NSW,db,nsw12,pa_holdout,0,global_conditional_density,139,702,onehot_l2,0.0,0.01,1e-06,frozen_default,9,"G=6,K=3",random_50k,full_background_50k,ipp,additive_kan_ipp,50000,True,29.388717304999773,0.663758573388203,0.1066327320615524,0.3705058348828508,,,lbfgs,15.0,,,,,,,
NSW,db,nsw12,pa_holdout,0,global_conditional_density,139,702,onehot_l2,0.0,0.01,1e-06,frozen_default,9,"G=6,K=3",random_50k,full_background_50k,ipp,deep2_kan_ipp,50000,True,77.38285138299989,0.6739643347050754,0.1306732584884825,0.4085322581262248,,,lbfgs,12.0,0.0,1224.6356014087582,0.05,True,True,True,True
NSW,db,nsw12,pa_holdout,1,global_conditional_density,139,702,onehot_l2,0.0,0.01,1e-06,frozen_default,9,"G=6,K=3",random_50k,full_background_50k,ipp,additive_kan_ipp,50000,True,30.09926924499996,0.6633744855967078,0.1057975626790584,0.3571738325074663,,,lbfgs,15.0,,,,,,,
NSW,db,nsw12,pa_holdout,1,global_conditional_density,139,702,onehot_l2,0.0,0.01,1e-06,frozen_default,9,"G=6,K=3",random_50k,full_background_50k,ipp,deep2_kan_ipp,50000,True,79.4038961340002,0.6757750342935527,0.1312622203609707,0.4124178723780736,,,lbfgs,12.0,0.0,1224.9410201154951,0.05,True,True,True,True
NSW,db,nsw12,pa_holdout,2,global_conditional_density,139,702,onehot_l2,0.0,0.01,1e-06,frozen_default,9,"G=6,K=3",random_50k,full_background_50k,ipp,additive_kan_ipp,50000,True,31.393718742000143,0.6638683127572017,0.105952385491491,0.3604213546666637,,,lbfgs,15.0,,,,,,,
NSW,db,nsw12,pa_holdout,2,global_conditional_density,139,702,onehot_l2,0.0,0.01,1e-06,frozen_default,9,"G=6,K=3",random_50k,full_background_50k,ipp,deep2_kan_ipp,50000,True,77.94419006699991,0.6731412894375857,0.1306627062144459,0.3993570543532749,,,lbfgs,12.0,0.0,1224.5477550163864,0.05,True,True,True,True
NSW,db,nsw13,pa_holdout,0,global_conditional_density,155,702,onehot_l2,0.0,0.01,1e-06,frozen_default,9,"G=6,K=3",random_50k,full_background_50k,ipp,additive_kan_ipp,50000,True,30.33837918400013,0.8099852289512556,0.1315606509373351,0.6719210436545949,,,lbfgs,15.0,,,,,,,
NSW,db,nsw13,pa_holdout,0,global_conditional_density,155,702,onehot_l2,0.0,0.01,1e-06,frozen_default,9,"G=6,K=3",random_50k,full_background_50k,ipp,deep2_kan_ipp,50000,True,82.43623580600024,0.8317872968980797,0.1332048636252944,0.68789237828058,,,lbfgs,12.0,0.0,1252.9936728677976,0.05,True,True,True,True
NSW,db,nsw13,pa_holdout,1,global_conditional_density,155,702,onehot_l2,0.0,0.01,1e-06,frozen_default,9,"G=6,K=3",random_50k,full_background_50k,ipp,additive_kan_ipp,50000,True,31.472925997999937,0.8102215657311669,0.1314018544061657,0.6685114311578699,,,lbfgs,15.0,,,,,,,
NSW,db,nsw13,pa_holdout,1,global_conditional_density,155,702,onehot_l2,0.0,0.01,1e-06,frozen_default,9,"G=6,K=3",random_50k,full_background_50k,ipp,deep2_kan_ipp,50000,True,82.11638583600006,0.829069423929099,0.1278479790810828,0.6879689679377929,,,lbfgs,12.0,0.0,1253.1203010276745,0.05,True,True,True,True
NSW,db,nsw13,pa_holdout,2,global_conditional_density,155,702,onehot_l2,0.0,0.01,1e-06,frozen_default,9,"G=6,K=3",random_50k,full_background_50k,ipp,additive_kan_ipp,50000,True,34.348422965999816,0.8099852289512555,0.1313960656181265,0.6706619769793762,,,lbfgs,15.0,,,,,,,
NSW,db,nsw13,pa_holdout,2,global_conditional_density,155,702,onehot_l2,0.0,0.01,1e-06,frozen_default,9,"G=6,K=3",random_50k,full_background_50k,ipp,deep2_kan_ipp,50000,True,84.958318426,0.833618906942393,0.1401411288570419,0.6970475440478319,,,lbfgs,12.0,0.0,1253.2321470822392,0.05,True,True,True,True
NSW,db,nsw14,pa_holdout,0,global_conditional_density,315,702,onehot_l2,0.0,0.01,1e-06,frozen_default,9,"G=6,K=3",random_50k,full_background_50k,ipp,additive_kan_ipp,50000,True,32.54940887700013,0.649257758234693,0.3384750100253949,0.3035088743515406,,,lbfgs,15.0,,,,,,,
NSW,db,nsw14,pa_holdout,0,global_conditional_density,315,702,onehot_l2,0.0,0.01,1e-06,frozen_default,9,"G=6,K=3",random_50k,full_background_50k,ipp,deep2_kan_ipp,50000,True,80.4839793760002,0.6614849427675916,0.3427911371176239,0.3281910900823042,,,lbfgs,12.0,0.0,2869.985702161021,0.05,True,True,True,True
NSW,db,nsw14,pa_holdout,1,global_conditional_density,315,702,onehot_l2,0.0,0.01,1e-06,frozen_default,9,"G=6,K=3",random_50k,full_background_50k,ipp,additive_kan_ipp,50000,True,33.07782804300041,0.6490855443680325,0.3375658224742635,0.3028321262756685,,,lbfgs,15.0,,,,,,,
NSW,db,nsw14,pa_holdout,1,global_conditional_density,315,702,onehot_l2,0.0,0.01,1e-06,frozen_default,9,"G=6,K=3",random_50k,full_background_50k,ipp,deep2_kan_ipp,50000,True,86.80625337199945,0.6620360271409054,0.3431103975109929,0.3290868060814674,,,lbfgs,12.0,0.0,2868.8501999664386,0.05,True,True,True,True
NSW,db,nsw14,pa_holdout,2,global_conditional_density,315,702,onehot_l2,0.0,0.01,1e-06,frozen_default,9,"G=6,K=3",random_50k,full_background_50k,ipp,additive_kan_ipp,50000,True,31.024161295999875,0.6495218194969059,0.3389432592015785,0.304106742067635,,,lbfgs,15.0,,,,,,,
NSW,db,nsw14,pa_holdout,2,global_conditional_density,315,702,onehot_l2,0.0,0.01,1e-06,frozen_default,9,"G=6,K=3",random_50k,full_background_50k,ipp,deep2_kan_ipp,50000,True,84.10056164799971,0.6630119057186484,0.3443289433338659,0.3314236262251477,,,lbfgs,12.0,0.0,2870.0567648706087,0.05,True,True,True,True
NSW,db,nsw15,pa_holdout,0,global_conditional_density,236,702,onehot_l2,0.0,0.01,1e-06,frozen_default,9,"G=6,K=3",random_50k,full_background_50k,ipp,additive_kan_ipp,50000,True,31.187771071000498,0.7843352008649619,0.4227932419210908,0.623050615200691,,,lbfgs,15.0,,,,,,,
NSW,db,nsw15,pa_holdout,0,global_conditional_density,236,702,onehot_l2,0.0,0.01,1e-06,frozen_default,9,"G=6,K=3",random_50k,full_background_50k,ipp,deep2_kan_ipp,50000,True,97.15029927199976,0.7835909965317269,0.4133740933391378,0.6192090389468758,,,lbfgs,12.0,0.0,2072.4945751882688,0.05,True,True,True,True
NSW,db,nsw15,pa_holdout,1,global_conditional_density,236,702,onehot_l2,0.0,0.01,1e-06,frozen_default,9,"G=6,K=3",random_50k,full_background_50k,ipp,additive_kan_ipp,50000,True,31.392591492000065,0.7843211592737689,0.4228281357428526,0.6228768438024791,,,lbfgs,15.0,,,,,,,
NSW,db,nsw15,pa_holdout,1,global_conditional_density,236,702,onehot_l2,0.0,0.01,1e-06,frozen_default,9,"G=6,K=3",random_50k,full_background_50k,ipp,deep2_kan_ipp,50000,True,88.97715641500054,0.785556819298763,0.4156325877709456,0.6223506275342667,,,lbfgs,12.0,0.0,2071.554769292969,0.05,True,True,True,True
NSW,db,nsw15,pa_holdout,2,global_conditional_density,236,702,onehot_l2,0.0,0.01,1e-06,frozen_default,9,"G=6,K=3",random_50k,full_background_50k,ipp,additive_kan_ipp,50000,True,42.18840420699962,0.7841947849530309,0.4225406003041106,0.6229624972538272,,,lbfgs,15.0,,,,,,,
NSW,db,nsw15,pa_holdout,2,global_conditional_density,236,702,onehot_l2,0.0,0.01,1e-06,frozen_default,9,"G=6,K=3",random_50k,full_background_50k,ipp,deep2_kan_ipp,50000,True,91.62324109400016,0.7851215299717765,0.4148023478328636,0.6222146249791758,,,lbfgs,12.0,0.0,2071.101419385698,0.05,True,True,True,True
NSW,nb,nsw16,pa_holdout,0,global_conditional_density,120,1137,onehot_l2,0.0,0.01,1e-06,frozen_default,9,"G=6,K=3",random_50k,full_background_50k,ipp,additive_kan_ipp,50000,True,32.996418381000694,0.6462762589523153,0.1772963988864336,0.3123759837415834,,,lbfgs,15.0,,,,,,,
NSW,nb,nsw16,pa_holdout,0,global_conditional_density,120,1137,onehot_l2,0.0,0.01,1e-06,frozen_default,9,"G=6,K=3",random_50k,full_background_50k,ipp,deep2_kan_ipp,50000,True,86.98596368500057,0.6447003700524828,0.1805164442995736,0.3185415655231998,,,lbfgs,12.0,0.0,1083.7513558681735,0.05,True,True,True,True
NSW,nb,nsw16,pa_holdout,1,global_conditional_density,120,1137,onehot_l2,0.0,0.01,1e-06,frozen_default,9,"G=6,K=3",random_50k,full_background_50k,ipp,additive_kan_ipp,50000,True,35.05190374999984,0.6464662098464916,0.1773872340251641,0.311978621087047,,,lbfgs,15.0,,,,,,,
NSW,nb,nsw16,pa_holdout,1,global_conditional_density,120,1137,onehot_l2,0.0,0.01,1e-06,frozen_default,9,"G=6,K=3",random_50k,full_background_50k,ipp,deep2_kan_ipp,50000,True,92.68133165600013,0.6456993710514837,0.180440403859595,0.320069674484201,,,lbfgs,12.0,0.0,1083.4628220224783,0.05,True,True,True,True
NSW,nb,nsw16,pa_holdout,2,global_conditional_density,120,1137,onehot_l2,0.0,0.01,1e-06,frozen_default,9,"G=6,K=3",random_50k,full_background_50k,ipp,additive_kan_ipp,50000,True,32.05895859300017,0.646283294170618,0.1772735731733007,0.3119154564819605,,,lbfgs,15.0,,,,,,,
NSW,nb,nsw16,pa_holdout,2,global_conditional_density,120,1137,onehot_l2,0.0,0.01,1e-06,frozen_default,9,"G=6,K=3",random_50k,full_background_50k,ipp,deep2_kan_ipp,50000,True,79.4232684589997,0.6473878234441615,0.1791014908708467,0.3133475094242748,,,lbfgs,12.0,0.0,1086.6770559934482,0.05,True,True,True,True
NSW,nb,nsw17,pa_holdout,0,global_conditional_density,148,1137,onehot_l2,0.0,0.01,1e-06,frozen_default,9,"G=6,K=3",random_50k,full_background_50k,ipp,additive_kan_ipp,50000,True,31.7104666969999,0.5366430260047281,0.1275371471270603,0.0694284103550617,,,lbfgs,15.0,,,,,,,
NSW,nb,nsw17,pa_holdout,0,global_conditional_density,148,1137,onehot_l2,0.0,0.01,1e-06,frozen_default,9,"G=6,K=3",random_50k,full_background_50k,ipp,deep2_kan_ipp,50000,True,81.58054712600006,0.5639081147284173,0.1386028675107339,0.1435810156291063,,,lbfgs,12.0,0.0,1402.275737309776,0.05,True,True,True,True
NSW,nb,nsw17,pa_holdout,1,global_conditional_density,148,1137,onehot_l2,0.0,0.01,1e-06,frozen_default,9,"G=6,K=3",random_50k,full_background_50k,ipp,additive_kan_ipp,50000,True,30.79209027199977,0.5365148537412059,0.1275106167897754,0.0693329270195776,,,lbfgs,15.0,,,,,,,
NSW,nb,nsw17,pa_holdout,1,global_conditional_density,148,1137,onehot_l2,0.0,0.01,1e-06,frozen_default,9,"G=6,K=3",random_50k,full_background_50k,ipp,deep2_kan_ipp,50000,True,78.03308882900001,0.5637016149705204,0.1385758301545736,0.1433174973842941,,,lbfgs,12.0,0.0,1401.9530442444604,0.05,True,True,True,True
NSW,nb,nsw17,pa_holdout,2,global_conditional_density,148,1137,onehot_l2,0.0,0.01,1e-06,frozen_default,9,"G=6,K=3",random_50k,full_background_50k,ipp,additive_kan_ipp,50000,True,30.646980648999488,0.5364721296533652,0.1274906561979958,0.0673739007768361,,,lbfgs,15.0,,,,,,,
NSW,nb,nsw17,pa_holdout,2,global_conditional_density,148,1137,onehot_l2,0.0,0.01,1e-06,frozen_default,9,"G=6,K=3",random_50k,full_background_50k,ipp,deep2_kan_ipp,50000,True,75.58195115200033,0.5656313196046598,0.1390749416244902,0.1454666928556741,,,lbfgs,12.0,0.0,1401.7159474131531,0.05,True,True,True,True
NSW,ot,nsw18,pa_holdout,0,global_conditional_density,69,2075,onehot_l2,0.0,0.01,1e-06,frozen_default,9,"G=6,K=3",random_50k,full_background_50k,ipp,additive_kan_ipp,50000,True,31.474327077999988,0.6411551292743954,0.3146638935039565,0.306945475752686,,,lbfgs,15.0,,,,,,,
NSW,ot,nsw18,pa_holdout,0,global_conditional_density,69,2075,onehot_l2,0.0,0.01,1e-06,frozen_default,9,"G=6,K=3",random_50k,full_background_50k,ipp,deep2_kan_ipp,50000,True,81.81319855799939,0.6351098137336669,0.3188802080378887,0.3000663187452725,,,lbfgs,12.0,0.0,664.8138556637604,0.05,True,True,True,True
NSW,ot,nsw18,pa_holdout,1,global_conditional_density,69,2075,onehot_l2,0.0,0.01,1e-06,frozen_default,9,"G=6,K=3",random_50k,full_background_50k,ipp,additive_kan_ipp,50000,True,32.90499990899934,0.6411815401723658,0.3146501323254024,0.306946744920566,,,lbfgs,15.0,,,,,,,
NSW,ot,nsw18,pa_holdout,1,global_conditional_density,69,2075,onehot_l2,0.0,0.01,1e-06,frozen_default,9,"G=6,K=3",random_50k,full_background_50k,ipp,deep2_kan_ipp,50000,True,80.0518866450002,0.63879760911871,0.3205164068298292,0.3070966245454929,,,lbfgs,12.0,0.0,665.4172894105674,0.05,True,True,True,True
NSW,ot,nsw18,pa_holdout,2,global_conditional_density,69,2075,onehot_l2,0.0,0.01,1e-06,frozen_default,9,"G=6,K=3",random_50k,full_background_50k,ipp,additive_kan_ipp,50000,True,31.345719069999177,0.6412232415902142,0.3146925621758794,0.3074310903607498,,,lbfgs,15.0,,,,,,,
NSW,ot,nsw18,pa_holdout,2,global_conditional_density,69,2075,onehot_l2,0.0,0.01,1e-06,frozen_default,9,"G=6,K=3",random_50k,full_background_50k,ipp,deep2_kan_ipp,50000,True,83.35684103199947,0.6390019460661663,0.3222196113559826,0.3088107171467764,,,lbfgs,12.0,0.0,664.7805004820758,0.05,True,True,True,True
NSW,ot,nsw19,pa_holdout,0,global_conditional_density,47,2075,onehot_l2,0.0,0.01,1e-06,frozen_default,9,"G=6,K=3",random_50k,full_background_50k,ipp,additive_kan_ipp,50000,True,29.795707315999607,0.9619009866102888,0.0719279918432647,0.8057496113346263,,,lbfgs,15.0,,,,,,,
NSW,ot,nsw19,pa_holdout,0,global_conditional_density,47,2075,onehot_l2,0.0,0.01,1e-06,frozen_default,9,"G=6,K=3",random_50k,full_background_50k,ipp,deep2_kan_ipp,50000,True,78.4438609230001,0.972339675828048,0.1074709018665423,0.8271597919040723,,,lbfgs,12.0,0.0,412.0893558197073,0.05,True,True,True,True
NSW,ot,nsw19,pa_holdout,1,global_conditional_density,47,2075,onehot_l2,0.0,0.01,1e-06,frozen_default,9,"G=6,K=3",random_50k,full_background_50k,ipp,additive_kan_ipp,50000,True,30.58583709300001,0.9619450317124736,0.0720482869466717,0.8051166029265291,,,lbfgs,15.0,,,,,,,
NSW,ot,nsw19,pa_holdout,1,global_conditional_density,47,2075,onehot_l2,0.0,0.01,1e-06,frozen_default,9,"G=6,K=3",random_50k,full_background_50k,ipp,deep2_kan_ipp,50000,True,76.03813304100004,0.9729122621564484,0.1099847993448222,0.829979047061479,,,lbfgs,12.0,0.0,412.17065979878464,0.05,True,True,True,True
NSW,ot,nsw19,pa_holdout,2,global_conditional_density,47,2075,onehot_l2,0.0,0.01,1e-06,frozen_default,9,"G=6,K=3",random_50k,full_background_50k,ipp,additive_kan_ipp,50000,True,29.972292681999534,0.9620331219168428,0.0723794036392165,0.8055242410128425,,,lbfgs,15.0,,,,,,,
NSW,ot,nsw19,pa_holdout,2,global_conditional_density,47,2075,onehot_l2,0.0,0.01,1e-06,frozen_default,9,"G=6,K=3",random_50k,full_background_50k,ipp,deep2_kan_ipp,50000,True,69.59117087399954,0.9738372093023256,0.1094103539305298,0.8297871150464438,,,lbfgs,12.0,0.0,411.68494226354215,0.05,True,True,True,True
NSW,ot,nsw20,pa_holdout,0,global_conditional_density,18,2075,onehot_l2,0.0,0.01,1e-06,frozen_default,9,"G=6,K=3",random_50k,full_background_50k,ipp,additive_kan_ipp,50000,True,23.985435823000444,0.6557966209585443,0.1211758296217068,0.5032639445349348,,,lbfgs,15.0,,,,,,,
NSW,ot,nsw20,pa_holdout,0,global_conditional_density,18,2075,onehot_l2,0.0,0.01,1e-06,frozen_default,9,"G=6,K=3",random_50k,full_background_50k,ipp,deep2_kan_ipp,50000,True,96.81222537800022,0.7188022173301859,0.0952339753332671,0.566686999050217,,,lbfgs,18.0,0.0,119.25189542602428,0.05,True,True,True,True
NSW,ot,nsw20,pa_holdout,1,global_conditional_density,18,2075,onehot_l2,0.0,0.01,1e-06,frozen_default,9,"G=6,K=3",random_50k,full_background_50k,ipp,additive_kan_ipp,50000,True,22.68590178300019,0.6477733867331512,0.1209567872658655,0.4874367195497869,,,lbfgs,15.0,,,,,,,
NSW,ot,nsw20,pa_holdout,1,global_conditional_density,18,2075,onehot_l2,0.0,0.01,1e-06,frozen_default,9,"G=6,K=3",random_50k,full_background_50k,ipp,deep2_kan_ipp,50000,True,86.0354577119997,0.6960454075272525,0.0868783434684084,0.5195150349610429,,,lbfgs,18.0,0.0,119.23610809605196,0.05,True,True,True,True
NSW,ot,nsw20,pa_holdout,2,global_conditional_density,18,2075,onehot_l2,0.0,0.01,1e-06,frozen_default,9,"G=6,K=3",random_50k,full_background_50k,ipp,additive_kan_ipp,50000,True,23.2861938140004,0.6504654802005145,0.1209530948215646,0.5001218696313853,,,lbfgs,15.0,,,,,,,
NSW,ot,nsw20,pa_holdout,2,global_conditional_density,18,2075,onehot_l2,0.0,0.01,1e-06,frozen_default,9,"G=6,K=3",random_50k,full_background_50k,ipp,deep2_kan_ipp,50000,True,91.87615587399978,0.7243853274275256,0.0893321301261481,0.5731266205998921,,,lbfgs,18.0,0.0,118.78417553185672,0.05,True,True,True,True
NSW,ot,nsw21,pa_holdout,0,global_conditional_density,37,2075,onehot_l2,0.0,0.01,1e-06,frozen_default,9,"G=6,K=3",random_50k,full_background_50k,ipp,additive_kan_ipp,50000,True,23.832902245000696,0.9027011250265335,0.1449206250809452,0.8110506655953326,,,lbfgs,15.0,,,,,,,
NSW,ot,nsw21,pa_holdout,0,global_conditional_density,37,2075,onehot_l2,0.0,0.01,1e-06,frozen_default,9,"G=6,K=3",random_50k,full_background_50k,ipp,deep2_kan_ipp,50000,True,67.4418399010001,0.9027188141229746,0.1510016842568182,0.8135656422450358,,,lbfgs,12.0,0.0,329.015116018029,0.05,True,True,True,True
NSW,ot,nsw21,pa_holdout,1,global_conditional_density,37,2075,onehot_l2,0.0,0.01,1e-06,frozen_default,9,"G=6,K=3",random_50k,full_background_50k,ipp,additive_kan_ipp,50000,True,29.4553135619999,0.9026392131889904,0.1448419178321886,0.8097396949243507,,,lbfgs,15.0,,,,,,,
NSW,ot,nsw21,pa_holdout,1,global_conditional_density,37,2075,onehot_l2,0.0,0.01,1e-06,frozen_default,9,"G=6,K=3",random_50k,full_background_50k,ipp,deep2_kan_ipp,50000,True,71.34274966500016,0.9005253661642963,0.1437257405555475,0.8081768876703871,,,lbfgs,12.0,0.0,328.80042796354246,0.05,True,True,True,True
NSW,ot,nsw21,pa_holdout,2,global_conditional_density,37,2075,onehot_l2,0.0,0.01,1e-06,frozen_default,9,"G=6,K=3",random_50k,full_background_50k,ipp,additive_kan_ipp,50000,True,43.94382193799993,0.9026569022854314,0.1452206224648691,0.8101710597353676,,,lbfgs,15.0,,,,,,,
NSW,ot,nsw21,pa_holdout,2,global_conditional_density,37,2075,onehot_l2,0.0,0.01,1e-06,frozen_default,9,"G=6,K=3",random_50k,full_background_50k,ipp,deep2_kan_ipp,50000,True,94.96318807199988,0.8957139319323569,0.1635817341049695,0.8099532578626124,,,lbfgs,12.0,0.0,334.570402159934,0.05,True,True,True,True
NSW,ot,nsw22,pa_holdout,0,global_conditional_density,17,2075,onehot_l2,0.0,0.01,1e-06,frozen_default,9,"G=6,K=3",random_50k,full_background_50k,ipp,additive_kan_ipp,50000,True,27.25246714000059,0.8654368932038835,0.0675039086013053,0.7431709454101998,,,lbfgs,15.0,,,,,,,
NSW,ot,nsw22,pa_holdout,0,global_conditional_density,17,2075,onehot_l2,0.0,0.01,1e-06,frozen_default,9,"G=6,K=3",random_50k,full_background_50k,ipp,deep2_kan_ipp,50000,True,110.40001445800044,0.8330420711974109,0.0615586300889781,0.7070134908830238,,,lbfgs,18.0,0.0,123.4447952237526,0.05,True,True,True,True
NSW,ot,nsw22,pa_holdout,1,global_conditional_density,17,2075,onehot_l2,0.0,0.01,1e-06,frozen_default,9,"G=6,K=3",random_50k,full_background_50k,ipp,additive_kan_ipp,50000,True,24.751482028999817,0.8721359223300971,0.0690655755169399,0.7491800411684177,,,lbfgs,15.0,,,,,,,
NSW,ot,nsw22,pa_holdout,1,global_conditional_density,17,2075,onehot_l2,0.0,0.01,1e-06,frozen_default,9,"G=6,K=3",random_50k,full_background_50k,ipp,deep2_kan_ipp,50000,True,109.13560313400012,0.8224271844660194,0.0657155982852577,0.7117050390481263,,,lbfgs,18.0,0.0,121.49891807078151,0.05,True,True,True,True
NSW,ot,nsw22,pa_holdout,2,global_conditional_density,17,2075,onehot_l2,0.0,0.01,1e-06,frozen_default,9,"G=6,K=3",random_50k,full_background_50k,ipp,additive_kan_ipp,50000,True,24.715477083000224,0.8674433656957928,0.0680789949322863,0.7476924417374449,,,lbfgs,15.0,,,,,,,
NSW,ot,nsw22,pa_holdout,2,global_conditional_density,17,2075,onehot_l2,0.0,0.01,1e-06,frozen_default,9,"G=6,K=3",random_50k,full_background_50k,ipp,deep2_kan_ipp,50000,True,93.05133698099962,0.8242394822006474,0.0612542572538005,0.7275390790668208,,,lbfgs,18.0,0.0,121.57368007995262,0.05,True,True,True,True
NSW,ot,nsw23,pa_holdout,0,global_conditional_density,60,2075,onehot_l2,0.0,0.01,1e-06,frozen_default,9,"G=6,K=3",random_50k,full_background_50k,ipp,additive_kan_ipp,50000,True,23.890170994999608,0.7601005747126437,0.4305020031998252,0.5455581254916051,,,lbfgs,15.0,,,,,,,
NSW,ot,nsw23,pa_holdout,0,global_conditional_density,60,2075,onehot_l2,0.0,0.01,1e-06,frozen_default,9,"G=6,K=3",random_50k,full_background_50k,ipp,deep2_kan_ipp,50000,True,66.31191840199972,0.7137238766980146,0.3985201290588175,0.4740597969726559,,,lbfgs,12.0,0.0,559.8629536625155,0.05,True,True,True,True
NSW,ot,nsw23,pa_holdout,1,global_conditional_density,60,2075,onehot_l2,0.0,0.01,1e-06,frozen_default,9,"G=6,K=3",random_50k,full_background_50k,ipp,additive_kan_ipp,50000,True,35.13597697899968,0.7601580459770115,0.4307357213532102,0.5454012090296187,,,lbfgs,15.0,,,,,,,
NSW,ot,nsw23,pa_holdout,1,global_conditional_density,60,2075,onehot_l2,0.0,0.01,1e-06,frozen_default,9,"G=6,K=3",random_50k,full_background_50k,ipp,deep2_kan_ipp,50000,True,83.84452736000003,0.7168194879832811,0.3992881174589489,0.4786748454570994,,,lbfgs,12.0,0.0,558.7300894769122,0.05,True,True,True,True
NSW,ot,nsw23,pa_holdout,2,global_conditional_density,60,2075,onehot_l2,0.0,0.01,1e-06,frozen_default,9,"G=6,K=3",random_50k,full_background_50k,ipp,additive_kan_ipp,50000,True,28.59939532899989,0.7602455590386623,0.4306847311477091,0.545615708880907,,,lbfgs,15.0,,,,,,,
NSW,ot,nsw23,pa_holdout,2,global_conditional_density,60,2075,onehot_l2,0.0,0.01,1e-06,frozen_default,9,"G=6,K=3",random_50k,full_background_50k,ipp,deep2_kan_ipp,50000,True,66.6034680290004,0.7277991118077325,0.4120180165005579,0.5002089342048948,,,lbfgs,12.0,0.0,562.3872400881726,0.05,True,True,True,True
NSW,ot,nsw24,pa_holdout,0,global_conditional_density,68,2075,onehot_l2,0.0,0.01,1e-06,frozen_default,9,"G=6,K=3",random_50k,full_background_50k,ipp,additive_kan_ipp,50000,True,25.965032703999896,0.7043461016715333,0.1596568898337513,0.4299187442717304,,,lbfgs,15.0,,,,,,,
NSW,ot,nsw24,pa_holdout,0,global_conditional_density,68,2075,onehot_l2,0.0,0.01,1e-06,frozen_default,9,"G=6,K=3",random_50k,full_background_50k,ipp,deep2_kan_ipp,50000,True,65.67566648899992,0.6874698227300946,0.1481394592193363,0.3928117631730768,,,lbfgs,12.0,0.0,658.8714184640559,0.05,True,True,True,True
NSW,ot,nsw24,pa_holdout,1,global_conditional_density,68,2075,onehot_l2,0.0,0.01,1e-06,frozen_default,9,"G=6,K=3",random_50k,full_background_50k,ipp,additive_kan_ipp,50000,True,23.18876347100013,0.7038661393787506,0.1592435305943221,0.4285243773122786,,,lbfgs,15.0,,,,,,,
NSW,ot,nsw24,pa_holdout,1,global_conditional_density,68,2075,onehot_l2,0.0,0.01,1e-06,frozen_default,9,"G=6,K=3",random_50k,full_background_50k,ipp,deep2_kan_ipp,50000,True,128.03567589500017,0.6979772607086197,0.1567665600932627,0.4218387347446979,,,lbfgs,12.0,0.0,657.9325574337349,0.05,True,True,True,True
NSW,ot,nsw24,pa_holdout,2,global_conditional_density,68,2075,onehot_l2,0.0,0.01,1e-06,frozen_default,9,"G=6,K=3",random_50k,full_background_50k,ipp,additive_kan_ipp,50000,True,63.38604271500026,0.7042368886947324,0.1590460061540432,0.4305990220426819,,,lbfgs,15.0,,,,,,,
NSW,ot,nsw24,pa_holdout,2,global_conditional_density,68,2075,onehot_l2,0.0,0.01,1e-06,frozen_default,9,"G=6,K=3",random_50k,full_background_50k,ipp,deep2_kan_ipp,50000,True,151.1850840849993,0.6928701170303267,0.1525170069514979,0.4058389135808209,,,lbfgs,12.0,0.0,659.250471884176,0.05,True,True,True,True
NSW,ot,nsw25,pa_holdout,0,global_conditional_density,23,2075,onehot_l2,0.0,0.01,1e-06,frozen_default,9,"G=6,K=3",random_50k,full_background_50k,ipp,additive_kan_ipp,50000,True,67.94407785099975,0.6488846874349545,0.0603041430730481,0.3082436780340218,,,lbfgs,15.0,,,,,,,
NSW,ot,nsw25,pa_holdout,0,global_conditional_density,23,2075,onehot_l2,0.0,0.01,1e-06,frozen_default,9,"G=6,K=3",random_50k,full_background_50k,ipp,deep2_kan_ipp,50000,True,209.8388105719996,0.6624488309165336,0.0671472016244174,0.37100816860981,,,lbfgs,18.0,0.0,205.78305158249395,0.05,True,True,True,True
NSW,ot,nsw25,pa_holdout,1,global_conditional_density,23,2075,onehot_l2,0.0,0.01,1e-06,frozen_default,9,"G=6,K=3",random_50k,full_background_50k,ipp,additive_kan_ipp,50000,True,54.1786728320003,0.6488673419829322,0.0603091649235595,0.3076113972018614,,,lbfgs,15.0,,,,,,,
NSW,ot,nsw25,pa_holdout,1,global_conditional_density,23,2075,onehot_l2,0.0,0.01,1e-06,frozen_default,9,"G=6,K=3",random_50k,full_background_50k,ipp,deep2_kan_ipp,50000,True,139.73909834299957,0.6630790490066838,0.0668801655503676,0.3701946834417396,,,lbfgs,18.0,0.0,205.8689098838637,0.05,True,True,True,True
NSW,ot,nsw25,pa_holdout,2,global_conditional_density,23,2075,onehot_l2,0.0,0.01,1e-06,frozen_default,9,"G=6,K=3",random_50k,full_background_50k,ipp,additive_kan_ipp,50000,True,22.440541217998543,0.6489656328777261,0.0603254198806097,0.3114565827135592,,,lbfgs,15.0,,,,,,,
NSW,ot,nsw25,pa_holdout,2,global_conditional_density,23,2075,onehot_l2,0.0,0.01,1e-06,frozen_default,9,"G=6,K=3",random_50k,full_background_50k,ipp,deep2_kan_ipp,50000,True,88.78545285799919,0.6683405027868359,0.0672065649122466,0.3766194690476239,,,lbfgs,18.0,0.0,205.83668387718205,0.05,True,True,True,True
NSW,ou,nsw26,pa_holdout,0,global_conditional_density,10,1309,onehot_l2,0.0,0.01,1e-06,frozen_default,9,"G=6,K=3",random_50k,full_background_50k,ipp,additive_kan_ipp,50000,True,22.73332360400127,0.6728110599078341,0.0111832328455621,0.329962883523163,,,lbfgs,15.0,,,,,,,
NSW,ou,nsw26,pa_holdout,0,global_conditional_density,10,1309,onehot_l2,0.0,0.01,1e-06,frozen_default,9,"G=6,K=3",random_50k,full_background_50k,ipp,deep2_kan_ipp,50000,True,85.6173528829986,0.6708360763660304,0.0118276408686861,0.3633706326790168,,,lbfgs,18.0,0.0,62.35776282167569,0.05,True,True,True,True
NSW,ou,nsw26,pa_holdout,1,global_conditional_density,10,1309,onehot_l2,0.0,0.01,1e-06,frozen_default,9,"G=6,K=3",random_50k,full_background_50k,ipp,additive_kan_ipp,50000,True,21.989428438000687,0.6732499451393461,0.0112022151321964,0.2965808736490318,,,lbfgs,15.0,,,,,,,
NSW,ou,nsw26,pa_holdout,1,global_conditional_density,10,1309,onehot_l2,0.0,0.01,1e-06,frozen_default,9,"G=6,K=3",random_50k,full_background_50k,ipp,deep2_kan_ipp,50000,True,83.62306849999914,0.6339697169190256,0.0093427774426393,0.273917436092254,,,lbfgs,18.0,0.0,62.09858112290137,0.05,True,True,True,True
NSW,ou,nsw26,pa_holdout,2,global_conditional_density,10,1309,onehot_l2,0.0,0.01,1e-06,frozen_default,9,"G=6,K=3",random_50k,full_background_50k,ipp,additive_kan_ipp,50000,True,22.05027555000015,0.673140223831468,0.0111981646089275,0.32109202392947,,,lbfgs,15.0,,,,,,,
NSW,ou,nsw26,pa_holdout,2,global_conditional_density,10,1309,onehot_l2,0.0,0.01,1e-06,frozen_default,9,"G=6,K=3",random_50k,full_background_50k,ipp,deep2_kan_ipp,50000,True,83.32051222999871,0.653170945797674,0.0105393585073909,0.3161794981606933,,,lbfgs,18.0,0.0,62.986911449182905,0.05,True,True,True,True
NSW,ou,nsw27,pa_holdout,0,global_conditional_density,23,1309,onehot_l2,0.0,0.01,1e-06,frozen_default,9,"G=6,K=3",random_50k,full_background_50k,ipp,additive_kan_ipp,50000,True,22.05660225899919,0.540881190178943,0.3764854029083664,0.0706367662757549,,,lbfgs,15.0,,,,,,,
NSW,ou,nsw27,pa_holdout,0,global_conditional_density,23,1309,onehot_l2,0.0,0.01,1e-06,frozen_default,9,"G=6,K=3",random_50k,full_background_50k,ipp,deep2_kan_ipp,50000,True,82.78133494400026,0.5450192467748648,0.3754101548724473,0.0834488592989796,,,lbfgs,18.0,0.0,190.68365303711985,0.05,True,True,True,True
NSW,ou,nsw27,pa_holdout,1,global_conditional_density,23,1309,onehot_l2,0.0,0.01,1e-06,frozen_default,9,"G=6,K=3",random_50k,full_background_50k,ipp,additive_kan_ipp,50000,True,21.034796490999724,0.5409514148980441,0.376445056936321,0.0708118067449452,,,lbfgs,15.0,,,,,,,
NSW,ou,nsw27,pa_holdout,1,global_conditional_density,23,1309,onehot_l2,0.0,0.01,1e-06,frozen_default,9,"G=6,K=3",random_50k,full_background_50k,ipp,deep2_kan_ipp,50000,True,77.8650097180016,0.5451622971285892,0.3766267430611846,0.0840068033332203,,,lbfgs,18.0,0.0,190.6936197079678,0.05,True,True,True,True
NSW,ou,nsw27,pa_holdout,2,global_conditional_density,23,1309,onehot_l2,0.0,0.01,1e-06,frozen_default,9,"G=6,K=3",random_50k,full_background_50k,ipp,additive_kan_ipp,50000,True,21.761711930001184,0.5408681856013317,0.3764203136244213,0.0707563906257234,,,lbfgs,15.0,,,,,,,
NSW,ou,nsw27,pa_holdout,2,global_conditional_density,23,1309,onehot_l2,0.0,0.01,1e-06,frozen_default,9,"G=6,K=3",random_50k,full_background_50k,ipp,deep2_kan_ipp,50000,True,84.86530917699929,0.5468294839783604,0.378857414275088,0.085736991147524,,,lbfgs,18.0,0.0,190.5445665081785,0.05,True,True,True,True
NSW,ou,nsw28,pa_holdout,0,global_conditional_density,53,1309,onehot_l2,0.0,0.01,1e-06,frozen_default,9,"G=6,K=3",random_50k,full_background_50k,ipp,additive_kan_ipp,50000,True,23.18259514400052,0.6748108139899623,0.5795425524120559,0.3371177391083815,,,lbfgs,15.0,,,,,,,
NSW,ou,nsw28,pa_holdout,0,global_conditional_density,53,1309,onehot_l2,0.0,0.01,1e-06,frozen_default,9,"G=6,K=3",random_50k,full_background_50k,ipp,deep2_kan_ipp,50000,True,59.24546550999912,0.6464990785759096,0.5671586152239653,0.2733048766256366,,,lbfgs,12.0,0.0,506.88721510238514,0.05,True,True,True,True
NSW,ou,nsw28,pa_holdout,1,global_conditional_density,53,1309,onehot_l2,0.0,0.01,1e-06,frozen_default,9,"G=6,K=3",random_50k,full_background_50k,ipp,additive_kan_ipp,50000,True,21.37355029399987,0.6747765056461732,0.5794519397555212,0.3370199845419755,,,lbfgs,15.0,,,,,,,
NSW,ou,nsw28,pa_holdout,1,global_conditional_density,53,1309,onehot_l2,0.0,0.01,1e-06,frozen_default,9,"G=6,K=3",random_50k,full_background_50k,ipp,deep2_kan_ipp,50000,True,58.41489370999989,0.6438058735884568,0.5630212494275031,0.2692546634898247,,,lbfgs,12.0,0.0,505.5363668010522,0.05,True,True,True,True
NSW,ou,nsw28,pa_holdout,2,global_conditional_density,53,1309,onehot_l2,0.0,0.01,1e-06,frozen_default,9,"G=6,K=3",random_50k,full_background_50k,ipp,additive_kan_ipp,50000,True,22.66900558999987,0.6747887586260979,0.5794560354432007,0.3370736836696907,,,lbfgs,15.0,,,,,,,
NSW,ou,nsw28,pa_holdout,2,global_conditional_density,53,1309,onehot_l2,0.0,0.01,1e-06,frozen_default,9,"G=6,K=3",random_50k,full_background_50k,ipp,deep2_kan_ipp,50000,True,61.51902083599998,0.6455678521016311,0.5653992610579923,0.2709024631264979,,,lbfgs,12.0,0.0,506.55774603942587,0.05,True,True,True,True
NSW,ou,nsw29,pa_holdout,0,global_conditional_density,12,1309,onehot_l2,0.0,0.01,1e-06,frozen_default,9,"G=6,K=3",random_50k,full_background_50k,ipp,additive_kan_ipp,50000,True,16.45074918499995,0.7302263533866942,0.0499276417575799,0.5588530406587221,,,lbfgs,15.0,,,,,,,
NSW,ou,nsw29,pa_holdout,0,global_conditional_density,12,1309,onehot_l2,0.0,0.01,1e-06,frozen_default,9,"G=6,K=3",random_50k,full_background_50k,ipp,deep2_kan_ipp,50000,True,73.47928410799977,0.5712625871417506,0.0349153154361787,0.2833111259602141,,,lbfgs,18.0,0.0,87.44330618304662,0.05,True,True,True,True
NSW,ou,nsw29,pa_holdout,1,global_conditional_density,12,1309,onehot_l2,0.0,0.01,1e-06,frozen_default,9,"G=6,K=3",random_50k,full_background_50k,ipp,additive_kan_ipp,50000,True,35.39507066299848,0.7304415182029435,0.0500219928033529,0.5588585067655597,,,lbfgs,15.0,,,,,,,
NSW,ou,nsw29,pa_holdout,1,global_conditional_density,12,1309,onehot_l2,0.0,0.01,1e-06,frozen_default,9,"G=6,K=3",random_50k,full_background_50k,ipp,deep2_kan_ipp,50000,True,143.3010218849995,0.5679060160082623,0.0320267671058146,0.2858212355912201,,,lbfgs,18.0,0.0,87.72066668249099,0.05,True,True,True,True
NSW,ou,nsw29,pa_holdout,2,global_conditional_density,12,1309,onehot_l2,0.0,0.01,1e-06,frozen_default,9,"G=6,K=3",random_50k,full_background_50k,ipp,additive_kan_ipp,50000,True,42.6252222309995,0.7301402874601944,0.0499730246627655,0.557818951539068,,,lbfgs,15.0,,,,,,,
NSW,ou,nsw29,pa_holdout,2,global_conditional_density,12,1309,onehot_l2,0.0,0.01,1e-06,frozen_default,9,"G=6,K=3",random_50k,full_background_50k,ipp,deep2_kan_ipp,50000,True,114.96989403100088,0.5724675101127463,0.034933208950541,0.2926759447176446,,,lbfgs,18.0,0.0,87.81462941758504,0.05,True,True,True,True
NSW,ou,nsw30,pa_holdout,0,global_conditional_density,2,1309,onehot_l2,0.0,0.01,1e-06,frozen_default,9,"G=6,K=3",random_50k,full_background_50k,ipp,additive_kan_ipp,0,False,0.0,,,,,n_po<5,,,,,,,,,
NSW,ou,nsw30,pa_holdout,0,global_conditional_density,2,1309,onehot_l2,0.0,0.01,1e-06,frozen_default,9,"G=6,K=3",random_50k,full_background_50k,ipp,deep2_kan_ipp,0,False,0.0,,,,,n_po<5,,,,,,,,,
NSW,ou,nsw30,pa_holdout,1,global_conditional_density,2,1309,onehot_l2,0.0,0.01,1e-06,frozen_default,9,"G=6,K=3",random_50k,full_background_50k,ipp,additive_kan_ipp,0,False,0.0,,,,,n_po<5,,,,,,,,,
NSW,ou,nsw30,pa_holdout,1,global_conditional_density,2,1309,onehot_l2,0.0,0.01,1e-06,frozen_default,9,"G=6,K=3",random_50k,full_background_50k,ipp,deep2_kan_ipp,0,False,0.0,,,,,n_po<5,,,,,,,,,
NSW,ou,nsw30,pa_holdout,2,global_conditional_density,2,1309,onehot_l2,0.0,0.01,1e-06,frozen_default,9,"G=6,K=3",random_50k,full_background_50k,ipp,additive_kan_ipp,0,False,0.0,,,,,n_po<5,,,,,,,,,
NSW,ou,nsw30,pa_holdout,2,global_conditional_density,2,1309,onehot_l2,0.0,0.01,1e-06,frozen_default,9,"G=6,K=3",random_50k,full_background_50k,ipp,deep2_kan_ipp,0,False,0.0,,,,,n_po<5,,,,,,,,,
NSW,ou,nsw31,pa_holdout,0,global_conditional_density,24,1309,onehot_l2,0.0,0.01,1e-06,frozen_default,9,"G=6,K=3",random_50k,full_background_50k,ipp,additive_kan_ipp,50000,True,34.687337548999494,0.5457527172898069,0.5195728260252225,0.0782224898426877,,,lbfgs,15.0,,,,,,,
NSW,ou,nsw31,pa_holdout,0,global_conditional_density,24,1309,onehot_l2,0.0,0.01,1e-06,frozen_default,9,"G=6,K=3",random_50k,full_background_50k,ipp,deep2_kan_ipp,50000,True,84.42889581799864,0.5307982855862249,0.5119224659786525,0.055380257495868,,,lbfgs,18.0,0.0,210.31988905827117,0.05,True,True,True,True
NSW,ou,nsw31,pa_holdout,1,global_conditional_density,24,1309,onehot_l2,0.0,0.01,1e-06,frozen_default,9,"G=6,K=3",random_50k,full_background_50k,ipp,additive_kan_ipp,50000,True,16.812110060000123,0.5457550517312217,0.5195454411869946,0.0783505900677222,,,lbfgs,15.0,,,,,,,
NSW,ou,nsw31,pa_holdout,1,global_conditional_density,24,1309,onehot_l2,0.0,0.01,1e-06,frozen_default,9,"G=6,K=3",random_50k,full_background_50k,ipp,deep2_kan_ipp,50000,True,75.43127389799884,0.5276934785044634,0.5101046160409393,0.0487341875694418,,,lbfgs,18.0,0.0,210.21273122188364,0.05,True,True,True,True
NSW,ou,nsw31,pa_holdout,2,global_conditional_density,24,1309,onehot_l2,0.0,0.01,1e-06,frozen_default,9,"G=6,K=3",random_50k,full_background_50k,ipp,additive_kan_ipp,50000,True,14.363903950999884,0.5457667239382961,0.5195743108661939,0.0782886026819409,,,lbfgs,15.0,,,,,,,
NSW,ou,nsw31,pa_holdout,2,global_conditional_density,24,1309,onehot_l2,0.0,0.01,1e-06,frozen_default,9,"G=6,K=3",random_50k,full_background_50k,ipp,deep2_kan_ipp,50000,True,64.07761850399947,0.5289890934897098,0.5109963665027948,0.0505673619192858,,,lbfgs,18.0,0.0,210.2145345122028,0.05,True,True,True,True
NSW,ou,nsw32,pa_holdout,0,global_conditional_density,28,1309,onehot_l2,0.0,0.01,1e-06,frozen_default,9,"G=6,K=3",random_50k,full_background_50k,ipp,additive_kan_ipp,50000,True,20.16113580400088,0.7683831320194957,0.1177094217000755,0.640968094452867,,,lbfgs,15.0,,,,,,,
NSW,ou,nsw32,pa_holdout,0,global_conditional_density,28,1309,onehot_l2,0.0,0.01,1e-06,frozen_default,9,"G=6,K=3",random_50k,full_background_50k,ipp,deep2_kan_ipp,50000,True,64.91509769599907,0.7638270820089001,0.1058479002272229,0.6358166270165428,,,lbfgs,18.0,0.0,228.47591013673627,0.05,True,True,True,True
NSW,ou,nsw32,pa_holdout,1,global_conditional_density,28,1309,onehot_l2,0.0,0.01,1e-06,frozen_default,9,"G=6,K=3",random_50k,full_background_50k,ipp,additive_kan_ipp,50000,True,15.241330341999856,0.7685244048880413,0.1176800918871672,0.6388083399202322,,,lbfgs,15.0,,,,,,,
NSW,ou,nsw32,pa_holdout,1,global_conditional_density,28,1309,onehot_l2,0.0,0.01,1e-06,frozen_default,9,"G=6,K=3",random_50k,full_background_50k,ipp,deep2_kan_ipp,50000,True,60.32513866100089,0.7619198982835347,0.1011716070903661,0.6403822179741344,,,lbfgs,18.0,0.0,228.5022785507664,0.05,True,True,True,True
NSW,ou,nsw32,pa_holdout,2,global_conditional_density,28,1309,onehot_l2,0.0,0.01,1e-06,frozen_default,9,"G=6,K=3",random_50k,full_background_50k,ipp,additive_kan_ipp,50000,True,15.39649439799905,0.768418450236632,0.1176779074083334,0.6341424939636763,,,lbfgs,15.0,,,,,,,
NSW,ou,nsw32,pa_holdout,2,global_conditional_density,28,1309,onehot_l2,0.0,0.01,1e-06,frozen_default,9,"G=6,K=3",random_50k,full_background_50k,ipp,deep2_kan_ipp,50000,True,59.04517954800031,0.761248852157943,0.1008178733920597,0.6357950729790692,,,lbfgs,18.0,0.0,228.13870525116917,0.05,True,True,True,True
NSW,ou,nsw33,pa_holdout,0,global_conditional_density,15,1309,onehot_l2,0.0,0.01,1e-06,frozen_default,9,"G=6,K=3",random_50k,full_background_50k,ipp,additive_kan_ipp,50000,True,13.940324911000062,0.533848580132632,0.4110793139775581,0.0734573053092209,,,lbfgs,15.0,,,,,,,
NSW,ou,nsw33,pa_holdout,0,global_conditional_density,15,1309,onehot_l2,0.0,0.01,1e-06,frozen_default,9,"G=6,K=3",random_50k,full_background_50k,ipp,deep2_kan_ipp,50000,True,61.57258410800023,0.5195176663042307,0.3996285438905722,0.0474863915446396,,,lbfgs,18.0,0.0,117.1092752567546,0.05,True,True,True,True
NSW,ou,nsw33,pa_holdout,1,global_conditional_density,15,1309,onehot_l2,0.0,0.01,1e-06,frozen_default,9,"G=6,K=3",random_50k,full_background_50k,ipp,additive_kan_ipp,50000,True,13.55112505500074,0.5338804157238434,0.4111308472735427,0.0734535888969257,,,lbfgs,15.0,,,,,,,
NSW,ou,nsw33,pa_holdout,1,global_conditional_density,15,1309,onehot_l2,0.0,0.01,1e-06,frozen_default,9,"G=6,K=3",random_50k,full_background_50k,ipp,deep2_kan_ipp,50000,True,58.93826497800001,0.520835170002057,0.4014360395672035,0.0503525568055347,,,lbfgs,18.0,0.0,116.62908231888352,0.05,True,True,True,True
NSW,ou,nsw33,pa_holdout,2,global_conditional_density,15,1309,onehot_l2,0.0,0.01,1e-06,frozen_default,9,"G=6,K=3",random_50k,full_background_50k,ipp,additive_kan_ipp,50000,True,15.101186583999151,0.5339685758225827,0.411143125238813,0.0737297778787374,,,lbfgs,15.0,,,,,,,
NSW,ou,nsw33,pa_holdout,2,global_conditional_density,15,1309,onehot_l2,0.0,0.01,1e-06,frozen_default,9,"G=6,K=3",random_50k,full_background_50k,ipp,deep2_kan_ipp,50000,True,61.563725373000125,0.5226546964843711,0.4013708139556927,0.0551231503339416,,,lbfgs,18.0,0.0,117.00241148422316,0.05,True,True,True,True
NSW,rt,nsw34,pa_holdout,0,global_conditional_density,6,1036,onehot_l2,0.0,0.01,1e-06,frozen_default,9,"G=6,K=3",random_50k,full_background_50k,ipp,additive_kan_ipp,50000,True,16.21195833300044,0.6110046004156034,0.4122683760073467,0.2123119530540691,,,lbfgs,15.0,,,,,,,
NSW,rt,nsw34,pa_holdout,0,global_conditional_density,6,1036,onehot_l2,0.0,0.01,1e-06,frozen_default,9,"G=6,K=3",random_50k,full_background_50k,ipp,deep2_kan_ipp,50000,True,61.3966047670001,0.5832751404036685,0.3886268240111508,0.1727874345480783,,,lbfgs,18.0,0.0,40.11258528919234,0.05,True,True,True,True
NSW,rt,nsw34,pa_holdout,1,global_conditional_density,6,1036,onehot_l2,0.0,0.01,1e-06,frozen_default,9,"G=6,K=3",random_50k,full_background_50k,ipp,additive_kan_ipp,50000,True,13.21590390700112,0.6111019413161336,0.4123416114217845,0.2129658855129011,,,lbfgs,15.0,,,,,,,
NSW,rt,nsw34,pa_holdout,1,global_conditional_density,6,1036,onehot_l2,0.0,0.01,1e-06,frozen_default,9,"G=6,K=3",random_50k,full_background_50k,ipp,deep2_kan_ipp,50000,True,63.86010750599962,0.591219004329554,0.4002750670088651,0.1856206980021523,,,lbfgs,18.0,0.0,40.54907003271104,0.05,True,True,True,True
NSW,rt,nsw34,pa_holdout,2,global_conditional_density,6,1036,onehot_l2,0.0,0.01,1e-06,frozen_default,9,"G=6,K=3",random_50k,full_background_50k,ipp,additive_kan_ipp,50000,True,13.305044617998648,0.611089244676934,0.4123752606270884,0.2125287640855235,,,lbfgs,15.0,,,,,,,
NSW,rt,nsw34,pa_holdout,2,global_conditional_density,6,1036,onehot_l2,0.0,0.01,1e-06,frozen_default,9,"G=6,K=3",random_50k,full_background_50k,ipp,deep2_kan_ipp,50000,True,60.38251062500058,0.5840030810511124,0.3875525266087717,0.1730166303135729,,,lbfgs,18.0,0.0,40.40229599821866,0.05,True,True,True,True
NSW,rt,nsw35,pa_holdout,0,global_conditional_density,6,1036,onehot_l2,0.0,0.01,1e-06,frozen_default,9,"G=6,K=3",random_50k,full_background_50k,ipp,additive_kan_ipp,50000,True,15.544827576000898,0.3947539636338733,0.0221480137864799,-0.3329014600884418,,,lbfgs,15.0,,,,,,,
NSW,rt,nsw35,pa_holdout,0,global_conditional_density,6,1036,onehot_l2,0.0,0.01,1e-06,frozen_default,9,"G=6,K=3",random_50k,full_background_50k,ipp,deep2_kan_ipp,50000,True,59.62067256900082,0.4636167517035922,0.024768483716811,-0.2161850517377767,,,lbfgs,18.0,0.0,31.442522104408592,0.05,True,True,True,True
NSW,rt,nsw35,pa_holdout,1,global_conditional_density,6,1036,onehot_l2,0.0,0.01,1e-06,frozen_default,9,"G=6,K=3",random_50k,full_background_50k,ipp,additive_kan_ipp,50000,True,15.7113218279992,0.3944800191761121,0.0221359517693515,-0.3425327179477163,,,lbfgs,15.0,,,,,,,
NSW,rt,nsw35,pa_holdout,1,global_conditional_density,6,1036,onehot_l2,0.0,0.01,1e-06,frozen_default,9,"G=6,K=3",random_50k,full_background_50k,ipp,deep2_kan_ipp,50000,True,61.285173416999896,0.4280724583090778,0.0231178256455066,-0.3038163314875549,,,lbfgs,18.0,0.0,32.04122299441624,0.05,True,True,True,True
NSW,rt,nsw35,pa_holdout,2,global_conditional_density,6,1036,onehot_l2,0.0,0.01,1e-06,frozen_default,9,"G=6,K=3",random_50k,full_background_50k,ipp,additive_kan_ipp,50000,True,14.364395967999371,0.3940691024894702,0.0221264702057547,-0.3368892015294962,,,lbfgs,15.0,,,,,,,
NSW,rt,nsw35,pa_holdout,2,global_conditional_density,6,1036,onehot_l2,0.0,0.01,1e-06,frozen_default,9,"G=6,K=3",random_50k,full_background_50k,ipp,deep2_kan_ipp,50000,True,61.65377340400119,0.4239975344998801,0.0229555476639396,-0.3020301882834763,,,lbfgs,18.0,0.0,32.00511666063722,0.05,True,True,True,True
NSW,rt,nsw36,pa_holdout,0,global_conditional_density,7,1036,onehot_l2,0.0,0.01,1e-06,frozen_default,9,"G=6,K=3",random_50k,full_background_50k,ipp,additive_kan_ipp,50000,True,14.196082184998886,0.8562480474851609,0.3052728547719696,0.767566512215685,,,lbfgs,15.0,,,,,,,
NSW,rt,nsw36,pa_holdout,0,global_conditional_density,7,1036,onehot_l2,0.0,0.01,1e-06,frozen_default,9,"G=6,K=3",random_50k,full_background_50k,ipp,deep2_kan_ipp,50000,True,60.65404894899984,0.8855201499531397,0.4201048586181071,0.8276317070911937,,,lbfgs,18.0,0.0,40.71548019229374,0.05,True,True,True,True
NSW,rt,nsw36,pa_holdout,1,global_conditional_density,7,1036,onehot_l2,0.0,0.01,1e-06,frozen_default,9,"G=6,K=3",random_50k,full_background_50k,ipp,additive_kan_ipp,50000,True,13.867259098000432,0.8539050296782256,0.3048568601006092,0.7618394504985941,,,lbfgs,15.0,,,,,,,
NSW,rt,nsw36,pa_holdout,1,global_conditional_density,7,1036,onehot_l2,0.0,0.01,1e-06,frozen_default,9,"G=6,K=3",random_50k,full_background_50k,ipp,deep2_kan_ipp,50000,True,62.39999449199968,0.893611371446423,0.4451740283586452,0.8410755198763386,,,lbfgs,18.0,0.0,40.51118658839869,0.05,True,True,True,True
NSW,rt,nsw36,pa_holdout,2,global_conditional_density,7,1036,onehot_l2,0.0,0.01,1e-06,frozen_default,9,"G=6,K=3",random_50k,full_background_50k,ipp,additive_kan_ipp,50000,True,13.996104178999303,0.8566541705716963,0.3083784237038786,0.767501602203773,,,lbfgs,15.0,,,,,,,
NSW,rt,nsw36,pa_holdout,2,global_conditional_density,7,1036,onehot_l2,0.0,0.01,1e-06,frozen_default,9,"G=6,K=3",random_50k,full_background_50k,ipp,deep2_kan_ipp,50000,True,61.15348148299927,0.8944860980943455,0.4472728379226304,0.8424342627926691,,,lbfgs,18.0,0.0,40.47560257430301,0.05,True,True,True,True
NSW,rt,nsw37,pa_holdout,0,global_conditional_density,6,1036,onehot_l2,0.0,0.01,1e-06,frozen_default,9,"G=6,K=3",random_50k,full_background_50k,ipp,additive_kan_ipp,50000,True,14.190917291000003,0.5625061710110585,0.2369159939794685,0.1648049557716928,,,lbfgs,15.0,,,,,,,
NSW,rt,nsw37,pa_holdout,0,global_conditional_density,6,1036,onehot_l2,0.0,0.01,1e-06,frozen_default,9,"G=6,K=3",random_50k,full_background_50k,ipp,deep2_kan_ipp,50000,True,60.37593415599986,0.6013094885466035,0.2506175068898224,0.2320114953893136,,,lbfgs,18.0,0.0,29.931512376762917,0.05,True,True,True,True
NSW,rt,nsw37,pa_holdout,1,global_conditional_density,6,1036,onehot_l2,0.0,0.01,1e-06,frozen_default,9,"G=6,K=3",random_50k,full_background_50k,ipp,additive_kan_ipp,50000,True,13.992269008998846,0.5628887736966824,0.2369936386901445,0.1661322952570421,,,lbfgs,15.0,,,,,,,
NSW,rt,nsw37,pa_holdout,1,global_conditional_density,6,1036,onehot_l2,0.0,0.01,1e-06,frozen_default,9,"G=6,K=3",random_50k,full_background_50k,ipp,deep2_kan_ipp,50000,True,60.98678570499942,0.601796998420221,0.2497527560196731,0.2355717938861898,,,lbfgs,18.0,0.0,29.68645521483074,0.05,True,True,True,True
NSW,rt,nsw37,pa_holdout,2,global_conditional_density,6,1036,onehot_l2,0.0,0.01,1e-06,frozen_default,9,"G=6,K=3",random_50k,full_background_50k,ipp,additive_kan_ipp,50000,True,14.0893576819999,0.5628270635860979,0.2369796680207376,0.1656804330826632,,,lbfgs,15.0,,,,,,,
NSW,rt,nsw37,pa_holdout,2,global_conditional_density,6,1036,onehot_l2,0.0,0.01,1e-06,frozen_default,9,"G=6,K=3",random_50k,full_background_50k,ipp,deep2_kan_ipp,50000,True,59.26565117300015,0.5997914198262243,0.2513828496379189,0.2267766804941712,,,lbfgs,18.0,0.0,29.76795052874596,0.05,True,True,True,True
NSW,rt,nsw38,pa_holdout,0,global_conditional_density,9,1036,onehot_l2,0.0,0.01,1e-06,frozen_default,9,"G=6,K=3",random_50k,full_background_50k,ipp,additive_kan_ipp,50000,True,15.01209740900049,0.4090554833920949,0.0644974371757289,-0.302800399522716,,,lbfgs,15.0,,,,,,,
NSW,rt,nsw38,pa_holdout,0,global_conditional_density,9,1036,onehot_l2,0.0,0.01,1e-06,frozen_default,9,"G=6,K=3",random_50k,full_background_50k,ipp,deep2_kan_ipp,50000,True,61.26444724900102,0.3650893796004205,0.0624509204537891,-0.3718975461492193,,,lbfgs,18.0,0.0,49.64874121941068,0.05,True,True,True,True
NSW,rt,nsw38,pa_holdout,1,global_conditional_density,9,1036,onehot_l2,0.0,0.01,1e-06,frozen_default,9,"G=6,K=3",random_50k,full_background_50k,ipp,additive_kan_ipp,50000,True,13.504032197000924,0.4086967279025175,0.0644731799588886,-0.2995494149600639,,,lbfgs,15.0,,,,,,,
NSW,rt,nsw38,pa_holdout,1,global_conditional_density,9,1036,onehot_l2,0.0,0.01,1e-06,frozen_default,9,"G=6,K=3",random_50k,full_background_50k,ipp,deep2_kan_ipp,50000,True,64.95765260199914,0.3289540421846972,0.0583558910900421,-0.4608873847161882,,,lbfgs,18.0,0.0,50.54919016046926,0.05,True,True,True,True
NSW,rt,nsw38,pa_holdout,2,global_conditional_density,9,1036,onehot_l2,0.0,0.01,1e-06,frozen_default,9,"G=6,K=3",random_50k,full_background_50k,ipp,additive_kan_ipp,50000,True,15.54871584600005,0.4088575493288798,0.0644777789238965,-0.3033540072417133,,,lbfgs,15.0,,,,,,,
NSW,rt,nsw38,pa_holdout,2,global_conditional_density,9,1036,onehot_l2,0.0,0.01,1e-06,frozen_default,9,"G=6,K=3",random_50k,full_background_50k,ipp,deep2_kan_ipp,50000,True,63.456361947000914,0.2973588173439723,0.0552926944052333,-0.54512390514086,,,lbfgs,18.0,0.0,51.02841943184741,0.05,True,True,True,True
NSW,rt,nsw39,pa_holdout,0,global_conditional_density,16,1036,onehot_l2,0.0,0.01,1e-06,frozen_default,9,"G=6,K=3",random_50k,full_background_50k,ipp,additive_kan_ipp,50000,True,15.601318022998385,0.621402053528434,0.4792421992301323,0.2482832817651238,,,lbfgs,15.0,,,,,,,
NSW,rt,nsw39,pa_holdout,0,global_conditional_density,16,1036,onehot_l2,0.0,0.01,1e-06,frozen_default,9,"G=6,K=3",random_50k,full_background_50k,ipp,deep2_kan_ipp,50000,True,61.53034832100093,0.6223457135312301,0.5039266577583401,0.2331669306822212,,,lbfgs,18.0,0.0,135.4621202541385,0.05,True,True,True,True
NSW,rt,nsw39,pa_holdout,1,global_conditional_density,16,1036,onehot_l2,0.0,0.01,1e-06,frozen_default,9,"G=6,K=3",random_50k,full_background_50k,ipp,additive_kan_ipp,50000,True,13.790725202999964,0.621437003898908,0.4791734379156444,0.2484954610369859,,,lbfgs,15.0,,,,,,,
NSW,rt,nsw39,pa_holdout,1,global_conditional_density,16,1036,onehot_l2,0.0,0.01,1e-06,frozen_default,9,"G=6,K=3",random_50k,full_background_50k,ipp,deep2_kan_ipp,50000,True,60.54981712100016,0.6232777234105349,0.5039857251906696,0.23435795347799,,,lbfgs,18.0,0.0,136.14513452236574,0.05,True,True,True,True
NSW,rt,nsw39,pa_holdout,2,global_conditional_density,16,1036,onehot_l2,0.0,0.01,1e-06,frozen_default,9,"G=6,K=3",random_50k,full_background_50k,ipp,additive_kan_ipp,50000,True,13.249089416998686,0.6214447706479022,0.4791820754302251,0.2485615527100995,,,lbfgs,15.0,,,,,,,
NSW,rt,nsw39,pa_holdout,2,global_conditional_density,16,1036,onehot_l2,0.0,0.01,1e-06,frozen_default,9,"G=6,K=3",random_50k,full_background_50k,ipp,deep2_kan_ipp,50000,True,60.21707131699986,0.622718517482952,0.5040980429781123,0.2336595905745491,,,lbfgs,18.0,0.0,135.3284852659074,0.05,True,True,True,True
NSW,rt,nsw40,pa_holdout,0,global_conditional_density,14,1036,onehot_l2,0.0,0.01,1e-06,frozen_default,9,"G=6,K=3",random_50k,full_background_50k,ipp,additive_kan_ipp,50000,True,14.877831757001331,0.6392572507745543,0.4344350216622831,0.2833065374420537,,,lbfgs,15.0,,,,,,,
NSW,rt,nsw40,pa_holdout,0,global_conditional_density,14,1036,onehot_l2,0.0,0.01,1e-06,frozen_default,9,"G=6,K=3",random_50k,full_background_50k,ipp,deep2_kan_ipp,50000,True,60.73393301500073,0.6229391506852697,0.4290104865468159,0.2512261648611554,,,lbfgs,18.0,0.0,103.22816314542465,0.05,True,True,True,True
NSW,rt,nsw40,pa_holdout,1,global_conditional_density,14,1036,onehot_l2,0.0,0.01,1e-06,frozen_default,9,"G=6,K=3",random_50k,full_background_50k,ipp,additive_kan_ipp,50000,True,13.924304156998916,0.6393313117431895,0.4344467091487225,0.2828877509078674,,,lbfgs,15.0,,,,,,,
NSW,rt,nsw40,pa_holdout,1,global_conditional_density,14,1036,onehot_l2,0.0,0.01,1e-06,frozen_default,9,"G=6,K=3",random_50k,full_background_50k,ipp,deep2_kan_ipp,50000,True,60.58794044299975,0.6232600815493556,0.4269144555894859,0.2505985762312012,,,lbfgs,18.0,0.0,103.15219288175572,0.05,True,True,True,True
NSW,rt,nsw40,pa_holdout,2,global_conditional_density,14,1036,onehot_l2,0.0,0.01,1e-06,frozen_default,9,"G=6,K=3",random_50k,full_background_50k,ipp,additive_kan_ipp,50000,True,13.520798977000595,0.6394259452031122,0.4345671649162647,0.2831491233838444,,,lbfgs,15.0,,,,,,,
NSW,rt,nsw40,pa_holdout,2,global_conditional_density,14,1036,onehot_l2,0.0,0.01,1e-06,frozen_default,9,"G=6,K=3",random_50k,full_background_50k,ipp,deep2_kan_ipp,50000,True,58.4593818960002,0.6250498882913723,0.4291278983150154,0.2573313581312798,,,lbfgs,18.0,0.0,103.13853379330136,0.05,True,True,True,True
NSW,ru,nsw41,pa_holdout,0,global_conditional_density,5,909,onehot_l2,0.0,0.01,1e-06,frozen_default,9,"G=6,K=3",random_50k,full_background_50k,ipp,additive_kan_ipp,50000,True,14.755945783999778,0.6147720249132316,0.2470723661152754,0.2371662825173054,,,lbfgs,15.0,,,,,,,
NSW,ru,nsw41,pa_holdout,0,global_conditional_density,5,909,onehot_l2,0.0,0.01,1e-06,frozen_default,9,"G=6,K=3",random_50k,full_background_50k,ipp,deep2_kan_ipp,50000,True,61.15481265999915,0.5983454571387818,0.2420525659646565,0.2070881689989825,,,lbfgs,18.0,0.0,20.908041209061835,0.05,True,True,True,True
NSW,ru,nsw41,pa_holdout,1,global_conditional_density,5,909,onehot_l2,0.0,0.01,1e-06,frozen_default,9,"G=6,K=3",random_50k,full_background_50k,ipp,additive_kan_ipp,50000,True,14.417061792000824,0.6147641008573828,0.2470843691246506,0.2373905729962766,,,lbfgs,15.0,,,,,,,
NSW,ru,nsw41,pa_holdout,1,global_conditional_density,5,909,onehot_l2,0.0,0.01,1e-06,frozen_default,9,"G=6,K=3",random_50k,full_background_50k,ipp,deep2_kan_ipp,50000,True,60.406315768999775,0.5819426615318785,0.2237406730643376,0.1696692451671729,,,lbfgs,18.0,0.0,23.748793952607887,0.05,True,True,True,True
NSW,ru,nsw41,pa_holdout,2,global_conditional_density,5,909,onehot_l2,0.0,0.01,1e-06,frozen_default,9,"G=6,K=3",random_50k,full_background_50k,ipp,additive_kan_ipp,50000,True,14.544244691998756,0.6148591895275677,0.2470631107105824,0.236840150675606,,,lbfgs,15.0,,,,,,,
NSW,ru,nsw41,pa_holdout,2,global_conditional_density,5,909,onehot_l2,0.0,0.01,1e-06,frozen_default,9,"G=6,K=3",random_50k,full_background_50k,ipp,deep2_kan_ipp,50000,True,62.0216813650004,0.5966338610754529,0.2435957169855257,0.2054450272525092,,,lbfgs,18.0,0.0,20.196267995709057,0.05,True,True,True,True
NSW,ru,nsw42,pa_holdout,0,global_conditional_density,11,909,onehot_l2,0.0,0.01,1e-06,frozen_default,9,"G=6,K=3",random_50k,full_background_50k,ipp,additive_kan_ipp,50000,True,13.020676732998254,0.8842541436464089,0.0379816561145796,0.5419797930466104,,,lbfgs,15.0,,,,,,,
NSW,ru,nsw42,pa_holdout,0,global_conditional_density,11,909,onehot_l2,0.0,0.01,1e-06,frozen_default,9,"G=6,K=3",random_50k,full_background_50k,ipp,deep2_kan_ipp,50000,True,61.79994058800003,0.7939226519337017,0.0141637324080689,0.4339537865144531,,,lbfgs,18.0,0.0,64.15249090112921,0.05,True,True,True,True
NSW,ru,nsw42,pa_holdout,1,global_conditional_density,11,909,onehot_l2,0.0,0.01,1e-06,frozen_default,9,"G=6,K=3",random_50k,full_background_50k,ipp,additive_kan_ipp,50000,True,16.066092830000343,0.8845303867403315,0.0380020384879032,0.5419797930466104,,,lbfgs,15.0,,,,,,,
NSW,ru,nsw42,pa_holdout,1,global_conditional_density,11,909,onehot_l2,0.0,0.01,1e-06,frozen_default,9,"G=6,K=3",random_50k,full_background_50k,ipp,deep2_kan_ipp,50000,True,60.430833382000856,0.7635359116022099,0.0124238030727702,0.3952937944507189,,,lbfgs,18.0,0.0,63.96056376442928,0.05,True,True,True,True
NSW,ru,nsw42,pa_holdout,2,global_conditional_density,11,909,onehot_l2,0.0,0.01,1e-06,frozen_default,9,"G=6,K=3",random_50k,full_background_50k,ipp,additive_kan_ipp,50000,True,14.431971312000314,0.8848066298342541,0.0376659644097582,0.5406849607765332,,,lbfgs,15.0,,,,,,,
NSW,ru,nsw42,pa_holdout,2,global_conditional_density,11,909,onehot_l2,0.0,0.01,1e-06,frozen_default,9,"G=6,K=3",random_50k,full_background_50k,ipp,deep2_kan_ipp,50000,True,62.70067183799984,0.6486187845303868,0.0088962189391789,0.1296682030463051,,,lbfgs,18.0,0.0,65.77427903962483,0.05,True,True,True,True
NSW,ru,nsw43,pa_holdout,0,global_conditional_density,42,909,onehot_l2,0.0,0.01,1e-06,frozen_default,9,"G=6,K=3",random_50k,full_background_50k,ipp,additive_kan_ipp,50000,True,13.105827515999408,0.6426166426166426,0.3360146257090323,0.3160241714481771,,,lbfgs,15.0,,,,,,,
NSW,ru,nsw43,pa_holdout,0,global_conditional_density,42,909,onehot_l2,0.0,0.01,1e-06,frozen_default,9,"G=6,K=3",random_50k,full_background_50k,ipp,deep2_kan_ipp,50000,True,41.75325046600119,0.6295828656939768,0.334033488609941,0.2848880521236611,,,lbfgs,12.0,0.0,370.5707551743064,0.05,True,True,True,True
NSW,ru,nsw43,pa_holdout,1,global_conditional_density,42,909,onehot_l2,0.0,0.01,1e-06,frozen_default,9,"G=6,K=3",random_50k,full_background_50k,ipp,additive_kan_ipp,50000,True,14.06845685600092,0.6426166426166426,0.3360038836772465,0.3157735031756537,,,lbfgs,15.0,,,,,,,
NSW,ru,nsw43,pa_holdout,1,global_conditional_density,42,909,onehot_l2,0.0,0.01,1e-06,frozen_default,9,"G=6,K=3",random_50k,full_background_50k,ipp,deep2_kan_ipp,50000,True,41.107841906999965,0.6324755491422157,0.3398990455180103,0.2906696250281266,,,lbfgs,12.0,0.0,369.05749574373135,0.05,True,True,True,True
NSW,ru,nsw43,pa_holdout,2,global_conditional_density,42,909,onehot_l2,0.0,0.01,1e-06,frozen_default,9,"G=6,K=3",random_50k,full_background_50k,ipp,additive_kan_ipp,50000,True,14.370526082000652,0.6426233231788787,0.3359897366178958,0.3159878665655279,,,lbfgs,15.0,,,,,,,
NSW,ru,nsw43,pa_holdout,2,global_conditional_density,42,909,onehot_l2,0.0,0.01,1e-06,frozen_default,9,"G=6,K=3",random_50k,full_background_50k,ipp,deep2_kan_ipp,50000,True,41.79131167000014,0.639176153065042,0.3437228846668951,0.303139513296814,,,lbfgs,12.0,0.0,369.5566893101534,0.05,True,True,True,True
NSW,ru,nsw44,pa_holdout,0,global_conditional_density,16,909,onehot_l2,0.0,0.01,1e-06,frozen_default,9,"G=6,K=3",random_50k,full_background_50k,ipp,additive_kan_ipp,50000,True,13.97737386100016,0.994074074074074,0.7124568668046929,0.8377731790123457,,,lbfgs,15.0,,,,,,,
NSW,ru,nsw44,pa_holdout,0,global_conditional_density,16,909,onehot_l2,0.0,0.01,1e-06,frozen_default,9,"G=6,K=3",random_50k,full_background_50k,ipp,deep2_kan_ipp,50000,True,50.12816865999957,0.9623456790123456,0.666014300457025,0.8341967636684304,,,lbfgs,18.0,0.0,113.09890602428436,0.05,True,True,True,True
NSW,ru,nsw44,pa_holdout,1,global_conditional_density,16,909,onehot_l2,0.0,0.01,1e-06,frozen_default,9,"G=6,K=3",random_50k,full_background_50k,ipp,additive_kan_ipp,50000,True,8.940704893000657,0.994074074074074,0.7124568668046929,0.8377731790123457,,,lbfgs,15.0,,,,,,,
NSW,ru,nsw44,pa_holdout,1,global_conditional_density,16,909,onehot_l2,0.0,0.01,1e-06,frozen_default,9,"G=6,K=3",random_50k,full_background_50k,ipp,deep2_kan_ipp,50000,True,43.133981650998976,0.965925925925926,0.6492226097489256,0.8289062874779541,,,lbfgs,18.0,0.0,113.0014737520454,0.05,True,True,True,True
NSW,ru,nsw44,pa_holdout,2,global_conditional_density,16,909,onehot_l2,0.0,0.01,1e-06,frozen_default,9,"G=6,K=3",random_50k,full_background_50k,ipp,additive_kan_ipp,50000,True,9.283136050000394,0.994074074074074,0.7124568668046929,0.8377731790123457,,,lbfgs,15.0,,,,,,,
NSW,ru,nsw44,pa_holdout,2,global_conditional_density,16,909,onehot_l2,0.0,0.01,1e-06,frozen_default,9,"G=6,K=3",random_50k,full_background_50k,ipp,deep2_kan_ipp,50000,True,43.69152320500143,0.9612345679012344,0.6658611218856644,0.8346376366843034,,,lbfgs,18.0,0.0,113.26371453239553,0.05,True,True,True,True
NSW,ru,nsw45,pa_holdout,0,global_conditional_density,22,909,onehot_l2,0.0,0.01,1e-06,frozen_default,9,"G=6,K=3",random_50k,full_background_50k,ipp,additive_kan_ipp,50000,True,9.598383131000446,0.7002481249647549,0.3177143166399293,0.4647035657907691,,,lbfgs,15.0,,,,,,,
NSW,ru,nsw45,pa_holdout,0,global_conditional_density,22,909,onehot_l2,0.0,0.01,1e-06,frozen_default,9,"G=6,K=3",random_50k,full_background_50k,ipp,deep2_kan_ipp,50000,True,43.86524912999994,0.6298990582529747,0.2507356863156614,0.314202981419002,,,lbfgs,18.0,0.0,178.77718435456674,0.05,True,True,True,True
NSW,ru,nsw45,pa_holdout,1,global_conditional_density,22,909,onehot_l2,0.0,0.01,1e-06,frozen_default,9,"G=6,K=3",random_50k,full_background_50k,ipp,additive_kan_ipp,50000,True,9.147952150999116,0.6998909753942743,0.3175042321000116,0.4651161161472393,,,lbfgs,15.0,,,,,,,
NSW,ru,nsw45,pa_holdout,1,global_conditional_density,22,909,onehot_l2,0.0,0.01,1e-06,frozen_default,9,"G=6,K=3",random_50k,full_background_50k,ipp,deep2_kan_ipp,50000,True,41.501317462998486,0.6219947743378635,0.2403128980937742,0.2992939375781263,,,lbfgs,18.0,0.0,179.36578081180892,0.05,True,True,True,True
NSW,ru,nsw45,pa_holdout,2,global_conditional_density,22,909,onehot_l2,0.0,0.01,1e-06,frozen_default,9,"G=6,K=3",random_50k,full_background_50k,ipp,additive_kan_ipp,50000,True,9.035962817000836,0.7000319554878851,0.317631297468872,0.4654599132975897,,,lbfgs,15.0,,,,,,,
NSW,ru,nsw45,pa_holdout,2,global_conditional_density,22,909,onehot_l2,0.0,0.01,1e-06,frozen_default,9,"G=6,K=3",random_50k,full_background_50k,ipp,deep2_kan_ipp,50000,True,44.113083168998855,0.6203030132145341,0.2421457258541688,0.2990848837283242,,,lbfgs,18.0,0.0,179.31925927449927,0.05,True,True,True,True
NSW,ru,nsw46,pa_holdout,0,global_conditional_density,14,909,onehot_l2,0.0,0.01,1e-06,frozen_default,9,"G=6,K=3",random_50k,full_background_50k,ipp,additive_kan_ipp,50000,True,9.126717613000435,0.9774909589724404,0.5357863848443558,0.9114228174879748,,,lbfgs,15.0,,,,,,,
NSW,ru,nsw46,pa_holdout,0,global_conditional_density,14,909,onehot_l2,0.0,0.01,1e-06,frozen_default,9,"G=6,K=3",random_50k,full_background_50k,ipp,deep2_kan_ipp,50000,True,43.75813133800148,0.9341563786008232,0.3668507608377733,0.8509754094985744,,,lbfgs,18.0,0.0,63.9778240405424,0.05,True,True,True,True
NSW,ru,nsw46,pa_holdout,1,global_conditional_density,14,909,onehot_l2,0.0,0.01,1e-06,frozen_default,9,"G=6,K=3",random_50k,full_background_50k,ipp,additive_kan_ipp,50000,True,10.212645835999863,0.9773039032298292,0.5351310603453681,0.9092932286580492,,,lbfgs,15.0,,,,,,,
NSW,ru,nsw46,pa_holdout,1,global_conditional_density,14,909,onehot_l2,0.0,0.01,1e-06,frozen_default,9,"G=6,K=3",random_50k,full_background_50k,ipp,deep2_kan_ipp,50000,True,43.23826042099972,0.9326599326599326,0.350361353323791,0.8504144331664183,,,lbfgs,18.0,0.0,63.6278165210828,0.05,True,True,True,True
NSW,ru,nsw46,pa_holdout,2,global_conditional_density,14,909,onehot_l2,0.0,0.01,1e-06,frozen_default,9,"G=6,K=3",random_50k,full_background_50k,ipp,additive_kan_ipp,50000,True,9.065168557001016,0.9773039032298292,0.5352642979786058,0.91062173138947,,,lbfgs,15.0,,,,,,,
NSW,ru,nsw46,pa_holdout,2,global_conditional_density,14,909,onehot_l2,0.0,0.01,1e-06,frozen_default,9,"G=6,K=3",random_50k,full_background_50k,ipp,deep2_kan_ipp,50000,True,52.98320136500115,0.936525751340566,0.3393700541251263,0.8555501006462393,,,lbfgs,18.0,0.0,63.6611649380787,0.05,True,True,True,True
NSW,sr,nsw47,pa_holdout,0,global_conditional_density,41,1008,onehot_l2,0.0,0.01,1e-06,frozen_default,9,"G=6,K=3",random_50k,full_background_50k,ipp,additive_kan_ipp,50000,True,11.99626519100093,0.9246044179852736,0.2150822570850861,0.8557276014543732,,,lbfgs,15.0,,,,,,,
NSW,sr,nsw47,pa_holdout,0,global_conditional_density,41,1008,onehot_l2,0.0,0.01,1e-06,frozen_default,9,"G=6,K=3",random_50k,full_background_50k,ipp,deep2_kan_ipp,50000,True,33.33725114899971,0.9246827510574964,0.197543281898148,0.8520652736734414,,,lbfgs,12.0,0.0,242.13884100945936,0.05,True,True,True,True
NSW,sr,nsw47,pa_holdout,1,global_conditional_density,41,1008,onehot_l2,0.0,0.01,1e-06,frozen_default,9,"G=6,K=3",random_50k,full_background_50k,ipp,additive_kan_ipp,50000,True,11.810902409000846,0.924643584521385,0.2160889331354106,0.852228778070129,,,lbfgs,15.0,,,,,,,
NSW,sr,nsw47,pa_holdout,1,global_conditional_density,41,1008,onehot_l2,0.0,0.01,1e-06,frozen_default,9,"G=6,K=3",random_50k,full_background_50k,ipp,deep2_kan_ipp,50000,True,44.11309077500118,0.9138336205545984,0.1856317696265847,0.8364412513863662,,,lbfgs,12.0,0.0,241.59766821005155,0.05,True,True,True,True
NSW,sr,nsw47,pa_holdout,2,global_conditional_density,41,1008,onehot_l2,0.0,0.01,1e-06,frozen_default,9,"G=6,K=3",random_50k,full_background_50k,ipp,additive_kan_ipp,50000,True,12.776087804999406,0.9246827510574964,0.2152919522600472,0.8557250674135699,,,lbfgs,15.0,,,,,,,
NSW,sr,nsw47,pa_holdout,2,global_conditional_density,41,1008,onehot_l2,0.0,0.01,1e-06,frozen_default,9,"G=6,K=3",random_50k,full_background_50k,ipp,deep2_kan_ipp,50000,True,42.42078282799957,0.9029061569794768,0.1932450427574513,0.8285404629019949,,,lbfgs,12.0,0.0,241.17933084522812,0.05,True,True,True,True
NSW,sr,nsw48,pa_holdout,0,global_conditional_density,79,1008,onehot_l2,0.0,0.01,1e-06,frozen_default,9,"G=6,K=3",random_50k,full_background_50k,ipp,additive_kan_ipp,50000,True,11.488733144000436,0.900862318421205,0.4905268908790322,0.8524369876228588,,,lbfgs,15.0,,,,,,,
NSW,sr,nsw48,pa_holdout,0,global_conditional_density,79,1008,onehot_l2,0.0,0.01,1e-06,frozen_default,9,"G=6,K=3",random_50k,full_background_50k,ipp,deep2_kan_ipp,50000,True,33.31645185200068,0.8961890155680305,0.4830146766540728,0.8471262310620109,,,lbfgs,12.0,0.0,513.8482902412668,0.05,True,True,True,True
NSW,sr,nsw48,pa_holdout,1,global_conditional_density,79,1008,onehot_l2,0.0,0.01,1e-06,frozen_default,9,"G=6,K=3",random_50k,full_background_50k,ipp,additive_kan_ipp,50000,True,11.435154617998704,0.9008767868510908,0.4905870431141482,0.8487691023019395,,,lbfgs,15.0,,,,,,,
NSW,sr,nsw48,pa_holdout,1,global_conditional_density,79,1008,onehot_l2,0.0,0.01,1e-06,frozen_default,9,"G=6,K=3",random_50k,full_background_50k,ipp,deep2_kan_ipp,50000,True,36.96377483300057,0.8967098790439262,0.4751948518164118,0.8441998735402381,,,lbfgs,12.0,0.0,514.1603111131815,0.05,True,True,True,True
NSW,sr,nsw48,pa_holdout,2,global_conditional_density,79,1008,onehot_l2,0.0,0.01,1e-06,frozen_default,9,"G=6,K=3",random_50k,full_background_50k,ipp,additive_kan_ipp,50000,True,15.29331381299926,0.900833381561433,0.4906527567866108,0.8531225941192604,,,lbfgs,15.0,,,,,,,
NSW,sr,nsw48,pa_holdout,2,global_conditional_density,79,1008,onehot_l2,0.0,0.01,1e-06,frozen_default,9,"G=6,K=3",random_50k,full_background_50k,ipp,deep2_kan_ipp,50000,True,35.263107119999404,0.9000954916372476,0.4866817489349156,0.8479145389039575,,,lbfgs,12.0,0.0,513.5862445596416,0.05,True,True,True,True
NSW,sr,nsw49,pa_holdout,0,global_conditional_density,110,1008,onehot_l2,0.0,0.01,1e-06,frozen_default,9,"G=6,K=3",random_50k,full_background_50k,ipp,additive_kan_ipp,50000,True,15.886698030999469,0.7554851859426903,0.3367951093043588,0.5192031162706714,,,lbfgs,15.0,,,,,,,
NSW,sr,nsw49,pa_holdout,0,global_conditional_density,110,1008,onehot_l2,0.0,0.01,1e-06,frozen_default,9,"G=6,K=3",random_50k,full_background_50k,ipp,deep2_kan_ipp,50000,True,35.81079513400073,0.7558307649991889,0.3239277809173965,0.5205962789972087,,,lbfgs,12.0,0.0,879.8209162698473,0.05,True,True,True,True
NSW,sr,nsw49,pa_holdout,1,global_conditional_density,110,1008,onehot_l2,0.0,0.01,1e-06,frozen_default,9,"G=6,K=3",random_50k,full_background_50k,ipp,additive_kan_ipp,50000,True,15.830235987999911,0.7555980280835879,0.3363923880900131,0.5192186013298834,,,lbfgs,15.0,,,,,,,
NSW,sr,nsw49,pa_holdout,1,global_conditional_density,110,1008,onehot_l2,0.0,0.01,1e-06,frozen_default,9,"G=6,K=3",random_50k,full_background_50k,ipp,deep2_kan_ipp,50000,True,36.818130359999486,0.7512747635604516,0.32260261339827,0.5132959046676063,,,lbfgs,12.0,0.0,879.433166581583,0.05,True,True,True,True
NSW,sr,nsw49,pa_holdout,2,global_conditional_density,110,1008,onehot_l2,0.0,0.01,1e-06,frozen_default,9,"G=6,K=3",random_50k,full_background_50k,ipp,additive_kan_ipp,50000,True,9.41854176400011,0.7555345543793329,0.3362148658307416,0.5192941903495244,,,lbfgs,15.0,,,,,,,
NSW,sr,nsw49,pa_holdout,2,global_conditional_density,110,1008,onehot_l2,0.0,0.01,1e-06,frozen_default,9,"G=6,K=3",random_50k,full_background_50k,ipp,deep2_kan_ipp,50000,True,28.95261394699992,0.7539406591391555,0.324995003135847,0.5181236309794391,,,lbfgs,12.0,0.0,879.6134068555754,0.05,True,True,True,True
NSW,sr,nsw50,pa_holdout,0,global_conditional_density,44,1008,onehot_l2,0.0,0.01,1e-06,frozen_default,9,"G=6,K=3",random_50k,full_background_50k,ipp,additive_kan_ipp,50000,True,9.074649055000918,0.7989096347758962,0.0867472891090654,0.6705050147991243,,,lbfgs,15.0,,,,,,,
NSW,sr,nsw50,pa_holdout,0,global_conditional_density,44,1008,onehot_l2,0.0,0.01,1e-06,frozen_default,9,"G=6,K=3",random_50k,full_background_50k,ipp,deep2_kan_ipp,50000,True,28.34017055699951,0.8100545182612051,0.1017229868669075,0.7066911481895897,,,lbfgs,12.0,0.0,354.07629888645624,0.05,True,True,True,True
NSW,sr,nsw50,pa_holdout,1,global_conditional_density,44,1008,onehot_l2,0.0,0.01,1e-06,frozen_default,9,"G=6,K=3",random_50k,full_background_50k,ipp,additive_kan_ipp,50000,True,6.6707576000007975,0.798861388527042,0.0867382449009762,0.6696920141801351,,,lbfgs,15.0,,,,,,,
NSW,sr,nsw50,pa_holdout,1,global_conditional_density,44,1008,onehot_l2,0.0,0.01,1e-06,frozen_default,9,"G=6,K=3",random_50k,full_background_50k,ipp,deep2_kan_ipp,50000,True,22.06457556500027,0.808993100786414,0.1018641168907086,0.7104086357464391,,,lbfgs,12.0,0.0,354.23203975646527,0.05,True,True,True,True
NSW,sr,nsw50,pa_holdout,2,global_conditional_density,44,1008,onehot_l2,0.0,0.01,1e-06,frozen_default,9,"G=6,K=3",random_50k,full_background_50k,ipp,additive_kan_ipp,50000,True,6.3763869979993615,0.7989096347758962,0.0870422635581752,0.6716334865242004,,,lbfgs,15.0,,,,,,,
NSW,sr,nsw50,pa_holdout,2,global_conditional_density,44,1008,onehot_l2,0.0,0.01,1e-06,frozen_default,9,"G=6,K=3",random_50k,full_background_50k,ipp,deep2_kan_ipp,50000,True,20.19389854200017,0.8100062720123511,0.1020684414090712,0.705138253523303,,,lbfgs,12.0,0.0,354.14696058507474,0.05,True,True,True,True
NSW,sr,nsw51,pa_holdout,0,global_conditional_density,63,1008,onehot_l2,0.0,0.01,1e-06,frozen_default,9,"G=6,K=3",random_50k,full_background_50k,ipp,additive_kan_ipp,50000,True,6.517194516000018,0.7481703260146373,0.022921722262418,0.4451647602997597,,,lbfgs,15.0,,,,,,,
NSW,sr,nsw51,pa_holdout,0,global_conditional_density,63,1008,onehot_l2,0.0,0.01,1e-06,frozen_default,9,"G=6,K=3",random_50k,full_background_50k,ipp,deep2_kan_ipp,50000,True,20.461139156999707,0.8040585495675316,0.0280980354944235,0.4977063836399059,,,lbfgs,12.0,0.0,492.9653285253896,0.05,True,True,True,True
NSW,sr,nsw51,pa_holdout,1,global_conditional_density,63,1008,onehot_l2,0.0,0.01,1e-06,frozen_default,9,"G=6,K=3",random_50k,full_background_50k,ipp,additive_kan_ipp,50000,True,6.74537944199983,0.7481703260146373,0.022921722262418,0.4451647602997597,,,lbfgs,15.0,,,,,,,
NSW,sr,nsw51,pa_holdout,1,global_conditional_density,63,1008,onehot_l2,0.0,0.01,1e-06,frozen_default,9,"G=6,K=3",random_50k,full_background_50k,ipp,deep2_kan_ipp,50000,True,20.377746030999333,0.8127079174983367,0.029403665740875,0.5264034804642213,,,lbfgs,12.0,0.0,492.2384348919509,0.05,True,True,True,True
NSW,sr,nsw51,pa_holdout,2,global_conditional_density,63,1008,onehot_l2,0.0,0.01,1e-06,frozen_default,9,"G=6,K=3",random_50k,full_background_50k,ipp,additive_kan_ipp,50000,True,6.441605967000214,0.7481703260146373,0.0227477525888747,0.4444619742550827,,,lbfgs,15.0,,,,,,,
NSW,sr,nsw51,pa_holdout,2,global_conditional_density,63,1008,onehot_l2,0.0,0.01,1e-06,frozen_default,9,"G=6,K=3",random_50k,full_background_50k,ipp,deep2_kan_ipp,50000,True,20.357154070999968,0.8018962075848304,0.0279793582000191,0.5276751885450656,,,lbfgs,12.0,0.0,493.28915384036526,0.05,True,True,True,True
NSW,sr,nsw52,pa_holdout,0,global_conditional_density,186,1008,onehot_l2,0.0,0.01,1e-06,frozen_default,9,"G=6,K=3",random_50k,full_background_50k,ipp,additive_kan_ipp,50000,True,6.493871165999735,0.8050253423918905,0.448412147968059,0.6597080894336438,,,lbfgs,15.0,,,,,,,
NSW,sr,nsw52,pa_holdout,0,global_conditional_density,186,1008,onehot_l2,0.0,0.01,1e-06,frozen_default,9,"G=6,K=3",random_50k,full_background_50k,ipp,deep2_kan_ipp,50000,True,20.16935775800084,0.8096193249218161,0.4574809052549595,0.670213384166772,,,lbfgs,12.0,0.0,1450.3122259800073,0.05,True,True,True,True
NSW,sr,nsw52,pa_holdout,1,global_conditional_density,186,1008,onehot_l2,0.0,0.01,1e-06,frozen_default,9,"G=6,K=3",random_50k,full_background_50k,ipp,additive_kan_ipp,50000,True,6.45607874199959,0.8048815557712354,0.4482534659024038,0.6596393302887418,,,lbfgs,15.0,,,,,,,
NSW,sr,nsw52,pa_holdout,1,global_conditional_density,186,1008,onehot_l2,0.0,0.01,1e-06,frozen_default,9,"G=6,K=3",random_50k,full_background_50k,ipp,deep2_kan_ipp,50000,True,20.09571002300072,0.8094252129839318,0.4559350180969458,0.6698130674118048,,,lbfgs,12.0,0.0,1450.7075949343669,0.05,True,True,True,True
NSW,sr,nsw52,pa_holdout,2,global_conditional_density,186,1008,onehot_l2,0.0,0.01,1e-06,frozen_default,9,"G=6,K=3",random_50k,full_background_50k,ipp,additive_kan_ipp,50000,True,6.442671294998945,0.8050900463711852,0.4484858459645515,0.659223728627382,,,lbfgs,15.0,,,,,,,
NSW,sr,nsw52,pa_holdout,2,global_conditional_density,186,1008,onehot_l2,0.0,0.01,1e-06,frozen_default,9,"G=6,K=3",random_50k,full_background_50k,ipp,deep2_kan_ipp,50000,True,20.31843334400037,0.8096121355907833,0.4610498385846119,0.6707935780295722,,,lbfgs,12.0,0.0,1451.112518806618,0.05,True,True,True,True
NSW,sr,nsw53,pa_holdout,0,global_conditional_density,34,1008,onehot_l2,0.0,0.01,1e-06,frozen_default,9,"G=6,K=3",random_50k,full_background_50k,ipp,additive_kan_ipp,50000,True,6.405116025000098,0.6890550081171896,0.0786734682598686,0.4942549723970833,,,lbfgs,15.0,,,,,,,
NSW,sr,nsw53,pa_holdout,0,global_conditional_density,34,1008,onehot_l2,0.0,0.01,1e-06,frozen_default,9,"G=6,K=3",random_50k,full_background_50k,ipp,deep2_kan_ipp,50000,True,21.34671366799921,0.7166156982670744,0.1011574528472711,0.5511939996685163,,,lbfgs,12.0,0.0,266.33044585404497,0.05,True,True,True,True
NSW,sr,nsw53,pa_holdout,1,global_conditional_density,34,1008,onehot_l2,0.0,0.01,1e-06,frozen_default,9,"G=6,K=3",random_50k,full_background_50k,ipp,additive_kan_ipp,50000,True,6.433230087999618,0.6893947974478045,0.0787031932959078,0.4950398295322289,,,lbfgs,15.0,,,,,,,
NSW,sr,nsw53,pa_holdout,1,global_conditional_density,34,1008,onehot_l2,0.0,0.01,1e-06,frozen_default,9,"G=6,K=3",random_50k,full_background_50k,ipp,deep2_kan_ipp,50000,True,21.073850688000675,0.7211462226752747,0.0917486674849316,0.551863793390829,,,lbfgs,12.0,0.0,265.81581291836505,0.05,True,True,True,True
NSW,sr,nsw53,pa_holdout,2,global_conditional_density,34,1008,onehot_l2,0.0,0.01,1e-06,frozen_default,9,"G=6,K=3",random_50k,full_background_50k,ipp,additive_kan_ipp,50000,True,6.438004621999426,0.6890550081171896,0.0786351708445902,0.496980562436503,,,lbfgs,15.0,,,,,,,
NSW,sr,nsw53,pa_holdout,2,global_conditional_density,34,1008,onehot_l2,0.0,0.01,1e-06,frozen_default,9,"G=6,K=3",random_50k,full_background_50k,ipp,deep2_kan_ipp,50000,True,21.05777483499878,0.7136708574017443,0.1149734926130047,0.5380351283517287,,,lbfgs,12.0,0.0,267.34716630172164,0.05,True,True,True,True
NSW,sr,nsw54,pa_holdout,0,global_conditional_density,118,1008,onehot_l2,0.0,0.01,1e-06,frozen_default,9,"G=6,K=3",random_50k,full_background_50k,ipp,additive_kan_ipp,50000,True,6.334829262999847,0.5479706223424816,0.0167980547429343,0.1415556992185865,,,lbfgs,15.0,,,,,,,
NSW,sr,nsw54,pa_holdout,0,global_conditional_density,118,1008,onehot_l2,0.0,0.01,1e-06,frozen_default,9,"G=6,K=3",random_50k,full_background_50k,ipp,deep2_kan_ipp,50000,True,20.913824922999996,0.5424816389640511,0.0170702969584883,0.1607891783477249,,,lbfgs,12.0,0.0,1128.569084179753,0.05,True,True,True,True
NSW,sr,nsw54,pa_holdout,1,global_conditional_density,118,1008,onehot_l2,0.0,0.01,1e-06,frozen_default,9,"G=6,K=3",random_50k,full_background_50k,ipp,additive_kan_ipp,50000,True,6.398079258000507,0.5479706223424816,0.0167972628014953,0.1585131151770378,,,lbfgs,15.0,,,,,,,
NSW,sr,nsw54,pa_holdout,1,global_conditional_density,118,1008,onehot_l2,0.0,0.01,1e-06,frozen_default,9,"G=6,K=3",random_50k,full_background_50k,ipp,deep2_kan_ipp,50000,True,21.66934310799843,0.5451101662156939,0.0169252494682305,0.1428240008772824,,,lbfgs,12.0,0.0,1127.6370786509074,0.05,True,True,True,True
NSW,sr,nsw54,pa_holdout,2,global_conditional_density,118,1008,onehot_l2,0.0,0.01,1e-06,frozen_default,9,"G=6,K=3",random_50k,full_background_50k,ipp,additive_kan_ipp,50000,True,6.568449312999292,0.5482025512176266,0.0168116442770828,0.1572918674971653,,,lbfgs,15.0,,,,,,,
NSW,sr,nsw54,pa_holdout,2,global_conditional_density,118,1008,onehot_l2,0.0,0.01,1e-06,frozen_default,9,"G=6,K=3",random_50k,full_background_50k,ipp,deep2_kan_ipp,50000,True,20.552182722,0.5442597603401623,0.0167717744474616,0.1147944367442865,,,lbfgs,12.0,0.0,1128.0075435610036,0.05,True,True,True,True
NZ,plant,nz01,pa_holdout,0,global_conditional_density,23,19120,onehot_l2,0.0,0.01,1e-06,frozen_default,9,"G=6,K=3",random_50k,full_background_50k,ipp,additive_kan_ipp,50000,True,26.48533812799724,0.8307728274664351,0.009549785467144,0.5769253079248045,,,lbfgs,15.0,,,,,,,
NZ,plant,nz01,pa_holdout,0,global_conditional_density,23,19120,onehot_l2,0.0,0.01,1e-06,frozen_default,9,"G=6,K=3",random_50k,full_background_50k,ipp,deep2_kan_ipp,50000,True,118.17681554799492,0.8021937650886952,0.013046376885055,0.4990581561637951,,,lbfgs,18.0,0.0,183.9446905577651,0.05,True,True,True,True
NZ,plant,nz01,pa_holdout,1,global_conditional_density,23,19120,onehot_l2,0.0,0.01,1e-06,frozen_default,9,"G=6,K=3",random_50k,full_background_50k,ipp,additive_kan_ipp,50000,True,31.63514512700204,0.8299736633682261,0.0094999629285792,0.5750027628629277,,,lbfgs,15.0,,,,,,,
NZ,plant,nz01,pa_holdout,1,global_conditional_density,23,19120,onehot_l2,0.0,0.01,1e-06,frozen_default,9,"G=6,K=3",random_50k,full_background_50k,ipp,deep2_kan_ipp,50000,True,118.365742865004,0.8706777547703337,0.0162135138520978,0.6932591743304896,,,lbfgs,18.0,0.0,186.7047798013904,0.05,True,True,True,True
NZ,plant,nz01,pa_holdout,2,global_conditional_density,23,19120,onehot_l2,0.0,0.01,1e-06,frozen_default,9,"G=6,K=3",random_50k,full_background_50k,ipp,additive_kan_ipp,50000,True,31.54472452000482,0.8308905153137335,0.0095544168357903,0.5684698085905201,,,lbfgs,15.0,,,,,,,
NZ,plant,nz01,pa_holdout,2,global_conditional_density,23,19120,onehot_l2,0.0,0.01,1e-06,frozen_default,9,"G=6,K=3",random_50k,full_background_50k,ipp,deep2_kan_ipp,50000,True,127.95540438400349,0.8496863777907129,0.0134455760267426,0.6291377385911622,,,lbfgs,18.0,0.0,186.7511657903304,0.05,True,True,True,True
NZ,plant,nz02,pa_holdout,0,global_conditional_density,80,19120,onehot_l2,0.0,0.01,1e-06,frozen_default,9,"G=6,K=3",random_50k,full_background_50k,ipp,additive_kan_ipp,50000,True,32.31356460599636,0.7488411800687487,0.4721149208174457,0.5253215748133465,,,lbfgs,15.0,,,,,,,
NZ,plant,nz02,pa_holdout,0,global_conditional_density,80,19120,onehot_l2,0.0,0.01,1e-06,frozen_default,9,"G=6,K=3",random_50k,full_background_50k,ipp,deep2_kan_ipp,50000,True,78.16387305999524,0.7183828047602925,0.4479227625237192,0.4652190786165495,,,lbfgs,12.0,0.0,735.1818320699704,0.05,True,True,True,True
NZ,plant,nz02,pa_holdout,1,global_conditional_density,80,19120,onehot_l2,0.0,0.01,1e-06,frozen_default,9,"G=6,K=3",random_50k,full_background_50k,ipp,additive_kan_ipp,50000,True,29.80151793200639,0.7487990168416037,0.4719349377530893,0.5252295779869421,,,lbfgs,15.0,,,,,,,
NZ,plant,nz02,pa_holdout,1,global_conditional_density,80,19120,onehot_l2,0.0,0.01,1e-06,frozen_default,9,"G=6,K=3",random_50k,full_background_50k,ipp,deep2_kan_ipp,50000,True,81.33437682999647,0.7252076740974825,0.4496628560619216,0.4759784635866929,,,lbfgs,12.0,0.0,735.4909843674553,0.05,True,True,True,True
NZ,plant,nz02,pa_holdout,2,global_conditional_density,80,19120,onehot_l2,0.0,0.01,1e-06,frozen_default,9,"G=6,K=3",random_50k,full_background_50k,ipp,additive_kan_ipp,50000,True,31.036397187010152,0.7487559479271605,0.4720120647439305,0.5251355025404183,,,lbfgs,15.0,,,,,,,
NZ,plant,nz02,pa_holdout,2,global_conditional_density,80,19120,onehot_l2,0.0,0.01,1e-06,frozen_default,9,"G=6,K=3",random_50k,full_background_50k,ipp,deep2_kan_ipp,50000,True,78.87857883500692,0.7288331821532228,0.4556041059978862,0.4830584141980827,,,lbfgs,12.0,0.0,736.1920966695209,0.05,True,True,True,True
NZ,plant,nz03,pa_holdout,0,global_conditional_density,32,19120,onehot_l2,0.0,0.01,1e-06,frozen_default,9,"G=6,K=3",random_50k,full_background_50k,ipp,additive_kan_ipp,50000,True,32.368709246002254,0.6328959073377523,0.0241121421678498,0.4070650278335173,,,lbfgs,15.0,,,,,,,
NZ,plant,nz03,pa_holdout,0,global_conditional_density,32,19120,onehot_l2,0.0,0.01,1e-06,frozen_default,9,"G=6,K=3",random_50k,full_background_50k,ipp,deep2_kan_ipp,50000,True,80.36947798301117,0.6306011456499603,0.0213015041984315,0.3857346270748187,,,lbfgs,12.0,0.0,268.0460072681865,0.05,True,True,True,True
NZ,plant,nz03,pa_holdout,1,global_conditional_density,32,19120,onehot_l2,0.0,0.01,1e-06,frozen_default,9,"G=6,K=3",random_50k,full_background_50k,ipp,additive_kan_ipp,50000,True,31.47457950300304,0.6328629961693837,0.0241030439568862,0.4078477781157447,,,lbfgs,15.0,,,,,,,
NZ,plant,nz03,pa_holdout,1,global_conditional_density,32,19120,onehot_l2,0.0,0.01,1e-06,frozen_default,9,"G=6,K=3",random_50k,full_background_50k,ipp,deep2_kan_ipp,50000,True,79.47097747599764,0.6337750012128374,0.0215280202745976,0.392715823423189,,,lbfgs,12.0,0.0,268.9103029707729,0.05,True,True,True,True
NZ,plant,nz03,pa_holdout,2,global_conditional_density,32,19120,onehot_l2,0.0,0.01,1e-06,frozen_default,9,"G=6,K=3",random_50k,full_background_50k,ipp,additive_kan_ipp,50000,True,32.31488342800003,0.6327189183878598,0.0241022589989246,0.4073736885620144,,,lbfgs,15.0,,,,,,,
NZ,plant,nz03,pa_holdout,2,global_conditional_density,32,19120,onehot_l2,0.0,0.01,1e-06,frozen_default,9,"G=6,K=3",random_50k,full_background_50k,ipp,deep2_kan_ipp,50000,True,84.57726804200502,0.6302990942602679,0.0214002737854087,0.3863096390684664,,,lbfgs,12.0,0.0,267.804668669647,0.05,True,True,True,True
NZ,plant,nz04,pa_holdout,0,global_conditional_density,48,19120,onehot_l2,0.0,0.01,1e-06,frozen_default,9,"G=6,K=3",random_50k,full_background_50k,ipp,additive_kan_ipp,50000,True,31.49987283999508,0.8102633144416326,0.2497400938614,0.6699264911742795,,,lbfgs,15.0,,,,,,,
NZ,plant,nz04,pa_holdout,0,global_conditional_density,48,19120,onehot_l2,0.0,0.01,1e-06,frozen_default,9,"G=6,K=3",random_50k,full_background_50k,ipp,deep2_kan_ipp,50000,True,91.4280347009917,0.824137540229921,0.2573787946812708,0.6889668170288749,,,lbfgs,12.0,0.0,429.01864240650616,0.05,True,True,True,True
NZ,plant,nz04,pa_holdout,1,global_conditional_density,48,19120,onehot_l2,0.0,0.01,1e-06,frozen_default,9,"G=6,K=3",random_50k,full_background_50k,ipp,additive_kan_ipp,50000,True,35.104418410992366,0.8104488486555053,0.2498593910229837,0.6702403606016973,,,lbfgs,15.0,,,,,,,
NZ,plant,nz04,pa_holdout,1,global_conditional_density,48,19120,onehot_l2,0.0,0.01,1e-06,frozen_default,9,"G=6,K=3",random_50k,full_background_50k,ipp,deep2_kan_ipp,50000,True,80.54869495199819,0.8225098711343956,0.2552046272136709,0.686301678554994,,,lbfgs,12.0,0.0,429.3592427756778,0.05,True,True,True,True
NZ,plant,nz04,pa_holdout,2,global_conditional_density,48,19120,onehot_l2,0.0,0.01,1e-06,frozen_default,9,"G=6,K=3",random_50k,full_background_50k,ipp,additive_kan_ipp,50000,True,39.38412091899954,0.8106752231215302,0.2498969208092025,0.6705028243570463,,,lbfgs,15.0,,,,,,,
NZ,plant,nz04,pa_holdout,2,global_conditional_density,48,19120,onehot_l2,0.0,0.01,1e-06,frozen_default,9,"G=6,K=3",random_50k,full_background_50k,ipp,deep2_kan_ipp,50000,True,92.74136371498751,0.8231470180252901,0.2565739596301117,0.6868747465511982,,,lbfgs,12.0,0.0,429.32523272371714,0.05,True,True,True,True
NZ,plant,nz05,pa_holdout,0,global_conditional_density,211,19120,onehot_l2,0.0,0.01,1e-06,frozen_default,9,"G=6,K=3",random_50k,full_background_50k,ipp,additive_kan_ipp,50000,True,36.1048994330049,0.7277778447308552,0.2993397512680038,0.4914200372899611,,,lbfgs,15.0,,,,,,,
NZ,plant,nz05,pa_holdout,0,global_conditional_density,211,19120,onehot_l2,0.0,0.01,1e-06,frozen_default,9,"G=6,K=3",random_50k,full_background_50k,ipp,deep2_kan_ipp,50000,True,87.2897240339953,0.7238948690966636,0.2963469175755771,0.4846430851777445,,,lbfgs,12.0,0.0,2050.500643131129,0.05,True,True,True,True
NZ,plant,nz05,pa_holdout,1,global_conditional_density,211,19120,onehot_l2,0.0,0.01,1e-06,frozen_default,9,"G=6,K=3",random_50k,full_background_50k,ipp,additive_kan_ipp,50000,True,42.68568236600549,0.727746888396828,0.2993500203584912,0.4913914978388631,,,lbfgs,15.0,,,,,,,
NZ,plant,nz05,pa_holdout,1,global_conditional_density,211,19120,onehot_l2,0.0,0.01,1e-06,frozen_default,9,"G=6,K=3",random_50k,full_background_50k,ipp,deep2_kan_ipp,50000,True,101.48196436800936,0.7229807227120255,0.2955379276032552,0.4829142504571377,,,lbfgs,12.0,0.0,2049.9036789280776,0.05,True,True,True,True
NZ,plant,nz05,pa_holdout,2,global_conditional_density,211,19120,onehot_l2,0.0,0.01,1e-06,frozen_default,9,"G=6,K=3",random_50k,full_background_50k,ipp,additive_kan_ipp,50000,True,41.673939854998025,0.7276030095864757,0.2992166953860912,0.4911197204244849,,,lbfgs,15.0,,,,,,,
NZ,plant,nz05,pa_holdout,2,global_conditional_density,211,19120,onehot_l2,0.0,0.01,1e-06,frozen_default,9,"G=6,K=3",random_50k,full_background_50k,ipp,deep2_kan_ipp,50000,True,105.0004378050071,0.7212385625350364,0.2945221125241951,0.4800717723129961,,,lbfgs,12.0,0.0,2049.5895067619176,0.05,True,True,True,True
NZ,plant,nz06,pa_holdout,0,global_conditional_density,35,19120,onehot_l2,0.0,0.01,1e-06,frozen_default,9,"G=6,K=3",random_50k,full_background_50k,ipp,additive_kan_ipp,50000,True,40.06884509998781,0.6375083439267778,0.1020796657832775,0.2827781064674444,,,lbfgs,15.0,,,,,,,
NZ,plant,nz06,pa_holdout,0,global_conditional_density,35,19120,onehot_l2,0.0,0.01,1e-06,frozen_default,9,"G=6,K=3",random_50k,full_background_50k,ipp,deep2_kan_ipp,50000,True,103.17434296499414,0.6493978141495609,0.1032819157563795,0.2863913219254382,,,lbfgs,12.0,0.0,286.29435378440303,0.05,True,True,True,True
NZ,plant,nz06,pa_holdout,1,global_conditional_density,35,19120,onehot_l2,0.0,0.01,1e-06,frozen_default,9,"G=6,K=3",random_50k,full_background_50k,ipp,additive_kan_ipp,50000,True,21.143767871000023,0.6369881455131615,0.1019916869739796,0.2819417914282889,,,lbfgs,15.0,,,,,,,
NZ,plant,nz06,pa_holdout,1,global_conditional_density,35,19120,onehot_l2,0.0,0.01,1e-06,frozen_default,9,"G=6,K=3",random_50k,full_background_50k,ipp,deep2_kan_ipp,50000,True,53.17776302200002,0.6444010139193678,0.1032862537181286,0.2852993199843647,,,lbfgs,12.0,0.0,286.1232750616981,0.05,True,True,True,True
NZ,plant,nz06,pa_holdout,2,global_conditional_density,35,19120,onehot_l2,0.0,0.01,1e-06,frozen_default,9,"G=6,K=3",random_50k,full_background_50k,ipp,additive_kan_ipp,50000,True,25.58222842500004,0.6370706620070276,0.1020062414191155,0.2821144106491272,,,lbfgs,15.0,,,,,,,
NZ,plant,nz06,pa_holdout,2,global_conditional_density,35,19120,onehot_l2,0.0,0.01,1e-06,frozen_default,9,"G=6,K=3",random_50k,full_background_50k,ipp,deep2_kan_ipp,50000,True,55.78930410500004,0.6494923472103766,0.1036837548610272,0.2875582045845725,,,lbfgs,12.0,0.0,286.1243500174254,0.05,True,True,True,True
NZ,plant,nz07,pa_holdout,0,global_conditional_density,65,19120,onehot_l2,0.0,0.01,1e-06,frozen_default,9,"G=6,K=3",random_50k,full_background_50k,ipp,additive_kan_ipp,50000,True,24.17899540999997,0.893800637982418,0.114392117359079,0.8376093564256583,,,lbfgs,15.0,,,,,,,
NZ,plant,nz07,pa_holdout,0,global_conditional_density,65,19120,onehot_l2,0.0,0.01,1e-06,frozen_default,9,"G=6,K=3",random_50k,full_background_50k,ipp,deep2_kan_ipp,50000,True,55.04022222399999,0.9031657007073718,0.1930378841315628,0.8528945221119789,,,lbfgs,12.0,0.0,623.0540965761774,0.05,True,True,True,True
NZ,plant,nz07,pa_holdout,1,global_conditional_density,65,19120,onehot_l2,0.0,0.01,1e-06,frozen_default,9,"G=6,K=3",random_50k,full_background_50k,ipp,additive_kan_ipp,50000,True,22.214458966999928,0.8935497880879997,0.114638502700368,0.8377929844522495,,,lbfgs,15.0,,,,,,,
NZ,plant,nz07,pa_holdout,1,global_conditional_density,65,19120,onehot_l2,0.0,0.01,1e-06,frozen_default,9,"G=6,K=3",random_50k,full_background_50k,ipp,deep2_kan_ipp,50000,True,62.45872326000017,0.903112036302098,0.1825972601191232,0.8547048625195137,,,lbfgs,12.0,0.0,623.5677615886541,0.05,True,True,True,True
NZ,plant,nz07,pa_holdout,2,global_conditional_density,65,19120,onehot_l2,0.0,0.01,1e-06,frozen_default,9,"G=6,K=3",random_50k,full_background_50k,ipp,additive_kan_ipp,50000,True,26.958415762999948,0.8936458848137221,0.1155221835922048,0.837635003634202,,,lbfgs,15.0,,,,,,,
NZ,plant,nz07,pa_holdout,2,global_conditional_density,65,19120,onehot_l2,0.0,0.01,1e-06,frozen_default,9,"G=6,K=3",random_50k,full_background_50k,ipp,deep2_kan_ipp,50000,True,67.75578847299994,0.9048118251389036,0.1871984469177732,0.8559319544980662,,,lbfgs,12.0,0.0,623.6699034215138,0.05,True,True,True,True
NZ,plant,nz08,pa_holdout,0,global_conditional_density,124,19120,onehot_l2,0.0,0.01,1e-06,frozen_default,9,"G=6,K=3",random_50k,full_background_50k,ipp,additive_kan_ipp,50000,True,27.10467153600007,0.7803385775790307,0.2637446362206694,0.629575103525631,,,lbfgs,15.0,,,,,,,
NZ,plant,nz08,pa_holdout,0,global_conditional_density,124,19120,onehot_l2,0.0,0.01,1e-06,frozen_default,9,"G=6,K=3",random_50k,full_background_50k,ipp,deep2_kan_ipp,50000,True,70.22525207299987,0.7521771122232314,0.2502020145196058,0.5870722680133226,,,lbfgs,12.0,0.0,1221.8066441293345,0.05,True,True,True,True
NZ,plant,nz08,pa_holdout,1,global_conditional_density,124,19120,onehot_l2,0.0,0.01,1e-06,frozen_default,9,"G=6,K=3",random_50k,full_background_50k,ipp,additive_kan_ipp,50000,True,25.86957279299986,0.7802505880832414,0.2637061246907516,0.6294339295822113,,,lbfgs,15.0,,,,,,,
NZ,plant,nz08,pa_holdout,1,global_conditional_density,124,19120,onehot_l2,0.0,0.01,1e-06,frozen_default,9,"G=6,K=3",random_50k,full_background_50k,ipp,deep2_kan_ipp,50000,True,69.21564795900008,0.7512791171281403,0.2498030535692618,0.5857891020888446,,,lbfgs,12.0,0.0,1221.709307199391,0.05,True,True,True,True
NZ,plant,nz08,pa_holdout,2,global_conditional_density,124,19120,onehot_l2,0.0,0.01,1e-06,frozen_default,9,"G=6,K=3",random_50k,full_background_50k,ipp,additive_kan_ipp,50000,True,27.20491731600009,0.7802544690135598,0.2637306713978856,0.6295016964091272,,,lbfgs,15.0,,,,,,,
NZ,plant,nz08,pa_holdout,2,global_conditional_density,124,19120,onehot_l2,0.0,0.01,1e-06,frozen_default,9,"G=6,K=3",random_50k,full_background_50k,ipp,deep2_kan_ipp,50000,True,67.35724898100011,0.7520761428092345,0.2509757733429206,0.587541193100947,,,lbfgs,12.0,0.0,1221.7529644703209,0.05,True,True,True,True
NZ,plant,nz09,pa_holdout,0,global_conditional_density,36,19120,onehot_l2,0.0,0.01,1e-06,frozen_default,9,"G=6,K=3",random_50k,full_background_50k,ipp,additive_kan_ipp,50000,True,28.241950937999945,0.7904686055077507,0.0375694087244907,0.6463524515393997,,,lbfgs,15.0,,,,,,,
NZ,plant,nz09,pa_holdout,0,global_conditional_density,36,19120,onehot_l2,0.0,0.01,1e-06,frozen_default,9,"G=6,K=3",random_50k,full_background_50k,ipp,deep2_kan_ipp,50000,True,58.84320779900008,0.7863878015234872,0.031194352165275,0.6141488192093609,,,lbfgs,12.0,0.0,321.9467102422724,0.05,True,True,True,True
NZ,plant,nz09,pa_holdout,1,global_conditional_density,36,19120,onehot_l2,0.0,0.01,1e-06,frozen_default,9,"G=6,K=3",random_50k,full_background_50k,ipp,additive_kan_ipp,50000,True,22.4103918159999,0.7907245282205608,0.0376545933280596,0.6464523467689559,,,lbfgs,15.0,,,,,,,
NZ,plant,nz09,pa_holdout,1,global_conditional_density,36,19120,onehot_l2,0.0,0.01,1e-06,frozen_default,9,"G=6,K=3",random_50k,full_background_50k,ipp,deep2_kan_ipp,50000,True,66.71467909599983,0.7767026574818576,0.0287229381122403,0.5854988113369425,,,lbfgs,12.0,0.0,322.690667297585,0.05,True,True,True,True
NZ,plant,nz09,pa_holdout,2,global_conditional_density,36,19120,onehot_l2,0.0,0.01,1e-06,frozen_default,9,"G=6,K=3",random_50k,full_background_50k,ipp,additive_kan_ipp,50000,True,27.24166622599978,0.7902996230466606,0.0375140513858083,0.6456265081919426,,,lbfgs,15.0,,,,,,,
NZ,plant,nz09,pa_holdout,2,global_conditional_density,36,19120,onehot_l2,0.0,0.01,1e-06,frozen_default,9,"G=6,K=3",random_50k,full_background_50k,ipp,deep2_kan_ipp,50000,True,71.94128586600004,0.7917837298788419,0.0319760103230408,0.6261970887044923,,,lbfgs,12.0,0.0,321.7122459787484,0.05,True,True,True,True
NZ,plant,nz10,pa_holdout,0,global_conditional_density,27,19120,onehot_l2,0.0,0.01,1e-06,frozen_default,9,"G=6,K=3",random_50k,full_background_50k,ipp,additive_kan_ipp,50000,True,23.777987463000045,0.617390935872513,0.0828650419264932,0.3100322811772627,,,lbfgs,15.0,,,,,,,
NZ,plant,nz10,pa_holdout,0,global_conditional_density,27,19120,onehot_l2,0.0,0.01,1e-06,frozen_default,9,"G=6,K=3",random_50k,full_background_50k,ipp,deep2_kan_ipp,50000,True,109.24145818099989,0.6219324709688038,0.1122039536315826,0.3918553024564918,,,lbfgs,18.0,0.0,222.64589596984527,0.05,True,True,True,True
NZ,plant,nz10,pa_holdout,1,global_conditional_density,27,19120,onehot_l2,0.0,0.01,1e-06,frozen_default,9,"G=6,K=3",random_50k,full_background_50k,ipp,additive_kan_ipp,50000,True,28.75005456400004,0.6159550723594212,0.0818709960985537,0.3038785059392262,,,lbfgs,15.0,,,,,,,
NZ,plant,nz10,pa_holdout,1,global_conditional_density,27,19120,onehot_l2,0.0,0.01,1e-06,frozen_default,9,"G=6,K=3",random_50k,full_background_50k,ipp,deep2_kan_ipp,50000,True,99.38803110900017,0.6226215547418478,0.1131623376857916,0.396053505368578,,,lbfgs,18.0,0.0,222.51804271108128,0.05,True,True,True,True
NZ,plant,nz10,pa_holdout,2,global_conditional_density,27,19120,onehot_l2,0.0,0.01,1e-06,frozen_default,9,"G=6,K=3",random_50k,full_background_50k,ipp,additive_kan_ipp,50000,True,26.724382333999984,0.6148177600293483,0.0815617649338591,0.3011196384762717,,,lbfgs,15.0,,,,,,,
NZ,plant,nz10,pa_holdout,2,global_conditional_density,27,19120,onehot_l2,0.0,0.01,1e-06,frozen_default,9,"G=6,K=3",random_50k,full_background_50k,ipp,deep2_kan_ipp,50000,True,98.99896796599978,0.6219285602858033,0.1141623095427644,0.3966789936783967,,,lbfgs,18.0,0.0,222.35145026544987,0.05,True,True,True,True
NZ,plant,nz11,pa_holdout,0,global_conditional_density,21,19120,onehot_l2,0.0,0.01,1e-06,frozen_default,9,"G=6,K=3",random_50k,full_background_50k,ipp,additive_kan_ipp,50000,True,27.71243735400003,0.7957320003562711,0.1130516764454186,0.6355794781525903,,,lbfgs,15.0,,,,,,,
NZ,plant,nz11,pa_holdout,0,global_conditional_density,21,19120,onehot_l2,0.0,0.01,1e-06,frozen_default,9,"G=6,K=3",random_50k,full_background_50k,ipp,deep2_kan_ipp,50000,True,102.91274245800014,0.828159434148535,0.1239709481394392,0.6914965262670605,,,lbfgs,18.0,0.0,179.2135350462789,0.05,True,True,True,True
NZ,plant,nz11,pa_holdout,1,global_conditional_density,21,19120,onehot_l2,0.0,0.01,1e-06,frozen_default,9,"G=6,K=3",random_50k,full_background_50k,ipp,additive_kan_ipp,50000,True,29.370883564999986,0.7963846991656189,0.113227850193789,0.6365270671531633,,,lbfgs,15.0,,,,,,,
NZ,plant,nz11,pa_holdout,1,global_conditional_density,21,19120,onehot_l2,0.0,0.01,1e-06,frozen_default,9,"G=6,K=3",random_50k,full_background_50k,ipp,deep2_kan_ipp,50000,True,100.08591068500029,0.8281464374459524,0.1244800560725478,0.6914680893373457,,,lbfgs,18.0,0.0,179.22963288717708,0.05,True,True,True,True
NZ,plant,nz11,pa_holdout,2,global_conditional_density,21,19120,onehot_l2,0.0,0.01,1e-06,frozen_default,9,"G=6,K=3",random_50k,full_background_50k,ipp,additive_kan_ipp,50000,True,29.58092258399984,0.7962780821478247,0.1133286702089365,0.6364769215267221,,,lbfgs,15.0,,,,,,,
NZ,plant,nz11,pa_holdout,2,global_conditional_density,21,19120,onehot_l2,0.0,0.01,1e-06,frozen_default,9,"G=6,K=3",random_50k,full_background_50k,ipp,deep2_kan_ipp,50000,True,98.89710010699991,0.8255081802494324,0.1196485876640837,0.6826061014529542,,,lbfgs,18.0,0.0,179.5892823546889,0.05,True,True,True,True
NZ,plant,nz12,pa_holdout,0,global_conditional_density,25,19120,onehot_l2,0.0,0.01,1e-06,frozen_default,9,"G=6,K=3",random_50k,full_background_50k,ipp,additive_kan_ipp,50000,True,28.05307172999983,0.5408699461637518,0.2188506271930842,0.1128965505692714,,,lbfgs,15.0,,,,,,,
NZ,plant,nz12,pa_holdout,0,global_conditional_density,25,19120,onehot_l2,0.0,0.01,1e-06,frozen_default,9,"G=6,K=3",random_50k,full_background_50k,ipp,deep2_kan_ipp,50000,True,104.40215267799977,0.5081205917178143,0.203780350220607,0.0329952393833173,,,lbfgs,18.0,0.0,194.9372005774181,0.05,True,True,True,True
NZ,plant,nz12,pa_holdout,1,global_conditional_density,25,19120,onehot_l2,0.0,0.01,1e-06,frozen_default,9,"G=6,K=3",random_50k,full_background_50k,ipp,additive_kan_ipp,50000,True,30.74095354200017,0.5408028550117674,0.2187600354250807,0.1125453247460105,,,lbfgs,15.0,,,,,,,
NZ,plant,nz12,pa_holdout,1,global_conditional_density,25,19120,onehot_l2,0.0,0.01,1e-06,frozen_default,9,"G=6,K=3",random_50k,full_background_50k,ipp,deep2_kan_ipp,50000,True,104.89584382400017,0.5378684668639868,0.2112908377726566,0.0898583309355619,,,lbfgs,18.0,0.0,202.02350518655564,0.05,True,True,True,True
NZ,plant,nz12,pa_holdout,2,global_conditional_density,25,19120,onehot_l2,0.0,0.01,1e-06,frozen_default,9,"G=6,K=3",random_50k,full_background_50k,ipp,additive_kan_ipp,50000,True,28.149654584000015,0.5408221334773675,0.2188357534966345,0.1127790763430771,,,lbfgs,15.0,,,,,,,
NZ,plant,nz12,pa_holdout,2,global_conditional_density,25,19120,onehot_l2,0.0,0.01,1e-06,frozen_default,9,"G=6,K=3",random_50k,full_background_50k,ipp,deep2_kan_ipp,50000,True,98.1578682180002,0.5173869622595798,0.2072752427384765,0.0557654028855752,,,lbfgs,18.0,0.0,194.77203932836363,0.05,True,True,True,True
NZ,plant,nz13,pa_holdout,0,global_conditional_density,21,19120,onehot_l2,0.0,0.01,1e-06,frozen_default,9,"G=6,K=3",random_50k,full_background_50k,ipp,additive_kan_ipp,50000,True,27.020041384999782,0.7131953002683574,0.2477590379211123,0.4591290014683809,,,lbfgs,15.0,,,,,,,
NZ,plant,nz13,pa_holdout,0,global_conditional_density,21,19120,onehot_l2,0.0,0.01,1e-06,frozen_default,9,"G=6,K=3",random_50k,full_background_50k,ipp,deep2_kan_ipp,50000,True,94.68681129600007,0.6267370347196151,0.2224890615530552,0.3086692326330201,,,lbfgs,18.0,0.0,162.34175030601048,0.05,True,True,True,True
NZ,plant,nz13,pa_holdout,1,global_conditional_density,21,19120,onehot_l2,0.0,0.01,1e-06,frozen_default,9,"G=6,K=3",random_50k,full_background_50k,ipp,additive_kan_ipp,50000,True,29.321776623000005,0.7137798022775622,0.2479187411763406,0.4599603412756696,,,lbfgs,15.0,,,,,,,
NZ,plant,nz13,pa_holdout,1,global_conditional_density,21,19120,onehot_l2,0.0,0.01,1e-06,frozen_default,9,"G=6,K=3",random_50k,full_background_50k,ipp,deep2_kan_ipp,50000,True,90.56231492200004,0.6102819894603652,0.2187287961765009,0.2817934910060373,,,lbfgs,18.0,0.0,163.30797673912613,0.05,True,True,True,True
NZ,plant,nz13,pa_holdout,2,global_conditional_density,21,19120,onehot_l2,0.0,0.01,1e-06,frozen_default,9,"G=6,K=3",random_50k,full_background_50k,ipp,additive_kan_ipp,50000,True,26.35522118500012,0.713398128450062,0.247733148304465,0.4593611347540185,,,lbfgs,15.0,,,,,,,
NZ,plant,nz13,pa_holdout,2,global_conditional_density,21,19120,onehot_l2,0.0,0.01,1e-06,frozen_default,9,"G=6,K=3",random_50k,full_background_50k,ipp,deep2_kan_ipp,50000,True,90.57575978800014,0.6191727026237851,0.2183874928931737,0.2932470957898631,,,lbfgs,18.0,0.0,163.2656927083011,0.05,True,True,True,True
NZ,plant,nz14,pa_holdout,0,global_conditional_density,19,19120,onehot_l2,0.0,0.01,1e-06,frozen_default,9,"G=6,K=3",random_50k,full_background_50k,ipp,additive_kan_ipp,50000,True,26.03825821800001,0.4350607517101743,0.2994058855116832,-0.1280142174158018,,,lbfgs,15.0,,,,,,,
NZ,plant,nz14,pa_holdout,0,global_conditional_density,19,19120,onehot_l2,0.0,0.01,1e-06,frozen_default,9,"G=6,K=3",random_50k,full_background_50k,ipp,deep2_kan_ipp,50000,True,97.57003131700004,0.4785772608731319,0.3216695829745889,-0.0423957562079083,,,lbfgs,18.0,0.0,160.53020699020965,0.05,True,True,True,True
NZ,plant,nz14,pa_holdout,1,global_conditional_density,19,19120,onehot_l2,0.0,0.01,1e-06,frozen_default,9,"G=6,K=3",random_50k,full_background_50k,ipp,additive_kan_ipp,50000,True,24.43571615000019,0.4350606905639487,0.2993976716998912,-0.128052223417618,,,lbfgs,15.0,,,,,,,
NZ,plant,nz14,pa_holdout,1,global_conditional_density,19,19120,onehot_l2,0.0,0.01,1e-06,frozen_default,9,"G=6,K=3",random_50k,full_background_50k,ipp,deep2_kan_ipp,50000,True,95.58665950600016,0.4960592969680913,0.3310752423645172,0.0011940932925294,,,lbfgs,18.0,0.0,161.361710553235,0.05,True,True,True,True
NZ,plant,nz14,pa_holdout,2,global_conditional_density,19,19120,onehot_l2,0.0,0.01,1e-06,frozen_default,9,"G=6,K=3",random_50k,full_background_50k,ipp,additive_kan_ipp,50000,True,25.94734715300001,0.4348562420439588,0.2993311078352016,-0.1283987550267701,,,lbfgs,15.0,,,,,,,
NZ,plant,nz14,pa_holdout,2,global_conditional_density,19,19120,onehot_l2,0.0,0.01,1e-06,frozen_default,9,"G=6,K=3",random_50k,full_background_50k,ipp,deep2_kan_ipp,50000,True,93.54714569599992,0.4795872497694665,0.3259587834220325,-0.0364481268767778,,,lbfgs,18.0,0.0,161.91490859707156,0.05,True,True,True,True
NZ,plant,nz15,pa_holdout,0,global_conditional_density,32,19120,onehot_l2,0.0,0.01,1e-06,frozen_default,9,"G=6,K=3",random_50k,full_background_50k,ipp,additive_kan_ipp,50000,True,24.94567079699982,0.9066720600462932,0.0393507318137293,0.8516596888847365,,,lbfgs,15.0,,,,,,,
NZ,plant,nz15,pa_holdout,0,global_conditional_density,32,19120,onehot_l2,0.0,0.01,1e-06,frozen_default,9,"G=6,K=3",random_50k,full_background_50k,ipp,deep2_kan_ipp,50000,True,67.11497663099999,0.8093140669827787,0.0375508765807379,0.7399081746026854,,,lbfgs,12.0,0.0,258.52586527072145,0.05,True,True,True,True
NZ,plant,nz15,pa_holdout,1,global_conditional_density,32,19120,onehot_l2,0.0,0.01,1e-06,frozen_default,9,"G=6,K=3",random_50k,full_background_50k,ipp,additive_kan_ipp,50000,True,25.73538948400028,0.9069288876475554,0.0393718383312395,0.8565696970719074,,,lbfgs,15.0,,,,,,,
NZ,plant,nz15,pa_holdout,1,global_conditional_density,32,19120,onehot_l2,0.0,0.01,1e-06,frozen_default,9,"G=6,K=3",random_50k,full_background_50k,ipp,deep2_kan_ipp,50000,True,71.98159295200003,0.8631783057725213,0.0401583016748141,0.8041445773969547,,,lbfgs,12.0,0.0,258.9811210081315,0.05,True,True,True,True
NZ,plant,nz15,pa_holdout,2,global_conditional_density,32,19120,onehot_l2,0.0,0.01,1e-06,frozen_default,9,"G=6,K=3",random_50k,full_background_50k,ipp,additive_kan_ipp,50000,True,25.64402360200029,0.9068368577571032,0.039190731583736,0.8516093743328379,,,lbfgs,15.0,,,,,,,
NZ,plant,nz15,pa_holdout,2,global_conditional_density,32,19120,onehot_l2,0.0,0.01,1e-06,frozen_default,9,"G=6,K=3",random_50k,full_background_50k,ipp,deep2_kan_ipp,50000,True,70.25069886999972,0.8423142735149747,0.0412027246316699,0.7792516389814517,,,lbfgs,12.0,0.0,258.2756648200206,0.05,True,True,True,True
NZ,plant,nz16,pa_holdout,0,global_conditional_density,40,19120,onehot_l2,0.0,0.01,1e-06,frozen_default,9,"G=6,K=3",random_50k,full_background_50k,ipp,additive_kan_ipp,50000,True,28.660119912000027,0.5575877005013963,0.0661669818058316,0.1448157525463129,,,lbfgs,15.0,,,,,,,
NZ,plant,nz16,pa_holdout,0,global_conditional_density,40,19120,onehot_l2,0.0,0.01,1e-06,frozen_default,9,"G=6,K=3",random_50k,full_background_50k,ipp,deep2_kan_ipp,50000,True,66.89811003100021,0.5503536248059007,0.0647188392576748,0.1266183598682778,,,lbfgs,12.0,0.0,380.1999588778077,0.05,True,True,True,True
NZ,plant,nz16,pa_holdout,1,global_conditional_density,40,19120,onehot_l2,0.0,0.01,1e-06,frozen_default,9,"G=6,K=3",random_50k,full_background_50k,ipp,additive_kan_ipp,50000,True,29.54469355400033,0.557624501906741,0.0661708932840397,0.144868552838356,,,lbfgs,15.0,,,,,,,
NZ,plant,nz16,pa_holdout,1,global_conditional_density,40,19120,onehot_l2,0.0,0.01,1e-06,frozen_default,9,"G=6,K=3",random_50k,full_background_50k,ipp,deep2_kan_ipp,50000,True,66.4594834770005,0.5068446791080563,0.061555366662332,0.0580100111877871,,,lbfgs,12.0,0.0,377.8149615789509,0.05,True,True,True,True
NZ,plant,nz16,pa_holdout,2,global_conditional_density,40,19120,onehot_l2,0.0,0.01,1e-06,frozen_default,9,"G=6,K=3",random_50k,full_background_50k,ipp,additive_kan_ipp,50000,True,29.42499342199972,0.5575851519276189,0.066166587191735,0.1448686588452234,,,lbfgs,15.0,,,,,,,
NZ,plant,nz16,pa_holdout,2,global_conditional_density,40,19120,onehot_l2,0.0,0.01,1e-06,frozen_default,9,"G=6,K=3",random_50k,full_background_50k,ipp,deep2_kan_ipp,50000,True,67.4517079240004,0.5139524984586226,0.0628475514010414,0.0736006566950299,,,lbfgs,12.0,0.0,379.014336461228,0.05,True,True,True,True
NZ,plant,nz17,pa_holdout,0,global_conditional_density,94,19120,onehot_l2,0.0,0.01,1e-06,frozen_default,9,"G=6,K=3",random_50k,full_background_50k,ipp,additive_kan_ipp,50000,True,28.53142461699917,0.666745517970831,0.3999498816628491,0.3564104080728473,,,lbfgs,15.0,,,,,,,
NZ,plant,nz17,pa_holdout,0,global_conditional_density,94,19120,onehot_l2,0.0,0.01,1e-06,frozen_default,9,"G=6,K=3",random_50k,full_background_50k,ipp,deep2_kan_ipp,50000,True,69.4088462159998,0.6614487366823079,0.3991540946979915,0.345464478551468,,,lbfgs,12.0,0.0,931.4705802902612,0.05,True,True,True,True
NZ,plant,nz17,pa_holdout,1,global_conditional_density,94,19120,onehot_l2,0.0,0.01,1e-06,frozen_default,9,"G=6,K=3",random_50k,full_background_50k,ipp,additive_kan_ipp,50000,True,25.874524142000155,0.6672218301965198,0.4006106939783651,0.3573937711496528,,,lbfgs,15.0,,,,,,,
NZ,plant,nz17,pa_holdout,1,global_conditional_density,94,19120,onehot_l2,0.0,0.01,1e-06,frozen_default,9,"G=6,K=3",random_50k,full_background_50k,ipp,deep2_kan_ipp,50000,True,68.73791879100008,0.6595923781587462,0.4004132520341202,0.3414583221530614,,,lbfgs,12.0,0.0,931.5900244558204,0.05,True,True,True,True
NZ,plant,nz17,pa_holdout,2,global_conditional_density,94,19120,onehot_l2,0.0,0.01,1e-06,frozen_default,9,"G=6,K=3",random_50k,full_background_50k,ipp,additive_kan_ipp,50000,True,26.341522536999943,0.6667988891925019,0.4001453045770323,0.356480792843686,,,lbfgs,15.0,,,,,,,
NZ,plant,nz17,pa_holdout,2,global_conditional_density,94,19120,onehot_l2,0.0,0.01,1e-06,frozen_default,9,"G=6,K=3",random_50k,full_background_50k,ipp,deep2_kan_ipp,50000,True,77.02786812500017,0.6620448881757893,0.4012427984893413,0.3457356497088127,,,lbfgs,12.0,0.0,931.2320341968274,0.05,True,True,True,True
NZ,plant,nz18,pa_holdout,0,global_conditional_density,43,19120,onehot_l2,0.0,0.01,1e-06,frozen_default,9,"G=6,K=3",random_50k,full_background_50k,ipp,additive_kan_ipp,50000,True,32.51250693200018,0.9450047412839396,0.280513586773961,0.912171632535172,,,lbfgs,15.0,,,,,,,
NZ,plant,nz18,pa_holdout,0,global_conditional_density,43,19120,onehot_l2,0.0,0.01,1e-06,frozen_default,9,"G=6,K=3",random_50k,full_background_50k,ipp,deep2_kan_ipp,50000,True,68.70616609999979,0.9395739692975524,0.2862704180126786,0.9079662378049084,,,lbfgs,12.0,0.0,369.8896345499148,0.05,True,True,True,True
NZ,plant,nz18,pa_holdout,1,global_conditional_density,43,19120,onehot_l2,0.0,0.01,1e-06,frozen_default,9,"G=6,K=3",random_50k,full_background_50k,ipp,additive_kan_ipp,50000,True,30.337423135999416,0.9449972605915016,0.2805654454998068,0.9121624447718294,,,lbfgs,15.0,,,,,,,
NZ,plant,nz18,pa_holdout,1,global_conditional_density,43,19120,onehot_l2,0.0,0.01,1e-06,frozen_default,9,"G=6,K=3",random_50k,full_background_50k,ipp,deep2_kan_ipp,50000,True,74.97518832999958,0.9394791436187586,0.2841759047861866,0.907486857082734,,,lbfgs,12.0,0.0,369.9677322025816,0.05,True,True,True,True
NZ,plant,nz18,pa_holdout,2,global_conditional_density,43,19120,onehot_l2,0.0,0.01,1e-06,frozen_default,9,"G=6,K=3",random_50k,full_background_50k,ipp,additive_kan_ipp,50000,True,27.90538539800036,0.9450311871121369,0.2805732376995962,0.9121940996869204,,,lbfgs,15.0,,,,,,,
NZ,plant,nz18,pa_holdout,2,global_conditional_density,43,19120,onehot_l2,0.0,0.01,1e-06,frozen_default,9,"G=6,K=3",random_50k,full_background_50k,ipp,deep2_kan_ipp,50000,True,68.11938903699956,0.9408976304116488,0.2870868364402774,0.9099809344625014,,,lbfgs,12.0,0.0,369.84949856694345,0.05,True,True,True,True
NZ,plant,nz19,pa_holdout,0,global_conditional_density,127,19120,onehot_l2,0.0,0.01,1e-06,frozen_default,9,"G=6,K=3",random_50k,full_background_50k,ipp,additive_kan_ipp,50000,True,28.28944206000051,0.6549954967248908,0.0650419322309863,0.3528033275797034,,,lbfgs,15.0,,,,,,,
NZ,plant,nz19,pa_holdout,0,global_conditional_density,127,19120,onehot_l2,0.0,0.01,1e-06,frozen_default,9,"G=6,K=3",random_50k,full_background_50k,ipp,deep2_kan_ipp,50000,True,70.71904658899984,0.6557703329694323,0.0637618486866227,0.3483797603986015,,,lbfgs,12.0,0.0,1238.9302380941222,0.05,True,True,True,True
NZ,plant,nz19,pa_holdout,1,global_conditional_density,127,19120,onehot_l2,0.0,0.01,1e-06,frozen_default,9,"G=6,K=3",random_50k,full_background_50k,ipp,additive_kan_ipp,50000,True,28.3953391619998,0.6550524699781659,0.0650379513932446,0.3527630201434985,,,lbfgs,15.0,,,,,,,
NZ,plant,nz19,pa_holdout,1,global_conditional_density,127,19120,onehot_l2,0.0,0.01,1e-06,frozen_default,9,"G=6,K=3",random_50k,full_background_50k,ipp,deep2_kan_ipp,50000,True,78.31827978900037,0.6567647379912663,0.0627536934872993,0.3394292757403556,,,lbfgs,12.0,0.0,1241.028879700689,0.05,True,True,True,True
NZ,plant,nz19,pa_holdout,2,global_conditional_density,127,19120,onehot_l2,0.0,0.01,1e-06,frozen_default,9,"G=6,K=3",random_50k,full_background_50k,ipp,additive_kan_ipp,50000,True,32.37304536800002,0.6550329557860262,0.0650427227818681,0.3528606617670172,,,lbfgs,15.0,,,,,,,
NZ,plant,nz19,pa_holdout,2,global_conditional_density,127,19120,onehot_l2,0.0,0.01,1e-06,frozen_default,9,"G=6,K=3",random_50k,full_background_50k,ipp,deep2_kan_ipp,50000,True,66.54608713200014,0.6518289437772925,0.0613760370559114,0.3225095112766795,,,lbfgs,12.0,0.0,1238.3946925942312,0.05,True,True,True,True
NZ,plant,nz20,pa_holdout,0,global_conditional_density,33,19120,onehot_l2,0.0,0.01,1e-06,frozen_default,9,"G=6,K=3",random_50k,full_background_50k,ipp,additive_kan_ipp,50000,True,26.24217331699947,0.9440144855713852,0.2173067188262492,0.9001795746534966,,,lbfgs,15.0,,,,,,,
NZ,plant,nz20,pa_holdout,0,global_conditional_density,33,19120,onehot_l2,0.0,0.01,1e-06,frozen_default,9,"G=6,K=3",random_50k,full_background_50k,ipp,deep2_kan_ipp,50000,True,62.95405490099984,0.9381284290021346,0.2011422371606031,0.8906981877369946,,,lbfgs,12.0,0.0,273.700059584012,0.05,True,True,True,True
NZ,plant,nz20,pa_holdout,1,global_conditional_density,33,19120,onehot_l2,0.0,0.01,1e-06,frozen_default,9,"G=6,K=3",random_50k,full_background_50k,ipp,additive_kan_ipp,50000,True,27.948043950000283,0.943957809941198,0.2170238244750639,0.8999413779349124,,,lbfgs,15.0,,,,,,,
NZ,plant,nz20,pa_holdout,1,global_conditional_density,33,19120,onehot_l2,0.0,0.01,1e-06,frozen_default,9,"G=6,K=3",random_50k,full_background_50k,ipp,deep2_kan_ipp,50000,True,67.82475339699977,0.9374167225270224,0.206668859211685,0.8917443727551582,,,lbfgs,12.0,0.0,273.0882277208451,0.05,True,True,True,True
NZ,plant,nz20,pa_holdout,2,global_conditional_density,33,19120,onehot_l2,0.0,0.01,1e-06,frozen_default,9,"G=6,K=3",random_50k,full_background_50k,ipp,additive_kan_ipp,50000,True,26.66279427499921,0.9440210077669228,0.2172606879168708,0.9001212476914956,,,lbfgs,15.0,,,,,,,
NZ,plant,nz20,pa_holdout,2,global_conditional_density,33,19120,onehot_l2,0.0,0.01,1e-06,frozen_default,9,"G=6,K=3",random_50k,full_background_50k,ipp,deep2_kan_ipp,50000,True,63.810383095999896,0.9378605691785104,0.2015093521450016,0.8901418587138585,,,lbfgs,12.0,0.0,274.08052619320245,0.05,True,True,True,True
NZ,plant,nz21,pa_holdout,0,global_conditional_density,21,19120,onehot_l2,0.0,0.01,1e-06,frozen_default,9,"G=6,K=3",random_50k,full_background_50k,ipp,additive_kan_ipp,50000,True,25.91574829000001,0.727960147825131,0.1145522624242462,0.5473889559768224,,,lbfgs,15.0,,,,,,,
NZ,plant,nz21,pa_holdout,0,global_conditional_density,21,19120,onehot_l2,0.0,0.01,1e-06,frozen_default,9,"G=6,K=3",random_50k,full_background_50k,ipp,deep2_kan_ipp,50000,True,96.60826816000008,0.7029633901742917,0.1158600144203504,0.5216477833113228,,,lbfgs,18.0,0.0,178.0509790586636,0.05,True,True,True,True
NZ,plant,nz21,pa_holdout,1,global_conditional_density,21,19120,onehot_l2,0.0,0.01,1e-06,frozen_default,9,"G=6,K=3",random_50k,full_background_50k,ipp,additive_kan_ipp,50000,True,27.133541625999896,0.7279763920594025,0.1145731228064383,0.547431614339842,,,lbfgs,15.0,,,,,,,
NZ,plant,nz21,pa_holdout,1,global_conditional_density,21,19120,onehot_l2,0.0,0.01,1e-06,frozen_default,9,"G=6,K=3",random_50k,full_background_50k,ipp,deep2_kan_ipp,50000,True,95.34028589300031,0.691057795945907,0.1104474491920022,0.498426064117848,,,lbfgs,18.0,0.0,178.88620649769325,0.05,True,True,True,True
NZ,plant,nz21,pa_holdout,2,global_conditional_density,21,19120,onehot_l2,0.0,0.01,1e-06,frozen_default,9,"G=6,K=3",random_50k,full_background_50k,ipp,additive_kan_ipp,50000,True,26.66767297499973,0.7280007584108096,0.1145747684619757,0.5474765608706114,,,lbfgs,15.0,,,,,,,
NZ,plant,nz21,pa_holdout,2,global_conditional_density,21,19120,onehot_l2,0.0,0.01,1e-06,frozen_default,9,"G=6,K=3",random_50k,full_background_50k,ipp,deep2_kan_ipp,50000,True,92.41802678099975,0.6925098355589667,0.1102366110953519,0.4994022114915741,,,lbfgs,18.0,0.0,178.8095258741754,0.05,True,True,True,True
NZ,plant,nz22,pa_holdout,0,global_conditional_density,130,19120,onehot_l2,0.0,0.01,1e-06,frozen_default,9,"G=6,K=3",random_50k,full_background_50k,ipp,additive_kan_ipp,50000,True,25.648867888000492,0.6059751039435596,0.0444890914053119,0.1563961437997522,,,lbfgs,15.0,,,,,,,
NZ,plant,nz22,pa_holdout,0,global_conditional_density,130,19120,onehot_l2,0.0,0.01,1e-06,frozen_default,9,"G=6,K=3",random_50k,full_background_50k,ipp,deep2_kan_ipp,50000,True,65.07737759100019,0.6265758476738132,0.0453040232615939,0.1788169498258981,,,lbfgs,12.0,0.0,1300.7551959771945,0.05,True,True,True,True
NZ,plant,nz22,pa_holdout,1,global_conditional_density,130,19120,onehot_l2,0.0,0.01,1e-06,frozen_default,9,"G=6,K=3",random_50k,full_background_50k,ipp,additive_kan_ipp,50000,True,25.8947949150006,0.606008256267305,0.0444866977971885,0.1568903382719917,,,lbfgs,15.0,,,,,,,
NZ,plant,nz22,pa_holdout,1,global_conditional_density,130,19120,onehot_l2,0.0,0.01,1e-06,frozen_default,9,"G=6,K=3",random_50k,full_background_50k,ipp,deep2_kan_ipp,50000,True,67.563749465,0.6276556999672177,0.0456244047598497,0.1846709987550682,,,lbfgs,12.0,0.0,1300.7912529691937,0.05,True,True,True,True
NZ,plant,nz22,pa_holdout,2,global_conditional_density,130,19120,onehot_l2,0.0,0.01,1e-06,frozen_default,9,"G=6,K=3",random_50k,full_background_50k,ipp,additive_kan_ipp,50000,True,26.19930191900039,0.6058633625008161,0.044473999643455,0.1562298357752263,,,lbfgs,15.0,,,,,,,
NZ,plant,nz22,pa_holdout,2,global_conditional_density,130,19120,onehot_l2,0.0,0.01,1e-06,frozen_default,9,"G=6,K=3",random_50k,full_background_50k,ipp,deep2_kan_ipp,50000,True,68.23593032000008,0.6255511180089643,0.0452768709967596,0.1762153495323449,,,lbfgs,12.0,0.0,1300.5273838772594,0.05,True,True,True,True
NZ,plant,nz23,pa_holdout,0,global_conditional_density,23,19120,onehot_l2,0.0,0.01,1e-06,frozen_default,9,"G=6,K=3",random_50k,full_background_50k,ipp,additive_kan_ipp,50000,True,25.77266839200001,0.5191218912075449,0.1592168176079541,0.0233647520333862,,,lbfgs,15.0,,,,,,,
NZ,plant,nz23,pa_holdout,0,global_conditional_density,23,19120,onehot_l2,0.0,0.01,1e-06,frozen_default,9,"G=6,K=3",random_50k,full_background_50k,ipp,deep2_kan_ipp,50000,True,87.89844262899987,0.5051028090802036,0.15343344862776,-0.0140927432055509,,,lbfgs,18.0,0.0,185.75962499710627,0.05,True,True,True,True
NZ,plant,nz23,pa_holdout,1,global_conditional_density,23,19120,onehot_l2,0.0,0.01,1e-06,frozen_default,9,"G=6,K=3",random_50k,full_background_50k,ipp,additive_kan_ipp,50000,True,21.02415231499981,0.5191463165806065,0.1592229313057274,0.0234080086801234,,,lbfgs,15.0,,,,,,,
NZ,plant,nz23,pa_holdout,1,global_conditional_density,23,19120,onehot_l2,0.0,0.01,1e-06,frozen_default,9,"G=6,K=3",random_50k,full_background_50k,ipp,deep2_kan_ipp,50000,True,82.08112066800004,0.5075508165478356,0.1546174221580418,-0.005226646989328,,,lbfgs,18.0,0.0,185.68260873600477,0.05,True,True,True,True
NZ,plant,nz23,pa_holdout,2,global_conditional_density,23,19120,onehot_l2,0.0,0.01,1e-06,frozen_default,9,"G=6,K=3",random_50k,full_background_50k,ipp,additive_kan_ipp,50000,True,19.409913641999992,0.5191192462943013,0.1592219761952305,0.0233619402812833,,,lbfgs,15.0,,,,,,,
NZ,plant,nz23,pa_holdout,2,global_conditional_density,23,19120,onehot_l2,0.0,0.01,1e-06,frozen_default,9,"G=6,K=3",random_50k,full_background_50k,ipp,deep2_kan_ipp,50000,True,74.70594983999945,0.5037090399868603,0.1524993072682453,-0.0198354453380087,,,lbfgs,18.0,0.0,186.0968713856726,0.05,True,True,True,True
NZ,plant,nz24,pa_holdout,0,global_conditional_density,22,19120,onehot_l2,0.0,0.01,1e-06,frozen_default,9,"G=6,K=3",random_50k,full_background_50k,ipp,additive_kan_ipp,50000,True,19.938492322000457,0.7432301504022385,0.0249831900098356,0.6155197015111584,,,lbfgs,15.0,,,,,,,
NZ,plant,nz24,pa_holdout,0,global_conditional_density,22,19120,onehot_l2,0.0,0.01,1e-06,frozen_default,9,"G=6,K=3",random_50k,full_background_50k,ipp,deep2_kan_ipp,50000,True,71.1054516739996,0.7667121371108779,0.0294710324966443,0.6550255544225714,,,lbfgs,18.0,0.0,176.88060553735724,0.05,True,True,True,True
NZ,plant,nz24,pa_holdout,1,global_conditional_density,22,19120,onehot_l2,0.0,0.01,1e-06,frozen_default,9,"G=6,K=3",random_50k,full_background_50k,ipp,additive_kan_ipp,50000,True,22.69874331200026,0.7431392095138161,0.02505097108727,0.6144764556046263,,,lbfgs,15.0,,,,,,,
NZ,plant,nz24,pa_holdout,1,global_conditional_density,22,19120,onehot_l2,0.0,0.01,1e-06,frozen_default,9,"G=6,K=3",random_50k,full_background_50k,ipp,deep2_kan_ipp,50000,True,80.03553053199994,0.7861944735921651,0.03995518129317,0.6841169552437449,,,lbfgs,18.0,0.0,179.94677837953122,0.05,True,True,True,True
NZ,plant,nz24,pa_holdout,2,global_conditional_density,22,19120,onehot_l2,0.0,0.01,1e-06,frozen_default,9,"G=6,K=3",random_50k,full_background_50k,ipp,additive_kan_ipp,50000,True,24.211792783999957,0.7430290311297656,0.025035567013118,0.6137926918586866,,,lbfgs,15.0,,,,,,,
NZ,plant,nz24,pa_holdout,2,global_conditional_density,22,19120,onehot_l2,0.0,0.01,1e-06,frozen_default,9,"G=6,K=3",random_50k,full_background_50k,ipp,deep2_kan_ipp,50000,True,87.15085745000033,0.7751748863238894,0.0417225324146639,0.6743057213379017,,,lbfgs,18.0,0.0,178.71211616602685,0.05,True,True,True,True
NZ,plant,nz25,pa_holdout,0,global_conditional_density,113,19120,onehot_l2,0.0,0.01,1e-06,frozen_default,9,"G=6,K=3",random_50k,full_background_50k,ipp,additive_kan_ipp,50000,True,28.79283784000017,0.8472873069588813,0.1095772772497674,0.7456380629650824,,,lbfgs,15.0,,,,,,,
NZ,plant,nz25,pa_holdout,0,global_conditional_density,113,19120,onehot_l2,0.0,0.01,1e-06,frozen_default,9,"G=6,K=3",random_50k,full_background_50k,ipp,deep2_kan_ipp,50000,True,82.83554287900006,0.8495207593738211,0.1159816245723645,0.754851122379715,,,lbfgs,12.0,0.0,1050.6339795378126,0.05,True,True,True,True
NZ,plant,nz25,pa_holdout,1,global_conditional_density,113,19120,onehot_l2,0.0,0.01,1e-06,frozen_default,9,"G=6,K=3",random_50k,full_background_50k,ipp,additive_kan_ipp,50000,True,39.68249779499911,0.8473296753799628,0.1096069967924491,0.7457005408401771,,,lbfgs,15.0,,,,,,,
NZ,plant,nz25,pa_holdout,1,global_conditional_density,113,19120,onehot_l2,0.0,0.01,1e-06,frozen_default,9,"G=6,K=3",random_50k,full_background_50k,ipp,deep2_kan_ipp,50000,True,60.78272555199965,0.845459318138437,0.1145486725529116,0.7491711172446726,,,lbfgs,12.0,0.0,1050.439595297758,0.05,True,True,True,True
NZ,plant,nz25,pa_holdout,2,global_conditional_density,113,19120,onehot_l2,0.0,0.01,1e-06,frozen_default,9,"G=6,K=3",random_50k,full_background_50k,ipp,additive_kan_ipp,50000,True,28.78335946199968,0.847294441537561,0.1096074449651015,0.7457149567481725,,,lbfgs,15.0,,,,,,,
NZ,plant,nz25,pa_holdout,2,global_conditional_density,113,19120,onehot_l2,0.0,0.01,1e-06,frozen_default,9,"G=6,K=3",random_50k,full_background_50k,ipp,deep2_kan_ipp,50000,True,64.1429298789999,0.8485782266488806,0.1142483370537095,0.7521982204538319,,,lbfgs,12.0,0.0,1050.489787936427,0.05,True,True,True,True
NZ,plant,nz26,pa_holdout,0,global_conditional_density,22,19120,onehot_l2,0.0,0.01,1e-06,frozen_default,9,"G=6,K=3",random_50k,full_background_50k,ipp,additive_kan_ipp,50000,True,22.029882584000006,0.8918626872420401,0.0804265647185156,0.8210179165500748,,,lbfgs,15.0,,,,,,,
NZ,plant,nz26,pa_holdout,0,global_conditional_density,22,19120,onehot_l2,0.0,0.01,1e-06,frozen_default,9,"G=6,K=3",random_50k,full_background_50k,ipp,deep2_kan_ipp,50000,True,92.39275508800074,0.7772862243085985,0.050865518944495,0.6522687588793914,,,lbfgs,18.0,0.0,165.28430301158667,0.05,True,True,True,True
NZ,plant,nz26,pa_holdout,1,global_conditional_density,22,19120,onehot_l2,0.0,0.01,1e-06,frozen_default,9,"G=6,K=3",random_50k,full_background_50k,ipp,additive_kan_ipp,50000,True,22.00998538100066,0.8918782638571794,0.0805531688418947,0.8209990491270747,,,lbfgs,15.0,,,,,,,
NZ,plant,nz26,pa_holdout,1,global_conditional_density,22,19120,onehot_l2,0.0,0.01,1e-06,frozen_default,9,"G=6,K=3",random_50k,full_background_50k,ipp,deep2_kan_ipp,50000,True,76.26980515600007,0.7796556499943479,0.0501501665221559,0.6545383053493699,,,lbfgs,18.0,0.0,165.11886864905554,0.05,True,True,True,True
NZ,plant,nz26,pa_holdout,2,global_conditional_density,22,19120,onehot_l2,0.0,0.01,1e-06,frozen_default,9,"G=6,K=3",random_50k,full_background_50k,ipp,additive_kan_ipp,50000,True,22.06560036300016,0.8916586335837163,0.0804686274619741,0.8206954148671327,,,lbfgs,15.0,,,,,,,
NZ,plant,nz26,pa_holdout,2,global_conditional_density,22,19120,onehot_l2,0.0,0.01,1e-06,frozen_default,9,"G=6,K=3",random_50k,full_background_50k,ipp,deep2_kan_ipp,50000,True,77.10619211199992,0.7912782526420163,0.0486617555929088,0.6625893493283934,,,lbfgs,18.0,0.0,165.30480080214068,0.05,True,True,True,True
NZ,plant,nz27,pa_holdout,0,global_conditional_density,40,19120,onehot_l2,0.0,0.01,1e-06,frozen_default,9,"G=6,K=3",random_50k,full_background_50k,ipp,additive_kan_ipp,50000,True,26.522851423999786,0.5806382566818138,0.0700941555551887,0.1867363061263613,,,lbfgs,15.0,,,,,,,
NZ,plant,nz27,pa_holdout,0,global_conditional_density,40,19120,onehot_l2,0.0,0.01,1e-06,frozen_default,9,"G=6,K=3",random_50k,full_background_50k,ipp,deep2_kan_ipp,50000,True,65.02531988600003,0.5772500840558916,0.0710044899312054,0.1916203270180113,,,lbfgs,12.0,0.0,375.25939531087386,0.05,True,True,True,True
NZ,plant,nz27,pa_holdout,1,global_conditional_density,40,19120,onehot_l2,0.0,0.01,1e-06,frozen_default,9,"G=6,K=3",random_50k,full_background_50k,ipp,additive_kan_ipp,50000,True,39.00777588300025,0.5807422059690662,0.070109304568656,0.1868660460526216,,,lbfgs,15.0,,,,,,,
NZ,plant,nz27,pa_holdout,1,global_conditional_density,40,19120,onehot_l2,0.0,0.01,1e-06,frozen_default,9,"G=6,K=3",random_50k,full_background_50k,ipp,deep2_kan_ipp,50000,True,62.36421368300034,0.5804532732844891,0.0717412184601558,0.2013028792953867,,,lbfgs,12.0,0.0,376.2066395915814,0.05,True,True,True,True
NZ,plant,nz27,pa_holdout,2,global_conditional_density,40,19120,onehot_l2,0.0,0.01,1e-06,frozen_default,9,"G=6,K=3",random_50k,full_background_50k,ipp,additive_kan_ipp,50000,True,26.33851750300073,0.5805242347892076,0.0700753613145371,0.186507406381551,,,lbfgs,15.0,,,,,,,
NZ,plant,nz27,pa_holdout,2,global_conditional_density,40,19120,onehot_l2,0.0,0.01,1e-06,frozen_default,9,"G=6,K=3",random_50k,full_background_50k,ipp,deep2_kan_ipp,50000,True,53.20428335199995,0.5789082363492527,0.071269319136734,0.1957541689672501,,,lbfgs,12.0,0.0,376.1335404485228,0.05,True,True,True,True
NZ,plant,nz28,pa_holdout,0,global_conditional_density,18,19120,onehot_l2,0.0,0.01,1e-06,frozen_default,9,"G=6,K=3",random_50k,full_background_50k,ipp,additive_kan_ipp,50000,True,23.38842086699969,0.6298786856637295,0.0179339203982847,0.3536721552763916,,,lbfgs,15.0,,,,,,,
NZ,plant,nz28,pa_holdout,0,global_conditional_density,18,19120,onehot_l2,0.0,0.01,1e-06,frozen_default,9,"G=6,K=3",random_50k,full_background_50k,ipp,deep2_kan_ipp,50000,True,80.74360316899947,0.6268737842511215,0.0076479370801291,0.3182688001631266,,,lbfgs,18.0,0.0,146.56921716840202,0.05,True,True,True,True
NZ,plant,nz28,pa_holdout,1,global_conditional_density,18,19120,onehot_l2,0.0,0.01,1e-06,frozen_default,9,"G=6,K=3",random_50k,full_background_50k,ipp,additive_kan_ipp,50000,True,55.85659764299999,0.6296991523135078,0.0179159934152062,0.3547838807575064,,,lbfgs,15.0,,,,,,,
NZ,plant,nz28,pa_holdout,1,global_conditional_density,18,19120,onehot_l2,0.0,0.01,1e-06,frozen_default,9,"G=6,K=3",random_50k,full_background_50k,ipp,deep2_kan_ipp,50000,True,179.64145846000065,0.6323297723349758,0.0075834645693713,0.3282719988911925,,,lbfgs,18.0,0.0,144.83955948804913,0.05,True,True,True,True
NZ,plant,nz28,pa_holdout,2,global_conditional_density,18,19120,onehot_l2,0.0,0.01,1e-06,frozen_default,9,"G=6,K=3",random_50k,full_background_50k,ipp,additive_kan_ipp,50000,True,56.27289768599985,0.6288212646603055,0.0177505541539396,0.355190310390885,,,lbfgs,15.0,,,,,,,
NZ,plant,nz28,pa_holdout,2,global_conditional_density,18,19120,onehot_l2,0.0,0.01,1e-06,frozen_default,9,"G=6,K=3",random_50k,full_background_50k,ipp,deep2_kan_ipp,50000,True,181.0187660449992,0.6319030002609319,0.0074624114104751,0.3219705531831333,,,lbfgs,18.0,0.0,144.17440353068045,0.05,True,True,True,True
NZ,plant,nz29,pa_holdout,0,global_conditional_density,21,19120,onehot_l2,0.0,0.01,1e-06,frozen_default,9,"G=6,K=3",random_50k,full_background_50k,ipp,additive_kan_ipp,50000,True,55.56077657900096,0.6825621000115808,0.2825470017725005,0.4171799238834768,,,lbfgs,15.0,,,,,,,
NZ,plant,nz29,pa_holdout,0,global_conditional_density,21,19120,onehot_l2,0.0,0.01,1e-06,frozen_default,9,"G=6,K=3",random_50k,full_background_50k,ipp,deep2_kan_ipp,50000,True,158.25742738600093,0.6539499855671813,0.2742540202696112,0.3678043826853587,,,lbfgs,18.0,0.0,179.58706379885456,0.05,True,True,True,True
NZ,plant,nz29,pa_holdout,1,global_conditional_density,21,19120,onehot_l2,0.0,0.01,1e-06,frozen_default,9,"G=6,K=3",random_50k,full_background_50k,ipp,additive_kan_ipp,50000,True,47.271094919999086,0.682558173352996,0.2825426674952191,0.4171759888449393,,,lbfgs,15.0,,,,,,,
NZ,plant,nz29,pa_holdout,1,global_conditional_density,21,19120,onehot_l2,0.0,0.01,1e-06,frozen_default,9,"G=6,K=3",random_50k,full_background_50k,ipp,deep2_kan_ipp,50000,True,84.90015741200114,0.6562275978491381,0.276089562548816,0.3726588257639891,,,lbfgs,18.0,0.0,179.79335690666983,0.05,True,True,True,True
NZ,plant,nz29,pa_holdout,2,global_conditional_density,21,19120,onehot_l2,0.0,0.01,1e-06,frozen_default,9,"G=6,K=3",random_50k,full_background_50k,ipp,additive_kan_ipp,50000,True,20.697916212000564,0.6825653503079214,0.2825344522294237,0.4171814099744548,,,lbfgs,15.0,,,,,,,
NZ,plant,nz29,pa_holdout,2,global_conditional_density,21,19120,onehot_l2,0.0,0.01,1e-06,frozen_default,9,"G=6,K=3",random_50k,full_background_50k,ipp,deep2_kan_ipp,50000,True,73.91399874200033,0.6519395927352382,0.2722351483247178,0.3615296326568131,,,lbfgs,18.0,0.0,179.559710241094,0.05,True,True,True,True
NZ,plant,nz30,pa_holdout,0,global_conditional_density,101,19120,onehot_l2,0.0,0.01,1e-06,frozen_default,9,"G=6,K=3",random_50k,full_background_50k,ipp,additive_kan_ipp,50000,True,19.048480174998986,0.7907967746046033,0.6164690696638413,0.5915388547859752,,,lbfgs,15.0,,,,,,,
NZ,plant,nz30,pa_holdout,0,global_conditional_density,101,19120,onehot_l2,0.0,0.01,1e-06,frozen_default,9,"G=6,K=3",random_50k,full_background_50k,ipp,deep2_kan_ipp,50000,True,50.326122473001305,0.7738578695354196,0.6077988854562861,0.554077276881849,,,lbfgs,12.0,0.0,993.8198332230636,0.05,True,True,True,True
NZ,plant,nz30,pa_holdout,1,global_conditional_density,101,19120,onehot_l2,0.0,0.01,1e-06,frozen_default,9,"G=6,K=3",random_50k,full_background_50k,ipp,additive_kan_ipp,50000,True,20.49422945399965,0.7910230321425988,0.616893989956905,0.5918832167109355,,,lbfgs,15.0,,,,,,,
NZ,plant,nz30,pa_holdout,1,global_conditional_density,101,19120,onehot_l2,0.0,0.01,1e-06,frozen_default,9,"G=6,K=3",random_50k,full_background_50k,ipp,deep2_kan_ipp,50000,True,48.45248254599937,0.7748320546627374,0.6090381688142465,0.5553726452513442,,,lbfgs,12.0,0.0,994.4471628685149,0.05,True,True,True,True
NZ,plant,nz30,pa_holdout,2,global_conditional_density,101,19120,onehot_l2,0.0,0.01,1e-06,frozen_default,9,"G=6,K=3",random_50k,full_background_50k,ipp,additive_kan_ipp,50000,True,19.526690110000345,0.7908264272110592,0.6165795063383746,0.5915659671453187,,,lbfgs,15.0,,,,,,,
NZ,plant,nz30,pa_holdout,2,global_conditional_density,101,19120,onehot_l2,0.0,0.01,1e-06,frozen_default,9,"G=6,K=3",random_50k,full_background_50k,ipp,deep2_kan_ipp,50000,True,50.730553879999206,0.7734366946125932,0.6078767398059615,0.5531094789211137,,,lbfgs,12.0,0.0,994.2219710991742,0.05,True,True,True,True
NZ,plant,nz31,pa_holdout,0,global_conditional_density,47,19120,onehot_l2,0.0,0.01,1e-06,frozen_default,9,"G=6,K=3",random_50k,full_background_50k,ipp,additive_kan_ipp,50000,True,18.771047897000244,0.9271269633507851,0.0149411698144295,0.8058768075040197,,,lbfgs,15.0,,,,,,,
NZ,plant,nz31,pa_holdout,0,global_conditional_density,47,19120,onehot_l2,0.0,0.01,1e-06,frozen_default,9,"G=6,K=3",random_50k,full_background_50k,ipp,deep2_kan_ipp,50000,True,52.228783517999545,0.9333102094240838,0.0285391449937577,0.8277689727189951,,,lbfgs,12.0,0.0,409.3836596670541,0.05,True,True,True,True
NZ,plant,nz31,pa_holdout,1,global_conditional_density,47,19120,onehot_l2,0.0,0.01,1e-06,frozen_default,9,"G=6,K=3",random_50k,full_background_50k,ipp,additive_kan_ipp,50000,True,19.499202621000222,0.9268311518324608,0.0148534107333294,0.8080718793462542,,,lbfgs,15.0,,,,,,,
NZ,plant,nz31,pa_holdout,1,global_conditional_density,47,19120,onehot_l2,0.0,0.01,1e-06,frozen_default,9,"G=6,K=3",random_50k,full_background_50k,ipp,deep2_kan_ipp,50000,True,47.71165018799911,0.93107722513089,0.0290725643162803,0.8267894816219594,,,lbfgs,12.0,0.0,409.3911548071598,0.05,True,True,True,True
NZ,plant,nz31,pa_holdout,2,global_conditional_density,47,19120,onehot_l2,0.0,0.01,1e-06,frozen_default,9,"G=6,K=3",random_50k,full_background_50k,ipp,additive_kan_ipp,50000,True,18.98251663799965,0.926859947643979,0.014867088987347,0.8061573198838567,,,lbfgs,15.0,,,,,,,
NZ,plant,nz31,pa_holdout,2,global_conditional_density,47,19120,onehot_l2,0.0,0.01,1e-06,frozen_default,9,"G=6,K=3",random_50k,full_background_50k,ipp,deep2_kan_ipp,50000,True,50.88360194900088,0.9324541884816754,0.0219487918839338,0.8224392772378956,,,lbfgs,12.0,0.0,408.6279385442656,0.05,True,True,True,True
NZ,plant,nz32,pa_holdout,0,global_conditional_density,105,19120,onehot_l2,0.0,0.01,1e-06,frozen_default,9,"G=6,K=3",random_50k,full_background_50k,ipp,additive_kan_ipp,50000,True,17.310341324000547,0.7547288232770705,0.1399902089058838,0.5689519172610674,,,lbfgs,15.0,,,,,,,
NZ,plant,nz32,pa_holdout,0,global_conditional_density,105,19120,onehot_l2,0.0,0.01,1e-06,frozen_default,9,"G=6,K=3",random_50k,full_background_50k,ipp,deep2_kan_ipp,50000,True,50.192275761999554,0.7582232672110015,0.1424178394110482,0.5779235420415938,,,lbfgs,12.0,0.0,988.8398412787932,0.05,True,True,True,True
NZ,plant,nz32,pa_holdout,1,global_conditional_density,105,19120,onehot_l2,0.0,0.01,1e-06,frozen_default,9,"G=6,K=3",random_50k,full_background_50k,ipp,additive_kan_ipp,50000,True,17.667497884000113,0.7546226331681802,0.1399749218979632,0.5687803182988955,,,lbfgs,15.0,,,,,,,
NZ,plant,nz32,pa_holdout,1,global_conditional_density,105,19120,onehot_l2,0.0,0.01,1e-06,frozen_default,9,"G=6,K=3",random_50k,full_background_50k,ipp,deep2_kan_ipp,50000,True,48.540342035999856,0.7579049947527986,0.1439919217387814,0.5798742028797246,,,lbfgs,12.0,0.0,989.1156083027048,0.05,True,True,True,True
NZ,plant,nz32,pa_holdout,2,global_conditional_density,105,19120,onehot_l2,0.0,0.01,1e-06,frozen_default,9,"G=6,K=3",random_50k,full_background_50k,ipp,additive_kan_ipp,50000,True,20.1447619089995,0.7547546385443089,0.1400509826628461,0.5690491728010874,,,lbfgs,15.0,,,,,,,
NZ,plant,nz32,pa_holdout,2,global_conditional_density,105,19120,onehot_l2,0.0,0.01,1e-06,frozen_default,9,"G=6,K=3",random_50k,full_background_50k,ipp,deep2_kan_ipp,50000,True,49.75994670699947,0.7541637171482729,0.1408799286296833,0.5720646660682368,,,lbfgs,12.0,0.0,988.9822631527755,0.05,True,True,True,True
NZ,plant,nz33,pa_holdout,0,global_conditional_density,19,19120,onehot_l2,0.0,0.01,1e-06,frozen_default,9,"G=6,K=3",random_50k,full_background_50k,ipp,additive_kan_ipp,50000,True,19.95427831799861,0.8343314999575153,0.1196968237658165,0.6827874990942499,,,lbfgs,15.0,,,,,,,
NZ,plant,nz33,pa_holdout,0,global_conditional_density,19,19120,onehot_l2,0.0,0.01,1e-06,frozen_default,9,"G=6,K=3",random_50k,full_background_50k,ipp,deep2_kan_ipp,50000,True,73.16011088899904,0.8048741866005006,0.1166623574499643,0.6511131931535913,,,lbfgs,18.0,0.0,156.72266848562464,0.05,True,True,True,True
NZ,plant,nz33,pa_holdout,1,global_conditional_density,19,19120,onehot_l2,0.0,0.01,1e-06,frozen_default,9,"G=6,K=3",random_50k,full_background_50k,ipp,additive_kan_ipp,50000,True,19.162311236999813,0.8343377836630499,0.1196923568145278,0.6828441775752138,,,lbfgs,15.0,,,,,,,
NZ,plant,nz33,pa_holdout,1,global_conditional_density,19,19120,onehot_l2,0.0,0.01,1e-06,frozen_default,9,"G=6,K=3",random_50k,full_background_50k,ipp,deep2_kan_ipp,50000,True,73.33859418400061,0.8047366432682417,0.1185679383307532,0.652417479972426,,,lbfgs,18.0,0.0,156.03997388171496,0.05,True,True,True,True
NZ,plant,nz33,pa_holdout,2,global_conditional_density,19,19120,onehot_l2,0.0,0.01,1e-06,frozen_default,9,"G=6,K=3",random_50k,full_background_50k,ipp,additive_kan_ipp,50000,True,18.27172429299935,0.8342513478024729,0.1196172275407426,0.6826402337469157,,,lbfgs,15.0,,,,,,,
NZ,plant,nz33,pa_holdout,2,global_conditional_density,19,19120,onehot_l2,0.0,0.01,1e-06,frozen_default,9,"G=6,K=3",random_50k,full_background_50k,ipp,deep2_kan_ipp,50000,True,67.5723896139989,0.8105554244122937,0.1210739680046768,0.6600595977649342,,,lbfgs,18.0,0.0,156.2410833612374,0.05,True,True,True,True
NZ,plant,nz34,pa_holdout,0,global_conditional_density,42,19120,onehot_l2,0.0,0.01,1e-06,frozen_default,9,"G=6,K=3",random_50k,full_background_50k,ipp,additive_kan_ipp,50000,True,13.326967930999672,0.5751190638840156,0.032099596384525,0.1238022128656968,,,lbfgs,15.0,,,,,,,
NZ,plant,nz34,pa_holdout,0,global_conditional_density,42,19120,onehot_l2,0.0,0.01,1e-06,frozen_default,9,"G=6,K=3",random_50k,full_background_50k,ipp,deep2_kan_ipp,50000,True,52.05302012799984,0.5503729801860447,0.029570313068464,0.0507814319419532,,,lbfgs,12.0,0.0,414.3137821624183,0.05,True,True,True,True
NZ,plant,nz34,pa_holdout,1,global_conditional_density,42,19120,onehot_l2,0.0,0.01,1e-06,frozen_default,9,"G=6,K=3",random_50k,full_background_50k,ipp,additive_kan_ipp,50000,True,29.46282268600044,0.5750340254494645,0.0320975845797395,0.1237793033647533,,,lbfgs,15.0,,,,,,,
NZ,plant,nz34,pa_holdout,1,global_conditional_density,42,19120,onehot_l2,0.0,0.01,1e-06,frozen_default,9,"G=6,K=3",random_50k,full_background_50k,ipp,deep2_kan_ipp,50000,True,91.16568958300012,0.5490340278676189,0.0295909094859554,0.0461282215333425,,,lbfgs,12.0,0.0,414.32464820601774,0.05,True,True,True,True
NZ,plant,nz34,pa_holdout,2,global_conditional_density,42,19120,onehot_l2,0.0,0.01,1e-06,frozen_default,9,"G=6,K=3",random_50k,full_background_50k,ipp,additive_kan_ipp,50000,True,29.747197011000026,0.575155940740705,0.0321011999826485,0.1237314307241387,,,lbfgs,15.0,,,,,,,
NZ,plant,nz34,pa_holdout,2,global_conditional_density,42,19120,onehot_l2,0.0,0.01,1e-06,frozen_default,9,"G=6,K=3",random_50k,full_background_50k,ipp,deep2_kan_ipp,50000,True,76.29553989899978,0.5493804285050444,0.0294527047923026,0.0463623106505871,,,lbfgs,12.0,0.0,414.245962216984,0.05,True,True,True,True
NZ,plant,nz35,pa_holdout,0,global_conditional_density,24,19120,onehot_l2,0.0,0.01,1e-06,frozen_default,9,"G=6,K=3",random_50k,full_background_50k,ipp,additive_kan_ipp,50000,True,36.354272417000175,0.8112673297306567,0.8343160657047861,0.5595447653599481,,,lbfgs,15.0,,,,,,,
NZ,plant,nz35,pa_holdout,0,global_conditional_density,24,19120,onehot_l2,0.0,0.01,1e-06,frozen_default,9,"G=6,K=3",random_50k,full_background_50k,ipp,deep2_kan_ipp,50000,True,91.14509435699983,0.6755953567789872,0.7482847674208041,0.2357327560574934,,,lbfgs,18.0,0.0,212.37119129887816,0.05,True,True,True,True
NZ,plant,nz35,pa_holdout,1,global_conditional_density,24,19120,onehot_l2,0.0,0.01,1e-06,frozen_default,9,"G=6,K=3",random_50k,full_background_50k,ipp,additive_kan_ipp,50000,True,27.456835316999783,0.8114399451145945,0.8344239195499331,0.5599304806633303,,,lbfgs,15.0,,,,,,,
NZ,plant,nz35,pa_holdout,1,global_conditional_density,24,19120,onehot_l2,0.0,0.01,1e-06,frozen_default,9,"G=6,K=3",random_50k,full_background_50k,ipp,deep2_kan_ipp,50000,True,75.04794995299926,0.6863878691362442,0.7550473747326495,0.2632340865603646,,,lbfgs,18.0,0.0,212.400870050342,0.05,True,True,True,True
NZ,plant,nz35,pa_holdout,2,global_conditional_density,24,19120,onehot_l2,0.0,0.01,1e-06,frozen_default,9,"G=6,K=3",random_50k,full_background_50k,ipp,additive_kan_ipp,50000,True,13.552035081998838,0.8112147570790984,0.8342815451261928,0.5594306604271877,,,lbfgs,15.0,,,,,,,
NZ,plant,nz35,pa_holdout,2,global_conditional_density,24,19120,onehot_l2,0.0,0.01,1e-06,frozen_default,9,"G=6,K=3",random_50k,full_background_50k,ipp,deep2_kan_ipp,50000,True,70.13775586299926,0.6834925548658429,0.7532795040503253,0.256073070844894,,,lbfgs,18.0,0.0,212.34558908629307,0.05,True,True,True,True
NZ,plant,nz36,pa_holdout,0,global_conditional_density,170,19120,onehot_l2,0.0,0.01,1e-06,frozen_default,9,"G=6,K=3",random_50k,full_background_50k,ipp,additive_kan_ipp,50000,True,12.635219701000096,0.6488083709953667,0.4763298516977242,0.2992049215089267,,,lbfgs,15.0,,,,,,,
NZ,plant,nz36,pa_holdout,0,global_conditional_density,170,19120,onehot_l2,0.0,0.01,1e-06,frozen_default,9,"G=6,K=3",random_50k,full_background_50k,ipp,deep2_kan_ipp,50000,True,38.07855065799959,0.6243475324022316,0.4622673183020722,0.2396515671574554,,,lbfgs,12.0,0.0,1694.7725941438766,0.05,True,True,True,True
NZ,plant,nz36,pa_holdout,1,global_conditional_density,170,19120,onehot_l2,0.0,0.01,1e-06,frozen_default,9,"G=6,K=3",random_50k,full_background_50k,ipp,additive_kan_ipp,50000,True,14.530199640999854,0.6486640207573049,0.4762309503137058,0.298861138818672,,,lbfgs,15.0,,,,,,,
NZ,plant,nz36,pa_holdout,1,global_conditional_density,170,19120,onehot_l2,0.0,0.01,1e-06,frozen_default,9,"G=6,K=3",random_50k,full_background_50k,ipp,deep2_kan_ipp,50000,True,39.29802705000111,0.6234725898043871,0.4635947386575406,0.2372776330196085,,,lbfgs,12.0,0.0,1694.1749791562609,0.05,True,True,True,True
NZ,plant,nz36,pa_holdout,2,global_conditional_density,170,19120,onehot_l2,0.0,0.01,1e-06,frozen_default,9,"G=6,K=3",random_50k,full_background_50k,ipp,additive_kan_ipp,50000,True,17.888358268999582,0.6490140501533009,0.4765605447834347,0.2996493469407831,,,lbfgs,15.0,,,,,,,
NZ,plant,nz36,pa_holdout,2,global_conditional_density,170,19120,onehot_l2,0.0,0.01,1e-06,frozen_default,9,"G=6,K=3",random_50k,full_background_50k,ipp,deep2_kan_ipp,50000,True,37.20720711600006,0.6248539303151159,0.4641606379407758,0.2407009118889752,,,lbfgs,12.0,0.0,1694.2560075987387,0.05,True,True,True,True
NZ,plant,nz37,pa_holdout,0,global_conditional_density,22,19120,onehot_l2,0.0,0.01,1e-06,frozen_default,9,"G=6,K=3",random_50k,full_background_50k,ipp,additive_kan_ipp,50000,True,14.144796734999543,0.5043484878982503,0.1320211409197038,0.0188449291636318,,,lbfgs,15.0,,,,,,,
NZ,plant,nz37,pa_holdout,0,global_conditional_density,22,19120,onehot_l2,0.0,0.01,1e-06,frozen_default,9,"G=6,K=3",random_50k,full_background_50k,ipp,deep2_kan_ipp,50000,True,56.09097086600013,0.4880633604720392,0.1314909011581329,-0.0153363393557222,,,lbfgs,18.0,0.0,189.22768424885408,0.05,True,True,True,True
NZ,plant,nz37,pa_holdout,1,global_conditional_density,22,19120,onehot_l2,0.0,0.01,1e-06,frozen_default,9,"G=6,K=3",random_50k,full_background_50k,ipp,additive_kan_ipp,50000,True,13.189570300999549,0.504504102618087,0.132028048602242,0.0191584518671927,,,lbfgs,15.0,,,,,,,
NZ,plant,nz37,pa_holdout,1,global_conditional_density,22,19120,onehot_l2,0.0,0.01,1e-06,frozen_default,9,"G=6,K=3",random_50k,full_background_50k,ipp,deep2_kan_ipp,50000,True,54.47653392900065,0.4847281637144938,0.1295246408847734,-0.0265500857850097,,,lbfgs,18.0,0.0,189.37930457483503,0.05,True,True,True,True
NZ,plant,nz37,pa_holdout,2,global_conditional_density,22,19120,onehot_l2,0.0,0.01,1e-06,frozen_default,9,"G=6,K=3",random_50k,full_background_50k,ipp,additive_kan_ipp,50000,True,12.875488497000331,0.5044188603594433,0.132023414071167,0.0189817785976877,,,lbfgs,15.0,,,,,,,
NZ,plant,nz37,pa_holdout,2,global_conditional_density,22,19120,onehot_l2,0.0,0.01,1e-06,frozen_default,9,"G=6,K=3",random_50k,full_background_50k,ipp,deep2_kan_ipp,50000,True,50.13092520800092,0.4862571018345425,0.1300792856352414,-0.0207782100709394,,,lbfgs,18.0,0.0,189.42219759884603,0.05,True,True,True,True
NZ,plant,nz38,pa_holdout,0,global_conditional_density,147,19120,onehot_l2,0.0,0.01,1e-06,frozen_default,9,"G=6,K=3",random_50k,full_background_50k,ipp,additive_kan_ipp,50000,True,13.220482777000145,0.8298072029652354,0.255999401655938,0.7193350706866972,,,lbfgs,15.0,,,,,,,
NZ,plant,nz38,pa_holdout,0,global_conditional_density,147,19120,onehot_l2,0.0,0.01,1e-06,frozen_default,9,"G=6,K=3",random_50k,full_background_50k,ipp,deep2_kan_ipp,50000,True,33.97069964500042,0.827543761186564,0.2690630298969165,0.7216208847956136,,,lbfgs,12.0,0.0,1441.1230372494642,0.05,True,True,True,True
NZ,plant,nz38,pa_holdout,1,global_conditional_density,147,19120,onehot_l2,0.0,0.01,1e-06,frozen_default,9,"G=6,K=3",random_50k,full_background_50k,ipp,additive_kan_ipp,50000,True,11.218919564000316,0.8298316136116264,0.2559426991987683,0.7193940453527403,,,lbfgs,15.0,,,,,,,
NZ,plant,nz38,pa_holdout,1,global_conditional_density,147,19120,onehot_l2,0.0,0.01,1e-06,frozen_default,9,"G=6,K=3",random_50k,full_background_50k,ipp,deep2_kan_ipp,50000,True,35.969993358001375,0.8231681736491738,0.2608983018771528,0.7137977410160226,,,lbfgs,12.0,0.0,1441.4526446434252,0.05,True,True,True,True
NZ,plant,nz38,pa_holdout,2,global_conditional_density,147,19120,onehot_l2,0.0,0.01,1e-06,frozen_default,9,"G=6,K=3",random_50k,full_background_50k,ipp,additive_kan_ipp,50000,True,12.912586200000078,0.8298456934725139,0.2563813044321462,0.7194956571631707,,,lbfgs,15.0,,,,,,,
NZ,plant,nz38,pa_holdout,2,global_conditional_density,147,19120,onehot_l2,0.0,0.01,1e-06,frozen_default,9,"G=6,K=3",random_50k,full_background_50k,ipp,deep2_kan_ipp,50000,True,34.7224940899996,0.8272021371062696,0.2669955051299751,0.720097326188191,,,lbfgs,12.0,0.0,1441.3598459113198,0.05,True,True,True,True
NZ,plant,nz39,pa_holdout,0,global_conditional_density,21,19120,onehot_l2,0.0,0.01,1e-06,frozen_default,9,"G=6,K=3",random_50k,full_background_50k,ipp,additive_kan_ipp,50000,True,12.883373222000955,0.6840003746798947,0.0032464199111035,0.3339004649995211,,,lbfgs,15.0,,,,,,,
NZ,plant,nz39,pa_holdout,0,global_conditional_density,21,19120,onehot_l2,0.0,0.01,1e-06,frozen_default,9,"G=6,K=3",random_50k,full_background_50k,ipp,deep2_kan_ipp,50000,True,50.355364420000114,0.5683211324223532,0.0020170987483497,0.089514211516699,,,lbfgs,18.0,0.0,170.15510113635267,0.05,True,True,True,True
NZ,plant,nz39,pa_holdout,1,global_conditional_density,21,19120,onehot_l2,0.0,0.01,1e-06,frozen_default,9,"G=6,K=3",random_50k,full_background_50k,ipp,additive_kan_ipp,50000,True,12.441561730000103,0.6837749316923624,0.0032388391343294,0.3307231642001187,,,lbfgs,15.0,,,,,,,
NZ,plant,nz39,pa_holdout,1,global_conditional_density,21,19120,onehot_l2,0.0,0.01,1e-06,frozen_default,9,"G=6,K=3",random_50k,full_background_50k,ipp,deep2_kan_ipp,50000,True,53.87971785100126,0.5893317838097006,0.0020926881149401,0.1022545996334637,,,lbfgs,18.0,0.0,170.35872294481567,0.05,True,True,True,True
NZ,plant,nz39,pa_holdout,2,global_conditional_density,21,19120,onehot_l2,0.0,0.01,1e-06,frozen_default,9,"G=6,K=3",random_50k,full_background_50k,ipp,additive_kan_ipp,50000,True,11.63019890800024,0.6835780659849399,0.0032386449646559,0.3279358984127106,,,lbfgs,15.0,,,,,,,
NZ,plant,nz39,pa_holdout,2,global_conditional_density,21,19120,onehot_l2,0.0,0.01,1e-06,frozen_default,9,"G=6,K=3",random_50k,full_background_50k,ipp,deep2_kan_ipp,50000,True,52.220330246998856,0.590697142748277,0.0020964432542709,0.100134077081151,,,lbfgs,18.0,0.0,171.19435847789515,0.05,True,True,True,True
NZ,plant,nz40,pa_holdout,0,global_conditional_density,19,19120,onehot_l2,0.0,0.01,1e-06,frozen_default,9,"G=6,K=3",random_50k,full_background_50k,ipp,additive_kan_ipp,50000,True,11.663166458998605,0.6399505194665124,0.0533889649939736,0.2094528984123041,,,lbfgs,15.0,,,,,,,
NZ,plant,nz40,pa_holdout,0,global_conditional_density,19,19120,onehot_l2,0.0,0.01,1e-06,frozen_default,9,"G=6,K=3",random_50k,full_background_50k,ipp,deep2_kan_ipp,50000,True,53.42738692499916,0.7176566401208765,0.0731222632785449,0.4504504071881539,,,lbfgs,18.0,0.0,129.45685149851863,0.05,True,True,True,True
NZ,plant,nz40,pa_holdout,1,global_conditional_density,19,19120,onehot_l2,0.0,0.01,1e-06,frozen_default,9,"G=6,K=3",random_50k,full_background_50k,ipp,additive_kan_ipp,50000,True,12.551309796999703,0.6397448171807812,0.0533334128682213,0.2083123958103999,,,lbfgs,15.0,,,,,,,
NZ,plant,nz40,pa_holdout,1,global_conditional_density,19,19120,onehot_l2,0.0,0.01,1e-06,frozen_default,9,"G=6,K=3",random_50k,full_background_50k,ipp,deep2_kan_ipp,50000,True,52.05288846999974,0.7221800606804246,0.075238330475266,0.464813109418808,,,lbfgs,18.0,0.0,129.43548657824883,0.05,True,True,True,True
NZ,plant,nz40,pa_holdout,2,global_conditional_density,19,19120,onehot_l2,0.0,0.01,1e-06,frozen_default,9,"G=6,K=3",random_50k,full_background_50k,ipp,additive_kan_ipp,50000,True,13.054999071000566,0.6395110486764118,0.0533031349682927,0.2079053928827321,,,lbfgs,15.0,,,,,,,
NZ,plant,nz40,pa_holdout,2,global_conditional_density,19,19120,onehot_l2,0.0,0.01,1e-06,frozen_default,9,"G=6,K=3",random_50k,full_background_50k,ipp,deep2_kan_ipp,50000,True,53.01409463900018,0.7198147993520834,0.0744893880681875,0.4606394802731747,,,lbfgs,18.0,0.0,129.56350852513313,0.05,True,True,True,True
NZ,plant,nz41,pa_holdout,0,global_conditional_density,20,19120,onehot_l2,0.0,0.01,1e-06,frozen_default,9,"G=6,K=3",random_50k,full_background_50k,ipp,additive_kan_ipp,50000,True,13.166394754998691,0.982873427672956,0.0647957936741379,0.9333154935060424,,,lbfgs,15.0,,,,,,,
NZ,plant,nz41,pa_holdout,0,global_conditional_density,20,19120,onehot_l2,0.0,0.01,1e-06,frozen_default,9,"G=6,K=3",random_50k,full_background_50k,ipp,deep2_kan_ipp,50000,True,56.23257976100104,0.9674816561844864,0.0413684246284347,0.9114420722361476,,,lbfgs,18.0,0.0,147.2824413966581,0.05,True,True,True,True
NZ,plant,nz41,pa_holdout,1,global_conditional_density,20,19120,onehot_l2,0.0,0.01,1e-06,frozen_default,9,"G=6,K=3",random_50k,full_background_50k,ipp,additive_kan_ipp,50000,True,13.771198003998506,0.9828079140461216,0.0647017028778122,0.9333870076720344,,,lbfgs,15.0,,,,,,,
NZ,plant,nz41,pa_holdout,1,global_conditional_density,20,19120,onehot_l2,0.0,0.01,1e-06,frozen_default,9,"G=6,K=3",random_50k,full_background_50k,ipp,deep2_kan_ipp,50000,True,50.72736031800014,0.9644116876310272,0.0384168620974014,0.9046277115407612,,,lbfgs,18.0,0.0,146.45380979166322,0.05,True,True,True,True
NZ,plant,nz41,pa_holdout,2,global_conditional_density,20,19120,onehot_l2,0.0,0.01,1e-06,frozen_default,9,"G=6,K=3",random_50k,full_background_50k,ipp,additive_kan_ipp,50000,True,12.9278667030012,0.9828131551362684,0.0645332643345627,0.9331378805418186,,,lbfgs,15.0,,,,,,,
NZ,plant,nz41,pa_holdout,2,global_conditional_density,20,19120,onehot_l2,0.0,0.01,1e-06,frozen_default,9,"G=6,K=3",random_50k,full_background_50k,ipp,deep2_kan_ipp,50000,True,50.72257382300086,0.9626899895178196,0.0381285903175679,0.9032780337388544,,,lbfgs,18.0,0.0,146.17255225328876,0.05,True,True,True,True
NZ,plant,nz42,pa_holdout,0,global_conditional_density,27,19120,onehot_l2,0.0,0.01,1e-06,frozen_default,9,"G=6,K=3",random_50k,full_background_50k,ipp,additive_kan_ipp,50000,True,12.416190799000104,0.5577573118492636,0.3930933410888251,0.1171604861679947,,,lbfgs,15.0,,,,,,,
NZ,plant,nz42,pa_holdout,0,global_conditional_density,27,19120,onehot_l2,0.0,0.01,1e-06,frozen_default,9,"G=6,K=3",random_50k,full_background_50k,ipp,deep2_kan_ipp,50000,True,53.44856386599895,0.5450955651247948,0.3794534764145617,0.0949486804952671,,,lbfgs,18.0,0.0,250.7358454735048,0.05,True,True,True,True
NZ,plant,nz42,pa_holdout,1,global_conditional_density,27,19120,onehot_l2,0.0,0.01,1e-06,frozen_default,9,"G=6,K=3",random_50k,full_background_50k,ipp,additive_kan_ipp,50000,True,12.301890871000069,0.5578536744106621,0.3931240795335068,0.1173763893865862,,,lbfgs,15.0,,,,,,,
NZ,plant,nz42,pa_holdout,1,global_conditional_density,27,19120,onehot_l2,0.0,0.01,1e-06,frozen_default,9,"G=6,K=3",random_50k,full_background_50k,ipp,deep2_kan_ipp,50000,True,52.79809366299924,0.5485983577638911,0.3826938005736974,0.103709924161988,,,lbfgs,18.0,0.0,250.74181196066675,0.05,True,True,True,True
NZ,plant,nz42,pa_holdout,2,global_conditional_density,27,19120,onehot_l2,0.0,0.01,1e-06,frozen_default,9,"G=6,K=3",random_50k,full_background_50k,ipp,additive_kan_ipp,50000,True,12.350983976999489,0.5578182972231485,0.393112796119859,0.1172839521978795,,,lbfgs,15.0,,,,,,,
NZ,plant,nz42,pa_holdout,2,global_conditional_density,27,19120,onehot_l2,0.0,0.01,1e-06,frozen_default,9,"G=6,K=3",random_50k,full_background_50k,ipp,deep2_kan_ipp,50000,True,53.15408250699875,0.5487740451300788,0.3838973584548714,0.1036649671251587,,,lbfgs,18.0,0.0,250.95922564653327,0.05,True,True,True,True
NZ,plant,nz43,pa_holdout,0,global_conditional_density,137,19120,onehot_l2,0.0,0.01,1e-06,frozen_default,9,"G=6,K=3",random_50k,full_background_50k,ipp,additive_kan_ipp,50000,True,13.611418061000222,0.6596648264060481,0.0109347592898799,0.473550420106942,,,lbfgs,15.0,,,,,,,
NZ,plant,nz43,pa_holdout,0,global_conditional_density,137,19120,onehot_l2,0.0,0.01,1e-06,frozen_default,9,"G=6,K=3",random_50k,full_background_50k,ipp,deep2_kan_ipp,50000,True,35.50355311899875,0.6551792608689346,0.0120480247558723,0.4572999573272228,,,lbfgs,12.0,0.0,1256.7179324921212,0.05,True,True,True,True
NZ,plant,nz43,pa_holdout,1,global_conditional_density,137,19120,onehot_l2,0.0,0.01,1e-06,frozen_default,9,"G=6,K=3",random_50k,full_background_50k,ipp,additive_kan_ipp,50000,True,13.585545895000903,0.660106578197318,0.0109234195620188,0.476904170993497,,,lbfgs,15.0,,,,,,,
NZ,plant,nz43,pa_holdout,1,global_conditional_density,137,19120,onehot_l2,0.0,0.01,1e-06,frozen_default,9,"G=6,K=3",random_50k,full_background_50k,ipp,deep2_kan_ipp,50000,True,36.33787665499949,0.6534713770496556,0.0110503866338309,0.4619279822227614,,,lbfgs,12.0,0.0,1259.1893284564903,0.05,True,True,True,True
NZ,plant,nz43,pa_holdout,2,global_conditional_density,137,19120,onehot_l2,0.0,0.01,1e-06,frozen_default,9,"G=6,K=3",random_50k,full_background_50k,ipp,additive_kan_ipp,50000,True,12.82051202399998,0.6601221956848882,0.0109287382250828,0.4778834766417964,,,lbfgs,15.0,,,,,,,
NZ,plant,nz43,pa_holdout,2,global_conditional_density,137,19120,onehot_l2,0.0,0.01,1e-06,frozen_default,9,"G=6,K=3",random_50k,full_background_50k,ipp,deep2_kan_ipp,50000,True,37.31338286100072,0.6549818112046548,0.0123027784457563,0.461718967748753,,,lbfgs,12.0,0.0,1255.3088732520682,0.05,True,True,True,True
NZ,plant,nz44,pa_holdout,0,global_conditional_density,65,19120,onehot_l2,0.0,0.01,1e-06,frozen_default,9,"G=6,K=3",random_50k,full_background_50k,ipp,additive_kan_ipp,50000,True,13.109418066998842,0.8615138595324481,0.4540426434804495,0.7541514699549188,,,lbfgs,15.0,,,,,,,
NZ,plant,nz44,pa_holdout,0,global_conditional_density,65,19120,onehot_l2,0.0,0.01,1e-06,frozen_default,9,"G=6,K=3",random_50k,full_background_50k,ipp,deep2_kan_ipp,50000,True,38.02223519400104,0.8343655277465009,0.4815151517066553,0.7306127202828478,,,lbfgs,12.0,0.0,606.2150061047918,0.05,True,True,True,True
NZ,plant,nz44,pa_holdout,1,global_conditional_density,65,19120,onehot_l2,0.0,0.01,1e-06,frozen_default,9,"G=6,K=3",random_50k,full_background_50k,ipp,additive_kan_ipp,50000,True,12.115774683999916,0.8618027049628298,0.454751673999531,0.754739786068442,,,lbfgs,15.0,,,,,,,
NZ,plant,nz44,pa_holdout,1,global_conditional_density,65,19120,onehot_l2,0.0,0.01,1e-06,frozen_default,9,"G=6,K=3",random_50k,full_background_50k,ipp,deep2_kan_ipp,50000,True,36.464114064998284,0.8331315256350319,0.4690469495797725,0.7261327386574632,,,lbfgs,12.0,0.0,607.0337631863466,0.05,True,True,True,True
NZ,plant,nz44,pa_holdout,2,global_conditional_density,65,19120,onehot_l2,0.0,0.01,1e-06,frozen_default,9,"G=6,K=3",random_50k,full_background_50k,ipp,additive_kan_ipp,50000,True,12.017244214999664,0.8619159165684461,0.4552661194258692,0.7550612035472812,,,lbfgs,15.0,,,,,,,
NZ,plant,nz44,pa_holdout,2,global_conditional_density,65,19120,onehot_l2,0.0,0.01,1e-06,frozen_default,9,"G=6,K=3",random_50k,full_background_50k,ipp,deep2_kan_ipp,50000,True,35.85085221600093,0.8445146474922467,0.4650571373349191,0.7390305258291405,,,lbfgs,12.0,0.0,607.3288948241391,0.05,True,True,True,True
NZ,plant,nz45,pa_holdout,0,global_conditional_density,26,19120,onehot_l2,0.0,0.01,1e-06,frozen_default,9,"G=6,K=3",random_50k,full_background_50k,ipp,additive_kan_ipp,50000,True,11.762604134999492,0.8893833704150342,0.1350063026827212,0.840259472042026,,,lbfgs,15.0,,,,,,,
NZ,plant,nz45,pa_holdout,0,global_conditional_density,26,19120,onehot_l2,0.0,0.01,1e-06,frozen_default,9,"G=6,K=3",random_50k,full_background_50k,ipp,deep2_kan_ipp,50000,True,51.78022068899918,0.9004377953361972,0.1446242786448381,0.8555906344303538,,,lbfgs,18.0,0.0,206.2638412848631,0.05,True,True,True,True
NZ,plant,nz45,pa_holdout,1,global_conditional_density,26,19120,onehot_l2,0.0,0.01,1e-06,frozen_default,9,"G=6,K=3",random_50k,full_background_50k,ipp,additive_kan_ipp,50000,True,11.90328333800062,0.8888857112139619,0.1348612559435604,0.8392897522801799,,,lbfgs,15.0,,,,,,,
NZ,plant,nz45,pa_holdout,1,global_conditional_density,26,19120,onehot_l2,0.0,0.01,1e-06,frozen_default,9,"G=6,K=3",random_50k,full_background_50k,ipp,deep2_kan_ipp,50000,True,52.31889583299926,0.9000778353819627,0.1428827494785068,0.8542835217474039,,,lbfgs,18.0,0.0,206.18035947312325,0.05,True,True,True,True
NZ,plant,nz45,pa_holdout,2,global_conditional_density,26,19120,onehot_l2,0.0,0.01,1e-06,frozen_default,9,"G=6,K=3",random_50k,full_background_50k,ipp,additive_kan_ipp,50000,True,12.58773330799886,0.8892460242431882,0.1351515899433047,0.8399665049364674,,,lbfgs,15.0,,,,,,,
NZ,plant,nz45,pa_holdout,2,global_conditional_density,26,19120,onehot_l2,0.0,0.01,1e-06,frozen_default,9,"G=6,K=3",random_50k,full_background_50k,ipp,deep2_kan_ipp,50000,True,54.28598835699995,0.9007481482540708,0.1430154983993022,0.8552946529423089,,,lbfgs,18.0,0.0,206.21388911410585,0.05,True,True,True,True
NZ,plant,nz46,pa_holdout,0,global_conditional_density,36,19120,onehot_l2,0.0,0.01,1e-06,frozen_default,9,"G=6,K=3",random_50k,full_background_50k,ipp,additive_kan_ipp,50000,True,12.623081800000364,0.8851069602718991,0.1354870947630388,0.8172020658414557,,,lbfgs,15.0,,,,,,,
NZ,plant,nz46,pa_holdout,0,global_conditional_density,36,19120,onehot_l2,0.0,0.01,1e-06,frozen_default,9,"G=6,K=3",random_50k,full_background_50k,ipp,deep2_kan_ipp,50000,True,36.21800361399983,0.8777430287797866,0.1331650669010256,0.8003197096766405,,,lbfgs,12.0,0.0,293.4044650116864,0.05,True,True,True,True
NZ,plant,nz46,pa_holdout,1,global_conditional_density,36,19120,onehot_l2,0.0,0.01,1e-06,frozen_default,9,"G=6,K=3",random_50k,full_background_50k,ipp,additive_kan_ipp,50000,True,12.42296486899977,0.8849403554870097,0.1353959692451051,0.817269362507914,,,lbfgs,15.0,,,,,,,
NZ,plant,nz46,pa_holdout,1,global_conditional_density,36,19120,onehot_l2,0.0,0.01,1e-06,frozen_default,9,"G=6,K=3",random_50k,full_background_50k,ipp,deep2_kan_ipp,50000,True,36.85650767399966,0.8725187787393254,0.1071970441517971,0.808350673889002,,,lbfgs,12.0,0.0,294.29023370926257,0.05,True,True,True,True
NZ,plant,nz46,pa_holdout,2,global_conditional_density,36,19120,onehot_l2,0.0,0.01,1e-06,frozen_default,9,"G=6,K=3",random_50k,full_background_50k,ipp,additive_kan_ipp,50000,True,12.274502738999216,0.885118860613677,0.1351101830976817,0.8168820882679433,,,lbfgs,15.0,,,,,,,
NZ,plant,nz46,pa_holdout,2,global_conditional_density,36,19120,onehot_l2,0.0,0.01,1e-06,frozen_default,9,"G=6,K=3",random_50k,full_background_50k,ipp,deep2_kan_ipp,50000,True,38.005791239000246,0.8820414322299336,0.1318870961950477,0.8172076656795695,,,lbfgs,12.0,0.0,292.68580031312234,0.05,True,True,True,True
NZ,plant,nz47,pa_holdout,0,global_conditional_density,87,19120,onehot_l2,0.0,0.01,1e-06,frozen_default,9,"G=6,K=3",random_50k,full_background_50k,ipp,additive_kan_ipp,50000,True,12.665997494999829,0.7923850246750697,0.3126021040680178,0.6273732336745181,,,lbfgs,15.0,,,,,,,
NZ,plant,nz47,pa_holdout,0,global_conditional_density,87,19120,onehot_l2,0.0,0.01,1e-06,frozen_default,9,"G=6,K=3",random_50k,full_background_50k,ipp,deep2_kan_ipp,50000,True,35.662983236999935,0.7922103570618787,0.3164761041218604,0.6328108090664915,,,lbfgs,12.0,0.0,836.0885566674674,0.05,True,True,True,True
NZ,plant,nz47,pa_holdout,1,global_conditional_density,87,19120,onehot_l2,0.0,0.01,1e-06,frozen_default,9,"G=6,K=3",random_50k,full_background_50k,ipp,additive_kan_ipp,50000,True,13.355455831000654,0.7927270365111901,0.312750133560264,0.6278776996447134,,,lbfgs,15.0,,,,,,,
NZ,plant,nz47,pa_holdout,1,global_conditional_density,87,19120,onehot_l2,0.0,0.01,1e-06,frozen_default,9,"G=6,K=3",random_50k,full_background_50k,ipp,deep2_kan_ipp,50000,True,34.3733726069986,0.7934578775711758,0.3193002626213806,0.6360392671540214,,,lbfgs,12.0,0.0,836.2653041965513,0.05,True,True,True,True
NZ,plant,nz47,pa_holdout,2,global_conditional_density,87,19120,onehot_l2,0.0,0.01,1e-06,frozen_default,9,"G=6,K=3",random_50k,full_background_50k,ipp,additive_kan_ipp,50000,True,13.407160226999622,0.7925727222163889,0.3126534166178959,0.6276048836230219,,,lbfgs,15.0,,,,,,,
NZ,plant,nz47,pa_holdout,2,global_conditional_density,87,19120,onehot_l2,0.0,0.01,1e-06,frozen_default,9,"G=6,K=3",random_50k,full_background_50k,ipp,deep2_kan_ipp,50000,True,33.992418038000324,0.7938662041327508,0.3201671520269382,0.6374650823448463,,,lbfgs,12.0,0.0,836.2522359215243,0.05,True,True,True,True
NZ,plant,nz48,pa_holdout,0,global_conditional_density,43,19120,onehot_l2,0.0,0.01,1e-06,frozen_default,9,"G=6,K=3",random_50k,full_background_50k,ipp,additive_kan_ipp,50000,True,11.960658267998951,0.6713318314229975,0.1003410242374916,0.4513932781888137,,,lbfgs,15.0,,,,,,,
NZ,plant,nz48,pa_holdout,0,global_conditional_density,43,19120,onehot_l2,0.0,0.01,1e-06,frozen_default,9,"G=6,K=3",random_50k,full_background_50k,ipp,deep2_kan_ipp,50000,True,37.18524895799965,0.6579843761096426,0.0996665753461906,0.4283350201243729,,,lbfgs,12.0,0.0,401.6512515654921,0.05,True,True,True,True
NZ,plant,nz48,pa_holdout,1,global_conditional_density,43,19120,onehot_l2,0.0,0.01,1e-06,frozen_default,9,"G=6,K=3",random_50k,full_background_50k,ipp,additive_kan_ipp,50000,True,12.793348015000449,0.6713548456599251,0.1003255435528052,0.4514591419123451,,,lbfgs,15.0,,,,,,,
NZ,plant,nz48,pa_holdout,1,global_conditional_density,43,19120,onehot_l2,0.0,0.01,1e-06,frozen_default,9,"G=6,K=3",random_50k,full_background_50k,ipp,deep2_kan_ipp,50000,True,35.23636621500009,0.6699365393214279,0.1098270559743093,0.4562089765942742,,,lbfgs,12.0,0.0,404.9399536071599,0.05,True,True,True,True
NZ,plant,nz48,pa_holdout,2,global_conditional_density,43,19120,onehot_l2,0.0,0.01,1e-06,frozen_default,9,"G=6,K=3",random_50k,full_background_50k,ipp,additive_kan_ipp,50000,True,12.671882388000084,0.6712786457065585,0.1002095887997545,0.4511870898813049,,,lbfgs,15.0,,,,,,,
NZ,plant,nz48,pa_holdout,2,global_conditional_density,43,19120,onehot_l2,0.0,0.01,1e-06,frozen_default,9,"G=6,K=3",random_50k,full_background_50k,ipp,deep2_kan_ipp,50000,True,36.31431765000161,0.6574008140376234,0.0973199590698848,0.424926076891634,,,lbfgs,12.0,0.0,401.9356367376666,0.05,True,True,True,True
NZ,plant,nz49,pa_holdout,0,global_conditional_density,37,19120,onehot_l2,0.0,0.01,1e-06,frozen_default,9,"G=6,K=3",random_50k,full_background_50k,ipp,additive_kan_ipp,50000,True,12.775397474000783,0.9145113977362463,0.1027038022990684,0.8798196411231117,,,lbfgs,15.0,,,,,,,
NZ,plant,nz49,pa_holdout,0,global_conditional_density,37,19120,onehot_l2,0.0,0.01,1e-06,frozen_default,9,"G=6,K=3",random_50k,full_background_50k,ipp,deep2_kan_ipp,50000,True,36.65962347899949,0.8873109765727824,0.0649598729494494,0.8353710149469553,,,lbfgs,12.0,0.0,297.4608794905688,0.05,True,True,True,True
NZ,plant,nz49,pa_holdout,1,global_conditional_density,37,19120,onehot_l2,0.0,0.01,1e-06,frozen_default,9,"G=6,K=3",random_50k,full_background_50k,ipp,additive_kan_ipp,50000,True,14.310980962998656,0.9138952355883128,0.1022399661049698,0.878456373299921,,,lbfgs,15.0,,,,,,,
NZ,plant,nz49,pa_holdout,1,global_conditional_density,37,19120,onehot_l2,0.0,0.01,1e-06,frozen_default,9,"G=6,K=3",random_50k,full_background_50k,ipp,deep2_kan_ipp,50000,True,33.3552789209989,0.8781451961042378,0.0644289921520031,0.8258027324450463,,,lbfgs,12.0,0.0,297.3019139272057,0.05,True,True,True,True
NZ,plant,nz49,pa_holdout,2,global_conditional_density,37,19120,onehot_l2,0.0,0.01,1e-06,frozen_default,9,"G=6,K=3",random_50k,full_background_50k,ipp,additive_kan_ipp,50000,True,15.180307575999905,0.9135191366148984,0.1024629281537705,0.8784294535139944,,,lbfgs,15.0,,,,,,,
NZ,plant,nz49,pa_holdout,2,global_conditional_density,37,19120,onehot_l2,0.0,0.01,1e-06,frozen_default,9,"G=6,K=3",random_50k,full_background_50k,ipp,deep2_kan_ipp,50000,True,34.3490904600003,0.8841964727559884,0.0671704891979004,0.8330131284723326,,,lbfgs,12.0,0.0,297.457248162425,0.05,True,True,True,True
NZ,plant,nz50,pa_holdout,0,global_conditional_density,131,19120,onehot_l2,0.0,0.01,1e-06,frozen_default,9,"G=6,K=3",random_50k,full_background_50k,ipp,additive_kan_ipp,50000,True,11.580018033999297,0.7717996699547364,0.1646370233093808,0.6230771007066971,,,lbfgs,15.0,,,,,,,
NZ,plant,nz50,pa_holdout,0,global_conditional_density,131,19120,onehot_l2,0.0,0.01,1e-06,frozen_default,9,"G=6,K=3",random_50k,full_background_50k,ipp,deep2_kan_ipp,50000,True,34.95002130499961,0.7629755152026546,0.1624707047379692,0.6122675937427949,,,lbfgs,12.0,0.0,1200.6623598933973,0.05,True,True,True,True
NZ,plant,nz50,pa_holdout,1,global_conditional_density,131,19120,onehot_l2,0.0,0.01,1e-06,frozen_default,9,"G=6,K=3",random_50k,full_background_50k,ipp,additive_kan_ipp,50000,True,12.455604376000338,0.7715327950398932,0.1645266135279012,0.6226349382397792,,,lbfgs,15.0,,,,,,,
NZ,plant,nz50,pa_holdout,1,global_conditional_density,131,19120,onehot_l2,0.0,0.01,1e-06,frozen_default,9,"G=6,K=3",random_50k,full_background_50k,ipp,deep2_kan_ipp,50000,True,33.21379415299998,0.7553696375467742,0.1573804681083482,0.5993322350872435,,,lbfgs,12.0,0.0,1200.8033490243142,0.05,True,True,True,True
NZ,plant,nz50,pa_holdout,2,global_conditional_density,131,19120,onehot_l2,0.0,0.01,1e-06,frozen_default,9,"G=6,K=3",random_50k,full_background_50k,ipp,additive_kan_ipp,50000,True,12.712440648001577,0.7717088934400276,0.164664330998538,0.6229680368288206,,,lbfgs,15.0,,,,,,,
NZ,plant,nz50,pa_holdout,2,global_conditional_density,131,19120,onehot_l2,0.0,0.01,1e-06,frozen_default,9,"G=6,K=3",random_50k,full_background_50k,ipp,deep2_kan_ipp,50000,True,34.566713168000206,0.7486444815601664,0.1536050581765588,0.5889490110329865,,,lbfgs,12.0,0.0,1196.9067126994305,0.05,True,True,True,True
NZ,plant,nz51,pa_holdout,0,global_conditional_density,42,19120,onehot_l2,0.0,0.01,1e-06,frozen_default,9,"G=6,K=3",random_50k,full_background_50k,ipp,additive_kan_ipp,50000,True,12.544428567000068,0.6988865628160478,0.0459628811647169,0.3553046850730422,,,lbfgs,15.0,,,,,,,
NZ,plant,nz51,pa_holdout,0,global_conditional_density,42,19120,onehot_l2,0.0,0.01,1e-06,frozen_default,9,"G=6,K=3",random_50k,full_background_50k,ipp,deep2_kan_ipp,50000,True,33.640819553000256,0.689621678538651,0.0446703721114507,0.3198817556175062,,,lbfgs,12.0,0.0,365.9187473647134,0.05,True,True,True,True
NZ,plant,nz51,pa_holdout,1,global_conditional_density,42,19120,onehot_l2,0.0,0.01,1e-06,frozen_default,9,"G=6,K=3",random_50k,full_background_50k,ipp,additive_kan_ipp,50000,True,13.510562220999418,0.6990982680441313,0.0459886639034236,0.3558713492214027,,,lbfgs,15.0,,,,,,,
NZ,plant,nz51,pa_holdout,1,global_conditional_density,42,19120,onehot_l2,0.0,0.01,1e-06,frozen_default,9,"G=6,K=3",random_50k,full_background_50k,ipp,deep2_kan_ipp,50000,True,36.31676992600114,0.6883127112497933,0.044231201544404,0.3212528837431466,,,lbfgs,12.0,0.0,367.0097324806771,0.05,True,True,True,True
NZ,plant,nz51,pa_holdout,2,global_conditional_density,42,19120,onehot_l2,0.0,0.01,1e-06,frozen_default,9,"G=6,K=3",random_50k,full_background_50k,ipp,additive_kan_ipp,50000,True,12.680710275999443,0.699165576499799,0.0459987187580256,0.3561354486941785,,,lbfgs,15.0,,,,,,,
NZ,plant,nz51,pa_holdout,2,global_conditional_density,42,19120,onehot_l2,0.0,0.01,1e-06,frozen_default,9,"G=6,K=3",random_50k,full_background_50k,ipp,deep2_kan_ipp,50000,True,37.350664898000105,0.6983883651869162,0.0453656789248869,0.3353339353649158,,,lbfgs,12.0,0.0,366.5403965919643,0.05,True,True,True,True
NZ,plant,nz52,pa_holdout,0,global_conditional_density,174,19120,onehot_l2,0.0,0.01,1e-06,frozen_default,9,"G=6,K=3",random_50k,full_background_50k,ipp,additive_kan_ipp,50000,True,11.038071499999203,0.8404173308778748,0.0961641311587297,0.7050899890522839,,,lbfgs,15.0,,,,,,,
NZ,plant,nz52,pa_holdout,0,global_conditional_density,174,19120,onehot_l2,0.0,0.01,1e-06,frozen_default,9,"G=6,K=3",random_50k,full_background_50k,ipp,deep2_kan_ipp,50000,True,38.12336890199913,0.8271349507331193,0.0877371029107994,0.6776897509230602,,,lbfgs,12.0,0.0,1683.235852005408,0.05,True,True,True,True
NZ,plant,nz52,pa_holdout,1,global_conditional_density,174,19120,onehot_l2,0.0,0.01,1e-06,frozen_default,9,"G=6,K=3",random_50k,full_background_50k,ipp,additive_kan_ipp,50000,True,12.151107208001122,0.8403800622599438,0.096152078160214,0.7049952229787417,,,lbfgs,15.0,,,,,,,
NZ,plant,nz52,pa_holdout,1,global_conditional_density,174,19120,onehot_l2,0.0,0.01,1e-06,frozen_default,9,"G=6,K=3",random_50k,full_background_50k,ipp,deep2_kan_ipp,50000,True,35.650781145999645,0.8280235743419153,0.0888639453245549,0.6819339749361124,,,lbfgs,12.0,0.0,1683.429004033493,0.05,True,True,True,True
NZ,plant,nz52,pa_holdout,2,global_conditional_density,174,19120,onehot_l2,0.0,0.01,1e-06,frozen_default,9,"G=6,K=3",random_50k,full_background_50k,ipp,additive_kan_ipp,50000,True,12.117208257999664,0.840377732971323,0.0961733247275336,0.7051001516682833,,,lbfgs,15.0,,,,,,,
NZ,plant,nz52,pa_holdout,2,global_conditional_density,174,19120,onehot_l2,0.0,0.01,1e-06,frozen_default,9,"G=6,K=3",random_50k,full_background_50k,ipp,deep2_kan_ipp,50000,True,32.9087399910004,0.8267936128964947,0.0879146014336973,0.6776731214554439,,,lbfgs,12.0,0.0,1683.2936100008326,0.05,True,True,True,True
SA,plant,sa01,pa_holdout,0,global_conditional_density,120,152,onehot_l2,0.0,0.01,1e-06,frozen_default,9,"G=6,K=3",random_50k,full_background_50k,ipp,additive_kan_ipp,50000,True,21.60811202599143,0.5450121654501217,0.2133821274447742,0.2511985004712374,,,lbfgs,15.0,,,,,,,
SA,plant,sa01,pa_holdout,0,global_conditional_density,120,152,onehot_l2,0.0,0.01,1e-06,frozen_default,9,"G=6,K=3",random_50k,full_background_50k,ipp,deep2_kan_ipp,50000,True,68.18256258299516,0.5153284671532847,0.2056800015552344,0.1741813706329663,,,lbfgs,12.0,0.0,1217.4521977189047,0.05,True,True,True,True
SA,plant,sa01,pa_holdout,1,global_conditional_density,120,152,onehot_l2,0.0,0.01,1e-06,frozen_default,9,"G=6,K=3",random_50k,full_background_50k,ipp,additive_kan_ipp,50000,True,27.70191792100377,0.5450121654501217,0.2133821274447742,0.2511985004712374,,,lbfgs,15.0,,,,,,,
SA,plant,sa01,pa_holdout,1,global_conditional_density,120,152,onehot_l2,0.0,0.01,1e-06,frozen_default,9,"G=6,K=3",random_50k,full_background_50k,ipp,deep2_kan_ipp,50000,True,68.53713774700009,0.5046228710462286,0.1908482662522575,0.1416834785794239,,,lbfgs,12.0,0.0,1217.8741088622558,0.05,True,True,True,True
SA,plant,sa01,pa_holdout,2,global_conditional_density,120,152,onehot_l2,0.0,0.01,1e-06,frozen_default,9,"G=6,K=3",random_50k,full_background_50k,ipp,additive_kan_ipp,50000,True,25.49966109500383,0.5440389294403892,0.2126614067240535,0.2488846546921031,,,lbfgs,15.0,,,,,,,
SA,plant,sa01,pa_holdout,2,global_conditional_density,120,152,onehot_l2,0.0,0.01,1e-06,frozen_default,9,"G=6,K=3",random_50k,full_background_50k,ipp,deep2_kan_ipp,50000,True,74.5350090819993,0.4997566909975668,0.1585400292852185,0.131577752644405,,,lbfgs,12.0,0.0,1217.9189735821938,0.05,True,True,True,True
SA,plant,sa02,pa_holdout,0,global_conditional_density,150,152,onehot_l2,0.0,0.01,1e-06,frozen_default,9,"G=6,K=3",random_50k,full_background_50k,ipp,additive_kan_ipp,50000,True,27.03607485399698,0.641051567239636,0.2680981862893574,0.3759411404780874,,,lbfgs,15.0,,,,,,,
SA,plant,sa02,pa_holdout,0,global_conditional_density,150,152,onehot_l2,0.0,0.01,1e-06,frozen_default,9,"G=6,K=3",random_50k,full_background_50k,ipp,deep2_kan_ipp,50000,True,73.63556637700822,0.6525109538254128,0.2529738652487592,0.4003981528535479,,,lbfgs,12.0,0.0,1466.3136720424882,0.05,True,True,True,True
SA,plant,sa02,pa_holdout,1,global_conditional_density,150,152,onehot_l2,0.0,0.01,1e-06,frozen_default,9,"G=6,K=3",random_50k,full_background_50k,ipp,additive_kan_ipp,50000,True,28.74721491499804,0.6400404448938322,0.2684424156794903,0.3745587269763145,,,lbfgs,15.0,,,,,,,
SA,plant,sa02,pa_holdout,1,global_conditional_density,150,152,onehot_l2,0.0,0.01,1e-06,frozen_default,9,"G=6,K=3",random_50k,full_background_50k,ipp,deep2_kan_ipp,50000,True,70.18978736898862,0.6521739130434783,0.2552435452427882,0.3969396892905233,,,lbfgs,12.0,0.0,1466.2874125045862,0.05,True,True,True,True
SA,plant,sa02,pa_holdout,2,global_conditional_density,150,152,onehot_l2,0.0,0.01,1e-06,frozen_default,9,"G=6,K=3",random_50k,full_background_50k,ipp,additive_kan_ipp,50000,True,27.304717135994,0.6420626895854398,0.269404910106578,0.3785737865533999,,,lbfgs,15.0,,,,,,,
SA,plant,sa02,pa_holdout,2,global_conditional_density,150,152,onehot_l2,0.0,0.01,1e-06,frozen_default,9,"G=6,K=3",random_50k,full_background_50k,ipp,deep2_kan_ipp,50000,True,70.58229426700564,0.6528479946073475,0.2530591878997149,0.4023502609393372,,,lbfgs,12.0,0.0,1466.902692482157,0.05,True,True,True,True
SA,plant,sa03,pa_holdout,0,global_conditional_density,28,152,onehot_l2,0.0,0.01,1e-06,frozen_default,9,"G=6,K=3",random_50k,full_background_50k,ipp,additive_kan_ipp,50000,True,24.975484430004144,0.8776041666666667,0.4385116826581379,0.7876044881687241,,,lbfgs,15.0,,,,,,,
SA,plant,sa03,pa_holdout,0,global_conditional_density,28,152,onehot_l2,0.0,0.01,1e-06,frozen_default,9,"G=6,K=3",random_50k,full_background_50k,ipp,deep2_kan_ipp,50000,True,111.4433632119908,0.8828125,0.3018164515061238,0.7779486331569664,,,lbfgs,18.0,0.0,254.44853905084804,0.05,True,True,True,True
SA,plant,sa03,pa_holdout,1,global_conditional_density,28,152,onehot_l2,0.0,0.01,1e-06,frozen_default,9,"G=6,K=3",random_50k,full_background_50k,ipp,additive_kan_ipp,50000,True,27.68301957199583,0.8776041666666667,0.4385116826581379,0.7876044881687241,,,lbfgs,15.0,,,,,,,
SA,plant,sa03,pa_holdout,1,global_conditional_density,28,152,onehot_l2,0.0,0.01,1e-06,frozen_default,9,"G=6,K=3",random_50k,full_background_50k,ipp,deep2_kan_ipp,50000,True,104.16603067899996,0.8880208333333333,0.3189269128704113,0.7881368037184009,,,lbfgs,18.0,0.0,254.8608209834506,0.05,True,True,True,True
SA,plant,sa03,pa_holdout,2,global_conditional_density,28,152,onehot_l2,0.0,0.01,1e-06,frozen_default,9,"G=6,K=3",random_50k,full_background_50k,ipp,additive_kan_ipp,50000,True,26.975278833007906,0.8776041666666667,0.4385116826581379,0.7876044881687241,,,lbfgs,15.0,,,,,,,
SA,plant,sa03,pa_holdout,2,global_conditional_density,28,152,onehot_l2,0.0,0.01,1e-06,frozen_default,9,"G=6,K=3",random_50k,full_background_50k,ipp,deep2_kan_ipp,50000,True,103.32815680799833,0.8854166666666667,0.3158270364597452,0.7877659281305114,,,lbfgs,18.0,0.0,254.9357846723236,0.05,True,True,True,True
SA,plant,sa04,pa_holdout,0,global_conditional_density,60,152,onehot_l2,0.0,0.01,1e-06,frozen_default,9,"G=6,K=3",random_50k,full_background_50k,ipp,additive_kan_ipp,50000,True,25.45372377500462,0.9487179487179488,0.4828603495270162,0.8757579638698519,,,lbfgs,15.0,,,,,,,
SA,plant,sa04,pa_holdout,0,global_conditional_density,60,152,onehot_l2,0.0,0.01,1e-06,frozen_default,9,"G=6,K=3",random_50k,full_background_50k,ipp,deep2_kan_ipp,50000,True,73.27336725099303,0.9401709401709402,0.4092210119967139,0.8561899638822715,,,lbfgs,12.0,0.0,572.2593482788234,0.05,True,True,True,True
SA,plant,sa04,pa_holdout,1,global_conditional_density,60,152,onehot_l2,0.0,0.01,1e-06,frozen_default,9,"G=6,K=3",random_50k,full_background_50k,ipp,additive_kan_ipp,50000,True,27.746870907998527,0.9487179487179488,0.4828603495270162,0.8757579638698519,,,lbfgs,15.0,,,,,,,
SA,plant,sa04,pa_holdout,1,global_conditional_density,60,152,onehot_l2,0.0,0.01,1e-06,frozen_default,9,"G=6,K=3",random_50k,full_background_50k,ipp,deep2_kan_ipp,50000,True,65.58376584999496,0.9448329448329448,0.5510132597100142,0.8719942062599405,,,lbfgs,12.0,0.0,571.6073862215064,0.05,True,True,True,True
SA,plant,sa04,pa_holdout,2,global_conditional_density,60,152,onehot_l2,0.0,0.01,1e-06,frozen_default,9,"G=6,K=3",random_50k,full_background_50k,ipp,additive_kan_ipp,50000,True,29.75184160900244,0.9487179487179488,0.4828603495270162,0.8757579638698519,,,lbfgs,15.0,,,,,,,
SA,plant,sa04,pa_holdout,2,global_conditional_density,60,152,onehot_l2,0.0,0.01,1e-06,frozen_default,9,"G=6,K=3",random_50k,full_background_50k,ipp,deep2_kan_ipp,50000,True,81.87097192098736,0.9432789432789432,0.530917965476789,0.8670387887171104,,,lbfgs,12.0,0.0,575.2030357435414,0.05,True,True,True,True
SA,plant,sa05,pa_holdout,0,global_conditional_density,61,152,onehot_l2,0.0,0.01,1e-06,frozen_default,9,"G=6,K=3",random_50k,full_background_50k,ipp,additive_kan_ipp,50000,True,27.679418775995146,0.9152709359605912,0.2311758036547952,0.7507479757658115,,,lbfgs,15.0,,,,,,,
SA,plant,sa05,pa_holdout,0,global_conditional_density,61,152,onehot_l2,0.0,0.01,1e-06,frozen_default,9,"G=6,K=3",random_50k,full_background_50k,ipp,deep2_kan_ipp,50000,True,71.50021104300686,0.930049261083744,0.2955643390425999,0.7959839193703642,,,lbfgs,12.0,0.0,541.1202205027153,0.05,True,True,True,True
SA,plant,sa05,pa_holdout,1,global_conditional_density,61,152,onehot_l2,0.0,0.01,1e-06,frozen_default,9,"G=6,K=3",random_50k,full_background_50k,ipp,additive_kan_ipp,50000,True,32.64492296001117,0.9152709359605912,0.2311758036547952,0.7507479757658115,,,lbfgs,15.0,,,,,,,
SA,plant,sa05,pa_holdout,1,global_conditional_density,61,152,onehot_l2,0.0,0.01,1e-06,frozen_default,9,"G=6,K=3",random_50k,full_background_50k,ipp,deep2_kan_ipp,50000,True,79.12527583399788,0.9261083743842364,0.2784953142095999,0.787067549968858,,,lbfgs,12.0,0.0,540.7442194187131,0.05,True,True,True,True
SA,plant,sa05,pa_holdout,2,global_conditional_density,61,152,onehot_l2,0.0,0.01,1e-06,frozen_default,9,"G=6,K=3",random_50k,full_background_50k,ipp,additive_kan_ipp,50000,True,32.742910588000086,0.9152709359605912,0.2311758036547952,0.7507479757658115,,,lbfgs,15.0,,,,,,,
SA,plant,sa05,pa_holdout,2,global_conditional_density,61,152,onehot_l2,0.0,0.01,1e-06,frozen_default,9,"G=6,K=3",random_50k,full_background_50k,ipp,deep2_kan_ipp,50000,True,71.66914994298713,0.9330049261083744,0.3105108971488282,0.8031789819376026,,,lbfgs,12.0,0.0,541.3344817334181,0.05,True,True,True,True
SA,plant,sa06,pa_holdout,0,global_conditional_density,32,152,onehot_l2,0.0,0.01,1e-06,frozen_default,9,"G=6,K=3",random_50k,full_background_50k,ipp,additive_kan_ipp,50000,True,36.242477434003376,0.9428571428571428,0.5329003396230287,0.838431345903403,,,lbfgs,15.0,,,,,,,
SA,plant,sa06,pa_holdout,0,global_conditional_density,32,152,onehot_l2,0.0,0.01,1e-06,frozen_default,9,"G=6,K=3",random_50k,full_background_50k,ipp,deep2_kan_ipp,50000,True,94.6471669790044,0.9428571428571428,0.360856384994316,0.8213731951758112,,,lbfgs,12.0,0.0,302.47856714093024,0.05,True,True,True,True
SA,plant,sa06,pa_holdout,1,global_conditional_density,32,152,onehot_l2,0.0,0.01,1e-06,frozen_default,9,"G=6,K=3",random_50k,full_background_50k,ipp,additive_kan_ipp,50000,True,34.70529158100544,0.9428571428571428,0.5329003396230287,0.838431345903403,,,lbfgs,15.0,,,,,,,
SA,plant,sa06,pa_holdout,1,global_conditional_density,32,152,onehot_l2,0.0,0.01,1e-06,frozen_default,9,"G=6,K=3",random_50k,full_background_50k,ipp,deep2_kan_ipp,50000,True,89.16712324001128,0.9428571428571428,0.3642308536317752,0.8225092576864277,,,lbfgs,12.0,0.0,302.1200019666184,0.05,True,True,True,True
SA,plant,sa06,pa_holdout,2,global_conditional_density,32,152,onehot_l2,0.0,0.01,1e-06,frozen_default,9,"G=6,K=3",random_50k,full_background_50k,ipp,additive_kan_ipp,50000,True,38.1079116769979,0.9428571428571428,0.5329003396230287,0.838431345903403,,,lbfgs,15.0,,,,,,,
SA,plant,sa06,pa_holdout,2,global_conditional_density,32,152,onehot_l2,0.0,0.01,1e-06,frozen_default,9,"G=6,K=3",random_50k,full_background_50k,ipp,deep2_kan_ipp,50000,True,89.39039430300181,0.9408866995073892,0.3554646198655415,0.8194969707264594,,,lbfgs,12.0,0.0,302.1131263837933,0.05,True,True,True,True
SA,plant,sa07,pa_holdout,0,global_conditional_density,17,152,onehot_l2,0.0,0.01,1e-06,frozen_default,9,"G=6,K=3",random_50k,full_background_50k,ipp,additive_kan_ipp,50000,True,23.89979847399991,0.8854166666666666,0.2113188163828581,0.7288447053203997,,,lbfgs,15.0,,,,,,,
SA,plant,sa07,pa_holdout,0,global_conditional_density,17,152,onehot_l2,0.0,0.01,1e-06,frozen_default,9,"G=6,K=3",random_50k,full_background_50k,ipp,deep2_kan_ipp,50000,True,86.0314023320002,0.7508680555555556,0.2755269467933248,0.6307764733980011,,,lbfgs,18.0,0.0,123.06311437727004,0.05,True,True,True,True
SA,plant,sa07,pa_holdout,1,global_conditional_density,17,152,onehot_l2,0.0,0.01,1e-06,frozen_default,9,"G=6,K=3",random_50k,full_background_50k,ipp,additive_kan_ipp,50000,True,23.97840964199986,0.8854166666666666,0.2113188163828581,0.7288447053203997,,,lbfgs,15.0,,,,,,,
SA,plant,sa07,pa_holdout,1,global_conditional_density,17,152,onehot_l2,0.0,0.01,1e-06,frozen_default,9,"G=6,K=3",random_50k,full_background_50k,ipp,deep2_kan_ipp,50000,True,85.72069128900011,0.7204861111111112,0.2536444060526629,0.5937761794532628,,,lbfgs,18.0,0.0,126.41713002569944,0.05,True,True,True,True
SA,plant,sa07,pa_holdout,2,global_conditional_density,17,152,onehot_l2,0.0,0.01,1e-06,frozen_default,9,"G=6,K=3",random_50k,full_background_50k,ipp,additive_kan_ipp,50000,True,22.96520400600002,0.8854166666666666,0.2113188163828581,0.7288447053203997,,,lbfgs,15.0,,,,,,,
SA,plant,sa07,pa_holdout,2,global_conditional_density,17,152,onehot_l2,0.0,0.01,1e-06,frozen_default,9,"G=6,K=3",random_50k,full_background_50k,ipp,deep2_kan_ipp,50000,True,87.6338356770002,0.7569444444444444,0.2568620628267167,0.6373736956202234,,,lbfgs,18.0,0.0,124.09375216271184,0.05,True,True,True,True
SA,plant,sa08,pa_holdout,0,global_conditional_density,35,152,onehot_l2,0.0,0.01,1e-06,frozen_default,9,"G=6,K=3",random_50k,full_background_50k,ipp,additive_kan_ipp,50000,True,23.67431565199968,0.9869791666666666,0.7857954545454544,0.9069609788359788,,,lbfgs,15.0,,,,,,,
SA,plant,sa08,pa_holdout,0,global_conditional_density,35,152,onehot_l2,0.0,0.01,1e-06,frozen_default,9,"G=6,K=3",random_50k,full_background_50k,ipp,deep2_kan_ipp,50000,True,58.87006439699962,0.9661458333333331,0.4766369047619047,0.8656323486184596,,,lbfgs,12.0,0.0,313.6073235873019,0.05,True,True,True,True
SA,plant,sa08,pa_holdout,1,global_conditional_density,35,152,onehot_l2,0.0,0.01,1e-06,frozen_default,9,"G=6,K=3",random_50k,full_background_50k,ipp,additive_kan_ipp,50000,True,20.869028711999817,0.9869791666666666,0.7857954545454544,0.9069609788359788,,,lbfgs,15.0,,,,,,,
SA,plant,sa08,pa_holdout,1,global_conditional_density,35,152,onehot_l2,0.0,0.01,1e-06,frozen_default,9,"G=6,K=3",random_50k,full_background_50k,ipp,deep2_kan_ipp,50000,True,57.2167501240001,0.9722222222222222,0.5104604341736695,0.8738134277630805,,,lbfgs,12.0,0.0,313.3071503980659,0.05,True,True,True,True
SA,plant,sa08,pa_holdout,2,global_conditional_density,35,152,onehot_l2,0.0,0.01,1e-06,frozen_default,9,"G=6,K=3",random_50k,full_background_50k,ipp,additive_kan_ipp,50000,True,22.32195615899991,0.9869791666666666,0.7857954545454544,0.9069609788359788,,,lbfgs,15.0,,,,,,,
SA,plant,sa08,pa_holdout,2,global_conditional_density,35,152,onehot_l2,0.0,0.01,1e-06,frozen_default,9,"G=6,K=3",random_50k,full_background_50k,ipp,deep2_kan_ipp,50000,True,52.2673962519998,0.9722222222222222,0.5433035714285714,0.8809909611992945,,,lbfgs,12.0,0.0,314.1795815155819,0.05,True,True,True,True
SA,plant,sa09,pa_holdout,0,global_conditional_density,49,152,onehot_l2,0.0,0.01,1e-06,frozen_default,9,"G=6,K=3",random_50k,full_background_50k,ipp,additive_kan_ipp,50000,True,21.48875257100008,0.8767605633802817,0.5145958919749243,0.8146895457250545,,,lbfgs,15.0,,,,,,,
SA,plant,sa09,pa_holdout,0,global_conditional_density,49,152,onehot_l2,0.0,0.01,1e-06,frozen_default,9,"G=6,K=3",random_50k,full_background_50k,ipp,deep2_kan_ipp,50000,True,56.72167990100024,0.8492957746478873,0.3630642541865506,0.800600315508072,,,lbfgs,12.0,0.0,486.428731484528,0.05,True,True,True,True
SA,plant,sa09,pa_holdout,1,global_conditional_density,49,152,onehot_l2,0.0,0.01,1e-06,frozen_default,9,"G=6,K=3",random_50k,full_background_50k,ipp,additive_kan_ipp,50000,True,21.004674554000303,0.8767605633802817,0.5145958919749243,0.8146895457250545,,,lbfgs,15.0,,,,,,,
SA,plant,sa09,pa_holdout,1,global_conditional_density,49,152,onehot_l2,0.0,0.01,1e-06,frozen_default,9,"G=6,K=3",random_50k,full_background_50k,ipp,deep2_kan_ipp,50000,True,62.7116328369998,0.8471830985915493,0.3480324866390439,0.7942437095184567,,,lbfgs,12.0,0.0,485.8364524542447,0.05,True,True,True,True
SA,plant,sa09,pa_holdout,2,global_conditional_density,49,152,onehot_l2,0.0,0.01,1e-06,frozen_default,9,"G=6,K=3",random_50k,full_background_50k,ipp,additive_kan_ipp,50000,True,21.71403091100001,0.8767605633802817,0.5145958919749243,0.8146895457250545,,,lbfgs,15.0,,,,,,,
SA,plant,sa09,pa_holdout,2,global_conditional_density,49,152,onehot_l2,0.0,0.01,1e-06,frozen_default,9,"G=6,K=3",random_50k,full_background_50k,ipp,deep2_kan_ipp,50000,True,57.0084355959998,0.8450704225352113,0.3501355776620964,0.7913570625631725,,,lbfgs,12.0,0.0,485.7224481551074,0.05,True,True,True,True
SA,plant,sa10,pa_holdout,0,global_conditional_density,99,152,onehot_l2,0.0,0.01,1e-06,frozen_default,9,"G=6,K=3",random_50k,full_background_50k,ipp,additive_kan_ipp,50000,True,24.38515654999992,0.5890103728623493,0.2630035554512508,0.246130590517943,,,lbfgs,15.0,,,,,,,
SA,plant,sa10,pa_holdout,0,global_conditional_density,99,152,onehot_l2,0.0,0.01,1e-06,frozen_default,9,"G=6,K=3",random_50k,full_background_50k,ipp,deep2_kan_ipp,50000,True,62.33880306400033,0.6049901878329128,0.3323271246126617,0.230392665013612,,,lbfgs,12.0,0.0,995.7935465924644,0.05,True,True,True,True
SA,plant,sa10,pa_holdout,1,global_conditional_density,99,152,onehot_l2,0.0,0.01,1e-06,frozen_default,9,"G=6,K=3",random_50k,full_background_50k,ipp,additive_kan_ipp,50000,True,24.505415939999693,0.5884496776002243,0.2628549382978586,0.2451211627490812,,,lbfgs,15.0,,,,,,,
SA,plant,sa10,pa_holdout,1,global_conditional_density,99,152,onehot_l2,0.0,0.01,1e-06,frozen_default,9,"G=6,K=3",random_50k,full_background_50k,ipp,deep2_kan_ipp,50000,True,61.43520767000064,0.6047098402018503,0.3298396126394309,0.2326053939996371,,,lbfgs,12.0,0.0,993.2970419186664,0.05,True,True,True,True
SA,plant,sa10,pa_holdout,2,global_conditional_density,99,152,onehot_l2,0.0,0.01,1e-06,frozen_default,9,"G=6,K=3",random_50k,full_background_50k,ipp,additive_kan_ipp,50000,True,23.07500275699931,0.5884496776002243,0.2628588524027365,0.2451914209989944,,,lbfgs,15.0,,,,,,,
SA,plant,sa10,pa_holdout,2,global_conditional_density,99,152,onehot_l2,0.0,0.01,1e-06,frozen_default,9,"G=6,K=3",random_50k,full_background_50k,ipp,deep2_kan_ipp,50000,True,59.60884408299989,0.6226520885898514,0.3295891467446475,0.2693927897724974,,,lbfgs,12.0,0.0,997.4815867720648,0.05,True,True,True,True
SA,plant,sa11,pa_holdout,0,global_conditional_density,35,152,onehot_l2,0.0,0.01,1e-06,frozen_default,9,"G=6,K=3",random_50k,full_background_50k,ipp,additive_kan_ipp,50000,True,23.458268815000334,0.8350694444444445,0.2284878133562344,0.7022332910787771,,,lbfgs,15.0,,,,,,,
SA,plant,sa11,pa_holdout,0,global_conditional_density,35,152,onehot_l2,0.0,0.01,1e-06,frozen_default,9,"G=6,K=3",random_50k,full_background_50k,ipp,deep2_kan_ipp,50000,True,56.54267464800069,0.8480902777777778,0.2344248986808971,0.7128796020723105,,,lbfgs,12.0,0.0,328.000884294262,0.05,True,True,True,True
SA,plant,sa11,pa_holdout,1,global_conditional_density,35,152,onehot_l2,0.0,0.01,1e-06,frozen_default,9,"G=6,K=3",random_50k,full_background_50k,ipp,additive_kan_ipp,50000,True,25.90172355300001,0.8350694444444445,0.2284878133562344,0.7022332910787771,,,lbfgs,15.0,,,,,,,
SA,plant,sa11,pa_holdout,1,global_conditional_density,35,152,onehot_l2,0.0,0.01,1e-06,frozen_default,9,"G=6,K=3",random_50k,full_background_50k,ipp,deep2_kan_ipp,50000,True,60.211843893999685,0.8532986111111112,0.2311567504650318,0.7150524966931217,,,lbfgs,12.0,0.0,327.2546092732821,0.05,True,True,True,True
SA,plant,sa11,pa_holdout,2,global_conditional_density,35,152,onehot_l2,0.0,0.01,1e-06,frozen_default,9,"G=6,K=3",random_50k,full_background_50k,ipp,additive_kan_ipp,50000,True,19.552565229999345,0.8359375,0.2287349884974773,0.7032804692092887,,,lbfgs,15.0,,,,,,,
SA,plant,sa11,pa_holdout,2,global_conditional_density,35,152,onehot_l2,0.0,0.01,1e-06,frozen_default,9,"G=6,K=3",random_50k,full_background_50k,ipp,deep2_kan_ipp,50000,True,62.80059590099973,0.8506944444444444,0.2433325620770258,0.7197735247648442,,,lbfgs,12.0,0.0,328.08724668001184,0.05,True,True,True,True
SA,plant,sa12,pa_holdout,0,global_conditional_density,203,152,onehot_l2,0.0,0.01,1e-06,frozen_default,9,"G=6,K=3",random_50k,full_background_50k,ipp,additive_kan_ipp,50000,True,22.44443116999992,0.7941605839416058,0.2568380727314946,0.6164404725223097,,,lbfgs,15.0,,,,,,,
SA,plant,sa12,pa_holdout,0,global_conditional_density,203,152,onehot_l2,0.0,0.01,1e-06,frozen_default,9,"G=6,K=3",random_50k,full_background_50k,ipp,deep2_kan_ipp,50000,True,68.08815278499969,0.7664233576642336,0.2484523989372096,0.5809132088955201,,,lbfgs,12.0,0.0,2020.853512138082,0.05,True,True,True,True
SA,plant,sa12,pa_holdout,1,global_conditional_density,203,152,onehot_l2,0.0,0.01,1e-06,frozen_default,9,"G=6,K=3",random_50k,full_background_50k,ipp,additive_kan_ipp,50000,True,29.00859956600016,0.7941605839416058,0.2569349436981308,0.6165754468594258,,,lbfgs,15.0,,,,,,,
SA,plant,sa12,pa_holdout,1,global_conditional_density,203,152,onehot_l2,0.0,0.01,1e-06,frozen_default,9,"G=6,K=3",random_50k,full_background_50k,ipp,deep2_kan_ipp,50000,True,58.03501227000015,0.7683698296836983,0.2490522891080824,0.5804343713662271,,,lbfgs,12.0,0.0,2019.4145889893305,0.05,True,True,True,True
SA,plant,sa12,pa_holdout,2,global_conditional_density,203,152,onehot_l2,0.0,0.01,1e-06,frozen_default,9,"G=6,K=3",random_50k,full_background_50k,ipp,additive_kan_ipp,50000,True,24.357215769000504,0.7946472019464721,0.2573775492092087,0.6175202672192389,,,lbfgs,15.0,,,,,,,
SA,plant,sa12,pa_holdout,2,global_conditional_density,203,152,onehot_l2,0.0,0.01,1e-06,frozen_default,9,"G=6,K=3",random_50k,full_background_50k,ipp,deep2_kan_ipp,50000,True,61.04522036799972,0.7761557177615572,0.2507691214374979,0.5907485366913147,,,lbfgs,12.0,0.0,2025.3493292169344,0.05,True,True,True,True
SA,plant,sa13,pa_holdout,0,global_conditional_density,86,152,onehot_l2,0.0,0.01,1e-06,frozen_default,9,"G=6,K=3",random_50k,full_background_50k,ipp,additive_kan_ipp,50000,True,29.212072468999395,0.8694638694638694,0.4292124810701432,0.8092078861309631,,,lbfgs,15.0,,,,,,,
SA,plant,sa13,pa_holdout,0,global_conditional_density,86,152,onehot_l2,0.0,0.01,1e-06,frozen_default,9,"G=6,K=3",random_50k,full_background_50k,ipp,deep2_kan_ipp,50000,True,63.0563865310005,0.8756798756798756,0.444648189345607,0.8148653211590275,,,lbfgs,12.0,0.0,841.2572171245798,0.05,True,True,True,True
SA,plant,sa13,pa_holdout,1,global_conditional_density,86,152,onehot_l2,0.0,0.01,1e-06,frozen_default,9,"G=6,K=3",random_50k,full_background_50k,ipp,additive_kan_ipp,50000,True,23.991515778000576,0.8702408702408703,0.4293198693862944,0.8096208375928655,,,lbfgs,15.0,,,,,,,
SA,plant,sa13,pa_holdout,1,global_conditional_density,86,152,onehot_l2,0.0,0.01,1e-06,frozen_default,9,"G=6,K=3",random_50k,full_background_50k,ipp,deep2_kan_ipp,50000,True,63.14326147799966,0.8609168609168609,0.4404169355535854,0.7970435159246348,,,lbfgs,12.0,0.0,841.3932179989082,0.05,True,True,True,True
SA,plant,sa13,pa_holdout,2,global_conditional_density,86,152,onehot_l2,0.0,0.01,1e-06,frozen_default,9,"G=6,K=3",random_50k,full_background_50k,ipp,additive_kan_ipp,50000,True,24.320594736999738,0.8694638694638694,0.4292124810701432,0.8092078861309631,,,lbfgs,15.0,,,,,,,
SA,plant,sa13,pa_holdout,2,global_conditional_density,86,152,onehot_l2,0.0,0.01,1e-06,frozen_default,9,"G=6,K=3",random_50k,full_background_50k,ipp,deep2_kan_ipp,50000,True,64.6686115600005,0.8632478632478633,0.4090910498519194,0.7936514146304356,,,lbfgs,12.0,0.0,842.0415491152205,0.05,True,True,True,True
SA,plant,sa14,pa_holdout,0,global_conditional_density,81,152,onehot_l2,0.0,0.01,1e-06,frozen_default,9,"G=6,K=3",random_50k,full_background_50k,ipp,additive_kan_ipp,50000,True,26.06769636900026,0.8532019704433498,0.2371439671439671,0.7019661400826681,,,lbfgs,15.0,,,,,,,
SA,plant,sa14,pa_holdout,0,global_conditional_density,81,152,onehot_l2,0.0,0.01,1e-06,frozen_default,9,"G=6,K=3",random_50k,full_background_50k,ipp,deep2_kan_ipp,50000,True,68.86397150599987,0.8266009852216749,0.2738477559484344,0.6499654606194438,,,lbfgs,12.0,0.0,772.5591080401571,0.05,True,True,True,True
SA,plant,sa14,pa_holdout,1,global_conditional_density,81,152,onehot_l2,0.0,0.01,1e-06,frozen_default,9,"G=6,K=3",random_50k,full_background_50k,ipp,additive_kan_ipp,50000,True,24.13202103200001,0.852216748768473,0.2366346725170254,0.7001587679066871,,,lbfgs,15.0,,,,,,,
SA,plant,sa14,pa_holdout,1,global_conditional_density,81,152,onehot_l2,0.0,0.01,1e-06,frozen_default,9,"G=6,K=3",random_50k,full_background_50k,ipp,deep2_kan_ipp,50000,True,57.77757123299944,0.8502463054187193,0.2874805353376782,0.6924473132891682,,,lbfgs,12.0,0.0,770.4674010845883,0.05,True,True,True,True
SA,plant,sa14,pa_holdout,2,global_conditional_density,81,152,onehot_l2,0.0,0.01,1e-06,frozen_default,9,"G=6,K=3",random_50k,full_background_50k,ipp,additive_kan_ipp,50000,True,22.04970589899949,0.852216748768473,0.2366346725170254,0.7001587679066871,,,lbfgs,15.0,,,,,,,
SA,plant,sa14,pa_holdout,2,global_conditional_density,81,152,onehot_l2,0.0,0.01,1e-06,frozen_default,9,"G=6,K=3",random_50k,full_background_50k,ipp,deep2_kan_ipp,50000,True,55.64403736799977,0.8394088669950739,0.2749501716749103,0.6703973727422002,,,lbfgs,12.0,0.0,770.7103040313422,0.05,True,True,True,True
SA,plant,sa15,pa_holdout,0,global_conditional_density,88,152,onehot_l2,0.0,0.01,1e-06,frozen_default,9,"G=6,K=3",random_50k,full_background_50k,ipp,additive_kan_ipp,50000,True,21.89714926599936,0.6233576642335766,0.1947648657567072,0.4030363370978214,,,lbfgs,15.0,,,,,,,
SA,plant,sa15,pa_holdout,0,global_conditional_density,88,152,onehot_l2,0.0,0.01,1e-06,frozen_default,9,"G=6,K=3",random_50k,full_background_50k,ipp,deep2_kan_ipp,50000,True,56.62111115500011,0.5990267639902677,0.1804082333457885,0.3478282824438719,,,lbfgs,12.0,0.0,874.744486827296,0.05,True,True,True,True
SA,plant,sa15,pa_holdout,1,global_conditional_density,88,152,onehot_l2,0.0,0.01,1e-06,frozen_default,9,"G=6,K=3",random_50k,full_background_50k,ipp,additive_kan_ipp,50000,True,21.186353172000054,0.6233576642335766,0.1947648657567072,0.4030363370978214,,,lbfgs,15.0,,,,,,,
SA,plant,sa15,pa_holdout,1,global_conditional_density,88,152,onehot_l2,0.0,0.01,1e-06,frozen_default,9,"G=6,K=3",random_50k,full_background_50k,ipp,deep2_kan_ipp,50000,True,56.55834583900014,0.5897810218978101,0.1700469466734374,0.333322676281811,,,lbfgs,12.0,0.0,876.3827584067587,0.05,True,True,True,True
SA,plant,sa15,pa_holdout,2,global_conditional_density,88,152,onehot_l2,0.0,0.01,1e-06,frozen_default,9,"G=6,K=3",random_50k,full_background_50k,ipp,additive_kan_ipp,50000,True,23.209891767000045,0.6228710462287104,0.1941901531130291,0.4018794142082542,,,lbfgs,15.0,,,,,,,
SA,plant,sa15,pa_holdout,2,global_conditional_density,88,152,onehot_l2,0.0,0.01,1e-06,frozen_default,9,"G=6,K=3",random_50k,full_background_50k,ipp,deep2_kan_ipp,50000,True,53.91089815500072,0.5970802919708029,0.1851826055109753,0.3551004012829362,,,lbfgs,12.0,0.0,876.1965397851702,0.05,True,True,True,True
SA,plant,sa16,pa_holdout,0,global_conditional_density,37,152,onehot_l2,0.0,0.01,1e-06,frozen_default,9,"G=6,K=3",random_50k,full_background_50k,ipp,additive_kan_ipp,50000,True,22.42215616900012,0.8236453201970443,0.22129956639039,0.6949604212671989,,,lbfgs,15.0,,,,,,,
SA,plant,sa16,pa_holdout,0,global_conditional_density,37,152,onehot_l2,0.0,0.01,1e-06,frozen_default,9,"G=6,K=3",random_50k,full_background_50k,ipp,deep2_kan_ipp,50000,True,56.9849837239999,0.8423645320197044,0.2100764315050029,0.717630032274503,,,lbfgs,12.0,0.0,339.1114316160389,0.05,True,True,True,True
SA,plant,sa16,pa_holdout,1,global_conditional_density,37,152,onehot_l2,0.0,0.01,1e-06,frozen_default,9,"G=6,K=3",random_50k,full_background_50k,ipp,additive_kan_ipp,50000,True,21.26001181399988,0.8206896551724138,0.2210247907904633,0.6934112451163581,,,lbfgs,15.0,,,,,,,
SA,plant,sa16,pa_holdout,1,global_conditional_density,37,152,onehot_l2,0.0,0.01,1e-06,frozen_default,9,"G=6,K=3",random_50k,full_background_50k,ipp,deep2_kan_ipp,50000,True,58.00394198199956,0.8088669950738916,0.2301109917651271,0.7144111884944226,,,lbfgs,12.0,0.0,338.9839434672526,0.05,True,True,True,True
SA,plant,sa16,pa_holdout,2,global_conditional_density,37,152,onehot_l2,0.0,0.01,1e-06,frozen_default,9,"G=6,K=3",random_50k,full_background_50k,ipp,additive_kan_ipp,50000,True,21.643263930000103,0.8226600985221675,0.221206213141697,0.6944440292169186,,,lbfgs,15.0,,,,,,,
SA,plant,sa16,pa_holdout,2,global_conditional_density,37,152,onehot_l2,0.0,0.01,1e-06,frozen_default,9,"G=6,K=3",random_50k,full_background_50k,ipp,deep2_kan_ipp,50000,True,54.94974365800044,0.7980295566502463,0.1719986712633771,0.6687449181813034,,,lbfgs,12.0,0.0,340.7482921703913,0.05,True,True,True,True
SA,plant,sa17,pa_holdout,0,global_conditional_density,37,152,onehot_l2,0.0,0.01,1e-06,frozen_default,9,"G=6,K=3",random_50k,full_background_50k,ipp,additive_kan_ipp,50000,True,21.680807608000578,0.8484848484848485,0.400390193286727,0.8130518722038265,,,lbfgs,15.0,,,,,,,
SA,plant,sa17,pa_holdout,0,global_conditional_density,37,152,onehot_l2,0.0,0.01,1e-06,frozen_default,9,"G=6,K=3",random_50k,full_background_50k,ipp,deep2_kan_ipp,50000,True,55.53638534699985,0.8343004513217279,0.4062199766136528,0.8019090935946226,,,lbfgs,12.0,0.0,279.22257648739367,0.05,True,True,True,True
SA,plant,sa17,pa_holdout,1,global_conditional_density,37,152,onehot_l2,0.0,0.01,1e-06,frozen_default,9,"G=6,K=3",random_50k,full_background_50k,ipp,additive_kan_ipp,50000,True,21.28060606300005,0.8478401031592521,0.4003189783600784,0.8127043499006681,,,lbfgs,15.0,,,,,,,
SA,plant,sa17,pa_holdout,1,global_conditional_density,37,152,onehot_l2,0.0,0.01,1e-06,frozen_default,9,"G=6,K=3",random_50k,full_background_50k,ipp,deep2_kan_ipp,50000,True,55.59278982999968,0.8317214700193423,0.3926230352668877,0.7979023820882883,,,lbfgs,12.0,0.0,280.8447373517485,0.05,True,True,True,True
SA,plant,sa17,pa_holdout,2,global_conditional_density,37,152,onehot_l2,0.0,0.01,1e-06,frozen_default,9,"G=6,K=3",random_50k,full_background_50k,ipp,additive_kan_ipp,50000,True,22.41593417100012,0.8484848484848485,0.400390193286727,0.8130518722038265,,,lbfgs,15.0,,,,,,,
SA,plant,sa17,pa_holdout,2,global_conditional_density,37,152,onehot_l2,0.0,0.01,1e-06,frozen_default,9,"G=6,K=3",random_50k,full_background_50k,ipp,deep2_kan_ipp,50000,True,56.55907336400014,0.836234687298517,0.3744175558505296,0.7926062525126959,,,lbfgs,12.0,0.0,277.78486843494863,0.05,True,True,True,True
SA,plant,sa18,pa_holdout,0,global_conditional_density,123,152,onehot_l2,0.0,0.01,1e-06,frozen_default,9,"G=6,K=3",random_50k,full_background_50k,ipp,additive_kan_ipp,50000,True,22.75315700400006,0.777601899485556,0.4733730370285409,0.6436624114493047,,,lbfgs,15.0,,,,,,,
SA,plant,sa18,pa_holdout,0,global_conditional_density,123,152,onehot_l2,0.0,0.01,1e-06,frozen_default,9,"G=6,K=3",random_50k,full_background_50k,ipp,deep2_kan_ipp,50000,True,56.74516636699991,0.6952908587257618,0.2917296831204375,0.5035641606208892,,,lbfgs,12.0,0.0,1230.995797214059,0.05,True,True,True,True
SA,plant,sa18,pa_holdout,1,global_conditional_density,123,152,onehot_l2,0.0,0.01,1e-06,frozen_default,9,"G=6,K=3",random_50k,full_background_50k,ipp,additive_kan_ipp,50000,True,22.108911252000325,0.7712702809655718,0.4699967023729123,0.6348338668913436,,,lbfgs,15.0,,,,,,,
SA,plant,sa18,pa_holdout,1,global_conditional_density,123,152,onehot_l2,0.0,0.01,1e-06,frozen_default,9,"G=6,K=3",random_50k,full_background_50k,ipp,deep2_kan_ipp,50000,True,57.73987862099966,0.6893549663632766,0.2973683454820603,0.5029987740126642,,,lbfgs,12.0,0.0,1230.661476039217,0.05,True,True,True,True
SA,plant,sa18,pa_holdout,2,global_conditional_density,123,152,onehot_l2,0.0,0.01,1e-06,frozen_default,9,"G=6,K=3",random_50k,full_background_50k,ipp,additive_kan_ipp,50000,True,21.145277361000808,0.7752275425405619,0.4712009430484458,0.6398369444975345,,,lbfgs,15.0,,,,,,,
SA,plant,sa18,pa_holdout,2,global_conditional_density,123,152,onehot_l2,0.0,0.01,1e-06,frozen_default,9,"G=6,K=3",random_50k,full_background_50k,ipp,deep2_kan_ipp,50000,True,54.28724979799972,0.6905421448357737,0.2878683139526535,0.5026035864057499,,,lbfgs,12.0,0.0,1231.0951089883006,0.05,True,True,True,True
SA,plant,sa19,pa_holdout,0,global_conditional_density,36,152,onehot_l2,0.0,0.01,1e-06,frozen_default,9,"G=6,K=3",random_50k,full_background_50k,ipp,additive_kan_ipp,50000,True,17.000935273000323,0.8383838383838385,0.2019964294336424,0.6984218578624174,,,lbfgs,15.0,,,,,,,
SA,plant,sa19,pa_holdout,0,global_conditional_density,36,152,onehot_l2,0.0,0.01,1e-06,frozen_default,9,"G=6,K=3",random_50k,full_background_50k,ipp,deep2_kan_ipp,50000,True,47.36601318299927,0.8593628593628594,0.2899013788273041,0.7462711336837211,,,lbfgs,12.0,0.0,317.0391613594822,0.05,True,True,True,True
SA,plant,sa19,pa_holdout,1,global_conditional_density,36,152,onehot_l2,0.0,0.01,1e-06,frozen_default,9,"G=6,K=3",random_50k,full_background_50k,ipp,additive_kan_ipp,50000,True,17.91779210599998,0.8383838383838385,0.2019964294336424,0.6984218578624174,,,lbfgs,15.0,,,,,,,
SA,plant,sa19,pa_holdout,1,global_conditional_density,36,152,onehot_l2,0.0,0.01,1e-06,frozen_default,9,"G=6,K=3",random_50k,full_background_50k,ipp,deep2_kan_ipp,50000,True,45.35252252299961,0.8523698523698524,0.2469855765987461,0.7260866561565863,,,lbfgs,12.0,0.0,317.0436694342744,0.05,True,True,True,True
SA,plant,sa19,pa_holdout,2,global_conditional_density,36,152,onehot_l2,0.0,0.01,1e-06,frozen_default,9,"G=6,K=3",random_50k,full_background_50k,ipp,additive_kan_ipp,50000,True,16.11590174400044,0.8383838383838385,0.2019964294336424,0.6984218578624174,,,lbfgs,15.0,,,,,,,
SA,plant,sa19,pa_holdout,2,global_conditional_density,36,152,onehot_l2,0.0,0.01,1e-06,frozen_default,9,"G=6,K=3",random_50k,full_background_50k,ipp,deep2_kan_ipp,50000,True,42.81603089300006,0.8523698523698524,0.249169387556892,0.7292870299863308,,,lbfgs,12.0,0.0,317.17634432670366,0.05,True,True,True,True
SA,plant,sa20,pa_holdout,0,global_conditional_density,54,152,onehot_l2,0.0,0.01,1e-06,frozen_default,9,"G=6,K=3",random_50k,full_background_50k,ipp,additive_kan_ipp,50000,True,15.901211880999654,0.745774647887324,0.1678267373258372,0.5889776845737965,,,lbfgs,15.0,,,,,,,
SA,plant,sa20,pa_holdout,0,global_conditional_density,54,152,onehot_l2,0.0,0.01,1e-06,frozen_default,9,"G=6,K=3",random_50k,full_background_50k,ipp,deep2_kan_ipp,50000,True,40.86410179500035,0.8091549295774648,0.1927956002179077,0.6673748279977204,,,lbfgs,12.0,0.0,532.9450335196703,0.05,True,True,True,True
SA,plant,sa20,pa_holdout,1,global_conditional_density,54,152,onehot_l2,0.0,0.01,1e-06,frozen_default,9,"G=6,K=3",random_50k,full_background_50k,ipp,additive_kan_ipp,50000,True,15.384392267999829,0.7471830985915493,0.1679086169787159,0.5895968927807849,,,lbfgs,15.0,,,,,,,
SA,plant,sa20,pa_holdout,1,global_conditional_density,54,152,onehot_l2,0.0,0.01,1e-06,frozen_default,9,"G=6,K=3",random_50k,full_background_50k,ipp,deep2_kan_ipp,50000,True,45.29931510900042,0.7633802816901408,0.1825424882809205,0.6246853578434614,,,lbfgs,12.0,0.0,533.3028196227168,0.05,True,True,True,True
SA,plant,sa20,pa_holdout,2,global_conditional_density,54,152,onehot_l2,0.0,0.01,1e-06,frozen_default,9,"G=6,K=3",random_50k,full_background_50k,ipp,additive_kan_ipp,50000,True,15.72089318200051,0.745774647887324,0.1678267373258372,0.5889776845737965,,,lbfgs,15.0,,,,,,,
SA,plant,sa20,pa_holdout,2,global_conditional_density,54,152,onehot_l2,0.0,0.01,1e-06,frozen_default,9,"G=6,K=3",random_50k,full_background_50k,ipp,deep2_kan_ipp,50000,True,48.693506929999785,0.7936619718309859,0.1911043388995279,0.6600191131137372,,,lbfgs,12.0,0.0,532.6418563423681,0.05,True,True,True,True
SA,plant,sa21,pa_holdout,0,global_conditional_density,27,152,onehot_l2,0.0,0.01,1e-06,frozen_default,9,"G=6,K=3",random_50k,full_background_50k,ipp,additive_kan_ipp,50000,True,16.601859283000522,0.7769784172661871,0.2238221963711937,0.5783293336007999,,,lbfgs,15.0,,,,,,,
SA,plant,sa21,pa_holdout,0,global_conditional_density,27,152,onehot_l2,0.0,0.01,1e-06,frozen_default,9,"G=6,K=3",random_50k,full_background_50k,ipp,deep2_kan_ipp,50000,True,76.51623833500071,0.7758716104039846,0.2633643441995781,0.6210042233643498,,,lbfgs,18.0,0.0,232.49443277538663,0.05,True,True,True,True
SA,plant,sa21,pa_holdout,1,global_conditional_density,27,152,onehot_l2,0.0,0.01,1e-06,frozen_default,9,"G=6,K=3",random_50k,full_background_50k,ipp,additive_kan_ipp,50000,True,20.99050732199976,0.7769784172661871,0.2238221963711937,0.5783293336007999,,,lbfgs,15.0,,,,,,,
SA,plant,sa21,pa_holdout,1,global_conditional_density,27,152,onehot_l2,0.0,0.01,1e-06,frozen_default,9,"G=6,K=3",random_50k,full_background_50k,ipp,deep2_kan_ipp,50000,True,83.85142766700028,0.7769784172661871,0.2697627818385737,0.6190055997519379,,,lbfgs,18.0,0.0,232.69409155849212,0.05,True,True,True,True
SA,plant,sa21,pa_holdout,2,global_conditional_density,27,152,onehot_l2,0.0,0.01,1e-06,frozen_default,9,"G=6,K=3",random_50k,full_background_50k,ipp,additive_kan_ipp,50000,True,28.541695519000317,0.7769784172661871,0.2238221963711937,0.5783293336007999,,,lbfgs,15.0,,,,,,,
SA,plant,sa21,pa_holdout,2,global_conditional_density,27,152,onehot_l2,0.0,0.01,1e-06,frozen_default,9,"G=6,K=3",random_50k,full_background_50k,ipp,deep2_kan_ipp,50000,True,104.08001228800003,0.7731045932484781,0.2458542913614551,0.6118843529018987,,,lbfgs,18.0,0.0,232.86686890255885,0.05,True,True,True,True
SA,plant,sa22,pa_holdout,0,global_conditional_density,57,152,onehot_l2,0.0,0.01,1e-06,frozen_default,9,"G=6,K=3",random_50k,full_background_50k,ipp,additive_kan_ipp,50000,True,20.353947368000263,0.8749194068343004,0.23410097696716,0.6930118766545507,,,lbfgs,15.0,,,,,,,
SA,plant,sa22,pa_holdout,0,global_conditional_density,57,152,onehot_l2,0.0,0.01,1e-06,frozen_default,9,"G=6,K=3",random_50k,full_background_50k,ipp,deep2_kan_ipp,50000,True,55.44639812100013,0.8910380399742102,0.2592846546502071,0.7118812344706414,,,lbfgs,12.0,0.0,483.0863217567909,0.05,True,True,True,True
SA,plant,sa22,pa_holdout,1,global_conditional_density,57,152,onehot_l2,0.0,0.01,1e-06,frozen_default,9,"G=6,K=3",random_50k,full_background_50k,ipp,additive_kan_ipp,50000,True,21.761922405000405,0.8749194068343004,0.23410097696716,0.6930118766545507,,,lbfgs,15.0,,,,,,,
SA,plant,sa22,pa_holdout,1,global_conditional_density,57,152,onehot_l2,0.0,0.01,1e-06,frozen_default,9,"G=6,K=3",random_50k,full_background_50k,ipp,deep2_kan_ipp,50000,True,52.35333413099943,0.8897485493230174,0.2581111480713002,0.7096449560309527,,,lbfgs,12.0,0.0,482.751976182108,0.05,True,True,True,True
SA,plant,sa22,pa_holdout,2,global_conditional_density,57,152,onehot_l2,0.0,0.01,1e-06,frozen_default,9,"G=6,K=3",random_50k,full_background_50k,ipp,additive_kan_ipp,50000,True,23.05456872099967,0.8755641521598968,0.235099977966161,0.6968346219892924,,,lbfgs,15.0,,,,,,,
SA,plant,sa22,pa_holdout,2,global_conditional_density,57,152,onehot_l2,0.0,0.01,1e-06,frozen_default,9,"G=6,K=3",random_50k,full_background_50k,ipp,deep2_kan_ipp,50000,True,57.93499620900002,0.8865248226950355,0.2533091458109212,0.6940417562418467,,,lbfgs,12.0,0.0,483.22787106668886,0.05,True,True,True,True
SA,plant,sa23,pa_holdout,0,global_conditional_density,55,152,onehot_l2,0.0,0.01,1e-06,frozen_default,9,"G=6,K=3",random_50k,full_background_50k,ipp,additive_kan_ipp,50000,True,17.942977205000716,0.861111111111111,0.1808917719924026,0.6911899250440917,,,lbfgs,15.0,,,,,,,
SA,plant,sa23,pa_holdout,0,global_conditional_density,55,152,onehot_l2,0.0,0.01,1e-06,frozen_default,9,"G=6,K=3",random_50k,full_background_50k,ipp,deep2_kan_ipp,50000,True,46.0499532799995,0.8567708333333334,0.1780784415215361,0.6777729552469136,,,lbfgs,12.0,0.0,507.7680577457685,0.05,True,True,True,True
SA,plant,sa23,pa_holdout,1,global_conditional_density,55,152,onehot_l2,0.0,0.01,1e-06,frozen_default,9,"G=6,K=3",random_50k,full_background_50k,ipp,additive_kan_ipp,50000,True,20.43764178499987,0.8619791666666666,0.1831644992651299,0.6948550485008819,,,lbfgs,15.0,,,,,,,
SA,plant,sa23,pa_holdout,1,global_conditional_density,55,152,onehot_l2,0.0,0.01,1e-06,frozen_default,9,"G=6,K=3",random_50k,full_background_50k,ipp,deep2_kan_ipp,50000,True,46.29074843400031,0.8585069444444444,0.1807974894147777,0.6812940917107584,,,lbfgs,12.0,0.0,507.6339428723261,0.05,True,True,True,True
SA,plant,sa23,pa_holdout,2,global_conditional_density,55,152,onehot_l2,0.0,0.01,1e-06,frozen_default,9,"G=6,K=3",random_50k,full_background_50k,ipp,additive_kan_ipp,50000,True,21.04007799899955,0.8619791666666666,0.1831644992651299,0.6948550485008819,,,lbfgs,15.0,,,,,,,
SA,plant,sa23,pa_holdout,2,global_conditional_density,55,152,onehot_l2,0.0,0.01,1e-06,frozen_default,9,"G=6,K=3",random_50k,full_background_50k,ipp,deep2_kan_ipp,50000,True,44.29959968200001,0.8567708333333333,0.1762257522751058,0.6731697347148736,,,lbfgs,12.0,0.0,507.6316682874599,0.05,True,True,True,True
SA,plant,sa24,pa_holdout,0,global_conditional_density,138,152,onehot_l2,0.0,0.01,1e-06,frozen_default,9,"G=6,K=3",random_50k,full_background_50k,ipp,additive_kan_ipp,50000,True,18.427232594999623,0.7393675027262814,0.2534985531819961,0.4912281520507423,,,lbfgs,15.0,,,,,,,
SA,plant,sa24,pa_holdout,0,global_conditional_density,138,152,onehot_l2,0.0,0.01,1e-06,frozen_default,9,"G=6,K=3",random_50k,full_background_50k,ipp,deep2_kan_ipp,50000,True,57.39982976900046,0.7342784442021082,0.2413245966013167,0.492551793284645,,,lbfgs,12.0,0.0,1396.860331555626,0.05,True,True,True,True
SA,plant,sa24,pa_holdout,1,global_conditional_density,138,152,onehot_l2,0.0,0.01,1e-06,frozen_default,9,"G=6,K=3",random_50k,full_background_50k,ipp,additive_kan_ipp,50000,True,23.525775098999475,0.7400945110868775,0.2540893695622861,0.4933194572712357,,,lbfgs,15.0,,,,,,,
SA,plant,sa24,pa_holdout,1,global_conditional_density,138,152,onehot_l2,0.0,0.01,1e-06,frozen_default,9,"G=6,K=3",random_50k,full_background_50k,ipp,deep2_kan_ipp,50000,True,65.37752183799967,0.7360959651035986,0.2426082823176173,0.4945520500835733,,,lbfgs,12.0,0.0,1397.288486724782,0.05,True,True,True,True
SA,plant,sa24,pa_holdout,2,global_conditional_density,138,152,onehot_l2,0.0,0.01,1e-06,frozen_default,9,"G=6,K=3",random_50k,full_background_50k,ipp,additive_kan_ipp,50000,True,19.3119181660004,0.7400945110868775,0.2540893695622861,0.4933194572712357,,,lbfgs,15.0,,,,,,,
SA,plant,sa24,pa_holdout,2,global_conditional_density,138,152,onehot_l2,0.0,0.01,1e-06,frozen_default,9,"G=6,K=3",random_50k,full_background_50k,ipp,deep2_kan_ipp,50000,True,54.46798174499963,0.7328244274809159,0.2394319226010205,0.4853657591695619,,,lbfgs,12.0,0.0,1397.231218150747,0.05,True,True,True,True
SA,plant,sa25,pa_holdout,0,global_conditional_density,66,152,onehot_l2,0.0,0.01,1e-06,frozen_default,9,"G=6,K=3",random_50k,full_background_50k,ipp,additive_kan_ipp,50000,True,20.06967348099988,0.735042735042735,0.1572400669046346,0.552883014421476,,,lbfgs,15.0,,,,,,,
SA,plant,sa25,pa_holdout,0,global_conditional_density,66,152,onehot_l2,0.0,0.01,1e-06,frozen_default,9,"G=6,K=3",random_50k,full_background_50k,ipp,deep2_kan_ipp,50000,True,46.86160031000054,0.7008547008547008,0.1020870827613267,0.4210689077821945,,,lbfgs,12.0,0.0,636.3666029193103,0.05,True,True,True,True
SA,plant,sa25,pa_holdout,1,global_conditional_density,66,152,onehot_l2,0.0,0.01,1e-06,frozen_default,9,"G=6,K=3",random_50k,full_background_50k,ipp,additive_kan_ipp,50000,True,18.373423244999685,0.7358197358197358,0.1571961139834438,0.5523048823748125,,,lbfgs,15.0,,,,,,,
SA,plant,sa25,pa_holdout,1,global_conditional_density,66,152,onehot_l2,0.0,0.01,1e-06,frozen_default,9,"G=6,K=3",random_50k,full_background_50k,ipp,deep2_kan_ipp,50000,True,47.14527470499979,0.6977466977466977,0.1071519926802392,0.4472913256130039,,,lbfgs,12.0,0.0,636.305357228869,0.05,True,True,True,True
SA,plant,sa25,pa_holdout,2,global_conditional_density,66,152,onehot_l2,0.0,0.01,1e-06,frozen_default,9,"G=6,K=3",random_50k,full_background_50k,ipp,additive_kan_ipp,50000,True,17.895595727,0.7358197358197357,0.1581659928305605,0.5543696396843251,,,lbfgs,15.0,,,,,,,
SA,plant,sa25,pa_holdout,2,global_conditional_density,66,152,onehot_l2,0.0,0.01,1e-06,frozen_default,9,"G=6,K=3",random_50k,full_background_50k,ipp,deep2_kan_ipp,50000,True,106.51230127800044,0.6868686868686869,0.0980609737587213,0.3996308276028556,,,lbfgs,12.0,0.0,635.9636254433055,0.05,True,True,True,True
SA,plant,sa26,pa_holdout,0,global_conditional_density,216,152,onehot_l2,0.0,0.01,1e-06,frozen_default,9,"G=6,K=3",random_50k,full_background_50k,ipp,additive_kan_ipp,50000,True,41.609654077000414,0.6391111111111111,0.3277193937154752,0.3576066642453237,,,lbfgs,15.0,,,,,,,
SA,plant,sa26,pa_holdout,0,global_conditional_density,216,152,onehot_l2,0.0,0.01,1e-06,frozen_default,9,"G=6,K=3",random_50k,full_background_50k,ipp,deep2_kan_ipp,50000,True,116.3490785590002,0.6927407407407407,0.3517547912060911,0.4705641246066314,,,lbfgs,12.0,0.0,2233.385955072065,0.05,True,True,True,True
SA,plant,sa26,pa_holdout,1,global_conditional_density,216,152,onehot_l2,0.0,0.01,1e-06,frozen_default,9,"G=6,K=3",random_50k,full_background_50k,ipp,additive_kan_ipp,50000,True,47.068715712000085,0.6391111111111111,0.3277193937154752,0.3576066642453237,,,lbfgs,15.0,,,,,,,
SA,plant,sa26,pa_holdout,1,global_conditional_density,216,152,onehot_l2,0.0,0.01,1e-06,frozen_default,9,"G=6,K=3",random_50k,full_background_50k,ipp,deep2_kan_ipp,50000,True,117.4891907809997,0.6885925925925924,0.3447013715836157,0.4582176489655045,,,lbfgs,12.0,0.0,2232.754579630834,0.05,True,True,True,True
SA,plant,sa26,pa_holdout,2,global_conditional_density,216,152,onehot_l2,0.0,0.01,1e-06,frozen_default,9,"G=6,K=3",random_50k,full_background_50k,ipp,additive_kan_ipp,50000,True,48.250631893999525,0.6391111111111111,0.3277193937154752,0.3576066642453237,,,lbfgs,15.0,,,,,,,
SA,plant,sa26,pa_holdout,2,global_conditional_density,216,152,onehot_l2,0.0,0.01,1e-06,frozen_default,9,"G=6,K=3",random_50k,full_background_50k,ipp,deep2_kan_ipp,50000,True,110.54682561499976,0.6912592592592592,0.351418193590162,0.4671622135902327,,,lbfgs,12.0,0.0,2233.088010058482,0.05,True,True,True,True
SA,plant,sa27,pa_holdout,0,global_conditional_density,38,152,onehot_l2,0.0,0.01,1e-06,frozen_default,9,"G=6,K=3",random_50k,full_background_50k,ipp,additive_kan_ipp,50000,True,39.6639275919988,0.8741258741258742,0.4970247624425442,0.7989991360620732,,,lbfgs,15.0,,,,,,,
SA,plant,sa27,pa_holdout,0,global_conditional_density,38,152,onehot_l2,0.0,0.01,1e-06,frozen_default,9,"G=6,K=3",random_50k,full_background_50k,ipp,deep2_kan_ipp,50000,True,91.9911900999996,0.8624708624708626,0.5090305482462345,0.7910291728473547,,,lbfgs,12.0,0.0,333.7967865979448,0.05,True,True,True,True
SA,plant,sa27,pa_holdout,1,global_conditional_density,38,152,onehot_l2,0.0,0.01,1e-06,frozen_default,9,"G=6,K=3",random_50k,full_background_50k,ipp,additive_kan_ipp,50000,True,38.31871052699898,0.8733488733488735,0.4967558910302971,0.7980699952727924,,,lbfgs,15.0,,,,,,,
SA,plant,sa27,pa_holdout,1,global_conditional_density,38,152,onehot_l2,0.0,0.01,1e-06,frozen_default,9,"G=6,K=3",random_50k,full_background_50k,ipp,deep2_kan_ipp,50000,True,49.05754372899901,0.8749028749028749,0.5209951317834635,0.804845348901293,,,lbfgs,12.0,0.0,331.80896540527874,0.05,True,True,True,True
SA,plant,sa27,pa_holdout,2,global_conditional_density,38,152,onehot_l2,0.0,0.01,1e-06,frozen_default,9,"G=6,K=3",random_50k,full_background_50k,ipp,additive_kan_ipp,50000,True,16.384458405998885,0.8733488733488735,0.4967558910302971,0.7980699952727924,,,lbfgs,15.0,,,,,,,
SA,plant,sa27,pa_holdout,2,global_conditional_density,38,152,onehot_l2,0.0,0.01,1e-06,frozen_default,9,"G=6,K=3",random_50k,full_background_50k,ipp,deep2_kan_ipp,50000,True,47.28701249799997,0.885003885003885,0.5502424519065385,0.8172486410248648,,,lbfgs,12.0,0.0,332.3195521585233,0.05,True,True,True,True
SA,plant,sa28,pa_holdout,0,global_conditional_density,43,152,onehot_l2,0.0,0.01,1e-06,frozen_default,9,"G=6,K=3",random_50k,full_background_50k,ipp,additive_kan_ipp,50000,True,16.28191450200029,0.6978873239436619,0.280156791138022,0.5846462184688727,,,lbfgs,15.0,,,,,,,
SA,plant,sa28,pa_holdout,0,global_conditional_density,43,152,onehot_l2,0.0,0.01,1e-06,frozen_default,9,"G=6,K=3",random_50k,full_background_50k,ipp,deep2_kan_ipp,50000,True,44.03510154600008,0.7352112676056338,0.2656607080830931,0.6276408057106333,,,lbfgs,12.0,0.0,398.5559866265408,0.05,True,True,True,True
SA,plant,sa28,pa_holdout,1,global_conditional_density,43,152,onehot_l2,0.0,0.01,1e-06,frozen_default,9,"G=6,K=3",random_50k,full_background_50k,ipp,additive_kan_ipp,50000,True,14.903328708000116,0.6971830985915493,0.2790698346162829,0.5833898539909252,,,lbfgs,15.0,,,,,,,
SA,plant,sa28,pa_holdout,1,global_conditional_density,43,152,onehot_l2,0.0,0.01,1e-06,frozen_default,9,"G=6,K=3",random_50k,full_background_50k,ipp,deep2_kan_ipp,50000,True,44.36081388800085,0.743661971830986,0.3210990053508246,0.648110572669192,,,lbfgs,12.0,0.0,398.8078234372349,0.05,True,True,True,True
SA,plant,sa28,pa_holdout,2,global_conditional_density,43,152,onehot_l2,0.0,0.01,1e-06,frozen_default,9,"G=6,K=3",random_50k,full_background_50k,ipp,additive_kan_ipp,50000,True,17.044032863999746,0.6978873239436619,0.280156791138022,0.5846462184688727,,,lbfgs,15.0,,,,,,,
SA,plant,sa28,pa_holdout,2,global_conditional_density,43,152,onehot_l2,0.0,0.01,1e-06,frozen_default,9,"G=6,K=3",random_50k,full_background_50k,ipp,deep2_kan_ipp,50000,True,40.78256669800066,0.7408450704225352,0.3401150493889207,0.6493459977391737,,,lbfgs,12.0,0.0,398.9475142205551,0.05,True,True,True,True
SA,plant,sa29,pa_holdout,0,global_conditional_density,61,152,onehot_l2,0.0,0.01,1e-06,frozen_default,9,"G=6,K=3",random_50k,full_background_50k,ipp,additive_kan_ipp,50000,True,16.253876543998558,0.7552447552447552,0.215742500498598,0.5951515462004973,,,lbfgs,15.0,,,,,,,
SA,plant,sa29,pa_holdout,0,global_conditional_density,61,152,onehot_l2,0.0,0.01,1e-06,frozen_default,9,"G=6,K=3",random_50k,full_background_50k,ipp,deep2_kan_ipp,50000,True,42.19824942100058,0.7622377622377622,0.1866268017188418,0.5756159923992092,,,lbfgs,12.0,0.0,609.0922873201928,0.05,True,True,True,True
SA,plant,sa29,pa_holdout,1,global_conditional_density,61,152,onehot_l2,0.0,0.01,1e-06,frozen_default,9,"G=6,K=3",random_50k,full_background_50k,ipp,additive_kan_ipp,50000,True,16.214384263001193,0.7552447552447552,0.2157595252814308,0.5958860098720238,,,lbfgs,15.0,,,,,,,
SA,plant,sa29,pa_holdout,1,global_conditional_density,61,152,onehot_l2,0.0,0.01,1e-06,frozen_default,9,"G=6,K=3",random_50k,full_background_50k,ipp,deep2_kan_ipp,50000,True,40.21063696599958,0.7738927738927739,0.1894019433096404,0.5674631506799339,,,lbfgs,12.0,0.0,607.7586239392126,0.05,True,True,True,True
SA,plant,sa29,pa_holdout,2,global_conditional_density,61,152,onehot_l2,0.0,0.01,1e-06,frozen_default,9,"G=6,K=3",random_50k,full_background_50k,ipp,additive_kan_ipp,50000,True,16.599267984000107,0.7544677544677545,0.215742500498598,0.5951515462004973,,,lbfgs,15.0,,,,,,,
SA,plant,sa29,pa_holdout,2,global_conditional_density,61,152,onehot_l2,0.0,0.01,1e-06,frozen_default,9,"G=6,K=3",random_50k,full_background_50k,ipp,deep2_kan_ipp,50000,True,42.10185990600076,0.7777777777777778,0.1948375692090987,0.6360868346882333,,,lbfgs,12.0,0.0,609.5618516251337,0.05,True,True,True,True
SA,plant,sa30,pa_holdout,0,global_conditional_density,88,152,onehot_l2,0.0,0.01,1e-06,frozen_default,9,"G=6,K=3",random_50k,full_background_50k,ipp,additive_kan_ipp,50000,True,15.955870256999331,0.5990147783251232,0.0602956050161019,0.1932855444199083,,,lbfgs,15.0,,,,,,,
SA,plant,sa30,pa_holdout,0,global_conditional_density,88,152,onehot_l2,0.0,0.01,1e-06,frozen_default,9,"G=6,K=3",random_50k,full_background_50k,ipp,deep2_kan_ipp,50000,True,42.57201425200037,0.594088669950739,0.0592724263359978,0.1258619557216466,,,lbfgs,12.0,0.0,873.650258769651,0.05,True,True,True,True
SA,plant,sa30,pa_holdout,1,global_conditional_density,88,152,onehot_l2,0.0,0.01,1e-06,frozen_default,9,"G=6,K=3",random_50k,full_background_50k,ipp,additive_kan_ipp,50000,True,16.04803050999908,0.5891625615763547,0.0593507826427081,0.1881216239171055,,,lbfgs,15.0,,,,,,,
SA,plant,sa30,pa_holdout,1,global_conditional_density,88,152,onehot_l2,0.0,0.01,1e-06,frozen_default,9,"G=6,K=3",random_50k,full_background_50k,ipp,deep2_kan_ipp,50000,True,44.06710881400068,0.5832512315270936,0.057678002170581,0.1186496800860654,,,lbfgs,12.0,0.0,874.7689132377317,0.05,True,True,True,True
SA,plant,sa30,pa_holdout,2,global_conditional_density,88,152,onehot_l2,0.0,0.01,1e-06,frozen_default,9,"G=6,K=3",random_50k,full_background_50k,ipp,additive_kan_ipp,50000,True,14.995776386000216,0.5881773399014779,0.0592658353100543,0.1876052318668252,,,lbfgs,15.0,,,,,,,
SA,plant,sa30,pa_holdout,2,global_conditional_density,88,152,onehot_l2,0.0,0.01,1e-06,frozen_default,9,"G=6,K=3",random_50k,full_background_50k,ipp,deep2_kan_ipp,50000,True,42.97471933499946,0.5832512315270936,0.0576921584169856,0.1163259158598041,,,lbfgs,12.0,0.0,874.4604212990743,0.05,True,True,True,True
SWI,tree,swi01,pa_holdout,0,global_conditional_density,482,10013,onehot_l2,0.0,0.01,1e-06,frozen_default,9,"G=6,K=3",random_50k,full_background_50k,ipp,additive_kan_ipp,50000,True,32.74820754599932,0.8400601164969405,0.0697018228828852,0.7575396847099563,,,lbfgs,15.0,,,,,,,
SWI,tree,swi01,pa_holdout,0,global_conditional_density,482,10013,onehot_l2,0.0,0.01,1e-06,frozen_default,9,"G=6,K=3",random_50k,full_background_50k,ipp,deep2_kan_ipp,50000,True,96.23108946499995,0.839167614831755,0.067608999982267,0.7523233127030544,,,lbfgs,12.0,0.0,4288.816425937349,0.05,True,True,True,True
SWI,tree,swi01,pa_holdout,1,global_conditional_density,482,10013,onehot_l2,0.0,0.01,1e-06,frozen_default,9,"G=6,K=3",random_50k,full_background_50k,ipp,additive_kan_ipp,50000,True,38.63422041399463,0.8400695509754307,0.069892972509525,0.7562165702735827,,,lbfgs,15.0,,,,,,,
SWI,tree,swi01,pa_holdout,1,global_conditional_density,482,10013,onehot_l2,0.0,0.01,1e-06,frozen_default,9,"G=6,K=3",random_50k,full_background_50k,ipp,deep2_kan_ipp,50000,True,95.72488948299724,0.840048795122752,0.0680393440693085,0.7538838136911316,,,lbfgs,12.0,0.0,4288.194012372193,0.05,True,True,True,True
SWI,tree,swi01,pa_holdout,2,global_conditional_density,482,10013,onehot_l2,0.0,0.01,1e-06,frozen_default,9,"G=6,K=3",random_50k,full_background_50k,ipp,additive_kan_ipp,50000,True,41.09684554200794,0.8400459647792049,0.0696381247087236,0.7556996510293421,,,lbfgs,15.0,,,,,,,
SWI,tree,swi01,pa_holdout,2,global_conditional_density,482,10013,onehot_l2,0.0,0.01,1e-06,frozen_default,9,"G=6,K=3",random_50k,full_background_50k,ipp,deep2_kan_ipp,50000,True,103.11614104600449,0.838972321127005,0.068073649089021,0.7521735186984252,,,lbfgs,12.0,0.0,4288.41226942613,0.05,True,True,True,True
SWI,tree,swi02,pa_holdout,0,global_conditional_density,1245,10013,onehot_l2,0.0,0.01,1e-06,frozen_default,9,"G=6,K=3",random_50k,full_background_50k,ipp,additive_kan_ipp,50000,True,40.93051773699699,0.7515997886061476,0.0791984284168282,0.5847019972837461,,,lbfgs,15.0,,,,,,,
SWI,tree,swi02,pa_holdout,0,global_conditional_density,1245,10013,onehot_l2,0.0,0.01,1e-06,frozen_default,9,"G=6,K=3",random_50k,full_background_50k,ipp,deep2_kan_ipp,50000,True,104.26253278199874,0.7514474606831614,0.0802636530060628,0.5880023169975701,,,lbfgs,12.0,0.0,11568.261386312202,0.05,True,True,True,True
SWI,tree,swi02,pa_holdout,1,global_conditional_density,1245,10013,onehot_l2,0.0,0.01,1e-06,frozen_default,9,"G=6,K=3",random_50k,full_background_50k,ipp,additive_kan_ipp,50000,True,37.72198431199649,0.7513700877698983,0.0791705022482144,0.5843928628658852,,,lbfgs,15.0,,,,,,,
SWI,tree,swi02,pa_holdout,1,global_conditional_density,1245,10013,onehot_l2,0.0,0.01,1e-06,frozen_default,9,"G=6,K=3",random_50k,full_background_50k,ipp,deep2_kan_ipp,50000,True,102.94434178899974,0.7521362177771176,0.080289150902336,0.588292511655355,,,lbfgs,12.0,0.0,11567.387695564255,0.05,True,True,True,True
SWI,tree,swi02,pa_holdout,2,global_conditional_density,1245,10013,onehot_l2,0.0,0.01,1e-06,frozen_default,9,"G=6,K=3",random_50k,full_background_50k,ipp,additive_kan_ipp,50000,True,40.3013440539944,0.7515027270497777,0.0791429288764023,0.5842801345397707,,,lbfgs,15.0,,,,,,,
SWI,tree,swi02,pa_holdout,2,global_conditional_density,1245,10013,onehot_l2,0.0,0.01,1e-06,frozen_default,9,"G=6,K=3",random_50k,full_background_50k,ipp,deep2_kan_ipp,50000,True,98.87151365699538,0.7512996231524627,0.0801788468790072,0.5876265377101013,,,lbfgs,12.0,0.0,11568.008411167251,0.05,True,True,True,True
SWI,tree,swi03,pa_holdout,0,global_conditional_density,291,10013,onehot_l2,0.0,0.01,1e-06,frozen_default,9,"G=6,K=3",random_50k,full_background_50k,ipp,additive_kan_ipp,50000,True,39.486790362992906,0.6986506211822654,0.0462250696068393,0.467836902251626,,,lbfgs,15.0,,,,,,,
SWI,tree,swi03,pa_holdout,0,global_conditional_density,291,10013,onehot_l2,0.0,0.01,1e-06,frozen_default,9,"G=6,K=3",random_50k,full_background_50k,ipp,deep2_kan_ipp,50000,True,103.28404625000258,0.7056814598460992,0.0530301020056035,0.4866822438220702,,,lbfgs,12.0,0.0,2662.699259027081,0.05,True,True,True,True
SWI,tree,swi03,pa_holdout,1,global_conditional_density,291,10013,onehot_l2,0.0,0.01,1e-06,frozen_default,9,"G=6,K=3",random_50k,full_background_50k,ipp,additive_kan_ipp,50000,True,37.22459559800336,0.6985229174663012,0.0462221425635725,0.4676217196644885,,,lbfgs,15.0,,,,,,,
SWI,tree,swi03,pa_holdout,1,global_conditional_density,291,10013,onehot_l2,0.0,0.01,1e-06,frozen_default,9,"G=6,K=3",random_50k,full_background_50k,ipp,deep2_kan_ipp,50000,True,100.3509921720106,0.7089939087467771,0.0537811844238261,0.4940928359581659,,,lbfgs,12.0,0.0,2662.76429668576,0.05,True,True,True,True
SWI,tree,swi03,pa_holdout,2,global_conditional_density,291,10013,onehot_l2,0.0,0.01,1e-06,frozen_default,9,"G=6,K=3",random_50k,full_background_50k,ipp,additive_kan_ipp,50000,True,37.98083036400203,0.6987476474692549,0.0461693660245262,0.4680265526694612,,,lbfgs,15.0,,,,,,,
SWI,tree,swi03,pa_holdout,2,global_conditional_density,291,10013,onehot_l2,0.0,0.01,1e-06,frozen_default,9,"G=6,K=3",random_50k,full_background_50k,ipp,deep2_kan_ipp,50000,True,113.08462525300274,0.7043716049717411,0.0525251693713142,0.4859275503250012,,,lbfgs,12.0,0.0,2663.71697011051,0.05,True,True,True,True
SWI,tree,swi04,pa_holdout,0,global_conditional_density,710,10013,onehot_l2,0.0,0.01,1e-06,frozen_default,9,"G=6,K=3",random_50k,full_background_50k,ipp,additive_kan_ipp,50000,True,40.25397454599442,0.869847271837783,0.0786921610833966,0.7960037180609267,,,lbfgs,15.0,,,,,,,
SWI,tree,swi04,pa_holdout,0,global_conditional_density,710,10013,onehot_l2,0.0,0.01,1e-06,frozen_default,9,"G=6,K=3",random_50k,full_background_50k,ipp,deep2_kan_ipp,50000,True,103.22915757700684,0.8710524840621512,0.0752031022874156,0.7952832628305447,,,lbfgs,12.0,0.0,6239.245097454103,0.05,True,True,True,True
SWI,tree,swi04,pa_holdout,1,global_conditional_density,710,10013,onehot_l2,0.0,0.01,1e-06,frozen_default,9,"G=6,K=3",random_50k,full_background_50k,ipp,additive_kan_ipp,50000,True,41.08396093800548,0.8699050268985703,0.0785885960759418,0.7957454905078836,,,lbfgs,15.0,,,,,,,
SWI,tree,swi04,pa_holdout,1,global_conditional_density,710,10013,onehot_l2,0.0,0.01,1e-06,frozen_default,9,"G=6,K=3",random_50k,full_background_50k,ipp,deep2_kan_ipp,50000,True,109.0382919019903,0.8709599060970659,0.0763403922947866,0.7949410304244743,,,lbfgs,12.0,0.0,6238.74525904917,0.05,True,True,True,True
SWI,tree,swi04,pa_holdout,2,global_conditional_density,710,10013,onehot_l2,0.0,0.01,1e-06,frozen_default,9,"G=6,K=3",random_50k,full_background_50k,ipp,additive_kan_ipp,50000,True,44.24993915099185,0.8698786973855644,0.0783652119401525,0.7931416155221176,,,lbfgs,15.0,,,,,,,
SWI,tree,swi04,pa_holdout,2,global_conditional_density,710,10013,onehot_l2,0.0,0.01,1e-06,frozen_default,9,"G=6,K=3",random_50k,full_background_50k,ipp,deep2_kan_ipp,50000,True,122.7224784919963,0.87056156604546,0.0757902117901326,0.7951411741699639,,,lbfgs,12.0,0.0,6241.890769382372,0.05,True,True,True,True
SWI,tree,swi05,pa_holdout,0,global_conditional_density,91,10013,onehot_l2,0.0,0.01,1e-06,frozen_default,9,"G=6,K=3",random_50k,full_background_50k,ipp,additive_kan_ipp,50000,True,50.187525506000384,0.984606133493686,0.468497061181171,0.9505995397585968,,,lbfgs,15.0,,,,,,,
SWI,tree,swi05,pa_holdout,0,global_conditional_density,91,10013,onehot_l2,0.0,0.01,1e-06,frozen_default,9,"G=6,K=3",random_50k,full_background_50k,ipp,deep2_kan_ipp,50000,True,124.19017401100427,0.9703318729776936,0.4658180257215626,0.9382637609222552,,,lbfgs,12.0,0.0,506.4128281904838,0.05,True,True,True,True
SWI,tree,swi05,pa_holdout,1,global_conditional_density,91,10013,onehot_l2,0.0,0.01,1e-06,frozen_default,9,"G=6,K=3",random_50k,full_background_50k,ipp,additive_kan_ipp,50000,True,52.03602840799431,0.9846490851301434,0.4683479122016359,0.9505584737480812,,,lbfgs,15.0,,,,,,,
SWI,tree,swi05,pa_holdout,1,global_conditional_density,91,10013,onehot_l2,0.0,0.01,1e-06,frozen_default,9,"G=6,K=3",random_50k,full_background_50k,ipp,deep2_kan_ipp,50000,True,119.5842095160042,0.9656902327978696,0.4685027927465613,0.9341964194839918,,,lbfgs,12.0,0.0,505.6514484674394,0.05,True,True,True,True
SWI,tree,swi05,pa_holdout,2,global_conditional_density,91,10013,onehot_l2,0.0,0.01,1e-06,frozen_default,9,"G=6,K=3",random_50k,full_background_50k,ipp,additive_kan_ipp,50000,True,24.434727994999776,0.9846319044755606,0.4687524593382233,0.9506213240424845,,,lbfgs,15.0,,,,,,,
SWI,tree,swi05,pa_holdout,2,global_conditional_density,91,10013,onehot_l2,0.0,0.01,1e-06,frozen_default,9,"G=6,K=3",random_50k,full_background_50k,ipp,deep2_kan_ipp,50000,True,69.29665684399879,0.9644933138619248,0.4701417129107438,0.9331269881172972,,,lbfgs,12.0,0.0,504.9827400435111,0.05,True,True,True,True
SWI,tree,swi06,pa_holdout,0,global_conditional_density,5822,10013,onehot_l2,0.0,0.01,1e-06,frozen_default,9,"G=6,K=3",random_50k,full_background_50k,ipp,additive_kan_ipp,50000,True,28.835871641000267,0.7096808731642616,0.8301710793599939,0.3084824276250885,,,lbfgs,15.0,,,,,,,
SWI,tree,swi06,pa_holdout,0,global_conditional_density,5822,10013,onehot_l2,0.0,0.01,1e-06,frozen_default,9,"G=6,K=3",random_50k,full_background_50k,ipp,deep2_kan_ipp,50000,True,72.79833927899926,0.7058093605149045,0.824793972229399,0.3085731114531408,,,lbfgs,12.0,0.0,58969.68480768028,0.05,True,True,True,True
SWI,tree,swi06,pa_holdout,1,global_conditional_density,5822,10013,onehot_l2,0.0,0.01,1e-06,frozen_default,9,"G=6,K=3",random_50k,full_background_50k,ipp,additive_kan_ipp,50000,True,28.315518776998942,0.7096466564956679,0.8301803526543221,0.3083511419299755,,,lbfgs,15.0,,,,,,,
SWI,tree,swi06,pa_holdout,1,global_conditional_density,5822,10013,onehot_l2,0.0,0.01,1e-06,frozen_default,9,"G=6,K=3",random_50k,full_background_50k,ipp,deep2_kan_ipp,50000,True,70.89207894799983,0.7061121874321425,0.8242266137727622,0.3083503875395205,,,lbfgs,12.0,0.0,58968.61591571992,0.05,True,True,True,True
SWI,tree,swi06,pa_holdout,2,global_conditional_density,5822,10013,onehot_l2,0.0,0.01,1e-06,frozen_default,9,"G=6,K=3",random_50k,full_background_50k,ipp,additive_kan_ipp,50000,True,26.18805941900064,0.7096561976821026,0.8301837956983505,0.3083876725469981,,,lbfgs,15.0,,,,,,,
SWI,tree,swi06,pa_holdout,2,global_conditional_density,5822,10013,onehot_l2,0.0,0.01,1e-06,frozen_default,9,"G=6,K=3",random_50k,full_background_50k,ipp,deep2_kan_ipp,50000,True,67.60495811200053,0.706106124313669,0.8249479543016677,0.3085660174170216,,,lbfgs,12.0,0.0,58969.51620863003,0.05,True,True,True,True
SWI,tree,swi07,pa_holdout,0,global_conditional_density,857,10013,onehot_l2,0.0,0.01,1e-06,frozen_default,9,"G=6,K=3",random_50k,full_background_50k,ipp,additive_kan_ipp,50000,True,19.019040996001426,0.909914510568172,0.1630396109130042,0.8553238302101918,,,lbfgs,15.0,,,,,,,
SWI,tree,swi07,pa_holdout,0,global_conditional_density,857,10013,onehot_l2,0.0,0.01,1e-06,frozen_default,9,"G=6,K=3",random_50k,full_background_50k,ipp,deep2_kan_ipp,50000,True,50.958339896000325,0.9097718901620444,0.1639630519294581,0.8540058560920623,,,lbfgs,12.0,0.0,7454.57898639894,0.05,True,True,True,True
SWI,tree,swi07,pa_holdout,1,global_conditional_density,857,10013,onehot_l2,0.0,0.01,1e-06,frozen_default,9,"G=6,K=3",random_50k,full_background_50k,ipp,additive_kan_ipp,50000,True,39.27784786099983,0.9099135904365196,0.1636067882657225,0.8552964482707952,,,lbfgs,15.0,,,,,,,
SWI,tree,swi07,pa_holdout,1,global_conditional_density,857,10013,onehot_l2,0.0,0.01,1e-06,frozen_default,9,"G=6,K=3",random_50k,full_background_50k,ipp,deep2_kan_ipp,50000,True,106.21420233500066,0.90954369751224,0.1630826469430618,0.8536141747689675,,,lbfgs,12.0,0.0,7454.722063569133,0.05,True,True,True,True
SWI,tree,swi07,pa_holdout,2,global_conditional_density,857,10013,onehot_l2,0.0,0.01,1e-06,frozen_default,9,"G=6,K=3",random_50k,full_background_50k,ipp,additive_kan_ipp,50000,True,42.428940006999255,0.9099531560975744,0.1632722234119782,0.8555113838240256,,,lbfgs,15.0,,,,,,,
SWI,tree,swi07,pa_holdout,2,global_conditional_density,857,10013,onehot_l2,0.0,0.01,1e-06,frozen_default,9,"G=6,K=3",random_50k,full_background_50k,ipp,deep2_kan_ipp,50000,True,99.31699970700174,0.9097355449617732,0.1648953988545718,0.8542611117594119,,,lbfgs,12.0,0.0,7454.589865131641,0.05,True,True,True,True
SWI,tree,swi08,pa_holdout,0,global_conditional_density,1452,10013,onehot_l2,0.0,0.01,1e-06,frozen_default,9,"G=6,K=3",random_50k,full_background_50k,ipp,additive_kan_ipp,50000,True,37.722354751998864,0.8513528783785684,0.2136712431524038,0.7600806288057943,,,lbfgs,15.0,,,,,,,
SWI,tree,swi08,pa_holdout,0,global_conditional_density,1452,10013,onehot_l2,0.0,0.01,1e-06,frozen_default,9,"G=6,K=3",random_50k,full_background_50k,ipp,deep2_kan_ipp,50000,True,72.65907812700061,0.8532382638273324,0.2169607990837351,0.762748184467445,,,lbfgs,12.0,0.0,13182.40443226553,0.05,True,True,True,True
SWI,tree,swi08,pa_holdout,1,global_conditional_density,1452,10013,onehot_l2,0.0,0.01,1e-06,frozen_default,9,"G=6,K=3",random_50k,full_background_50k,ipp,additive_kan_ipp,50000,True,30.33739442300066,0.8513020943255525,0.2138172516004431,0.7596903923757387,,,lbfgs,15.0,,,,,,,
SWI,tree,swi08,pa_holdout,1,global_conditional_density,1452,10013,onehot_l2,0.0,0.01,1e-06,frozen_default,9,"G=6,K=3",random_50k,full_background_50k,ipp,deep2_kan_ipp,50000,True,48.90685340300115,0.8532956432119089,0.2177562421626217,0.7630194650452823,,,lbfgs,12.0,0.0,13181.589697378722,0.05,True,True,True,True
SWI,tree,swi08,pa_holdout,2,global_conditional_density,1452,10013,onehot_l2,0.0,0.01,1e-06,frozen_default,9,"G=6,K=3",random_50k,full_background_50k,ipp,additive_kan_ipp,50000,True,22.19545053799993,0.8513234192309315,0.213795161727914,0.7597049923861471,,,lbfgs,15.0,,,,,,,
SWI,tree,swi08,pa_holdout,2,global_conditional_density,1452,10013,onehot_l2,0.0,0.01,1e-06,frozen_default,9,"G=6,K=3",random_50k,full_background_50k,ipp,deep2_kan_ipp,50000,True,56.813004441000885,0.8531377949432273,0.2163252102890289,0.7628548342432889,,,lbfgs,12.0,0.0,13179.831747466307,0.05,True,True,True,True
SWI,tree,swi09,pa_holdout,0,global_conditional_density,937,10013,onehot_l2,0.0,0.01,1e-06,frozen_default,9,"G=6,K=3",random_50k,full_background_50k,ipp,additive_kan_ipp,50000,True,15.810254228999838,0.7891572754921824,0.0995832512661006,0.6435309374919118,,,lbfgs,15.0,,,,,,,
SWI,tree,swi09,pa_holdout,0,global_conditional_density,937,10013,onehot_l2,0.0,0.01,1e-06,frozen_default,9,"G=6,K=3",random_50k,full_background_50k,ipp,deep2_kan_ipp,50000,True,48.38238163099959,0.7884674559360506,0.1017865335903538,0.6466370064998767,,,lbfgs,12.0,0.0,8637.659395912686,0.05,True,True,True,True
SWI,tree,swi09,pa_holdout,1,global_conditional_density,937,10013,onehot_l2,0.0,0.01,1e-06,frozen_default,9,"G=6,K=3",random_50k,full_background_50k,ipp,additive_kan_ipp,50000,True,18.893705742999373,0.7891340458438793,0.0996176364997421,0.6431978609488989,,,lbfgs,15.0,,,,,,,
SWI,tree,swi09,pa_holdout,1,global_conditional_density,937,10013,onehot_l2,0.0,0.01,1e-06,frozen_default,9,"G=6,K=3",random_50k,full_background_50k,ipp,deep2_kan_ipp,50000,True,50.64764054999978,0.7884916955690625,0.1020389060458794,0.6471576253442534,,,lbfgs,12.0,0.0,8638.918122502686,0.05,True,True,True,True
SWI,tree,swi09,pa_holdout,2,global_conditional_density,937,10013,onehot_l2,0.0,0.01,1e-06,frozen_default,9,"G=6,K=3",random_50k,full_background_50k,ipp,additive_kan_ipp,50000,True,17.584483398000884,0.789215517943725,0.0995367145116599,0.643303952992122,,,lbfgs,15.0,,,,,,,
SWI,tree,swi09,pa_holdout,2,global_conditional_density,937,10013,onehot_l2,0.0,0.01,1e-06,frozen_default,9,"G=6,K=3",random_50k,full_background_50k,ipp,deep2_kan_ipp,50000,True,44.33767004999936,0.7883546743102309,0.1016489360611276,0.6466622831720794,,,lbfgs,12.0,0.0,8639.531627632408,0.05,True,True,True,True
SWI,tree,swi10,pa_holdout,0,global_conditional_density,2830,10013,onehot_l2,0.0,0.01,1e-06,frozen_default,9,"G=6,K=3",random_50k,full_background_50k,ipp,additive_kan_ipp,50000,True,17.757107416999133,0.7579115362753287,0.2711490661624767,0.545345348387063,,,lbfgs,15.0,,,,,,,
SWI,tree,swi10,pa_holdout,0,global_conditional_density,2830,10013,onehot_l2,0.0,0.01,1e-06,frozen_default,9,"G=6,K=3",random_50k,full_background_50k,ipp,deep2_kan_ipp,50000,True,45.689267689998815,0.7588417076412219,0.2720983483471704,0.547780288368954,,,lbfgs,12.0,0.0,27211.84707428458,0.05,True,True,True,True
SWI,tree,swi10,pa_holdout,1,global_conditional_density,2830,10013,onehot_l2,0.0,0.01,1e-06,frozen_default,9,"G=6,K=3",random_50k,full_background_50k,ipp,additive_kan_ipp,50000,True,16.98360844200033,0.7578305156148062,0.271061861491624,0.545169198584055,,,lbfgs,15.0,,,,,,,
SWI,tree,swi10,pa_holdout,1,global_conditional_density,2830,10013,onehot_l2,0.0,0.01,1e-06,frozen_default,9,"G=6,K=3",random_50k,full_background_50k,ipp,deep2_kan_ipp,50000,True,46.05700674500076,0.7590120457488198,0.2725149938353262,0.5483195320598384,,,lbfgs,12.0,0.0,27211.725164714106,0.05,True,True,True,True
SWI,tree,swi10,pa_holdout,2,global_conditional_density,2830,10013,onehot_l2,0.0,0.01,1e-06,frozen_default,9,"G=6,K=3",random_50k,full_background_50k,ipp,additive_kan_ipp,50000,True,16.205541263998384,0.7578550673301161,0.2711203634849909,0.5452605486100328,,,lbfgs,15.0,,,,,,,
SWI,tree,swi10,pa_holdout,2,global_conditional_density,2830,10013,onehot_l2,0.0,0.01,1e-06,frozen_default,9,"G=6,K=3",random_50k,full_background_50k,ipp,deep2_kan_ipp,50000,True,48.98495412699958,0.7597637515427367,0.2726955696127536,0.5494100211548765,,,lbfgs,12.0,0.0,27213.39387939661,0.05,True,True,True,True
SWI,tree,swi11,pa_holdout,0,global_conditional_density,749,10013,onehot_l2,0.0,0.01,1e-06,frozen_default,9,"G=6,K=3",random_50k,full_background_50k,ipp,additive_kan_ipp,50000,True,15.92789364700002,0.8587104186559228,0.0586142648636729,0.7684506537935315,,,lbfgs,15.0,,,,,,,
SWI,tree,swi11,pa_holdout,0,global_conditional_density,749,10013,onehot_l2,0.0,0.01,1e-06,frozen_default,9,"G=6,K=3",random_50k,full_background_50k,ipp,deep2_kan_ipp,50000,True,46.22069640399968,0.8597196022264141,0.0605586359379611,0.7711564774986942,,,lbfgs,12.0,0.0,6550.6962257200585,0.05,True,True,True,True
SWI,tree,swi11,pa_holdout,1,global_conditional_density,749,10013,onehot_l2,0.0,0.01,1e-06,frozen_default,9,"G=6,K=3",random_50k,full_background_50k,ipp,additive_kan_ipp,50000,True,15.743497636998654,0.8584571523944821,0.0585964364709987,0.7680738783171168,,,lbfgs,15.0,,,,,,,
SWI,tree,swi11,pa_holdout,1,global_conditional_density,749,10013,onehot_l2,0.0,0.01,1e-06,frozen_default,9,"G=6,K=3",random_50k,full_background_50k,ipp,deep2_kan_ipp,50000,True,42.68873078700017,0.8596215949758185,0.0609620949342218,0.7708362536250178,,,lbfgs,12.0,0.0,6550.408692792672,0.05,True,True,True,True
SWI,tree,swi11,pa_holdout,2,global_conditional_density,749,10013,onehot_l2,0.0,0.01,1e-06,frozen_default,9,"G=6,K=3",random_50k,full_background_50k,ipp,additive_kan_ipp,50000,True,16.265435377999893,0.8585017893601,0.0583791663055124,0.7675935474318513,,,lbfgs,15.0,,,,,,,
SWI,tree,swi11,pa_holdout,2,global_conditional_density,749,10013,onehot_l2,0.0,0.01,1e-06,frozen_default,9,"G=6,K=3",random_50k,full_background_50k,ipp,deep2_kan_ipp,50000,True,43.78506662400105,0.8598670982867168,0.0610342772954487,0.7717716667409127,,,lbfgs,12.0,0.0,6549.9871025767625,0.05,True,True,True,True
SWI,tree,swi12,pa_holdout,0,global_conditional_density,37,10013,onehot_l2,0.0,0.01,1e-06,frozen_default,9,"G=6,K=3",random_50k,full_background_50k,ipp,additive_kan_ipp,50000,True,15.30750228800025,0.6814470129090363,0.0132619437031244,0.4793062279576431,,,lbfgs,15.0,,,,,,,
SWI,tree,swi12,pa_holdout,0,global_conditional_density,37,10013,onehot_l2,0.0,0.01,1e-06,frozen_default,9,"G=6,K=3",random_50k,full_background_50k,ipp,deep2_kan_ipp,50000,True,43.51505698599976,0.6770039027319124,0.0098377749795217,0.4596574852894174,,,lbfgs,12.0,0.0,289.6592903604729,0.05,True,True,True,True
SWI,tree,swi12,pa_holdout,1,global_conditional_density,37,10013,onehot_l2,0.0,0.01,1e-06,frozen_default,9,"G=6,K=3",random_50k,full_background_50k,ipp,additive_kan_ipp,50000,True,14.24113492000106,0.681542079455619,0.0132632095797898,0.4767780104882302,,,lbfgs,15.0,,,,,,,
SWI,tree,swi12,pa_holdout,1,global_conditional_density,37,10013,onehot_l2,0.0,0.01,1e-06,frozen_default,9,"G=6,K=3",random_50k,full_background_50k,ipp,deep2_kan_ipp,50000,True,45.14453556200169,0.6832282597818474,0.0098116929148873,0.4815756619505354,,,lbfgs,12.0,0.0,289.0679548576346,0.05,True,True,True,True
SWI,tree,swi12,pa_holdout,2,global_conditional_density,37,10013,onehot_l2,0.0,0.01,1e-06,frozen_default,9,"G=6,K=3",random_50k,full_background_50k,ipp,additive_kan_ipp,50000,True,14.664020053000058,0.6814920444311018,0.013262614666013,0.4807582511486048,,,lbfgs,15.0,,,,,,,
SWI,tree,swi12,pa_holdout,2,global_conditional_density,37,10013,onehot_l2,0.0,0.01,1e-06,frozen_default,9,"G=6,K=3",random_50k,full_background_50k,ipp,deep2_kan_ipp,50000,True,43.44122722999964,0.6840838587010908,0.0111591511392715,0.4871015191323694,,,lbfgs,12.0,0.0,289.4245722479477,0.05,True,True,True,True
SWI,tree,swi13,pa_holdout,0,global_conditional_density,3357,10013,onehot_l2,0.0,0.01,1e-06,frozen_default,9,"G=6,K=3",random_50k,full_background_50k,ipp,additive_kan_ipp,50000,True,16.728170332000445,0.7470071663267084,0.5575258151862819,0.5032536921150004,,,lbfgs,15.0,,,,,,,
SWI,tree,swi13,pa_holdout,0,global_conditional_density,3357,10013,onehot_l2,0.0,0.01,1e-06,frozen_default,9,"G=6,K=3",random_50k,full_background_50k,ipp,deep2_kan_ipp,50000,True,46.52035311100008,0.7470419220175817,0.5512598165340257,0.5038010412318428,,,lbfgs,12.0,0.0,33047.32309430811,0.05,True,True,True,True
SWI,tree,swi13,pa_holdout,1,global_conditional_density,3357,10013,onehot_l2,0.0,0.01,1e-06,frozen_default,9,"G=6,K=3",random_50k,full_background_50k,ipp,additive_kan_ipp,50000,True,17.0107425949991,0.7466615427875826,0.5571302746231551,0.5026597201317105,,,lbfgs,15.0,,,,,,,
SWI,tree,swi13,pa_holdout,1,global_conditional_density,3357,10013,onehot_l2,0.0,0.01,1e-06,frozen_default,9,"G=6,K=3",random_50k,full_background_50k,ipp,deep2_kan_ipp,50000,True,45.59019101599915,0.7466694561143533,0.5505929329793853,0.5026573630431808,,,lbfgs,12.0,0.0,33041.10125991304,0.05,True,True,True,True
SWI,tree,swi13,pa_holdout,2,global_conditional_density,3357,10013,onehot_l2,0.0,0.01,1e-06,frozen_default,9,"G=6,K=3",random_50k,full_background_50k,ipp,additive_kan_ipp,50000,True,18.01945268700001,0.74715338302363,0.5577312924498834,0.5036516372767805,,,lbfgs,15.0,,,,,,,
SWI,tree,swi13,pa_holdout,2,global_conditional_density,3357,10013,onehot_l2,0.0,0.01,1e-06,frozen_default,9,"G=6,K=3",random_50k,full_background_50k,ipp,deep2_kan_ipp,50000,True,46.02640710699961,0.7472780628823519,0.5506754190349603,0.50394512418201,,,lbfgs,12.0,0.0,33042.939038625635,0.05,True,True,True,True
SWI,tree,swi14,pa_holdout,0,global_conditional_density,2142,10013,onehot_l2,0.0,0.01,1e-06,frozen_default,9,"G=6,K=3",random_50k,full_background_50k,ipp,additive_kan_ipp,50000,True,15.730464133999703,0.8004853879991808,0.302576722682879,0.6658323762527064,,,lbfgs,15.0,,,,,,,
SWI,tree,swi14,pa_holdout,0,global_conditional_density,2142,10013,onehot_l2,0.0,0.01,1e-06,frozen_default,9,"G=6,K=3",random_50k,full_background_50k,ipp,deep2_kan_ipp,50000,True,45.67639585899997,0.7988361552381503,0.3009250830528319,0.6629247319703677,,,lbfgs,12.0,0.0,20304.216215597186,0.05,True,True,True,True
SWI,tree,swi14,pa_holdout,1,global_conditional_density,2142,10013,onehot_l2,0.0,0.01,1e-06,frozen_default,9,"G=6,K=3",random_50k,full_background_50k,ipp,additive_kan_ipp,50000,True,16.021369828999013,0.8002254355081295,0.3021288225754499,0.6654902739487296,,,lbfgs,15.0,,,,,,,
SWI,tree,swi14,pa_holdout,1,global_conditional_density,2142,10013,onehot_l2,0.0,0.01,1e-06,frozen_default,9,"G=6,K=3",random_50k,full_background_50k,ipp,deep2_kan_ipp,50000,True,47.545542653000666,0.7990699653585296,0.3011548672364479,0.6632551551614656,,,lbfgs,12.0,0.0,20302.99185984753,0.05,True,True,True,True
SWI,tree,swi14,pa_holdout,2,global_conditional_density,2142,10013,onehot_l2,0.0,0.01,1e-06,frozen_default,9,"G=6,K=3",random_50k,full_background_50k,ipp,additive_kan_ipp,50000,True,16.4977541749995,0.8003272889003569,0.3025106859835685,0.6657723445149268,,,lbfgs,15.0,,,,,,,
SWI,tree,swi14,pa_holdout,2,global_conditional_density,2142,10013,onehot_l2,0.0,0.01,1e-06,frozen_default,9,"G=6,K=3",random_50k,full_background_50k,ipp,deep2_kan_ipp,50000,True,44.51522712900078,0.7989696963524036,0.3009687602628941,0.6630849336850326,,,lbfgs,12.0,0.0,20304.02454126238,0.05,True,True,True,True
SWI,tree,swi15,pa_holdout,0,global_conditional_density,297,10013,onehot_l2,0.0,0.01,1e-06,frozen_default,9,"G=6,K=3",random_50k,full_background_50k,ipp,additive_kan_ipp,50000,True,16.044054619000235,0.7904631111070822,0.0499019272331928,0.6656219028703467,,,lbfgs,15.0,,,,,,,
SWI,tree,swi15,pa_holdout,0,global_conditional_density,297,10013,onehot_l2,0.0,0.01,1e-06,frozen_default,9,"G=6,K=3",random_50k,full_background_50k,ipp,deep2_kan_ipp,50000,True,44.18142711899964,0.7762448008968217,0.0471394850501561,0.6395957480634729,,,lbfgs,12.0,0.0,2492.912919890091,0.05,True,True,True,True
SWI,tree,swi15,pa_holdout,1,global_conditional_density,297,10013,onehot_l2,0.0,0.01,1e-06,frozen_default,9,"G=6,K=3",random_50k,full_background_50k,ipp,additive_kan_ipp,50000,True,15.592939734000538,0.790380016105322,0.0498755873999,0.6645704800000836,,,lbfgs,15.0,,,,,,,
SWI,tree,swi15,pa_holdout,1,global_conditional_density,297,10013,onehot_l2,0.0,0.01,1e-06,frozen_default,9,"G=6,K=3",random_50k,full_background_50k,ipp,deep2_kan_ipp,50000,True,42.94609972699982,0.7845104873446311,0.0470084754443192,0.6501487670783007,,,lbfgs,12.0,0.0,2492.7409941653264,0.05,True,True,True,True
SWI,tree,swi15,pa_holdout,2,global_conditional_density,297,10013,onehot_l2,0.0,0.01,1e-06,frozen_default,9,"G=6,K=3",random_50k,full_background_50k,ipp,additive_kan_ipp,50000,True,16.481917981998777,0.7904049446058503,0.0498551929639375,0.6650756893173428,,,lbfgs,15.0,,,,,,,
SWI,tree,swi15,pa_holdout,2,global_conditional_density,297,10013,onehot_l2,0.0,0.01,1e-06,frozen_default,9,"G=6,K=3",random_50k,full_background_50k,ipp,deep2_kan_ipp,50000,True,43.26761282799998,0.776905783865368,0.0466269217188226,0.6399823319254456,,,lbfgs,12.0,0.0,2493.324353766173,0.05,True,True,True,True
SWI,tree,swi16,pa_holdout,0,global_conditional_density,734,10013,onehot_l2,0.0,0.01,1e-06,frozen_default,9,"G=6,K=3",random_50k,full_background_50k,ipp,additive_kan_ipp,50000,True,14.84905918000004,0.837806749475535,0.1415280772594108,0.7182739224615462,,,lbfgs,15.0,,,,,,,
SWI,tree,swi16,pa_holdout,0,global_conditional_density,734,10013,onehot_l2,0.0,0.01,1e-06,frozen_default,9,"G=6,K=3",random_50k,full_background_50k,ipp,deep2_kan_ipp,50000,True,42.78548362200127,0.8394408164017363,0.1397440469664444,0.718101182193704,,,lbfgs,12.0,0.0,6590.969827799114,0.05,True,True,True,True
SWI,tree,swi16,pa_holdout,1,global_conditional_density,734,10013,onehot_l2,0.0,0.01,1e-06,frozen_default,9,"G=6,K=3",random_50k,full_background_50k,ipp,additive_kan_ipp,50000,True,15.577864348999356,0.8377730573739639,0.142675962635854,0.7182592813985397,,,lbfgs,15.0,,,,,,,
SWI,tree,swi16,pa_holdout,1,global_conditional_density,734,10013,onehot_l2,0.0,0.01,1e-06,frozen_default,9,"G=6,K=3",random_50k,full_background_50k,ipp,deep2_kan_ipp,50000,True,42.50538050599971,0.8389441211231051,0.1393574804191805,0.7171467272532535,,,lbfgs,12.0,0.0,6590.511269136777,0.05,True,True,True,True
SWI,tree,swi16,pa_holdout,2,global_conditional_density,734,10013,onehot_l2,0.0,0.01,1e-06,frozen_default,9,"G=6,K=3",random_50k,full_background_50k,ipp,additive_kan_ipp,50000,True,15.355689343999984,0.8377733205935073,0.1414430501003356,0.7182488736313486,,,lbfgs,15.0,,,,,,,
SWI,tree,swi16,pa_holdout,2,global_conditional_density,734,10013,onehot_l2,0.0,0.01,1e-06,frozen_default,9,"G=6,K=3",random_50k,full_background_50k,ipp,deep2_kan_ipp,50000,True,41.34566657599862,0.8395697939780633,0.139614511180843,0.7179226713443598,,,lbfgs,12.0,0.0,6590.748156719154,0.05,True,True,True,True
SWI,tree,swi17,pa_holdout,0,global_conditional_density,458,10013,onehot_l2,0.0,0.01,1e-06,frozen_default,9,"G=6,K=3",random_50k,full_background_50k,ipp,additive_kan_ipp,50000,True,15.102942250001432,0.9826471828017423,0.6934985439322902,0.9746780138610872,,,lbfgs,15.0,,,,,,,
SWI,tree,swi17,pa_holdout,0,global_conditional_density,458,10013,onehot_l2,0.0,0.01,1e-06,frozen_default,9,"G=6,K=3",random_50k,full_background_50k,ipp,deep2_kan_ipp,50000,True,43.67965790299968,0.9803793064225832,0.6736334836993477,0.9722445406138932,,,lbfgs,12.0,0.0,3412.597871166394,0.05,True,True,True,True
SWI,tree,swi17,pa_holdout,1,global_conditional_density,458,10013,onehot_l2,0.0,0.01,1e-06,frozen_default,9,"G=6,K=3",random_50k,full_background_50k,ipp,additive_kan_ipp,50000,True,14.268684479000513,0.982713422589775,0.6939103504808669,0.974305471756544,,,lbfgs,15.0,,,,,,,
SWI,tree,swi17,pa_holdout,1,global_conditional_density,458,10013,onehot_l2,0.0,0.01,1e-06,frozen_default,9,"G=6,K=3",random_50k,full_background_50k,ipp,deep2_kan_ipp,50000,True,42.65270507999958,0.9778899616612136,0.6714125701623013,0.969189879750414,,,lbfgs,12.0,0.0,3411.547175718001,0.05,True,True,True,True
SWI,tree,swi17,pa_holdout,2,global_conditional_density,458,10013,onehot_l2,0.0,0.01,1e-06,frozen_default,9,"G=6,K=3",random_50k,full_background_50k,ipp,additive_kan_ipp,50000,True,15.084839233999446,0.9826799681513744,0.6936726173895496,0.974235070318549,,,lbfgs,15.0,,,,,,,
SWI,tree,swi17,pa_holdout,2,global_conditional_density,458,10013,onehot_l2,0.0,0.01,1e-06,frozen_default,9,"G=6,K=3",random_50k,full_background_50k,ipp,deep2_kan_ipp,50000,True,42.308441919998586,0.980093940063028,0.6734015397488485,0.9712615724195444,,,lbfgs,12.0,0.0,3411.258654758969,0.05,True,True,True,True
SWI,tree,swi18,pa_holdout,0,global_conditional_density,382,10013,onehot_l2,0.0,0.01,1e-06,frozen_default,9,"G=6,K=3",random_50k,full_background_50k,ipp,additive_kan_ipp,50000,True,15.278832305999458,0.9306290485323228,0.0303656122605119,0.8408077566942899,,,lbfgs,15.0,,,,,,,
SWI,tree,swi18,pa_holdout,0,global_conditional_density,382,10013,onehot_l2,0.0,0.01,1e-06,frozen_default,9,"G=6,K=3",random_50k,full_background_50k,ipp,deep2_kan_ipp,50000,True,42.33446034700137,0.90781092343123,0.0313395811561053,0.8269694721934646,,,lbfgs,12.0,0.0,2953.8350654740416,0.05,True,True,True,True
SWI,tree,swi18,pa_holdout,1,global_conditional_density,382,10013,onehot_l2,0.0,0.01,1e-06,frozen_default,9,"G=6,K=3",random_50k,full_background_50k,ipp,additive_kan_ipp,50000,True,15.841647367000403,0.9310141645677844,0.0303466118224034,0.8410807809179096,,,lbfgs,15.0,,,,,,,
SWI,tree,swi18,pa_holdout,1,global_conditional_density,382,10013,onehot_l2,0.0,0.01,1e-06,frozen_default,9,"G=6,K=3",random_50k,full_background_50k,ipp,deep2_kan_ipp,50000,True,43.14886244199988,0.90585838513144,0.0310195531847031,0.8253167531466278,,,lbfgs,12.0,0.0,2953.5548840785063,0.05,True,True,True,True
SWI,tree,swi18,pa_holdout,2,global_conditional_density,382,10013,onehot_l2,0.0,0.01,1e-06,frozen_default,9,"G=6,K=3",random_50k,full_background_50k,ipp,additive_kan_ipp,50000,True,14.051824165999278,0.9313338108772172,0.0303358832422403,0.8412359430753008,,,lbfgs,15.0,,,,,,,
SWI,tree,swi18,pa_holdout,2,global_conditional_density,382,10013,onehot_l2,0.0,0.01,1e-06,frozen_default,9,"G=6,K=3",random_50k,full_background_50k,ipp,deep2_kan_ipp,50000,True,44.921000465999896,0.9061741802805184,0.0307758421152907,0.8278232062786867,,,lbfgs,12.0,0.0,2953.6029939841305,0.05,True,True,True,True
SWI,tree,swi19,pa_holdout,0,global_conditional_density,36,10013,onehot_l2,0.0,0.01,1e-06,frozen_default,9,"G=6,K=3",random_50k,full_background_50k,ipp,additive_kan_ipp,50000,True,14.57926471800056,0.871675636961124,0.0201934893498971,0.7542447160342403,,,lbfgs,15.0,,,,,,,
SWI,tree,swi19,pa_holdout,0,global_conditional_density,36,10013,onehot_l2,0.0,0.01,1e-06,frozen_default,9,"G=6,K=3",random_50k,full_background_50k,ipp,deep2_kan_ipp,50000,True,43.79321005299971,0.8571511327849342,0.0229930478616037,0.7459110889280307,,,lbfgs,12.0,0.0,256.36330752449703,0.05,True,True,True,True
SWI,tree,swi19,pa_holdout,1,global_conditional_density,36,10013,onehot_l2,0.0,0.01,1e-06,frozen_default,9,"G=6,K=3",random_50k,full_background_50k,ipp,additive_kan_ipp,50000,True,14.716329430999394,0.8705644439295156,0.0201159477227867,0.7632724756037222,,,lbfgs,15.0,,,,,,,
SWI,tree,swi19,pa_holdout,1,global_conditional_density,36,10013,onehot_l2,0.0,0.01,1e-06,frozen_default,9,"G=6,K=3",random_50k,full_background_50k,ipp,deep2_kan_ipp,50000,True,40.87128454199956,0.8720600781521546,0.0246059753987169,0.7589522892489111,,,lbfgs,12.0,0.0,257.3350310522813,0.05,True,True,True,True
SWI,tree,swi19,pa_holdout,2,global_conditional_density,36,10013,onehot_l2,0.0,0.01,1e-06,frozen_default,9,"G=6,K=3",random_50k,full_background_50k,ipp,additive_kan_ipp,50000,True,15.789932211000632,0.8719863497045596,0.0200425860623755,0.7550786028106073,,,lbfgs,15.0,,,,,,,
SWI,tree,swi19,pa_holdout,2,global_conditional_density,36,10013,onehot_l2,0.0,0.01,1e-06,frozen_default,9,"G=6,K=3",random_50k,full_background_50k,ipp,deep2_kan_ipp,50000,True,41.314331727000535,0.8734556523387715,0.0235484784921435,0.7629884840571428,,,lbfgs,12.0,0.0,256.7938455435335,0.05,True,True,True,True
SWI,tree,swi20,pa_holdout,0,global_conditional_density,613,10013,onehot_l2,0.0,0.01,1e-06,frozen_default,9,"G=6,K=3",random_50k,full_background_50k,ipp,additive_kan_ipp,50000,True,15.55401615700066,0.7548106460329642,0.0591155194475686,0.5404704784139464,,,lbfgs,15.0,,,,,,,
SWI,tree,swi20,pa_holdout,0,global_conditional_density,613,10013,onehot_l2,0.0,0.01,1e-06,frozen_default,9,"G=6,K=3",random_50k,full_background_50k,ipp,deep2_kan_ipp,50000,True,44.12728792400048,0.748080930819573,0.0582845410915084,0.5304688131551133,,,lbfgs,12.0,0.0,5562.144022672915,0.05,True,True,True,True
SWI,tree,swi20,pa_holdout,1,global_conditional_density,613,10013,onehot_l2,0.0,0.01,1e-06,frozen_default,9,"G=6,K=3",random_50k,full_background_50k,ipp,additive_kan_ipp,50000,True,15.182844765000482,0.7548557203905031,0.0590972634165118,0.540326154632603,,,lbfgs,15.0,,,,,,,
SWI,tree,swi20,pa_holdout,1,global_conditional_density,613,10013,onehot_l2,0.0,0.01,1e-06,frozen_default,9,"G=6,K=3",random_50k,full_background_50k,ipp,deep2_kan_ipp,50000,True,45.36656952500016,0.747761622555663,0.0583100622800119,0.5317488023803809,,,lbfgs,12.0,0.0,5561.720596523282,0.05,True,True,True,True
SWI,tree,swi20,pa_holdout,2,global_conditional_density,613,10013,onehot_l2,0.0,0.01,1e-06,frozen_default,9,"G=6,K=3",random_50k,full_background_50k,ipp,additive_kan_ipp,50000,True,15.510432289000164,0.7549913222392335,0.0591205014858413,0.5401791523760158,,,lbfgs,15.0,,,,,,,
SWI,tree,swi20,pa_holdout,2,global_conditional_density,613,10013,onehot_l2,0.0,0.01,1e-06,frozen_default,9,"G=6,K=3",random_50k,full_background_50k,ipp,deep2_kan_ipp,50000,True,44.07389582900032,0.7473756496957291,0.0583067750724837,0.5309500757770045,,,lbfgs,12.0,0.0,5561.072332907756,0.05,True,True,True,True
SWI,tree,swi21,pa_holdout,0,global_conditional_density,426,10013,onehot_l2,0.0,0.01,1e-06,frozen_default,9,"G=6,K=3",random_50k,full_background_50k,ipp,additive_kan_ipp,50000,True,15.242209481000828,0.7231887468441253,0.059644508262105,0.5402678364821492,,,lbfgs,15.0,,,,,,,
SWI,tree,swi21,pa_holdout,0,global_conditional_density,426,10013,onehot_l2,0.0,0.01,1e-06,frozen_default,9,"G=6,K=3",random_50k,full_background_50k,ipp,deep2_kan_ipp,50000,True,40.43791614000111,0.7249659785765363,0.0576683504964918,0.5395682266918002,,,lbfgs,12.0,0.0,3987.170961238759,0.05,True,True,True,True
SWI,tree,swi21,pa_holdout,1,global_conditional_density,426,10013,onehot_l2,0.0,0.01,1e-06,frozen_default,9,"G=6,K=3",random_50k,full_background_50k,ipp,additive_kan_ipp,50000,True,16.02052192299925,0.7232206704318259,0.0596425370034357,0.5404645182775928,,,lbfgs,15.0,,,,,,,
SWI,tree,swi21,pa_holdout,1,global_conditional_density,426,10013,onehot_l2,0.0,0.01,1e-06,frozen_default,9,"G=6,K=3",random_50k,full_background_50k,ipp,deep2_kan_ipp,50000,True,41.66360104200066,0.7249673467302948,0.057777215864271,0.5369734341236205,,,lbfgs,12.0,0.0,3974.628217827317,0.05,True,True,True,True
SWI,tree,swi21,pa_holdout,2,global_conditional_density,426,10013,onehot_l2,0.0,0.01,1e-06,frozen_default,9,"G=6,K=3",random_50k,full_background_50k,ipp,additive_kan_ipp,50000,True,15.55155481700058,0.7231955876129184,0.0596549507902867,0.5408034493999484,,,lbfgs,15.0,,,,,,,
SWI,tree,swi21,pa_holdout,2,global_conditional_density,426,10013,onehot_l2,0.0,0.01,1e-06,frozen_default,9,"G=6,K=3",random_50k,full_background_50k,ipp,deep2_kan_ipp,50000,True,43.30105205899963,0.7258862900048159,0.0582925050149934,0.5384394574799879,,,lbfgs,12.0,0.0,3980.2079733744463,0.05,True,True,True,True
SWI,tree,swi22,pa_holdout,0,global_conditional_density,560,10013,onehot_l2,0.0,0.01,1e-06,frozen_default,9,"G=6,K=3",random_50k,full_background_50k,ipp,additive_kan_ipp,50000,True,15.528790435999326,0.8553929541112941,0.1143316858838078,0.7791069281103087,,,lbfgs,15.0,,,,,,,
SWI,tree,swi22,pa_holdout,0,global_conditional_density,560,10013,onehot_l2,0.0,0.01,1e-06,frozen_default,9,"G=6,K=3",random_50k,full_background_50k,ipp,deep2_kan_ipp,50000,True,44.27373211699887,0.8573049369509547,0.1137586901835806,0.7810757989577826,,,lbfgs,12.0,0.0,4813.911647043588,0.05,True,True,True,True
SWI,tree,swi22,pa_holdout,1,global_conditional_density,560,10013,onehot_l2,0.0,0.01,1e-06,frozen_default,9,"G=6,K=3",random_50k,full_background_50k,ipp,additive_kan_ipp,50000,True,15.198925063999924,0.8551615712128376,0.1145881332100033,0.7789478661427734,,,lbfgs,15.0,,,,,,,
SWI,tree,swi22,pa_holdout,1,global_conditional_density,560,10013,onehot_l2,0.0,0.01,1e-06,frozen_default,9,"G=6,K=3",random_50k,full_background_50k,ipp,deep2_kan_ipp,50000,True,43.37151618400094,0.8565269538720867,0.1150894938888914,0.7802313806859864,,,lbfgs,12.0,0.0,4813.046567051977,0.05,True,True,True,True
SWI,tree,swi22,pa_holdout,2,global_conditional_density,560,10013,onehot_l2,0.0,0.01,1e-06,frozen_default,9,"G=6,K=3",random_50k,full_background_50k,ipp,additive_kan_ipp,50000,True,15.420351517001109,0.8554773473906827,0.1143126848849342,0.779189272728958,,,lbfgs,15.0,,,,,,,
SWI,tree,swi22,pa_holdout,2,global_conditional_density,560,10013,onehot_l2,0.0,0.01,1e-06,frozen_default,9,"G=6,K=3",random_50k,full_background_50k,ipp,deep2_kan_ipp,50000,True,44.49980235900148,0.8568963840553709,0.114414115135388,0.7810315335003506,,,lbfgs,12.0,0.0,4812.112356810418,0.05,True,True,True,True
SWI,tree,swi23,pa_holdout,0,global_conditional_density,986,10013,onehot_l2,0.0,0.01,1e-06,frozen_default,9,"G=6,K=3",random_50k,full_background_50k,ipp,additive_kan_ipp,50000,True,16.20661771399864,0.770476150046068,0.417707273150324,0.6287819738200819,,,lbfgs,15.0,,,,,,,
SWI,tree,swi23,pa_holdout,0,global_conditional_density,986,10013,onehot_l2,0.0,0.01,1e-06,frozen_default,9,"G=6,K=3",random_50k,full_background_50k,ipp,deep2_kan_ipp,50000,True,42.45674918400073,0.7738663842847215,0.4163384468639503,0.6323168548718241,,,lbfgs,12.0,0.0,9446.049191124406,0.05,True,True,True,True
SWI,tree,swi23,pa_holdout,1,global_conditional_density,986,10013,onehot_l2,0.0,0.01,1e-06,frozen_default,9,"G=6,K=3",random_50k,full_background_50k,ipp,additive_kan_ipp,50000,True,14.624689524998756,0.7705105830338135,0.4172675659440408,0.628717313867214,,,lbfgs,15.0,,,,,,,
SWI,tree,swi23,pa_holdout,1,global_conditional_density,986,10013,onehot_l2,0.0,0.01,1e-06,frozen_default,9,"G=6,K=3",random_50k,full_background_50k,ipp,deep2_kan_ipp,50000,True,43.27734747499926,0.7721436342996582,0.4149517312532785,0.6295078294394039,,,lbfgs,12.0,0.0,9445.138819638623,0.05,True,True,True,True
SWI,tree,swi23,pa_holdout,2,global_conditional_density,986,10013,onehot_l2,0.0,0.01,1e-06,frozen_default,9,"G=6,K=3",random_50k,full_background_50k,ipp,additive_kan_ipp,50000,True,14.838171755000076,0.7704897502900863,0.4175791562392558,0.6287771763068566,,,lbfgs,15.0,,,,,,,
SWI,tree,swi23,pa_holdout,2,global_conditional_density,986,10013,onehot_l2,0.0,0.01,1e-06,frozen_default,9,"G=6,K=3",random_50k,full_background_50k,ipp,deep2_kan_ipp,50000,True,43.764332879,0.7730655421701901,0.4150110278929964,0.6308568894829572,,,lbfgs,12.0,0.0,9445.209903448367,0.05,True,True,True,True
SWI,tree,swi24,pa_holdout,0,global_conditional_density,293,10013,onehot_l2,0.0,0.01,1e-06,frozen_default,9,"G=6,K=3",random_50k,full_background_50k,ipp,additive_kan_ipp,50000,True,15.24548279100054,0.6452406025872677,0.0505121790370046,0.3693731797815451,,,lbfgs,15.0,,,,,,,
SWI,tree,swi24,pa_holdout,0,global_conditional_density,293,10013,onehot_l2,0.0,0.01,1e-06,frozen_default,9,"G=6,K=3",random_50k,full_background_50k,ipp,deep2_kan_ipp,50000,True,43.91254808700069,0.6525859743638063,0.050390313004986,0.381889142538803,,,lbfgs,12.0,0.0,2762.2657417245414,0.05,True,True,True,True
SWI,tree,swi24,pa_holdout,1,global_conditional_density,293,10013,onehot_l2,0.0,0.01,1e-06,frozen_default,9,"G=6,K=3",random_50k,full_background_50k,ipp,additive_kan_ipp,50000,True,15.535238882001067,0.6453861871981613,0.0504734132176335,0.3697816972640969,,,lbfgs,15.0,,,,,,,
SWI,tree,swi24,pa_holdout,1,global_conditional_density,293,10013,onehot_l2,0.0,0.01,1e-06,frozen_default,9,"G=6,K=3",random_50k,full_background_50k,ipp,deep2_kan_ipp,50000,True,37.52017899099883,0.6473142595322816,0.0488968230725032,0.3720993760268032,,,lbfgs,12.0,0.0,2761.394854082667,0.05,True,True,True,True
SWI,tree,swi24,pa_holdout,2,global_conditional_density,293,10013,onehot_l2,0.0,0.01,1e-06,frozen_default,9,"G=6,K=3",random_50k,full_background_50k,ipp,additive_kan_ipp,50000,True,9.57435896700008,0.6453488672852165,0.050528607526878,0.3694496909044795,,,lbfgs,15.0,,,,,,,
SWI,tree,swi24,pa_holdout,2,global_conditional_density,293,10013,onehot_l2,0.0,0.01,1e-06,frozen_default,9,"G=6,K=3",random_50k,full_background_50k,ipp,deep2_kan_ipp,50000,True,34.138495364000846,0.6501616580387461,0.0489573735984987,0.3761961346109098,,,lbfgs,12.0,0.0,2761.0703168869336,0.05,True,True,True,True
SWI,tree,swi25,pa_holdout,0,global_conditional_density,279,10013,onehot_l2,0.0,0.01,1e-06,frozen_default,9,"G=6,K=3",random_50k,full_background_50k,ipp,additive_kan_ipp,50000,True,10.193006814999537,0.9686655634120654,0.4200194233400226,0.951787336019542,,,lbfgs,15.0,,,,,,,
SWI,tree,swi25,pa_holdout,0,global_conditional_density,279,10013,onehot_l2,0.0,0.01,1e-06,frozen_default,9,"G=6,K=3",random_50k,full_background_50k,ipp,deep2_kan_ipp,50000,True,31.72302476600089,0.963044982698962,0.3832386187637525,0.9431973207688114,,,lbfgs,12.0,0.0,2328.031470150684,0.05,True,True,True,True
SWI,tree,swi25,pa_holdout,1,global_conditional_density,279,10013,onehot_l2,0.0,0.01,1e-06,frozen_default,9,"G=6,K=3",random_50k,full_background_50k,ipp,additive_kan_ipp,50000,True,9.893287078999492,0.9686995207290078,0.4203852219078384,0.9518597424362414,,,lbfgs,15.0,,,,,,,
SWI,tree,swi25,pa_holdout,1,global_conditional_density,279,10013,onehot_l2,0.0,0.01,1e-06,frozen_default,9,"G=6,K=3",random_50k,full_background_50k,ipp,deep2_kan_ipp,50000,True,30.310861517999,0.9610935115734272,0.3819273459929037,0.9413012238858364,,,lbfgs,12.0,0.0,2327.8588858630915,0.05,True,True,True,True
SWI,tree,swi25,pa_holdout,2,global_conditional_density,279,10013,onehot_l2,0.0,0.01,1e-06,frozen_default,9,"G=6,K=3",random_50k,full_background_50k,ipp,additive_kan_ipp,50000,True,10.459113732000333,0.9687373466010444,0.4201917068238481,0.9518394779662116,,,lbfgs,15.0,,,,,,,
SWI,tree,swi25,pa_holdout,2,global_conditional_density,279,10013,onehot_l2,0.0,0.01,1e-06,frozen_default,9,"G=6,K=3",random_50k,full_background_50k,ipp,deep2_kan_ipp,50000,True,31.211000194000007,0.9612598594424984,0.3775126401579427,0.940931868609008,,,lbfgs,12.0,0.0,2327.559430338756,0.05,True,True,True,True
SWI,tree,swi26,pa_holdout,0,global_conditional_density,89,10013,onehot_l2,0.0,0.01,1e-06,frozen_default,9,"G=6,K=3",random_50k,full_background_50k,ipp,additive_kan_ipp,50000,True,9.839404919999652,0.8192919081719001,0.0825650004576125,0.7160012054822572,,,lbfgs,15.0,,,,,,,
SWI,tree,swi26,pa_holdout,0,global_conditional_density,89,10013,onehot_l2,0.0,0.01,1e-06,frozen_default,9,"G=6,K=3",random_50k,full_background_50k,ipp,deep2_kan_ipp,50000,True,34.95330581000053,0.83565663642733,0.0846941675914294,0.730529642598307,,,lbfgs,12.0,0.0,662.3463366916947,0.05,True,True,True,True
SWI,tree,swi26,pa_holdout,1,global_conditional_density,89,10013,onehot_l2,0.0,0.01,1e-06,frozen_default,9,"G=6,K=3",random_50k,full_background_50k,ipp,additive_kan_ipp,50000,True,9.722735806000856,0.8192100162873859,0.0828366516795713,0.71712212808584,,,lbfgs,15.0,,,,,,,
SWI,tree,swi26,pa_holdout,1,global_conditional_density,89,10013,onehot_l2,0.0,0.01,1e-06,frozen_default,9,"G=6,K=3",random_50k,full_background_50k,ipp,deep2_kan_ipp,50000,True,32.669537194999066,0.8374127623952466,0.0840332536600265,0.7356415031099008,,,lbfgs,12.0,0.0,662.7059739552448,0.05,True,True,True,True
SWI,tree,swi26,pa_holdout,2,global_conditional_density,89,10013,onehot_l2,0.0,0.01,1e-06,frozen_default,9,"G=6,K=3",random_50k,full_background_50k,ipp,additive_kan_ipp,50000,True,9.815718484000172,0.8196740702996334,0.0839708601982672,0.7179199059599877,,,lbfgs,15.0,,,,,,,
SWI,tree,swi26,pa_holdout,2,global_conditional_density,89,10013,onehot_l2,0.0,0.01,1e-06,frozen_default,9,"G=6,K=3",random_50k,full_background_50k,ipp,deep2_kan_ipp,50000,True,33.25730592000036,0.8332772222272773,0.0856309535116919,0.7223871422444189,,,lbfgs,12.0,0.0,662.0567800157415,0.05,True,True,True,True
SWI,tree,swi27,pa_holdout,0,global_conditional_density,468,10013,onehot_l2,0.0,0.01,1e-06,frozen_default,9,"G=6,K=3",random_50k,full_background_50k,ipp,additive_kan_ipp,50000,True,10.07085127100072,0.7059020222731263,0.1105572048632564,0.5317290059341494,,,lbfgs,15.0,,,,,,,
SWI,tree,swi27,pa_holdout,0,global_conditional_density,468,10013,onehot_l2,0.0,0.01,1e-06,frozen_default,9,"G=6,K=3",random_50k,full_background_50k,ipp,deep2_kan_ipp,50000,True,30.179991675000565,0.6950854845114643,0.105436014362395,0.506507954767841,,,lbfgs,12.0,0.0,4224.8937113554,0.05,True,True,True,True
SWI,tree,swi27,pa_holdout,1,global_conditional_density,468,10013,onehot_l2,0.0,0.01,1e-06,frozen_default,9,"G=6,K=3",random_50k,full_background_50k,ipp,additive_kan_ipp,50000,True,10.71337934999974,0.705762210535213,0.1104566556944243,0.5313653152765958,,,lbfgs,15.0,,,,,,,
SWI,tree,swi27,pa_holdout,1,global_conditional_density,468,10013,onehot_l2,0.0,0.01,1e-06,frozen_default,9,"G=6,K=3",random_50k,full_background_50k,ipp,deep2_kan_ipp,50000,True,30.894413429999982,0.694597206635901,0.1050592107940833,0.5066272293232883,,,lbfgs,12.0,0.0,4224.842623547569,0.05,True,True,True,True
SWI,tree,swi27,pa_holdout,2,global_conditional_density,468,10013,onehot_l2,0.0,0.01,1e-06,frozen_default,9,"G=6,K=3",random_50k,full_background_50k,ipp,additive_kan_ipp,50000,True,9.638557580999986,0.7058746446894665,0.1105571913835068,0.531775683090248,,,lbfgs,15.0,,,,,,,
SWI,tree,swi27,pa_holdout,2,global_conditional_density,468,10013,onehot_l2,0.0,0.01,1e-06,frozen_default,9,"G=6,K=3",random_50k,full_background_50k,ipp,deep2_kan_ipp,50000,True,35.69242424100048,0.6904855188530548,0.1030375452898393,0.4982834680875901,,,lbfgs,12.0,0.0,4224.169712155155,0.05,True,True,True,True
SWI,tree,swi28,pa_holdout,0,global_conditional_density,5528,10013,onehot_l2,0.0,0.01,1e-06,frozen_default,9,"G=6,K=3",random_50k,full_background_50k,ipp,additive_kan_ipp,50000,True,16.52780552799959,0.8115507441963757,0.7323378254586091,0.6099128033697976,,,lbfgs,15.0,,,,,,,
SWI,tree,swi28,pa_holdout,0,global_conditional_density,5528,10013,onehot_l2,0.0,0.01,1e-06,frozen_default,9,"G=6,K=3",random_50k,full_background_50k,ipp,deep2_kan_ipp,50000,True,39.49964802499926,0.8103877854909047,0.7295399702072118,0.6072846243790055,,,lbfgs,12.0,0.0,55051.70015438079,0.05,True,True,True,True
SWI,tree,swi28,pa_holdout,1,global_conditional_density,5528,10013,onehot_l2,0.0,0.01,1e-06,frozen_default,9,"G=6,K=3",random_50k,full_background_50k,ipp,additive_kan_ipp,50000,True,13.410061984001004,0.81154690537493,0.732318789294366,0.6099339454220346,,,lbfgs,15.0,,,,,,,
SWI,tree,swi28,pa_holdout,1,global_conditional_density,5528,10013,onehot_l2,0.0,0.01,1e-06,frozen_default,9,"G=6,K=3",random_50k,full_background_50k,ipp,deep2_kan_ipp,50000,True,46.24054291600078,0.8108607772992682,0.7298836392344789,0.6084176331966737,,,lbfgs,12.0,0.0,55051.6915868881,0.05,True,True,True,True
SWI,tree,swi28,pa_holdout,2,global_conditional_density,5528,10013,onehot_l2,0.0,0.01,1e-06,frozen_default,9,"G=6,K=3",random_50k,full_background_50k,ipp,additive_kan_ipp,50000,True,19.125118527001177,0.8113606816962788,0.7321316060556545,0.6095399288240316,,,lbfgs,15.0,,,,,,,
SWI,tree,swi28,pa_holdout,2,global_conditional_density,5528,10013,onehot_l2,0.0,0.01,1e-06,frozen_default,9,"G=6,K=3",random_50k,full_background_50k,ipp,deep2_kan_ipp,50000,True,42.08895330799896,0.8111909159436138,0.7302381651816732,0.6093038540566112,,,lbfgs,12.0,0.0,55056.8026267305,0.05,True,True,True,True
SWI,tree,swi29,pa_holdout,0,global_conditional_density,154,10013,onehot_l2,0.0,0.01,1e-06,frozen_default,9,"G=6,K=3",random_50k,full_background_50k,ipp,additive_kan_ipp,50000,True,12.090404148999369,0.6655502875012611,0.0432389372361539,0.4376733745374589,,,lbfgs,15.0,,,,,,,
SWI,tree,swi29,pa_holdout,0,global_conditional_density,154,10013,onehot_l2,0.0,0.01,1e-06,frozen_default,9,"G=6,K=3",random_50k,full_background_50k,ipp,deep2_kan_ipp,50000,True,34.693076840001595,0.6569948552405933,0.0328999276690629,0.4282313055792862,,,lbfgs,12.0,0.0,1341.5392097999268,0.05,True,True,True,True
SWI,tree,swi29,pa_holdout,1,global_conditional_density,154,10013,onehot_l2,0.0,0.01,1e-06,frozen_default,9,"G=6,K=3",random_50k,full_background_50k,ipp,additive_kan_ipp,50000,True,13.13240296299955,0.6655664279229294,0.0432353258824844,0.4380712127718941,,,lbfgs,15.0,,,,,,,
SWI,tree,swi29,pa_holdout,1,global_conditional_density,154,10013,onehot_l2,0.0,0.01,1e-06,frozen_default,9,"G=6,K=3",random_50k,full_background_50k,ipp,deep2_kan_ipp,50000,True,40.17745533000016,0.6548219509734692,0.0319374881755879,0.4250691125690192,,,lbfgs,12.0,0.0,1340.5497290701137,0.05,True,True,True,True
SWI,tree,swi29,pa_holdout,2,global_conditional_density,154,10013,onehot_l2,0.0,0.01,1e-06,frozen_default,9,"G=6,K=3",random_50k,full_background_50k,ipp,additive_kan_ipp,50000,True,14.569582971000273,0.6653051548471705,0.0432185423890556,0.4368375758598481,,,lbfgs,15.0,,,,,,,
SWI,tree,swi29,pa_holdout,2,global_conditional_density,154,10013,onehot_l2,0.0,0.01,1e-06,frozen_default,9,"G=6,K=3",random_50k,full_background_50k,ipp,deep2_kan_ipp,50000,True,39.42044220999924,0.6584202562291941,0.0330528071898952,0.4294856397580414,,,lbfgs,12.0,0.0,1340.9323282786718,0.05,True,True,True,True
SWI,tree,swi30,pa_holdout,0,global_conditional_density,2800,10013,onehot_l2,0.0,0.01,1e-06,frozen_default,9,"G=6,K=3",random_50k,full_background_50k,ipp,additive_kan_ipp,50000,True,16.213391051000144,0.7180017444706787,0.2834081785016454,0.4927036732919126,,,lbfgs,15.0,,,,,,,
SWI,tree,swi30,pa_holdout,0,global_conditional_density,2800,10013,onehot_l2,0.0,0.01,1e-06,frozen_default,9,"G=6,K=3",random_50k,full_background_50k,ipp,deep2_kan_ipp,50000,True,49.54503109599864,0.7159450197376166,0.2807361405497578,0.487819644659807,,,lbfgs,12.0,0.0,27241.91961157572,0.05,True,True,True,True
SWI,tree,swi30,pa_holdout,1,global_conditional_density,2800,10013,onehot_l2,0.0,0.01,1e-06,frozen_default,9,"G=6,K=3",random_50k,full_background_50k,ipp,additive_kan_ipp,50000,True,14.72454543099957,0.7178817540141417,0.2832869916030792,0.4924198970926677,,,lbfgs,15.0,,,,,,,
SWI,tree,swi30,pa_holdout,1,global_conditional_density,2800,10013,onehot_l2,0.0,0.01,1e-06,frozen_default,9,"G=6,K=3",random_50k,full_background_50k,ipp,deep2_kan_ipp,50000,True,35.66078584299976,0.7175672535276729,0.2826898323933978,0.4912616428466885,,,lbfgs,12.0,0.0,27231.4833409126,0.05,True,True,True,True
SWI,tree,swi30,pa_holdout,2,global_conditional_density,2800,10013,onehot_l2,0.0,0.01,1e-06,frozen_default,9,"G=6,K=3",random_50k,full_background_50k,ipp,additive_kan_ipp,50000,True,10.110075370999766,0.7179035211660376,0.2832858171962779,0.4924816350343891,,,lbfgs,15.0,,,,,,,
SWI,tree,swi30,pa_holdout,2,global_conditional_density,2800,10013,onehot_l2,0.0,0.01,1e-06,frozen_default,9,"G=6,K=3",random_50k,full_background_50k,ipp,deep2_kan_ipp,50000,True,35.59281133500008,0.7176076118413306,0.2826669203807299,0.4911934235624778,,,lbfgs,12.0,0.0,27233.50141209463,0.05,True,True,True,True
