region,taxon_group,species_id,split_id,seed,estimand,n_presence,n_PA_test,categorical_encoding,weight_decay,lambda_r,basis_df,knots,background_scheme,n_background,integration_support,model,objective,lambda_s,lambda_selection,converged,runtime_s,auc_roc,auprc,prg,artifact_path,skip_reason,maxnet_bg_n,pos_weight
AWT,bird,awt01,pa_holdout,0,global_conditional_density,178,340,onehot_l2,0.0,1e-06,9,"G=6,K=3",random_50k,50000,full_background_50k,maxnet,maxnet_default,,maxnet_classes_lq,True,4.2033,0.48137272089761574,0.25403231227463424,0.0016591322910091539,,,10000.0,
AWT,bird,awt01,pa_holdout,0,global_conditional_density,178,340,onehot_l2,0.0,1e-06,9,"G=6,K=3",random_50k,50000,full_background_50k,additive_kan_ipp,ipp,0.01,frozen_default,True,3.4745,0.5373422159887798,0.29696670148284365,0.07192876042400295,,,,
AWT,bird,awt01,pa_holdout,0,global_conditional_density,178,340,onehot_l2,0.0,1e-06,9,"G=6,K=3",random_50k,50000,full_background_50k,gam_ipp,ipp,0.01,frozen_default,True,3.5512,0.5375175315568023,0.296624915281268,0.06836091237178557,,,,
AWT,bird,awt01,pa_holdout,0,global_conditional_density,178,340,onehot_l2,0.0,1e-06,9,"G=6,K=3",random_50k,50000,full_background_50k,additive_kan_bce,bce_pos_weight,0.01,frozen_default,True,3.2649,0.5602208976157084,0.30750493494373055,0.14603170425142206,,,,280.8988764044944
AWT,bird,awt02,pa_holdout,0,global_conditional_density,149,340,onehot_l2,0.0,1e-06,9,"G=6,K=3",random_50k,50000,full_background_50k,maxnet,maxnet_default,,maxnet_classes_lq,True,3.9559,0.7874772036474165,0.6937466918629461,0.6188563817704058,,,10000.0,
AWT,bird,awt02,pa_holdout,0,global_conditional_density,149,340,onehot_l2,0.0,1e-06,9,"G=6,K=3",random_50k,50000,full_background_50k,additive_kan_ipp,ipp,0.01,frozen_default,True,3.5318,0.754690982776089,0.6723524454876344,0.5590699304897407,,,,
AWT,bird,awt02,pa_holdout,0,global_conditional_density,149,340,onehot_l2,0.0,1e-06,9,"G=6,K=3",random_50k,50000,full_background_50k,gam_ipp,ipp,0.01,frozen_default,True,7.9207,0.7550557244174265,0.6726388727240002,0.5599080564295202,,,,
AWT,bird,awt02,pa_holdout,0,global_conditional_density,149,340,onehot_l2,0.0,1e-06,9,"G=6,K=3",random_50k,50000,full_background_50k,additive_kan_bce,bce_pos_weight,0.01,frozen_default,True,3.13,0.732239108409321,0.6291194257374306,0.5138133814988383,,,,335.5704697986577
AWT,bird,awt03,pa_holdout,0,global_conditional_density,219,340,onehot_l2,0.0,1e-06,9,"G=6,K=3",random_50k,50000,full_background_50k,maxnet,maxnet_default,,maxnet_classes_lq,True,5.0117,0.49943054484000143,0.36041545596513347,0.04394794996116215,,,10000.0,
AWT,bird,awt03,pa_holdout,0,global_conditional_density,219,340,onehot_l2,0.0,1e-06,9,"G=6,K=3",random_50k,50000,full_background_50k,additive_kan_ipp,ipp,0.01,frozen_default,True,2.9908,0.5281604761379919,0.3884171860181793,0.06689540757471168,,,,
AWT,bird,awt03,pa_holdout,0,global_conditional_density,219,340,onehot_l2,0.0,1e-06,9,"G=6,K=3",random_50k,50000,full_background_50k,gam_ipp,ipp,0.01,frozen_default,True,3.1192,0.5283441713508946,0.39000625657536325,0.06689900722136809,,,,
AWT,bird,awt03,pa_holdout,0,global_conditional_density,219,340,onehot_l2,0.0,1e-06,9,"G=6,K=3",random_50k,50000,full_background_50k,additive_kan_bce,bce_pos_weight,0.01,frozen_default,True,3.1126,0.5169918071935046,0.3871274664458396,0.04666034041557908,,,,228.31050228310502
AWT,bird,awt04,pa_holdout,0,global_conditional_density,216,340,onehot_l2,0.0,1e-06,9,"G=6,K=3",random_50k,50000,full_background_50k,maxnet,maxnet_default,,maxnet_classes_lq,True,4.7565,0.4883850326888301,0.4872564578835797,-0.044855675902947374,,,10000.0,
AWT,bird,awt04,pa_holdout,0,global_conditional_density,216,340,onehot_l2,0.0,1e-06,9,"G=6,K=3",random_50k,50000,full_background_50k,additive_kan_ipp,ipp,0.01,frozen_default,True,2.9595,0.46473779385171793,0.4525652823433152,-0.043015624459159386,,,,
AWT,bird,awt04,pa_holdout,0,global_conditional_density,216,340,onehot_l2,0.0,1e-06,9,"G=6,K=3",random_50k,50000,full_background_50k,gam_ipp,ipp,0.01,frozen_default,True,3.6355,0.46477256920294896,0.45255362622663,-0.04252537120989132,,,,
AWT,bird,awt04,pa_holdout,0,global_conditional_density,216,340,onehot_l2,0.0,1e-06,9,"G=6,K=3",random_50k,50000,full_background_50k,additive_kan_bce,bce_pos_weight,0.01,frozen_default,True,3.2631,0.4879329531228266,0.47556966701126435,-0.010164230583330202,,,,231.4814814814815
AWT,bird,awt05,pa_holdout,0,global_conditional_density,114,340,onehot_l2,0.0,1e-06,9,"G=6,K=3",random_50k,50000,full_background_50k,maxnet,maxnet_default,,maxnet_classes_lq,True,3.5861,0.7380727616004648,0.25160856892938505,0.503603403207396,,,10000.0,
AWT,bird,awt05,pa_holdout,0,global_conditional_density,114,340,onehot_l2,0.0,1e-06,9,"G=6,K=3",random_50k,50000,full_background_50k,additive_kan_ipp,ipp,0.01,frozen_default,True,2.9775,0.7327717667562269,0.27356060344891575,0.5112567007822605,,,,
AWT,bird,awt05,pa_holdout,0,global_conditional_density,114,340,onehot_l2,0.0,1e-06,9,"G=6,K=3",random_50k,50000,full_background_50k,gam_ipp,ipp,0.01,frozen_default,True,3.103,0.732045603078934,0.2732024078821491,0.5097981712824154,,,,
AWT,bird,awt05,pa_holdout,0,global_conditional_density,114,340,onehot_l2,0.0,1e-06,9,"G=6,K=3",random_50k,50000,full_background_50k,additive_kan_bce,bce_pos_weight,0.01,frozen_default,True,3.065,0.7366930506136083,0.29867220389390586,0.5245295521196534,,,,438.5964912280702
AWT,bird,awt06,pa_holdout,0,global_conditional_density,265,340,onehot_l2,0.0,1e-06,9,"G=6,K=3",random_50k,50000,full_background_50k,maxnet,maxnet_default,,maxnet_classes_lq,True,5.4348,0.7244765999091259,0.7051739126991191,0.4777714908658824,,,10000.0,
AWT,bird,awt06,pa_holdout,0,global_conditional_density,265,340,onehot_l2,0.0,1e-06,9,"G=6,K=3",random_50k,50000,full_background_50k,additive_kan_ipp,ipp,0.01,frozen_default,True,2.9834,0.6439481318374052,0.619661398089009,0.3190791883475257,,,,
AWT,bird,awt06,pa_holdout,0,global_conditional_density,265,340,onehot_l2,0.0,1e-06,9,"G=6,K=3",random_50k,50000,full_background_50k,gam_ipp,ipp,0.01,frozen_default,True,3.1879,0.643633567509,0.6194564974522871,0.3180114593667326,,,,
AWT,bird,awt06,pa_holdout,0,global_conditional_density,265,340,onehot_l2,0.0,1e-06,9,"G=6,K=3",random_50k,50000,full_background_50k,additive_kan_bce,bce_pos_weight,0.01,frozen_default,True,3.1142,0.6319247841739191,0.6190946492124925,0.2752735990609887,,,,188.67924528301887
AWT,bird,awt07,pa_holdout,0,global_conditional_density,158,340,onehot_l2,0.0,1e-06,9,"G=6,K=3",random_50k,50000,full_background_50k,maxnet,maxnet_default,,maxnet_classes_lq,True,3.7935,0.5030268363601696,0.24468473986972628,0.011725985704921383,,,10000.0,
AWT,bird,awt07,pa_holdout,0,global_conditional_density,158,340,onehot_l2,0.0,1e-06,9,"G=6,K=3",random_50k,50000,full_background_50k,additive_kan_ipp,ipp,0.01,frozen_default,True,2.9612,0.4987368320701654,0.23248894465978087,0.01275903339604365,,,,
AWT,bird,awt07,pa_holdout,0,global_conditional_density,158,340,onehot_l2,0.0,1e-06,9,"G=6,K=3",random_50k,50000,full_background_50k,gam_ipp,ipp,0.01,frozen_default,True,3.2215,0.49878449878449876,0.23249202378681275,0.015156496290431929,,,,
AWT,bird,awt07,pa_holdout,0,global_conditional_density,158,340,onehot_l2,0.0,1e-06,9,"G=6,K=3",random_50k,50000,full_background_50k,additive_kan_bce,bce_pos_weight,0.01,frozen_default,True,3.019,0.5051241717908385,0.22956989507495118,0.04236092206401027,,,,316.45569620253167
AWT,bird,awt08,pa_holdout,0,global_conditional_density,231,340,onehot_l2,0.0,1e-06,9,"G=6,K=3",random_50k,50000,full_background_50k,maxnet,maxnet_default,,maxnet_classes_lq,True,4.9507,0.6652763295099061,0.576275395253695,0.303909419975811,,,10000.0,
AWT,bird,awt08,pa_holdout,0,global_conditional_density,231,340,onehot_l2,0.0,1e-06,9,"G=6,K=3",random_50k,50000,full_background_50k,additive_kan_ipp,ipp,0.01,frozen_default,True,2.9617,0.7595915285318758,0.6336878129284808,0.5381124441709881,,,,
AWT,bird,awt08,pa_holdout,0,global_conditional_density,231,340,onehot_l2,0.0,1e-06,9,"G=6,K=3",random_50k,50000,full_background_50k,gam_ipp,ipp,0.01,frozen_default,True,3.1777,0.7588364316277733,0.6337842317895008,0.536649955637162,,,,
AWT,bird,awt08,pa_holdout,0,global_conditional_density,231,340,onehot_l2,0.0,1e-06,9,"G=6,K=3",random_50k,50000,full_background_50k,additive_kan_bce,bce_pos_weight,0.01,frozen_default,True,3.0445,0.7273740606234943,0.6473840501242702,0.4557864336045816,,,,216.45021645021646
AWT,bird,awt09,pa_holdout,0,global_conditional_density,112,340,onehot_l2,0.0,1e-06,9,"G=6,K=3",random_50k,50000,full_background_50k,maxnet,maxnet_default,,maxnet_classes_lq,True,3.0493,0.7072611653356995,0.25040872810473436,0.4573004315722038,,,10000.0,
AWT,bird,awt09,pa_holdout,0,global_conditional_density,112,340,onehot_l2,0.0,1e-06,9,"G=6,K=3",random_50k,50000,full_background_50k,additive_kan_ipp,ipp,0.01,frozen_default,True,2.9969,0.7208666075125703,0.39000234915673815,0.5245627807767997,,,,
AWT,bird,awt09,pa_holdout,0,global_conditional_density,112,340,onehot_l2,0.0,1e-06,9,"G=6,K=3",random_50k,50000,full_background_50k,gam_ipp,ipp,0.01,frozen_default,True,2.8432,0.7207187222715172,0.3898954687579497,0.5235990976961951,,,,
AWT,bird,awt09,pa_holdout,0,global_conditional_density,112,340,onehot_l2,0.0,1e-06,9,"G=6,K=3",random_50k,50000,full_background_50k,additive_kan_bce,bce_pos_weight,0.01,frozen_default,True,3.0397,0.6722863058266786,0.22587753204926087,0.3912172698437694,,,,446.42857142857144
AWT,bird,awt10,pa_holdout,0,global_conditional_density,122,340,onehot_l2,0.0,1e-06,9,"G=6,K=3",random_50k,50000,full_background_50k,maxnet,maxnet_default,,maxnet_classes_lq,True,3.5156,0.6717745921898172,0.41813984914184354,0.36218123840516414,,,10000.0,
AWT,bird,awt10,pa_holdout,0,global_conditional_density,122,340,onehot_l2,0.0,1e-06,9,"G=6,K=3",random_50k,50000,full_background_50k,additive_kan_ipp,ipp,0.01,frozen_default,True,2.9972,0.683432196407975,0.4295415281311025,0.3958241909141942,,,,
AWT,bird,awt10,pa_holdout,0,global_conditional_density,122,340,onehot_l2,0.0,1e-06,9,"G=6,K=3",random_50k,50000,full_background_50k,gam_ipp,ipp,0.01,frozen_default,True,3.0955,0.6833910034602075,0.42956556154900166,0.39576010009776474,,,,
AWT,bird,awt10,pa_holdout,0,global_conditional_density,122,340,onehot_l2,0.0,1e-06,9,"G=6,K=3",random_50k,50000,full_background_50k,additive_kan_bce,bce_pos_weight,0.01,frozen_default,True,3.1769,0.660199373867194,0.40438086480150326,0.34384279490071834,,,,409.8360655737705
AWT,bird,awt11,pa_holdout,0,global_conditional_density,82,340,onehot_l2,0.0,1e-06,9,"G=6,K=3",random_50k,50000,full_background_50k,maxnet,maxnet_default,,maxnet_classes_lq,True,2.506,0.4067278287461774,0.03303271557237531,-0.26408875440943463,,,10000.0,
AWT,bird,awt11,pa_holdout,0,global_conditional_density,82,340,onehot_l2,0.0,1e-06,9,"G=6,K=3",random_50k,50000,full_background_50k,additive_kan_ipp,ipp,0.01,frozen_default,True,3.346,0.3984944718889673,0.03258709231405944,-0.2705163297706013,,,,
AWT,bird,awt11,pa_holdout,0,global_conditional_density,82,340,onehot_l2,0.0,1e-06,9,"G=6,K=3",random_50k,50000,full_background_50k,gam_ipp,ipp,0.01,frozen_default,True,5.5989,0.39896494942366495,0.032686768307825076,-0.27166707109472876,,,,
AWT,bird,awt11,pa_holdout,0,global_conditional_density,82,340,onehot_l2,0.0,1e-06,9,"G=6,K=3",random_50k,50000,full_background_50k,additive_kan_bce,bce_pos_weight,0.01,frozen_default,True,3.1113,0.46741943072218306,0.04255029408921546,-0.014096016508832571,,,,609.7560975609756
AWT,bird,awt12,pa_holdout,0,global_conditional_density,32,340,onehot_l2,0.0,1e-06,9,"G=6,K=3",random_50k,50000,full_background_50k,maxnet,maxnet_default,,maxnet_classes_lq,True,1.7164,0.8751929012345679,0.18290251187606332,0.7240899748008515,,,10000.0,
AWT,bird,awt12,pa_holdout,0,global_conditional_density,32,340,onehot_l2,0.0,1e-06,9,"G=6,K=3",random_50k,50000,full_background_50k,additive_kan_ipp,ipp,0.01,frozen_default,True,2.9226,0.8321759259259259,0.15145397418663847,0.6679976051939643,,,,
AWT,bird,awt12,pa_holdout,0,global_conditional_density,32,340,onehot_l2,0.0,1e-06,9,"G=6,K=3",random_50k,50000,full_background_50k,gam_ipp,ipp,0.01,frozen_default,True,3.0379,0.8323688271604939,0.1523468313294956,0.6690772170417518,,,,
AWT,bird,awt12,pa_holdout,0,global_conditional_density,32,340,onehot_l2,0.0,1e-06,9,"G=6,K=3",random_50k,50000,full_background_50k,additive_kan_bce,bce_pos_weight,0.01,frozen_default,True,3.0444,0.7997685185185185,0.14639239913556645,0.6515252669945172,,,,1562.5
AWT,bird,awt13,pa_holdout,0,global_conditional_density,122,340,onehot_l2,0.0,1e-06,9,"G=6,K=3",random_50k,50000,full_background_50k,maxnet,maxnet_default,,maxnet_classes_lq,True,3.7872,0.7493821057834898,0.5105996134851503,0.5357640775190511,,,10000.0,
AWT,bird,awt13,pa_holdout,0,global_conditional_density,122,340,onehot_l2,0.0,1e-06,9,"G=6,K=3",random_50k,50000,full_background_50k,additive_kan_ipp,ipp,0.01,frozen_default,True,3.0591,0.746992914812984,0.4753698306895567,0.5356265692295578,,,,
AWT,bird,awt13,pa_holdout,0,global_conditional_density,122,340,onehot_l2,0.0,1e-06,9,"G=6,K=3",random_50k,50000,full_background_50k,gam_ipp,ipp,0.01,frozen_default,True,3.1548,0.7460042840665678,0.4738513888272744,0.5349694337889864,,,,
AWT,bird,awt13,pa_holdout,0,global_conditional_density,122,340,onehot_l2,0.0,1e-06,9,"G=6,K=3",random_50k,50000,full_background_50k,additive_kan_bce,bce_pos_weight,0.01,frozen_default,True,3.3085,0.7634289009721534,0.4897324340209887,0.5615488059742186,,,,409.8360655737705
AWT,bird,awt14,pa_holdout,0,global_conditional_density,99,340,onehot_l2,0.0,1e-06,9,"G=6,K=3",random_50k,50000,full_background_50k,maxnet,maxnet_default,,maxnet_classes_lq,True,3.0779,0.8827412587412587,0.6895529362748242,0.8092882354540504,,,10000.0,
AWT,bird,awt14,pa_holdout,0,global_conditional_density,99,340,onehot_l2,0.0,1e-06,9,"G=6,K=3",random_50k,50000,full_background_50k,additive_kan_ipp,ipp,0.01,frozen_default,True,3.0064,0.8041398601398602,0.4862819111976651,0.6403472135903777,,,,
AWT,bird,awt14,pa_holdout,0,global_conditional_density,99,340,onehot_l2,0.0,1e-06,9,"G=6,K=3",random_50k,50000,full_background_50k,gam_ipp,ipp,0.01,frozen_default,True,3.1199,0.8034125874125875,0.48332044942783703,0.6368709272232781,,,,
AWT,bird,awt14,pa_holdout,0,global_conditional_density,99,340,onehot_l2,0.0,1e-06,9,"G=6,K=3",random_50k,50000,full_background_50k,additive_kan_bce,bce_pos_weight,0.01,frozen_default,True,3.0586,0.8692027972027973,0.684277924192481,0.7941269961726386,,,,505.050505050505
AWT,bird,awt15,pa_holdout,0,global_conditional_density,254,340,onehot_l2,0.0,1e-06,9,"G=6,K=3",random_50k,50000,full_background_50k,maxnet,maxnet_default,,maxnet_classes_lq,True,5.7704,0.8091158581812787,0.8709320618626022,0.5178316861286848,,,10000.0,
AWT,bird,awt15,pa_holdout,0,global_conditional_density,254,340,onehot_l2,0.0,1e-06,9,"G=6,K=3",random_50k,50000,full_background_50k,additive_kan_ipp,ipp,0.01,frozen_default,True,3.0215,0.7707313454977007,0.8303694900602415,0.46163269555806524,,,,
AWT,bird,awt15,pa_holdout,0,global_conditional_density,254,340,onehot_l2,0.0,1e-06,9,"G=6,K=3",random_50k,50000,full_background_50k,gam_ipp,ipp,0.01,frozen_default,True,3.1812,0.7694704049844238,0.8289071799397407,0.4615909842655677,,,,
AWT,bird,awt15,pa_holdout,0,global_conditional_density,254,340,onehot_l2,0.0,1e-06,9,"G=6,K=3",random_50k,50000,full_background_50k,additive_kan_bce,bce_pos_weight,0.01,frozen_default,True,3.1771,0.7734386589526778,0.8294435842034378,0.4771989223184966,,,,196.8503937007874
AWT,bird,awt16,pa_holdout,0,global_conditional_density,144,340,onehot_l2,0.0,1e-06,9,"G=6,K=3",random_50k,50000,full_background_50k,maxnet,maxnet_default,,maxnet_classes_lq,True,4.119,0.7377151268115941,0.420423770802116,0.489382336171643,,,10000.0,
AWT,bird,awt16,pa_holdout,0,global_conditional_density,144,340,onehot_l2,0.0,1e-06,9,"G=6,K=3",random_50k,50000,full_background_50k,additive_kan_ipp,ipp,0.01,frozen_default,True,2.9701,0.671591938405797,0.2581148341086134,0.3716157211658907,,,,
AWT,bird,awt16,pa_holdout,0,global_conditional_density,144,340,onehot_l2,0.0,1e-06,9,"G=6,K=3",random_50k,50000,full_background_50k,gam_ipp,ipp,0.01,frozen_default,True,3.0211,0.6711956521739131,0.2580144620126285,0.3710158196926078,,,,
AWT,bird,awt16,pa_holdout,0,global_conditional_density,144,340,onehot_l2,0.0,1e-06,9,"G=6,K=3",random_50k,50000,full_background_50k,additive_kan_bce,bce_pos_weight,0.01,frozen_default,True,3.0246,0.6975769927536232,0.297128780289735,0.4073647224185409,,,,347.22222222222223
AWT,bird,awt17,pa_holdout,0,global_conditional_density,184,340,onehot_l2,0.0,1e-06,9,"G=6,K=3",random_50k,50000,full_background_50k,maxnet,maxnet_default,,maxnet_classes_lq,True,4.2472,0.8130760722625047,0.6437735262936264,0.6552226319115819,,,10000.0,
AWT,bird,awt17,pa_holdout,0,global_conditional_density,184,340,onehot_l2,0.0,1e-06,9,"G=6,K=3",random_50k,50000,full_background_50k,additive_kan_ipp,ipp,0.01,frozen_default,True,3.1455,0.8017287288517474,0.5499671441607771,0.6261951752041027,,,,
AWT,bird,awt17,pa_holdout,0,global_conditional_density,184,340,onehot_l2,0.0,1e-06,9,"G=6,K=3",random_50k,50000,full_background_50k,gam_ipp,ipp,0.01,frozen_default,True,3.347,0.8012781123264102,0.5492209566278046,0.6252297651632948,,,,
AWT,bird,awt17,pa_holdout,0,global_conditional_density,184,340,onehot_l2,0.0,1e-06,9,"G=6,K=3",random_50k,50000,full_background_50k,additive_kan_bce,bce_pos_weight,0.01,frozen_default,True,3.0963,0.8316742452173201,0.5698975966721516,0.6759502145839464,,,,271.7391304347826
AWT,bird,awt18,pa_holdout,0,global_conditional_density,242,340,onehot_l2,0.0,1e-06,9,"G=6,K=3",random_50k,50000,full_background_50k,maxnet,maxnet_default,,maxnet_classes_lq,True,5.2066,0.5242889504153033,0.40333219860195363,0.0959501453122224,,,10000.0,
AWT,bird,awt18,pa_holdout,0,global_conditional_density,242,340,onehot_l2,0.0,1e-06,9,"G=6,K=3",random_50k,50000,full_background_50k,additive_kan_ipp,ipp,0.01,frozen_default,True,3.0741,0.600302038761641,0.46795220998670584,0.20726132867155095,,,,
AWT,bird,awt18,pa_holdout,0,global_conditional_density,242,340,onehot_l2,0.0,1e-06,9,"G=6,K=3",random_50k,50000,full_background_50k,gam_ipp,ipp,0.01,frozen_default,True,3.1065,0.6000862967890402,0.46777882911502844,0.20643023666612367,,,,
AWT,bird,awt18,pa_holdout,0,global_conditional_density,242,340,onehot_l2,0.0,1e-06,9,"G=6,K=3",random_50k,50000,full_background_50k,additive_kan_bce,bce_pos_weight,0.01,frozen_default,True,3.116,0.5930746826795154,0.47667650108227233,0.17630195672285232,,,,206.61157024793388
AWT,bird,awt19,pa_holdout,0,global_conditional_density,78,340,onehot_l2,0.0,1e-06,9,"G=6,K=3",random_50k,50000,full_background_50k,maxnet,maxnet_default,,maxnet_classes_lq,True,2.855,0.6829710144927537,0.3042740252873787,0.3925048791237694,,,10000.0,
AWT,bird,awt19,pa_holdout,0,global_conditional_density,78,340,onehot_l2,0.0,1e-06,9,"G=6,K=3",random_50k,50000,full_background_50k,additive_kan_ipp,ipp,0.01,frozen_default,True,2.992,0.6591938405797101,0.2560312290531684,0.3449736637054052,,,,
AWT,bird,awt19,pa_holdout,0,global_conditional_density,78,340,onehot_l2,0.0,1e-06,9,"G=6,K=3",random_50k,50000,full_background_50k,gam_ipp,ipp,0.01,frozen_default,True,6.3608,0.6597033514492753,0.2563276634205557,0.3449941530925843,,,,
AWT,bird,awt19,pa_holdout,0,global_conditional_density,78,340,onehot_l2,0.0,1e-06,9,"G=6,K=3",random_50k,50000,full_background_50k,additive_kan_bce,bce_pos_weight,0.01,frozen_default,True,3.2761,0.6514945652173912,0.26411089343562444,0.32549518392579535,,,,641.025641025641
AWT,bird,awt20,pa_holdout,0,global_conditional_density,104,340,onehot_l2,0.0,1e-06,9,"G=6,K=3",random_50k,50000,full_background_50k,maxnet,maxnet_default,,maxnet_classes_lq,True,3.1094,0.48923076923076925,0.22238288795151018,-0.0034829077945163446,,,10000.0,
AWT,bird,awt20,pa_holdout,0,global_conditional_density,104,340,onehot_l2,0.0,1e-06,9,"G=6,K=3",random_50k,50000,full_background_50k,additive_kan_ipp,ipp,0.01,frozen_default,True,3.8309,0.5516826923076923,0.2469758130382465,0.1269299856486544,,,,
AWT,bird,awt20,pa_holdout,0,global_conditional_density,104,340,onehot_l2,0.0,1e-06,9,"G=6,K=3",random_50k,50000,full_background_50k,gam_ipp,ipp,0.01,frozen_default,True,8.8455,0.551826923076923,0.24708110554873813,0.12642745012168155,,,,
AWT,bird,awt20,pa_holdout,0,global_conditional_density,104,340,onehot_l2,0.0,1e-06,9,"G=6,K=3",random_50k,50000,full_background_50k,additive_kan_bce,bce_pos_weight,0.01,frozen_default,True,3.3043,0.567548076923077,0.25906514551721266,0.14226696192853422,,,,480.7692307692308
AWT,plant,awt21,pa_holdout,0,global_conditional_density,17,102,onehot_l2,0.0,1e-06,9,"G=6,K=3",random_50k,50000,full_background_50k,maxnet,maxnet_default,,maxnet_classes_lq,True,1.3836,0.5878048780487806,0.3263249138192981,0.19572966757404275,,,10000.0,
AWT,plant,awt21,pa_holdout,0,global_conditional_density,17,102,onehot_l2,0.0,1e-06,9,"G=6,K=3",random_50k,50000,full_background_50k,additive_kan_ipp,ipp,0.01,frozen_default,True,3.0883,0.5689024390243902,0.3645728450693573,0.24482382389780089,,,,
AWT,plant,awt21,pa_holdout,0,global_conditional_density,17,102,onehot_l2,0.0,1e-06,9,"G=6,K=3",random_50k,50000,full_background_50k,gam_ipp,ipp,0.01,frozen_default,True,3.1829,0.5701219512195121,0.3655629234897064,0.24809906590742714,,,,
AWT,plant,awt21,pa_holdout,0,global_conditional_density,17,102,onehot_l2,0.0,1e-06,9,"G=6,K=3",random_50k,50000,full_background_50k,additive_kan_bce,bce_pos_weight,0.01,frozen_default,True,3.0445,0.5176829268292683,0.29659918507028016,0.08782178344058021,,,,2941.176470588235
AWT,plant,awt22,pa_holdout,0,global_conditional_density,9,102,onehot_l2,0.0,1e-06,9,"G=6,K=3",random_50k,50000,full_background_50k,maxnet,maxnet_default,,maxnet_classes_l,True,1.1233,0.7191480017566974,0.5349865044471975,0.4604148052148007,,,10000.0,
AWT,plant,awt22,pa_holdout,0,global_conditional_density,9,102,onehot_l2,0.0,1e-06,9,"G=6,K=3",random_50k,50000,full_background_50k,additive_kan_ipp,ipp,0.01,frozen_default,True,3.0052,0.6732542819499341,0.5783893941732478,0.3231674960667191,,,,
AWT,plant,awt22,pa_holdout,0,global_conditional_density,9,102,onehot_l2,0.0,1e-06,9,"G=6,K=3",random_50k,50000,full_background_50k,gam_ipp,ipp,0.01,frozen_default,True,3.7483,0.6732542819499341,0.5783893941732478,0.3231674960667191,,,,
AWT,plant,awt22,pa_holdout,0,global_conditional_density,9,102,onehot_l2,0.0,1e-06,9,"G=6,K=3",random_50k,50000,full_background_50k,additive_kan_bce,bce_pos_weight,0.01,frozen_default,True,3.0266,0.5990338164251208,0.5089760094961673,0.16491044825303894,,,,5555.555555555556
AWT,plant,awt23,pa_holdout,0,global_conditional_density,56,102,onehot_l2,0.0,1e-06,9,"G=6,K=3",random_50k,50000,full_background_50k,maxnet,maxnet_default,,maxnet_classes_lq,True,2.0209,0.6561418685121108,0.46894809393480097,0.32122252837097526,,,10000.0,
AWT,plant,awt23,pa_holdout,0,global_conditional_density,56,102,onehot_l2,0.0,1e-06,9,"G=6,K=3",random_50k,50000,full_background_50k,additive_kan_ipp,ipp,0.01,frozen_default,True,2.9841,0.648356401384083,0.4458326045536161,0.3120694564820962,,,,
AWT,plant,awt23,pa_holdout,0,global_conditional_density,56,102,onehot_l2,0.0,1e-06,9,"G=6,K=3",random_50k,50000,full_background_50k,gam_ipp,ipp,0.01,frozen_default,True,3.0344,0.6505190311418685,0.44731923747309027,0.318235132891979,,,,
AWT,plant,awt23,pa_holdout,0,global_conditional_density,56,102,onehot_l2,0.0,1e-06,9,"G=6,K=3",random_50k,50000,full_background_50k,additive_kan_bce,bce_pos_weight,0.01,frozen_default,True,3.0265,0.6431660899653979,0.48580958838663335,0.30290207799959884,,,,892.8571428571429
AWT,plant,awt24,pa_holdout,0,global_conditional_density,10,102,onehot_l2,0.0,1e-06,9,"G=6,K=3",random_50k,50000,full_background_50k,maxnet,maxnet_default,,maxnet_classes_l,True,1.1447,0.6399999999999999,0.4021285548743345,0.2643031456058702,,,10000.0,
AWT,plant,awt24,pa_holdout,0,global_conditional_density,10,102,onehot_l2,0.0,1e-06,9,"G=6,K=3",random_50k,50000,full_background_50k,additive_kan_ipp,ipp,0.01,frozen_default,True,2.9833,0.4967901234567901,0.34139335009942606,-0.03789549446129766,,,,
AWT,plant,awt24,pa_holdout,0,global_conditional_density,10,102,onehot_l2,0.0,1e-06,9,"G=6,K=3",random_50k,50000,full_background_50k,gam_ipp,ipp,0.01,frozen_default,True,2.6501,0.49629629629629624,0.34124937050339166,-0.03875898652478973,,,,
AWT,plant,awt24,pa_holdout,0,global_conditional_density,10,102,onehot_l2,0.0,1e-06,9,"G=6,K=3",random_50k,50000,full_background_50k,additive_kan_bce,bce_pos_weight,0.01,frozen_default,True,3.0401,0.5614814814814815,0.3450773265875022,0.16290896384097295,,,,5000.0
AWT,plant,awt25,pa_holdout,0,global_conditional_density,12,102,onehot_l2,0.0,1e-06,9,"G=6,K=3",random_50k,50000,full_background_50k,maxnet,maxnet_default,,maxnet_classes_lq,True,1.2128,0.46634615384615385,0.2741207834712478,-0.09724376995425565,,,10000.0,
AWT,plant,awt25,pa_holdout,0,global_conditional_density,12,102,onehot_l2,0.0,1e-06,9,"G=6,K=3",random_50k,50000,full_background_50k,additive_kan_ipp,ipp,0.01,frozen_default,True,3.2452,0.5224358974358975,0.29000819036050945,0.131119611126009,,,,
AWT,plant,awt25,pa_holdout,0,global_conditional_density,12,102,onehot_l2,0.0,1e-06,9,"G=6,K=3",random_50k,50000,full_background_50k,gam_ipp,ipp,0.01,frozen_default,True,2.9191,0.5219017094017094,0.2892771962084627,0.12972250395967108,,,,
AWT,plant,awt25,pa_holdout,0,global_conditional_density,12,102,onehot_l2,0.0,1e-06,9,"G=6,K=3",random_50k,50000,full_background_50k,additive_kan_bce,bce_pos_weight,0.01,frozen_default,True,3.0407,0.5614316239316239,0.2944275565676169,0.17468705048018013,,,,4166.666666666667
AWT,plant,awt26,pa_holdout,0,global_conditional_density,34,102,onehot_l2,0.0,1e-06,9,"G=6,K=3",random_50k,50000,full_background_50k,maxnet,maxnet_default,,maxnet_classes_lq,True,1.6168,0.7289244186046511,0.35824623734225297,0.5352679094837018,,,10000.0,
AWT,plant,awt26,pa_holdout,0,global_conditional_density,34,102,onehot_l2,0.0,1e-06,9,"G=6,K=3",random_50k,50000,full_background_50k,additive_kan_ipp,ipp,0.01,frozen_default,True,2.9451,0.6911337209302325,0.29568324122617123,0.4293575047631294,,,,
AWT,plant,awt26,pa_holdout,0,global_conditional_density,34,102,onehot_l2,0.0,1e-06,9,"G=6,K=3",random_50k,50000,full_background_50k,gam_ipp,ipp,0.01,frozen_default,True,3.2638,0.6918604651162792,0.29604381814924813,0.4308898645972741,,,,
AWT,plant,awt26,pa_holdout,0,global_conditional_density,34,102,onehot_l2,0.0,1e-06,9,"G=6,K=3",random_50k,50000,full_background_50k,additive_kan_bce,bce_pos_weight,0.01,frozen_default,True,3.2013,0.6140988372093024,0.2592618803730009,0.2855376505592839,,,,1470.5882352941176
AWT,plant,awt27,pa_holdout,0,global_conditional_density,41,102,onehot_l2,0.0,1e-06,9,"G=6,K=3",random_50k,50000,full_background_50k,maxnet,maxnet_default,,maxnet_classes_lq,True,1.7532,0.748641975308642,0.4684098303001614,0.509520590502528,,,10000.0,
AWT,plant,awt27,pa_holdout,0,global_conditional_density,41,102,onehot_l2,0.0,1e-06,9,"G=6,K=3",random_50k,50000,full_background_50k,additive_kan_ipp,ipp,0.01,frozen_default,True,2.8696,0.7254320987654319,0.4436349907020201,0.453584207906905,,,,
AWT,plant,awt27,pa_holdout,0,global_conditional_density,41,102,onehot_l2,0.0,1e-06,9,"G=6,K=3",random_50k,50000,full_background_50k,gam_ipp,ipp,0.01,frozen_default,True,2.7808,0.7254320987654319,0.4436349907020201,0.453584207906905,,,,
AWT,plant,awt27,pa_holdout,0,global_conditional_density,41,102,onehot_l2,0.0,1e-06,9,"G=6,K=3",random_50k,50000,full_background_50k,additive_kan_bce,bce_pos_weight,0.01,frozen_default,True,2.9892,0.6390123456790123,0.42215946648120584,0.2718547643504897,,,,1219.5121951219512
AWT,plant,awt28,pa_holdout,0,global_conditional_density,31,102,onehot_l2,0.0,1e-06,9,"G=6,K=3",random_50k,50000,full_background_50k,maxnet,maxnet_default,,maxnet_classes_lq,True,1.7007,0.8798701298701299,0.49699296018354533,0.8192191954911479,,,10000.0,
AWT,plant,awt28,pa_holdout,0,global_conditional_density,31,102,onehot_l2,0.0,1e-06,9,"G=6,K=3",random_50k,50000,full_background_50k,additive_kan_ipp,ipp,0.01,frozen_default,True,2.9812,0.7930194805194805,0.4531596133628134,0.696731159250529,,,,
AWT,plant,awt28,pa_holdout,0,global_conditional_density,31,102,onehot_l2,0.0,1e-06,9,"G=6,K=3",random_50k,50000,full_background_50k,gam_ipp,ipp,0.01,frozen_default,True,3.0812,0.7913961038961038,0.45177206510026513,0.6944361273196499,,,,
AWT,plant,awt28,pa_holdout,0,global_conditional_density,31,102,onehot_l2,0.0,1e-06,9,"G=6,K=3",random_50k,50000,full_background_50k,additive_kan_bce,bce_pos_weight,0.01,frozen_default,True,3.0176,0.7556818181818181,0.3794751455731734,0.6286135954266119,,,,1612.9032258064517
AWT,plant,awt29,pa_holdout,0,global_conditional_density,44,102,onehot_l2,0.0,1e-06,9,"G=6,K=3",random_50k,50000,full_background_50k,maxnet,maxnet_default,,maxnet_classes_lq,True,1.7777,0.8375478927203065,0.3810372751535993,0.6824509110478194,,,10000.0,
AWT,plant,awt29,pa_holdout,0,global_conditional_density,44,102,onehot_l2,0.0,1e-06,9,"G=6,K=3",random_50k,50000,full_background_50k,additive_kan_ipp,ipp,0.01,frozen_default,True,2.9878,0.8360153256704981,0.3518102378681126,0.6646633192412026,,,,
AWT,plant,awt29,pa_holdout,0,global_conditional_density,44,102,onehot_l2,0.0,1e-06,9,"G=6,K=3",random_50k,50000,full_background_50k,gam_ipp,ipp,0.01,frozen_default,True,3.0203,0.8375478927203065,0.35362440935970346,0.6672360140850033,,,,
AWT,plant,awt29,pa_holdout,0,global_conditional_density,44,102,onehot_l2,0.0,1e-06,9,"G=6,K=3",random_50k,50000,full_background_50k,additive_kan_bce,bce_pos_weight,0.01,frozen_default,True,3.0546,0.7900383141762453,0.3190895173576086,0.6045948810514803,,,,1136.3636363636363
AWT,plant,awt30,pa_holdout,0,global_conditional_density,66,102,onehot_l2,0.0,1e-06,9,"G=6,K=3",random_50k,50000,full_background_50k,maxnet,maxnet_default,,maxnet_classes_lq,True,2.168,0.6104523495827844,0.3935564902336177,0.25102344155777223,,,10000.0,
AWT,plant,awt30,pa_holdout,0,global_conditional_density,66,102,onehot_l2,0.0,1e-06,9,"G=6,K=3",random_50k,50000,full_background_50k,additive_kan_ipp,ipp,0.01,frozen_default,True,2.9651,0.580149319279754,0.4241524227674627,0.17900918272426022,,,,
AWT,plant,awt30,pa_holdout,0,global_conditional_density,66,102,onehot_l2,0.0,1e-06,9,"G=6,K=3",random_50k,50000,full_background_50k,gam_ipp,ipp,0.01,frozen_default,True,3.3272,0.5805884936319718,0.42342872785772123,0.18116209177698026,,,,
AWT,plant,awt30,pa_holdout,0,global_conditional_density,66,102,onehot_l2,0.0,1e-06,9,"G=6,K=3",random_50k,50000,full_background_50k,additive_kan_bce,bce_pos_weight,0.01,frozen_default,True,3.287,0.6060606060606061,0.4421421146801666,0.18365873974866778,,,,757.5757575757576
AWT,plant,awt31,pa_holdout,0,global_conditional_density,14,102,onehot_l2,0.0,1e-06,9,"G=6,K=3",random_50k,50000,full_background_50k,maxnet,maxnet_default,,maxnet_classes_lq,True,1.2406,0.6987903225806452,0.7793169651398804,0.3024325756425059,,,10000.0,
AWT,plant,awt31,pa_holdout,0,global_conditional_density,14,102,onehot_l2,0.0,1e-06,9,"G=6,K=3",random_50k,50000,full_background_50k,additive_kan_ipp,ipp,0.01,frozen_default,True,2.9796,0.6919354838709676,0.7288987751094557,0.3540618311959841,,,,
AWT,plant,awt31,pa_holdout,0,global_conditional_density,14,102,onehot_l2,0.0,1e-06,9,"G=6,K=3",random_50k,50000,full_background_50k,gam_ipp,ipp,0.01,frozen_default,True,3.0826,0.6919354838709676,0.7288987751094557,0.3540618311959841,,,,
AWT,plant,awt31,pa_holdout,0,global_conditional_density,14,102,onehot_l2,0.0,1e-06,9,"G=6,K=3",random_50k,50000,full_background_50k,additive_kan_bce,bce_pos_weight,0.01,frozen_default,True,2.9972,0.5810483870967742,0.6898282158676968,0.06043212871465416,,,,3571.4285714285716
AWT,plant,awt32,pa_holdout,0,global_conditional_density,74,102,onehot_l2,0.0,1e-06,9,"G=6,K=3",random_50k,50000,full_background_50k,maxnet,maxnet_default,,maxnet_classes_lq,True,2.2932,0.5760188087774295,0.4541502217676233,0.21632132916458546,,,10000.0,
AWT,plant,awt32,pa_holdout,0,global_conditional_density,74,102,onehot_l2,0.0,1e-06,9,"G=6,K=3",random_50k,50000,full_background_50k,additive_kan_ipp,ipp,0.01,frozen_default,True,3.074,0.5685736677115987,0.46641444778929525,0.15059135912431273,,,,
AWT,plant,awt32,pa_holdout,0,global_conditional_density,74,102,onehot_l2,0.0,1e-06,9,"G=6,K=3",random_50k,50000,full_background_50k,gam_ipp,ipp,0.01,frozen_default,True,3.1324,0.5666144200626959,0.46590715691505874,0.14733163054049261,,,,
AWT,plant,awt32,pa_holdout,0,global_conditional_density,74,102,onehot_l2,0.0,1e-06,9,"G=6,K=3",random_50k,50000,full_background_50k,additive_kan_bce,bce_pos_weight,0.01,frozen_default,True,3.0769,0.6073667711598746,0.4763911028256997,0.2696543422504913,,,,675.6756756756756
AWT,plant,awt33,pa_holdout,0,global_conditional_density,18,102,onehot_l2,0.0,1e-06,9,"G=6,K=3",random_50k,50000,full_background_50k,maxnet,maxnet_default,,maxnet_classes_lq,True,1.3054,0.5833333333333333,0.2848713743292243,0.2254330941241087,,,10000.0,
AWT,plant,awt33,pa_holdout,0,global_conditional_density,18,102,onehot_l2,0.0,1e-06,9,"G=6,K=3",random_50k,50000,full_background_50k,additive_kan_ipp,ipp,0.01,frozen_default,True,2.9631,0.7029914529914529,0.4017466901862406,0.447357435071289,,,,
AWT,plant,awt33,pa_holdout,0,global_conditional_density,18,102,onehot_l2,0.0,1e-06,9,"G=6,K=3",random_50k,50000,full_background_50k,gam_ipp,ipp,0.01,frozen_default,True,4.8703,0.7029914529914529,0.4017466901862406,0.447357435071289,,,,
AWT,plant,awt33,pa_holdout,0,global_conditional_density,18,102,onehot_l2,0.0,1e-06,9,"G=6,K=3",random_50k,50000,full_background_50k,additive_kan_bce,bce_pos_weight,0.01,frozen_default,True,3.0535,0.6757478632478633,0.4073359322275543,0.4234462149888742,,,,2777.777777777778
AWT,plant,awt34,pa_holdout,0,global_conditional_density,28,102,onehot_l2,0.0,1e-06,9,"G=6,K=3",random_50k,50000,full_background_50k,maxnet,maxnet_default,,maxnet_classes_lq,True,1.516,0.8390804597701149,0.4216830732503642,0.6453073394214893,,,10000.0,
AWT,plant,awt34,pa_holdout,0,global_conditional_density,28,102,onehot_l2,0.0,1e-06,9,"G=6,K=3",random_50k,50000,full_background_50k,additive_kan_ipp,ipp,0.01,frozen_default,True,2.9262,0.8973180076628353,0.5413200094144252,0.764413208230093,,,,
AWT,plant,awt34,pa_holdout,0,global_conditional_density,28,102,onehot_l2,0.0,1e-06,9,"G=6,K=3",random_50k,50000,full_background_50k,gam_ipp,ipp,0.01,frozen_default,True,3.0771,0.8973180076628353,0.5413200094144252,0.764413208230093,,,,
AWT,plant,awt34,pa_holdout,0,global_conditional_density,28,102,onehot_l2,0.0,1e-06,9,"G=6,K=3",random_50k,50000,full_background_50k,additive_kan_bce,bce_pos_weight,0.01,frozen_default,True,3.0691,0.8904214559386974,0.5264942137247037,0.7476947305128042,,,,1785.7142857142858
AWT,plant,awt35,pa_holdout,0,global_conditional_density,44,102,onehot_l2,0.0,1e-06,9,"G=6,K=3",random_50k,50000,full_background_50k,maxnet,maxnet_default,,maxnet_classes_lq,True,1.7962,0.6896153846153845,0.6503721379859367,0.3853225314769912,,,10000.0,
AWT,plant,awt35,pa_holdout,0,global_conditional_density,44,102,onehot_l2,0.0,1e-06,9,"G=6,K=3",random_50k,50000,full_background_50k,additive_kan_ipp,ipp,0.01,frozen_default,True,2.9298,0.6611538461538462,0.5977483274747951,0.38294357763340614,,,,
AWT,plant,awt35,pa_holdout,0,global_conditional_density,44,102,onehot_l2,0.0,1e-06,9,"G=6,K=3",random_50k,50000,full_background_50k,gam_ipp,ipp,0.01,frozen_default,True,2.7659,0.6615384615384616,0.597991655575266,0.3842597066656642,,,,
AWT,plant,awt35,pa_holdout,0,global_conditional_density,44,102,onehot_l2,0.0,1e-06,9,"G=6,K=3",random_50k,50000,full_background_50k,additive_kan_bce,bce_pos_weight,0.01,frozen_default,True,3.0967,0.6492307692307693,0.5962606258195391,0.37708977580868297,,,,1136.3636363636363
AWT,plant,awt36,pa_holdout,0,global_conditional_density,56,102,onehot_l2,0.0,1e-06,9,"G=6,K=3",random_50k,50000,full_background_50k,maxnet,maxnet_default,,maxnet_classes_lq,True,2.0909,0.37600922722029984,0.45888789170644145,-0.11636935022667083,,,10000.0,
AWT,plant,awt36,pa_holdout,0,global_conditional_density,56,102,onehot_l2,0.0,1e-06,9,"G=6,K=3",random_50k,50000,full_background_50k,additive_kan_ipp,ipp,0.01,frozen_default,True,3.0373,0.40407535563244906,0.4383137089202421,-0.05358924444652538,,,,
AWT,plant,awt36,pa_holdout,0,global_conditional_density,56,102,onehot_l2,0.0,1e-06,9,"G=6,K=3",random_50k,50000,full_background_50k,gam_ipp,ipp,0.01,frozen_default,True,3.2589,0.40369088811995385,0.43817230620531,-0.054896433989009036,,,,
AWT,plant,awt36,pa_holdout,0,global_conditional_density,56,102,onehot_l2,0.0,1e-06,9,"G=6,K=3",random_50k,50000,full_background_50k,additive_kan_bce,bce_pos_weight,0.01,frozen_default,True,3.0215,0.4248366013071896,0.43970019174088126,-0.045887298865270806,,,,892.8571428571429
AWT,plant,awt37,pa_holdout,0,global_conditional_density,28,102,onehot_l2,0.0,1e-06,9,"G=6,K=3",random_50k,50000,full_background_50k,maxnet,maxnet_default,,maxnet_classes_lq,True,1.4927,0.829512051734274,0.6491465492108952,0.6975100101047687,,,10000.0,
AWT,plant,awt37,pa_holdout,0,global_conditional_density,28,102,onehot_l2,0.0,1e-06,9,"G=6,K=3",random_50k,50000,full_background_50k,additive_kan_ipp,ipp,0.01,frozen_default,True,2.9737,0.8336272780717225,0.599571217371788,0.6942304645701511,,,,
AWT,plant,awt37,pa_holdout,0,global_conditional_density,28,102,onehot_l2,0.0,1e-06,9,"G=6,K=3",random_50k,50000,full_background_50k,gam_ipp,ipp,0.01,frozen_default,True,3.1053,0.8348030570252792,0.6083624261629967,0.6961737658961686,,,,
AWT,plant,awt37,pa_holdout,0,global_conditional_density,28,102,onehot_l2,0.0,1e-06,9,"G=6,K=3",random_50k,50000,full_background_50k,additive_kan_bce,bce_pos_weight,0.01,frozen_default,True,3.1077,0.8124632569077014,0.620127013279258,0.676411229454331,,,,1785.7142857142858
AWT,plant,awt38,pa_holdout,0,global_conditional_density,42,102,onehot_l2,0.0,1e-06,9,"G=6,K=3",random_50k,50000,full_background_50k,maxnet,maxnet_default,,maxnet_classes_lq,True,1.7631,0.8263081395348837,0.5079857592960508,0.7132123915385138,,,10000.0,
AWT,plant,awt38,pa_holdout,0,global_conditional_density,42,102,onehot_l2,0.0,1e-06,9,"G=6,K=3",random_50k,50000,full_background_50k,additive_kan_ipp,ipp,0.01,frozen_default,True,2.9751,0.7572674418604651,0.45241037501754494,0.579685362748843,,,,
AWT,plant,awt38,pa_holdout,0,global_conditional_density,42,102,onehot_l2,0.0,1e-06,9,"G=6,K=3",random_50k,50000,full_background_50k,gam_ipp,ipp,0.01,frozen_default,True,2.63,0.7572674418604651,0.45241037501754494,0.579685362748843,,,,
AWT,plant,awt38,pa_holdout,0,global_conditional_density,42,102,onehot_l2,0.0,1e-06,9,"G=6,K=3",random_50k,50000,full_background_50k,additive_kan_bce,bce_pos_weight,0.01,frozen_default,True,3.1899,0.7405523255813953,0.4859801180260036,0.5673141212267091,,,,1190.4761904761904
AWT,plant,awt39,pa_holdout,0,global_conditional_density,20,102,onehot_l2,0.0,1e-06,9,"G=6,K=3",random_50k,50000,full_background_50k,maxnet,maxnet_default,,maxnet_classes_lq,True,1.3965,0.8053571428571428,0.5937525257464553,0.6171427723089813,,,10000.0,
AWT,plant,awt39,pa_holdout,0,global_conditional_density,20,102,onehot_l2,0.0,1e-06,9,"G=6,K=3",random_50k,50000,full_background_50k,additive_kan_ipp,ipp,0.01,frozen_default,True,2.9827,0.7575892857142856,0.6000141779268697,0.5362251500762212,,,,
AWT,plant,awt39,pa_holdout,0,global_conditional_density,20,102,onehot_l2,0.0,1e-06,9,"G=6,K=3",random_50k,50000,full_background_50k,gam_ipp,ipp,0.01,frozen_default,True,2.6778,0.7575892857142856,0.6000141779268697,0.5362251500762212,,,,
AWT,plant,awt39,pa_holdout,0,global_conditional_density,20,102,onehot_l2,0.0,1e-06,9,"G=6,K=3",random_50k,50000,full_background_50k,additive_kan_bce,bce_pos_weight,0.01,frozen_default,True,3.0187,0.7607142857142858,0.6782719452337556,0.539074532707052,,,,2500.0
AWT,plant,awt40,pa_holdout,0,global_conditional_density,57,102,onehot_l2,0.0,1e-06,9,"G=6,K=3",random_50k,50000,full_background_50k,maxnet,maxnet_default,,maxnet_classes_lq,True,2.0289,0.7659200702678963,0.5612977737554454,0.5511700506036055,,,10000.0,
AWT,plant,awt40,pa_holdout,0,global_conditional_density,57,102,onehot_l2,0.0,1e-06,9,"G=6,K=3",random_50k,50000,full_background_50k,additive_kan_ipp,ipp,0.01,frozen_default,True,2.9819,0.7523056653491437,0.4992916025024623,0.5382683433089589,,,,
AWT,plant,awt40,pa_holdout,0,global_conditional_density,57,102,onehot_l2,0.0,1e-06,9,"G=6,K=3",random_50k,50000,full_background_50k,gam_ipp,ipp,0.01,frozen_default,True,2.9859,0.7518664909969258,0.49899451397007966,0.537444340594597,,,,
AWT,plant,awt40,pa_holdout,0,global_conditional_density,57,102,onehot_l2,0.0,1e-06,9,"G=6,K=3",random_50k,50000,full_background_50k,additive_kan_bce,bce_pos_weight,0.01,frozen_default,True,3.0631,0.7426438296003514,0.5087012744786079,0.5202388052253474,,,,877.1929824561404
CAN,bird,can01,pa_holdout,0,global_conditional_density,16,14571,onehot_l2,0.0,1e-06,9,"G=6,K=3",random_50k,50000,full_background_50k,maxnet,maxnet_default,,maxnet_classes_lq,True,1.6845,0.6695720388184682,0.022123041165841142,0.2513078228350945,,,10000.0,
CAN,bird,can01,pa_holdout,0,global_conditional_density,16,14571,onehot_l2,0.0,1e-06,9,"G=6,K=3",random_50k,50000,full_background_50k,additive_kan_ipp,ipp,0.01,frozen_default,True,2.4412,0.734843698365586,0.02839225511098724,0.4403730557714057,,,,
CAN,bird,can01,pa_holdout,0,global_conditional_density,16,14571,onehot_l2,0.0,1e-06,9,"G=6,K=3",random_50k,50000,full_background_50k,gam_ipp,ipp,0.01,frozen_default,True,1.9547,0.7348408182074502,0.028392108527173703,0.4404545738455664,,,,
CAN,bird,can01,pa_holdout,0,global_conditional_density,16,14571,onehot_l2,0.0,1e-06,9,"G=6,K=3",random_50k,50000,full_background_50k,additive_kan_bce,bce_pos_weight,0.01,frozen_default,True,2.7585,0.7867377813080769,0.040550301445399305,0.6034417343472653,,,,3125.0
CAN,bird,can02,pa_holdout,0,global_conditional_density,740,14571,onehot_l2,0.0,1e-06,9,"G=6,K=3",random_50k,50000,full_background_50k,maxnet,maxnet_default,,maxnet_classes_lq,True,28.6738,0.707400322859681,0.2915692556769684,0.4391780287700572,,,10000.0,
CAN,bird,can02,pa_holdout,0,global_conditional_density,740,14571,onehot_l2,0.0,1e-06,9,"G=6,K=3",random_50k,50000,full_background_50k,additive_kan_ipp,ipp,0.01,frozen_default,True,2.6327,0.703182116029901,0.28525996861790437,0.42801849042687323,,,,
CAN,bird,can02,pa_holdout,0,global_conditional_density,740,14571,onehot_l2,0.0,1e-06,9,"G=6,K=3",random_50k,50000,full_background_50k,gam_ipp,ipp,0.01,frozen_default,True,1.8418,0.7028859856983083,0.28492019473786956,0.4274871537233698,,,,
CAN,bird,can02,pa_holdout,0,global_conditional_density,740,14571,onehot_l2,0.0,1e-06,9,"G=6,K=3",random_50k,50000,full_background_50k,additive_kan_bce,bce_pos_weight,0.01,frozen_default,True,2.5459,0.70575080556545,0.2857284587113218,0.4356337651188287,,,,67.56756756756756
CAN,bird,can03,pa_holdout,0,global_conditional_density,165,14571,onehot_l2,0.0,1e-06,9,"G=6,K=3",random_50k,50000,full_background_50k,maxnet,maxnet_default,,maxnet_classes_lq,True,7.1782,0.46026778186198586,0.04516009411135895,-0.06704473646596171,,,10000.0,
CAN,bird,can03,pa_holdout,0,global_conditional_density,165,14571,onehot_l2,0.0,1e-06,9,"G=6,K=3",random_50k,50000,full_background_50k,additive_kan_ipp,ipp,0.01,frozen_default,True,2.4335,0.4815333128735433,0.04859675849210727,-0.011157864188791201,,,,
CAN,bird,can03,pa_holdout,0,global_conditional_density,165,14571,onehot_l2,0.0,1e-06,9,"G=6,K=3",random_50k,50000,full_background_50k,gam_ipp,ipp,0.01,frozen_default,True,1.6955,0.48156808494313996,0.04860612410339751,-0.011202241783842222,,,,
CAN,bird,can03,pa_holdout,0,global_conditional_density,165,14571,onehot_l2,0.0,1e-06,9,"G=6,K=3",random_50k,50000,full_background_50k,additive_kan_bce,bce_pos_weight,0.01,frozen_default,True,2.5171,0.4932161128231597,0.04865561411684831,-0.00911669590258959,,,,303.030303030303
CAN,bird,can04,pa_holdout,0,global_conditional_density,42,14571,onehot_l2,0.0,1e-06,9,"G=6,K=3",random_50k,50000,full_background_50k,maxnet,maxnet_default,,maxnet_classes_lq,True,2.8889,0.44277581072143113,0.06679311331715462,-0.07290266212117469,,,10000.0,
CAN,bird,can04,pa_holdout,0,global_conditional_density,42,14571,onehot_l2,0.0,1e-06,9,"G=6,K=3",random_50k,50000,full_background_50k,additive_kan_ipp,ipp,0.01,frozen_default,True,2.4555,0.5666353565269489,0.08870403931243176,0.22610977939905433,,,,
CAN,bird,can04,pa_holdout,0,global_conditional_density,42,14571,onehot_l2,0.0,1e-06,9,"G=6,K=3",random_50k,50000,full_background_50k,gam_ipp,ipp,0.01,frozen_default,True,2.1392,0.5666427302419863,0.088728472097001,0.226104790042859,,,,
CAN,bird,can04,pa_holdout,0,global_conditional_density,42,14571,onehot_l2,0.0,1e-06,9,"G=6,K=3",random_50k,50000,full_background_50k,additive_kan_bce,bce_pos_weight,0.01,frozen_default,True,2.6727,0.5666426890480476,0.08175340986879949,0.21418406339170892,,,,1190.4761904761904
CAN,bird,can05,pa_holdout,0,global_conditional_density,138,14571,onehot_l2,0.0,1e-06,9,"G=6,K=3",random_50k,50000,full_background_50k,maxnet,maxnet_default,,maxnet_classes_lq,True,6.3863,0.6301468390841719,0.07684799627705612,0.2723916980617983,,,10000.0,
CAN,bird,can05,pa_holdout,0,global_conditional_density,138,14571,onehot_l2,0.0,1e-06,9,"G=6,K=3",random_50k,50000,full_background_50k,additive_kan_ipp,ipp,0.01,frozen_default,True,2.4879,0.63140474621814,0.07953221505551478,0.2938636881948607,,,,
CAN,bird,can05,pa_holdout,0,global_conditional_density,138,14571,onehot_l2,0.0,1e-06,9,"G=6,K=3",random_50k,50000,full_background_50k,gam_ipp,ipp,0.01,frozen_default,True,1.703,0.6313131978624363,0.07952502852482035,0.2936712530370431,,,,
CAN,bird,can05,pa_holdout,0,global_conditional_density,138,14571,onehot_l2,0.0,1e-06,9,"G=6,K=3",random_50k,50000,full_background_50k,additive_kan_bce,bce_pos_weight,0.01,frozen_default,True,2.5353,0.6106570295443683,0.07454437835413084,0.24611543100492114,,,,362.3188405797101
CAN,bird,can06,pa_holdout,0,global_conditional_density,27,14571,onehot_l2,0.0,1e-06,9,"G=6,K=3",random_50k,50000,full_background_50k,maxnet,maxnet_default,,maxnet_classes_lq,True,2.3349,0.8883708447808446,0.024436731493906565,0.795351978145046,,,10000.0,
CAN,bird,can06,pa_holdout,0,global_conditional_density,27,14571,onehot_l2,0.0,1e-06,9,"G=6,K=3",random_50k,50000,full_background_50k,additive_kan_ipp,ipp,0.01,frozen_default,True,2.5639,0.8841522690115329,0.02065308267122471,0.7815556174593117,,,,
CAN,bird,can06,pa_holdout,0,global_conditional_density,27,14571,onehot_l2,0.0,1e-06,9,"G=6,K=3",random_50k,50000,full_background_50k,gam_ipp,ipp,0.01,frozen_default,True,1.7378,0.8841561678800811,0.020654030608745325,0.7814865997787096,,,,
CAN,bird,can06,pa_holdout,0,global_conditional_density,27,14571,onehot_l2,0.0,1e-06,9,"G=6,K=3",random_50k,50000,full_background_50k,additive_kan_bce,bce_pos_weight,0.01,frozen_default,True,2.5302,0.8773513426403658,0.020778956013683424,0.7473232814142523,,,,1851.851851851852
CAN,bird,can07,pa_holdout,0,global_conditional_density,221,14571,onehot_l2,0.0,1e-06,9,"G=6,K=3",random_50k,50000,full_background_50k,maxnet,maxnet_default,,maxnet_classes_lq,True,10.1821,0.6587635887045915,0.03303998307604954,0.31577593278181454,,,10000.0,
CAN,bird,can07,pa_holdout,0,global_conditional_density,221,14571,onehot_l2,0.0,1e-06,9,"G=6,K=3",random_50k,50000,full_background_50k,additive_kan_ipp,ipp,0.01,frozen_default,True,2.437,0.6681379019137131,0.03446581730267686,0.3436711930355615,,,,
CAN,bird,can07,pa_holdout,0,global_conditional_density,221,14571,onehot_l2,0.0,1e-06,9,"G=6,K=3",random_50k,50000,full_background_50k,gam_ipp,ipp,0.01,frozen_default,True,1.909,0.6680995154446482,0.03446022173457336,0.34335797659271106,,,,
CAN,bird,can07,pa_holdout,0,global_conditional_density,221,14571,onehot_l2,0.0,1e-06,9,"G=6,K=3",random_50k,50000,full_background_50k,additive_kan_bce,bce_pos_weight,0.01,frozen_default,True,2.5513,0.6561571052721495,0.03239151857063628,0.3023222520321537,,,,226.2443438914027
CAN,bird,can08,pa_holdout,0,global_conditional_density,322,14571,onehot_l2,0.0,1e-06,9,"G=6,K=3",random_50k,50000,full_background_50k,maxnet,maxnet_default,,maxnet_classes_lq,True,13.2487,0.5380771319149483,0.19187680400736168,0.06966239500631412,,,10000.0,
CAN,bird,can08,pa_holdout,0,global_conditional_density,322,14571,onehot_l2,0.0,1e-06,9,"G=6,K=3",random_50k,50000,full_background_50k,additive_kan_ipp,ipp,0.01,frozen_default,True,2.4775,0.5416815155857425,0.19420661816867738,0.08023090206128153,,,,
CAN,bird,can08,pa_holdout,0,global_conditional_density,322,14571,onehot_l2,0.0,1e-06,9,"G=6,K=3",random_50k,50000,full_background_50k,gam_ipp,ipp,0.01,frozen_default,True,1.9898,0.5417328897399485,0.19424889293369654,0.08037950642798894,,,,
CAN,bird,can08,pa_holdout,0,global_conditional_density,322,14571,onehot_l2,0.0,1e-06,9,"G=6,K=3",random_50k,50000,full_background_50k,additive_kan_bce,bce_pos_weight,0.01,frozen_default,True,2.7312,0.5325301690624137,0.18796533686570416,0.06171037814018468,,,,155.27950310559007
CAN,bird,can09,pa_holdout,0,global_conditional_density,119,14571,onehot_l2,0.0,1e-06,9,"G=6,K=3",random_50k,50000,full_background_50k,maxnet,maxnet_default,,maxnet_classes_lq,True,6.4203,0.6999085375200553,0.021496653870504194,0.45263867207228525,,,10000.0,
CAN,bird,can09,pa_holdout,0,global_conditional_density,119,14571,onehot_l2,0.0,1e-06,9,"G=6,K=3",random_50k,50000,full_background_50k,additive_kan_ipp,ipp,0.01,frozen_default,True,2.4072,0.7127443683297963,0.021863642509347976,0.4703387302852827,,,,
CAN,bird,can09,pa_holdout,0,global_conditional_density,119,14571,onehot_l2,0.0,1e-06,9,"G=6,K=3",random_50k,50000,full_background_50k,gam_ipp,ipp,0.01,frozen_default,True,1.7038,0.7122964235956166,0.021783070611884753,0.4680460861344883,,,,
CAN,bird,can09,pa_holdout,0,global_conditional_density,119,14571,onehot_l2,0.0,1e-06,9,"G=6,K=3",random_50k,50000,full_background_50k,additive_kan_bce,bce_pos_weight,0.01,frozen_default,True,2.4632,0.7357023875624653,0.0236966656807653,0.5115102913500695,,,,420.16806722689074
CAN,bird,can10,pa_holdout,0,global_conditional_density,234,14571,onehot_l2,0.0,1e-06,9,"G=6,K=3",random_50k,50000,full_background_50k,maxnet,maxnet_default,,maxnet_classes_lq,True,10.2889,0.6772134244556307,0.12124010943310298,0.34098587068229885,,,10000.0,
CAN,bird,can10,pa_holdout,0,global_conditional_density,234,14571,onehot_l2,0.0,1e-06,9,"G=6,K=3",random_50k,50000,full_background_50k,additive_kan_ipp,ipp,0.01,frozen_default,True,2.4636,0.6697295616959885,0.11959053999995653,0.33183997209060345,,,,
CAN,bird,can10,pa_holdout,0,global_conditional_density,234,14571,onehot_l2,0.0,1e-06,9,"G=6,K=3",random_50k,50000,full_background_50k,gam_ipp,ipp,0.01,frozen_default,True,1.8009,0.6697095176711483,0.11958640343078653,0.3318055127885651,,,,
CAN,bird,can10,pa_holdout,0,global_conditional_density,234,14571,onehot_l2,0.0,1e-06,9,"G=6,K=3",random_50k,50000,full_background_50k,additive_kan_bce,bce_pos_weight,0.01,frozen_default,True,2.7603,0.6747908580042873,0.12136631609037225,0.3419452315463958,,,,213.67521367521368
CAN,bird,can11,pa_holdout,0,global_conditional_density,478,14571,onehot_l2,0.0,1e-06,9,"G=6,K=3",random_50k,50000,full_background_50k,maxnet,maxnet_default,,maxnet_classes_lq,True,18.6383,0.6012407888317085,0.3526428738750312,0.21738261627647834,,,10000.0,
CAN,bird,can11,pa_holdout,0,global_conditional_density,478,14571,onehot_l2,0.0,1e-06,9,"G=6,K=3",random_50k,50000,full_background_50k,additive_kan_ipp,ipp,0.01,frozen_default,True,2.447,0.5954974802036778,0.3505278813125753,0.2051452583111324,,,,
CAN,bird,can11,pa_holdout,0,global_conditional_density,478,14571,onehot_l2,0.0,1e-06,9,"G=6,K=3",random_50k,50000,full_background_50k,gam_ipp,ipp,0.01,frozen_default,True,1.8307,0.5955123415465773,0.35052559593852384,0.20516929497918546,,,,
CAN,bird,can11,pa_holdout,0,global_conditional_density,478,14571,onehot_l2,0.0,1e-06,9,"G=6,K=3",random_50k,50000,full_background_50k,additive_kan_bce,bce_pos_weight,0.01,frozen_default,True,2.5422,0.5896715032901625,0.3491888340893738,0.1929429597326909,,,,104.60251046025104
CAN,bird,can12,pa_holdout,0,global_conditional_density,312,14571,onehot_l2,0.0,1e-06,9,"G=6,K=3",random_50k,50000,full_background_50k,maxnet,maxnet_default,,maxnet_classes_lq,True,12.8032,0.511525718437191,0.14734118171598837,0.06502672998022631,,,10000.0,
CAN,bird,can12,pa_holdout,0,global_conditional_density,312,14571,onehot_l2,0.0,1e-06,9,"G=6,K=3",random_50k,50000,full_background_50k,additive_kan_ipp,ipp,0.01,frozen_default,True,2.4062,0.5300755748336858,0.14851669867679376,0.062325976346049305,,,,
CAN,bird,can12,pa_holdout,0,global_conditional_density,312,14571,onehot_l2,0.0,1e-06,9,"G=6,K=3",random_50k,50000,full_background_50k,gam_ipp,ipp,0.01,frozen_default,True,1.3842,0.5300762970478617,0.14851497152631735,0.06234689681950393,,,,
CAN,bird,can12,pa_holdout,0,global_conditional_density,312,14571,onehot_l2,0.0,1e-06,9,"G=6,K=3",random_50k,50000,full_background_50k,additive_kan_bce,bce_pos_weight,0.01,frozen_default,True,2.5245,0.5437955360917751,0.14982465312410867,0.09544629760653787,,,,160.25641025641025
CAN,bird,can13,pa_holdout,0,global_conditional_density,39,14571,onehot_l2,0.0,1e-06,9,"G=6,K=3",random_50k,50000,full_background_50k,maxnet,maxnet_default,,maxnet_classes_lq,True,2.6403,0.3582614514438328,0.03596174753726602,-0.4334001223031789,,,10000.0,
CAN,bird,can13,pa_holdout,0,global_conditional_density,39,14571,onehot_l2,0.0,1e-06,9,"G=6,K=3",random_50k,50000,full_background_50k,additive_kan_ipp,ipp,0.01,frozen_default,True,2.3417,0.3832934590430563,0.03767650066556744,-0.35490174304553,,,,
CAN,bird,can13,pa_holdout,0,global_conditional_density,39,14571,onehot_l2,0.0,1e-06,9,"G=6,K=3",random_50k,50000,full_background_50k,gam_ipp,ipp,0.01,frozen_default,True,1.6777,0.3832924757066747,0.03767639264509063,-0.35492424776230475,,,,
CAN,bird,can13,pa_holdout,0,global_conditional_density,39,14571,onehot_l2,0.0,1e-06,9,"G=6,K=3",random_50k,50000,full_background_50k,additive_kan_bce,bce_pos_weight,0.01,frozen_default,True,2.4323,0.3806541841946377,0.03709145328961064,-0.3640637407598347,,,,1282.051282051282
CAN,bird,can14,pa_holdout,0,global_conditional_density,18,14571,onehot_l2,0.0,1e-06,9,"G=6,K=3",random_50k,50000,full_background_50k,maxnet,maxnet_default,,maxnet_classes_lq,True,1.7608,0.30173249947075015,0.01812414947971669,-0.5702061637919044,,,10000.0,
CAN,bird,can14,pa_holdout,0,global_conditional_density,18,14571,onehot_l2,0.0,1e-06,9,"G=6,K=3",random_50k,50000,full_background_50k,additive_kan_ipp,ipp,0.01,frozen_default,True,2.4289,0.3891702244019476,0.023978685257832016,-0.2168903036432844,,,,
CAN,bird,can14,pa_holdout,0,global_conditional_density,18,14571,onehot_l2,0.0,1e-06,9,"G=6,K=3",random_50k,50000,full_background_50k,gam_ipp,ipp,0.01,frozen_default,True,3.174,0.3893258238656411,0.0239835587194613,-0.21659646457604587,,,,
CAN,bird,can14,pa_holdout,0,global_conditional_density,18,14571,onehot_l2,0.0,1e-06,9,"G=6,K=3",random_50k,50000,full_background_50k,additive_kan_bce,bce_pos_weight,0.01,frozen_default,True,2.5188,0.4435386528826477,0.025248259763228857,-0.09414604306842442,,,,2777.777777777778
CAN,bird,can15,pa_holdout,0,global_conditional_density,721,14571,onehot_l2,0.0,1e-06,9,"G=6,K=3",random_50k,50000,full_background_50k,maxnet,maxnet_default,,maxnet_classes_lq,True,27.6664,0.6958828287282062,0.317839566056139,0.41381533839061496,,,10000.0,
CAN,bird,can15,pa_holdout,0,global_conditional_density,721,14571,onehot_l2,0.0,1e-06,9,"G=6,K=3",random_50k,50000,full_background_50k,additive_kan_ipp,ipp,0.01,frozen_default,True,2.5851,0.6810381757196868,0.30453261922024527,0.38401602104551114,,,,
CAN,bird,can15,pa_holdout,0,global_conditional_density,721,14571,onehot_l2,0.0,1e-06,9,"G=6,K=3",random_50k,50000,full_background_50k,gam_ipp,ipp,0.01,frozen_default,True,1.9957,0.6811803021475007,0.3045780001469158,0.38420092258883093,,,,
CAN,bird,can15,pa_holdout,0,global_conditional_density,721,14571,onehot_l2,0.0,1e-06,9,"G=6,K=3",random_50k,50000,full_background_50k,additive_kan_bce,bce_pos_weight,0.01,frozen_default,True,2.578,0.6764287728711457,0.3052981654869648,0.3793830160874081,,,,69.34812760055479
CAN,bird,can16,pa_holdout,0,global_conditional_density,57,14571,onehot_l2,0.0,1e-06,9,"G=6,K=3",random_50k,50000,full_background_50k,maxnet,maxnet_default,,maxnet_classes_lq,True,3.255,0.5023306279386758,0.021398572974684813,-0.04147481441479328,,,10000.0,
CAN,bird,can16,pa_holdout,0,global_conditional_density,57,14571,onehot_l2,0.0,1e-06,9,"G=6,K=3",random_50k,50000,full_background_50k,additive_kan_ipp,ipp,0.01,frozen_default,True,2.474,0.4970588822931328,0.023194543521456355,0.045365056590827596,,,,
CAN,bird,can16,pa_holdout,0,global_conditional_density,57,14571,onehot_l2,0.0,1e-06,9,"G=6,K=3",random_50k,50000,full_background_50k,gam_ipp,ipp,0.01,frozen_default,True,2.7848,0.49718875011654806,0.023204933973972514,0.045733156725135005,,,,
CAN,bird,can16,pa_holdout,0,global_conditional_density,57,14571,onehot_l2,0.0,1e-06,9,"G=6,K=3",random_50k,50000,full_background_50k,additive_kan_bce,bce_pos_weight,0.01,frozen_default,True,2.5527,0.5409775162168282,0.026089747848605967,0.14882890998320658,,,,877.1929824561404
CAN,bird,can17,pa_holdout,0,global_conditional_density,313,14571,onehot_l2,0.0,1e-06,9,"G=6,K=3",random_50k,50000,full_background_50k,maxnet,maxnet_default,,maxnet_classes_lq,True,12.8012,0.3872319258161708,0.14916940252452046,-0.2684732188285343,,,10000.0,
CAN,bird,can17,pa_holdout,0,global_conditional_density,313,14571,onehot_l2,0.0,1e-06,9,"G=6,K=3",random_50k,50000,full_background_50k,additive_kan_ipp,ipp,0.01,frozen_default,True,2.4362,0.47040236395947066,0.17681244351649844,-0.04538798788212338,,,,
CAN,bird,can17,pa_holdout,0,global_conditional_density,313,14571,onehot_l2,0.0,1e-06,9,"G=6,K=3",random_50k,50000,full_background_50k,gam_ipp,ipp,0.01,frozen_default,True,1.9428,0.47050176465782,0.17683825870921346,-0.04519755260652627,,,,
CAN,bird,can17,pa_holdout,0,global_conditional_density,313,14571,onehot_l2,0.0,1e-06,9,"G=6,K=3",random_50k,50000,full_background_50k,additive_kan_bce,bce_pos_weight,0.01,frozen_default,True,2.5542,0.4713720617402185,0.1753833404458844,-0.05136598988414989,,,,159.7444089456869
CAN,bird,can18,pa_holdout,0,global_conditional_density,612,14571,onehot_l2,0.0,1e-06,9,"G=6,K=3",random_50k,50000,full_background_50k,maxnet,maxnet_default,,maxnet_classes_lq,True,23.5359,0.7924747422872936,0.2405183918786357,0.637498383071196,,,10000.0,
CAN,bird,can18,pa_holdout,0,global_conditional_density,612,14571,onehot_l2,0.0,1e-06,9,"G=6,K=3",random_50k,50000,full_background_50k,additive_kan_ipp,ipp,0.01,frozen_default,True,2.4521,0.7808776705012326,0.21529403152431342,0.6032412073483837,,,,
CAN,bird,can18,pa_holdout,0,global_conditional_density,612,14571,onehot_l2,0.0,1e-06,9,"G=6,K=3",random_50k,50000,full_background_50k,gam_ipp,ipp,0.01,frozen_default,True,2.0566,0.7810159967616829,0.21545388047467842,0.6035559743938557,,,,
CAN,bird,can18,pa_holdout,0,global_conditional_density,612,14571,onehot_l2,0.0,1e-06,9,"G=6,K=3",random_50k,50000,full_background_50k,additive_kan_bce,bce_pos_weight,0.01,frozen_default,True,2.5588,0.7765846669015322,0.2152370237740024,0.5983125924258703,,,,81.69934640522875
CAN,bird,can19,pa_holdout,0,global_conditional_density,109,14571,onehot_l2,0.0,1e-06,9,"G=6,K=3",random_50k,50000,full_background_50k,maxnet,maxnet_default,,maxnet_classes_lq,True,5.5099,0.5015080428954424,0.0016951840604526962,-0.09988789566737656,,,10000.0,
CAN,bird,can19,pa_holdout,0,global_conditional_density,109,14571,onehot_l2,0.0,1e-06,9,"G=6,K=3",random_50k,50000,full_background_50k,additive_kan_ipp,ipp,0.01,frozen_default,True,2.4706,0.46410342338626515,0.001455309539843703,-0.25848591998270387,,,,
CAN,bird,can19,pa_holdout,0,global_conditional_density,109,14571,onehot_l2,0.0,1e-06,9,"G=6,K=3",random_50k,50000,full_background_50k,gam_ipp,ipp,0.01,frozen_default,True,1.808,0.4640891019912468,0.0014552355623388864,-0.2590059266689637,,,,
CAN,bird,can19,pa_holdout,0,global_conditional_density,109,14571,onehot_l2,0.0,1e-06,9,"G=6,K=3",random_50k,50000,full_background_50k,additive_kan_bce,bce_pos_weight,0.01,frozen_default,True,2.4994,0.5203005774386472,0.001642414528992212,-0.08799434569794207,,,,458.7155963302752
CAN,bird,can20,pa_holdout,0,global_conditional_density,380,14571,onehot_l2,0.0,1e-06,9,"G=6,K=3",random_50k,50000,full_background_50k,maxnet,maxnet_default,,maxnet_classes_lq,True,15.1806,0.6007668865100315,0.0813705981456199,0.24357110467890425,,,10000.0,
CAN,bird,can20,pa_holdout,0,global_conditional_density,380,14571,onehot_l2,0.0,1e-06,9,"G=6,K=3",random_50k,50000,full_background_50k,additive_kan_ipp,ipp,0.01,frozen_default,True,2.4929,0.6239511401819516,0.08789875917732956,0.29510001920004103,,,,
CAN,bird,can20,pa_holdout,0,global_conditional_density,380,14571,onehot_l2,0.0,1e-06,9,"G=6,K=3",random_50k,50000,full_background_50k,gam_ipp,ipp,0.01,frozen_default,True,1.7484,0.6239625201421202,0.08789530009886859,0.2950415600438683,,,,
CAN,bird,can20,pa_holdout,0,global_conditional_density,380,14571,onehot_l2,0.0,1e-06,9,"G=6,K=3",random_50k,50000,full_background_50k,additive_kan_bce,bce_pos_weight,0.01,frozen_default,True,2.6396,0.5880038927650798,0.07518492313635941,0.1894191357137447,,,,131.57894736842104
NSW,ba,nsw01,pa_holdout,0,global_conditional_density,26,570,onehot_l2,0.0,1e-06,9,"G=6,K=3",random_50k,50000,full_background_50k,maxnet,maxnet_default,,maxnet_classes_lq,True,1.9448,0.699462962962963,0.33173131300295133,0.43110117732325015,,,10000.0,
NSW,ba,nsw01,pa_holdout,0,global_conditional_density,26,570,onehot_l2,0.0,1e-06,9,"G=6,K=3",random_50k,50000,full_background_50k,additive_kan_ipp,ipp,0.01,frozen_default,True,4.8003,0.7015555555555555,0.316961058106408,0.4255946648019699,,,,
NSW,ba,nsw01,pa_holdout,0,global_conditional_density,26,570,onehot_l2,0.0,1e-06,9,"G=6,K=3",random_50k,50000,full_background_50k,gam_ipp,ipp,0.01,frozen_default,True,6.2193,0.701574074074074,0.31722722910468004,0.4259054734617513,,,,
NSW,ba,nsw01,pa_holdout,0,global_conditional_density,26,570,onehot_l2,0.0,1e-06,9,"G=6,K=3",random_50k,50000,full_background_50k,additive_kan_bce,bce_pos_weight,0.01,frozen_default,True,4.9741,0.6906666666666667,0.3038303767263982,0.410645951721877,,,,1923.076923076923
NSW,ba,nsw02,pa_holdout,0,global_conditional_density,6,570,onehot_l2,0.0,1e-06,9,"G=6,K=3",random_50k,50000,full_background_50k,maxnet,maxnet_default,,maxnet_classes_l,True,1.2594,0.6402174810168373,0.3533446339562481,0.3515860021850254,,,10000.0,
NSW,ba,nsw02,pa_holdout,0,global_conditional_density,6,570,onehot_l2,0.0,1e-06,9,"G=6,K=3",random_50k,50000,full_background_50k,additive_kan_ipp,ipp,0.01,frozen_default,True,4.7306,0.7253115714757344,0.3397932233783083,0.4828309225104949,,,,
NSW,ba,nsw02,pa_holdout,0,global_conditional_density,6,570,onehot_l2,0.0,1e-06,9,"G=6,K=3",random_50k,50000,full_background_50k,gam_ipp,ipp,0.01,frozen_default,True,8.9222,0.7252496698580388,0.33977713247443925,0.48296436070874055,,,,
NSW,ba,nsw02,pa_holdout,0,global_conditional_density,6,570,onehot_l2,0.0,1e-06,9,"G=6,K=3",random_50k,50000,full_background_50k,additive_kan_bce,bce_pos_weight,0.01,frozen_default,True,4.9514,0.7313985638824695,0.30851085798050115,0.46696298049133267,,,,8333.333333333334
NSW,ba,nsw03,pa_holdout,0,global_conditional_density,12,570,onehot_l2,0.0,1e-06,9,"G=6,K=3",random_50k,50000,full_background_50k,maxnet,maxnet_default,,maxnet_classes_lq,True,1.5564,0.6614623991673172,0.09221969144398907,0.45783886145493036,,,10000.0,
NSW,ba,nsw03,pa_holdout,0,global_conditional_density,12,570,onehot_l2,0.0,1e-06,9,"G=6,K=3",random_50k,50000,full_background_50k,additive_kan_ipp,ipp,0.01,frozen_default,True,4.9044,0.7259085783675948,0.09111128753297532,0.5285853901382618,,,,
NSW,ba,nsw03,pa_holdout,0,global_conditional_density,12,570,onehot_l2,0.0,1e-06,9,"G=6,K=3",random_50k,50000,full_background_50k,gam_ipp,ipp,0.01,frozen_default,True,6.3949,0.7275565964090555,0.09125315386313208,0.5296754385012953,,,,
NSW,ba,nsw03,pa_holdout,0,global_conditional_density,12,570,onehot_l2,0.0,1e-06,9,"G=6,K=3",random_50k,50000,full_background_50k,additive_kan_bce,bce_pos_weight,0.01,frozen_default,True,4.8569,0.7001474542458149,0.07335618392994393,0.4615480128038685,,,,4166.666666666667
NSW,ba,nsw04,pa_holdout,0,global_conditional_density,49,570,onehot_l2,0.0,1e-06,9,"G=6,K=3",random_50k,50000,full_background_50k,maxnet,maxnet_default,,maxnet_classes_lq,True,2.5854,0.8520011947431302,0.09259844198950311,0.6787432670916311,,,10000.0,
NSW,ba,nsw04,pa_holdout,0,global_conditional_density,49,570,onehot_l2,0.0,1e-06,9,"G=6,K=3",random_50k,50000,full_background_50k,additive_kan_ipp,ipp,0.01,frozen_default,True,5.3018,0.8493130227001193,0.08604193778343039,0.6407810868875732,,,,
NSW,ba,nsw04,pa_holdout,0,global_conditional_density,49,570,onehot_l2,0.0,1e-06,9,"G=6,K=3",random_50k,50000,full_background_50k,gam_ipp,ipp,0.01,frozen_default,True,6.4879,0.8497610513739545,0.08623437266867726,0.6408595435217009,,,,
NSW,ba,nsw04,pa_holdout,0,global_conditional_density,49,570,onehot_l2,0.0,1e-06,9,"G=6,K=3",random_50k,50000,full_background_50k,additive_kan_bce,bce_pos_weight,0.01,frozen_default,True,5.0994,0.8309438470728794,0.06478145114468702,0.5977320374071444,,,,1020.4081632653061
NSW,ba,nsw05,pa_holdout,0,global_conditional_density,22,570,onehot_l2,0.0,1e-06,9,"G=6,K=3",random_50k,50000,full_background_50k,maxnet,maxnet_default,,maxnet_classes_lq,True,1.7597,0.5593867924528302,0.08079446291995551,0.12455321823544209,,,10000.0,
NSW,ba,nsw05,pa_holdout,0,global_conditional_density,22,570,onehot_l2,0.0,1e-06,9,"G=6,K=3",random_50k,50000,full_background_50k,additive_kan_ipp,ipp,0.01,frozen_default,True,4.7927,0.553254716981132,0.08317483909493562,0.1429661236371372,,,,
NSW,ba,nsw05,pa_holdout,0,global_conditional_density,22,570,onehot_l2,0.0,1e-06,9,"G=6,K=3",random_50k,50000,full_background_50k,gam_ipp,ipp,0.01,frozen_default,True,6.1449,0.553443396226415,0.08314512351219812,0.14268980912369741,,,,
NSW,ba,nsw05,pa_holdout,0,global_conditional_density,22,570,onehot_l2,0.0,1e-06,9,"G=6,K=3",random_50k,50000,full_background_50k,additive_kan_bce,bce_pos_weight,0.01,frozen_default,True,5.0007,0.5677830188679245,0.10701963362007166,0.1754107329950935,,,,2272.7272727272725
NSW,ba,nsw06,pa_holdout,0,global_conditional_density,44,570,onehot_l2,0.0,1e-06,9,"G=6,K=3",random_50k,50000,full_background_50k,maxnet,maxnet_default,,maxnet_classes_lq,True,2.4599,0.47666263939229814,0.311859046391992,-0.028787725505102748,,,10000.0,
NSW,ba,nsw06,pa_holdout,0,global_conditional_density,44,570,onehot_l2,0.0,1e-06,9,"G=6,K=3",random_50k,50000,full_background_50k,additive_kan_ipp,ipp,0.01,frozen_default,True,4.8013,0.49381327334083236,0.3244126663094586,0.012481241208305864,,,,
NSW,ba,nsw06,pa_holdout,0,global_conditional_density,44,570,onehot_l2,0.0,1e-06,9,"G=6,K=3",random_50k,50000,full_background_50k,gam_ipp,ipp,0.01,frozen_default,True,7.6811,0.4939382577177853,0.3245365827639484,0.012198737281729578,,,,
NSW,ba,nsw06,pa_holdout,0,global_conditional_density,44,570,onehot_l2,0.0,1e-06,9,"G=6,K=3",random_50k,50000,full_background_50k,additive_kan_bce,bce_pos_weight,0.01,frozen_default,True,4.9026,0.5024788568095655,0.33921742662052157,0.014714072930442369,,,,1136.3636363636363
NSW,ba,nsw07,pa_holdout,0,global_conditional_density,28,570,onehot_l2,0.0,1e-06,9,"G=6,K=3",random_50k,50000,full_background_50k,maxnet,maxnet_default,,maxnet_classes_lq,True,2.0805,0.7640425164189423,0.21661712957162801,0.5959982185271825,,,10000.0,
NSW,ba,nsw07,pa_holdout,0,global_conditional_density,28,570,onehot_l2,0.0,1e-06,9,"G=6,K=3",random_50k,50000,full_background_50k,additive_kan_ipp,ipp,0.01,frozen_default,True,4.8055,0.7425682682336675,0.20331383083496032,0.5583755496685794,,,,
NSW,ba,nsw07,pa_holdout,0,global_conditional_density,28,570,onehot_l2,0.0,1e-06,9,"G=6,K=3",random_50k,50000,full_background_50k,gam_ipp,ipp,0.01,frozen_default,True,7.8754,0.739500518492914,0.20295518525039832,0.5547823883188466,,,,
NSW,ba,nsw07,pa_holdout,0,global_conditional_density,28,570,onehot_l2,0.0,1e-06,9,"G=6,K=3",random_50k,50000,full_background_50k,additive_kan_bce,bce_pos_weight,0.01,frozen_default,True,4.9123,0.7247234704459039,0.16307191289465237,0.5111965192974044,,,,1785.7142857142858
NSW,db,nsw08,pa_holdout,0,global_conditional_density,129,702,onehot_l2,0.0,1e-06,9,"G=6,K=3",random_50k,50000,full_background_50k,maxnet,maxnet_default,,maxnet_classes_lq,True,5.4163,0.8504398826979472,0.16730876197296393,0.7392834754239106,,,10000.0,
NSW,db,nsw08,pa_holdout,0,global_conditional_density,129,702,onehot_l2,0.0,1e-06,9,"G=6,K=3",random_50k,50000,full_background_50k,additive_kan_ipp,ipp,0.01,frozen_default,True,4.7984,0.8616568914956012,0.2155518315935552,0.7553793127205674,,,,
NSW,db,nsw08,pa_holdout,0,global_conditional_density,129,702,onehot_l2,0.0,1e-06,9,"G=6,K=3",random_50k,50000,full_background_50k,gam_ipp,ipp,0.01,frozen_default,True,5.853,0.8618768328445747,0.2149156281985305,0.7555270861576213,,,,
NSW,db,nsw08,pa_holdout,0,global_conditional_density,129,702,onehot_l2,0.0,1e-06,9,"G=6,K=3",random_50k,50000,full_background_50k,additive_kan_bce,bce_pos_weight,0.01,frozen_default,True,4.9149,0.8557184750733138,0.13370222190679532,0.7544341289854335,,,,387.5968992248062
NSW,db,nsw09,pa_holdout,0,global_conditional_density,426,702,onehot_l2,0.0,1e-06,9,"G=6,K=3",random_50k,50000,full_background_50k,maxnet,maxnet_default,,maxnet_classes_lq,True,13.8556,0.5636571428571429,0.1390226495693579,0.1567592859314707,,,10000.0,
NSW,db,nsw09,pa_holdout,0,global_conditional_density,426,702,onehot_l2,0.0,1e-06,9,"G=6,K=3",random_50k,50000,full_background_50k,additive_kan_ipp,ipp,0.01,frozen_default,True,4.7982,0.5860779220779222,0.13796767065629328,0.18093496356216204,,,,
NSW,db,nsw09,pa_holdout,0,global_conditional_density,426,702,onehot_l2,0.0,1e-06,9,"G=6,K=3",random_50k,50000,full_background_50k,gam_ipp,ipp,0.01,frozen_default,True,6.3128,0.5859948051948052,0.137886642338136,0.18208531629484687,,,,
NSW,db,nsw09,pa_holdout,0,global_conditional_density,426,702,onehot_l2,0.0,1e-06,9,"G=6,K=3",random_50k,50000,full_background_50k,additive_kan_bce,bce_pos_weight,0.01,frozen_default,True,4.8658,0.563387012987013,0.1220811929173862,0.13288543056841975,,,,117.37089201877934
NSW,db,nsw10,pa_holdout,0,global_conditional_density,65,702,onehot_l2,0.0,1e-06,9,"G=6,K=3",random_50k,50000,full_background_50k,maxnet,maxnet_default,,maxnet_classes_lq,True,3.4063,0.9633620689655172,0.4603841340567004,0.7323127229488704,,,10000.0,
NSW,db,nsw10,pa_holdout,0,global_conditional_density,65,702,onehot_l2,0.0,1e-06,9,"G=6,K=3",random_50k,50000,full_background_50k,additive_kan_ipp,ipp,0.01,frozen_default,True,4.8408,0.9633620689655172,0.5033213344178507,0.7353559750297265,,,,
NSW,db,nsw10,pa_holdout,0,global_conditional_density,65,702,onehot_l2,0.0,1e-06,9,"G=6,K=3",random_50k,50000,full_background_50k,gam_ipp,ipp,0.01,frozen_default,True,7.3972,0.9633620689655172,0.5033213344178507,0.7353559750297265,,,,
NSW,db,nsw10,pa_holdout,0,global_conditional_density,65,702,onehot_l2,0.0,1e-06,9,"G=6,K=3",random_50k,50000,full_background_50k,additive_kan_bce,bce_pos_weight,0.01,frozen_default,True,4.801,0.9731800766283525,0.23475935828877006,0.7322885701545778,,,,769.2307692307693
NSW,db,nsw11,pa_holdout,0,global_conditional_density,48,702,onehot_l2,0.0,1e-06,9,"G=6,K=3",random_50k,50000,full_background_50k,maxnet,maxnet_default,,maxnet_classes_lq,True,2.7302,0.6247977190413809,0.03554137736747334,0.18433454474426395,,,10000.0,
NSW,db,nsw11,pa_holdout,0,global_conditional_density,48,702,onehot_l2,0.0,1e-06,9,"G=6,K=3",random_50k,50000,full_background_50k,additive_kan_ipp,ipp,0.01,frozen_default,True,4.8259,0.5548277722123757,0.032279783438937594,0.058563954432327855,,,,
NSW,db,nsw11,pa_holdout,0,global_conditional_density,48,702,onehot_l2,0.0,1e-06,9,"G=6,K=3",random_50k,50000,full_background_50k,gam_ipp,ipp,0.01,frozen_default,True,6.0412,0.5539030592586884,0.03218135838786356,0.04783154255605174,,,,
NSW,db,nsw11,pa_holdout,0,global_conditional_density,48,702,onehot_l2,0.0,1e-06,9,"G=6,K=3",random_50k,50000,full_background_50k,additive_kan_bce,bce_pos_weight,0.01,frozen_default,True,4.9614,0.535254681359328,0.03181256478421992,0.0879044973241159,,,,1041.6666666666667
NSW,db,nsw12,pa_holdout,0,global_conditional_density,139,702,onehot_l2,0.0,1e-06,9,"G=6,K=3",random_50k,50000,full_background_50k,maxnet,maxnet_default,,maxnet_classes_lq,True,5.5106,0.6378600823045268,0.0945537509374586,0.34226810041331723,,,10000.0,
NSW,db,nsw12,pa_holdout,0,global_conditional_density,139,702,onehot_l2,0.0,1e-06,9,"G=6,K=3",random_50k,50000,full_background_50k,additive_kan_ipp,ipp,0.01,frozen_default,True,5.1194,0.6637037037037037,0.10665813007272142,0.38189955386925406,,,,
NSW,db,nsw12,pa_holdout,0,global_conditional_density,139,702,onehot_l2,0.0,1e-06,9,"G=6,K=3",random_50k,50000,full_background_50k,gam_ipp,ipp,0.01,frozen_default,True,6.219,0.6634842249657065,0.10709089835053255,0.376407870073512,,,,
NSW,db,nsw12,pa_holdout,0,global_conditional_density,139,702,onehot_l2,0.0,1e-06,9,"G=6,K=3",random_50k,50000,full_background_50k,additive_kan_bce,bce_pos_weight,0.01,frozen_default,True,4.862,0.6645267489711933,0.08865626604342076,0.3455618235684729,,,,359.71223021582733
NSW,db,nsw13,pa_holdout,0,global_conditional_density,155,702,onehot_l2,0.0,1e-06,9,"G=6,K=3",random_50k,50000,full_background_50k,maxnet,maxnet_default,,maxnet_classes_lq,True,5.9273,0.7725849335302807,0.09134953944174212,0.586865956365012,,,10000.0,
NSW,db,nsw13,pa_holdout,0,global_conditional_density,155,702,onehot_l2,0.0,1e-06,9,"G=6,K=3",random_50k,50000,full_background_50k,additive_kan_ipp,ipp,0.01,frozen_default,True,5.037,0.8098079763663221,0.1313069243528708,0.6698025915122516,,,,
NSW,db,nsw13,pa_holdout,0,global_conditional_density,155,702,onehot_l2,0.0,1e-06,9,"G=6,K=3",random_50k,50000,full_background_50k,gam_ipp,ipp,0.01,frozen_default,True,6.1466,0.8105169867060561,0.1317343460147298,0.6724290210049003,,,,
NSW,db,nsw13,pa_holdout,0,global_conditional_density,155,702,onehot_l2,0.0,1e-06,9,"G=6,K=3",random_50k,50000,full_background_50k,additive_kan_bce,bce_pos_weight,0.01,frozen_default,True,4.8613,0.8233973412112261,0.1675413279006488,0.6892555343730858,,,,322.5806451612903
NSW,db,nsw14,pa_holdout,0,global_conditional_density,315,702,onehot_l2,0.0,1e-06,9,"G=6,K=3",random_50k,50000,full_background_50k,maxnet,maxnet_default,,maxnet_classes_lq,True,10.8014,0.657478100136623,0.33135994961716414,0.31548711638993454,,,10000.0,
NSW,db,nsw14,pa_holdout,0,global_conditional_density,315,702,onehot_l2,0.0,1e-06,9,"G=6,K=3",random_50k,50000,full_background_50k,additive_kan_ipp,ipp,0.01,frozen_default,True,4.9149,0.6493610865546894,0.33801726552993033,0.3034036348231913,,,,
NSW,db,nsw14,pa_holdout,0,global_conditional_density,315,702,onehot_l2,0.0,1e-06,9,"G=6,K=3",random_50k,50000,full_background_50k,gam_ipp,ipp,0.01,frozen_default,True,7.7736,0.6489936969724802,0.3378480849252651,0.30289081353023717,,,,
NSW,db,nsw14,pa_holdout,0,global_conditional_density,315,702,onehot_l2,0.0,1e-06,9,"G=6,K=3",random_50k,50000,full_background_50k,additive_kan_bce,bce_pos_weight,0.01,frozen_default,True,4.8891,0.6566285117277643,0.33162258511556464,0.3185793827480803,,,,158.73015873015873
NSW,db,nsw15,pa_holdout,0,global_conditional_density,236,702,onehot_l2,0.0,1e-06,9,"G=6,K=3",random_50k,50000,full_background_50k,maxnet,maxnet_default,,maxnet_classes_lq,True,8.3172,0.7884493870845445,0.41639691973096205,0.6288752077638169,,,10000.0,
NSW,db,nsw15,pa_holdout,0,global_conditional_density,236,702,onehot_l2,0.0,1e-06,9,"G=6,K=3",random_50k,50000,full_background_50k,additive_kan_ipp,ipp,0.01,frozen_default,True,4.8826,0.7843071176825758,0.422723085379518,0.6230535198470374,,,,
NSW,db,nsw15,pa_holdout,0,global_conditional_density,236,702,onehot_l2,0.0,1e-06,9,"G=6,K=3",random_50k,50000,full_background_50k,gam_ipp,ipp,0.01,frozen_default,True,7.7968,0.7840824522234859,0.4224201993307787,0.6226561843488474,,,,
NSW,db,nsw15,pa_holdout,0,global_conditional_density,236,702,onehot_l2,0.0,1e-06,9,"G=6,K=3",random_50k,50000,full_background_50k,additive_kan_bce,bce_pos_weight,0.01,frozen_default,True,4.8596,0.7915806619206087,0.4217449165854957,0.6375101556095352,,,,211.864406779661
NSW,nb,nsw16,pa_holdout,0,global_conditional_density,120,1137,onehot_l2,0.0,1e-06,9,"G=6,K=3",random_50k,50000,full_background_50k,maxnet,maxnet_default,,maxnet_classes_lq,True,4.8358,0.6365465520395097,0.1806203271509148,0.3003958907249958,,,10000.0,
NSW,nb,nsw16,pa_holdout,0,global_conditional_density,120,1137,onehot_l2,0.0,1e-06,9,"G=6,K=3",random_50k,50000,full_background_50k,additive_kan_ipp,ipp,0.01,frozen_default,True,4.7656,0.6462059067692871,0.17733084230693813,0.31112093819518577,,,,
NSW,nb,nsw16,pa_holdout,0,global_conditional_density,120,1137,onehot_l2,0.0,1e-06,9,"G=6,K=3",random_50k,50000,full_background_50k,gam_ipp,ipp,0.01,frozen_default,True,6.3568,0.6463466111353435,0.17740575599270625,0.312396388227659,,,,
NSW,nb,nsw16,pa_holdout,0,global_conditional_density,120,1137,onehot_l2,0.0,1e-06,9,"G=6,K=3",random_50k,50000,full_background_50k,additive_kan_bce,bce_pos_weight,0.01,frozen_default,True,4.9587,0.6262118163526614,0.16553442902437734,0.2557813260602137,,,,416.6666666666667
NSW,nb,nsw17,pa_holdout,0,global_conditional_density,148,1137,onehot_l2,0.0,1e-06,9,"G=6,K=3",random_50k,50000,full_background_50k,maxnet,maxnet_default,,maxnet_classes_lq,True,5.9054,0.5078185080748525,0.12165366339620819,0.008909316173345422,,,10000.0,
NSW,nb,nsw17,pa_holdout,0,global_conditional_density,148,1137,onehot_l2,0.0,1e-06,9,"G=6,K=3",random_50k,50000,full_background_50k,additive_kan_ipp,ipp,0.01,frozen_default,True,4.7967,0.5366216639608078,0.12754199638991023,0.06912139022133297,,,,
NSW,nb,nsw17,pa_holdout,0,global_conditional_density,148,1137,onehot_l2,0.0,1e-06,9,"G=6,K=3",random_50k,50000,full_background_50k,gam_ipp,ipp,0.01,frozen_default,True,6.1485,0.5364507676094449,0.1275749034704362,0.0687029535696005,,,,
NSW,nb,nsw17,pa_holdout,0,global_conditional_density,148,1137,onehot_l2,0.0,1e-06,9,"G=6,K=3",random_50k,50000,full_background_50k,additive_kan_bce,bce_pos_weight,0.01,frozen_default,True,4.851,0.5747885157651884,0.14472116351368816,0.16509475028520804,,,,337.8378378378378
NSW,ot,nsw18,pa_holdout,0,global_conditional_density,69,2075,onehot_l2,0.0,1e-06,9,"G=6,K=3",random_50k,50000,full_background_50k,maxnet,maxnet_default,,maxnet_classes_lq,True,3.46,0.7380191826522102,0.370925946161377,0.5083624025896303,,,10000.0,
NSW,ot,nsw18,pa_holdout,0,global_conditional_density,69,2075,onehot_l2,0.0,1e-06,9,"G=6,K=3",random_50k,50000,full_background_50k,additive_kan_ipp,ipp,0.01,frozen_default,True,4.805,0.6411898804559356,0.31473745050087626,0.3071376976480559,,,,
NSW,ot,nsw18,pa_holdout,0,global_conditional_density,69,2075,onehot_l2,0.0,1e-06,9,"G=6,K=3",random_50k,50000,full_background_50k,gam_ipp,ipp,0.01,frozen_default,True,7.6114,0.6410758965804837,0.3145594792335026,0.30679484655576833,,,,
NSW,ot,nsw18,pa_holdout,0,global_conditional_density,69,2075,onehot_l2,0.0,1e-06,9,"G=6,K=3",random_50k,50000,full_background_50k,additive_kan_bce,bce_pos_weight,0.01,frozen_default,True,4.8303,0.6962357520155685,0.3465548547921555,0.43337876829130323,,,,724.6376811594203
NSW,ot,nsw19,pa_holdout,0,global_conditional_density,47,2075,onehot_l2,0.0,1e-06,9,"G=6,K=3",random_50k,50000,full_background_50k,maxnet,maxnet_default,,maxnet_classes_lq,True,2.5082,0.9574964763918252,0.07720677548812221,0.8024753632634299,,,10000.0,
NSW,ot,nsw19,pa_holdout,0,global_conditional_density,47,2075,onehot_l2,0.0,1e-06,9,"G=6,K=3",random_50k,50000,full_background_50k,additive_kan_ipp,ipp,0.01,frozen_default,True,4.897,0.9618128964059196,0.07167009371302623,0.80510017370067,,,,
NSW,ot,nsw19,pa_holdout,0,global_conditional_density,47,2075,onehot_l2,0.0,1e-06,9,"G=6,K=3",random_50k,50000,full_background_50k,gam_ipp,ipp,0.01,frozen_default,True,5.9751,0.961900986610289,0.07215273598832089,0.805406530441688,,,,
NSW,ot,nsw19,pa_holdout,0,global_conditional_density,47,2075,onehot_l2,0.0,1e-06,9,"G=6,K=3",random_50k,50000,full_background_50k,additive_kan_bce,bce_pos_weight,0.01,frozen_default,True,4.8985,0.9594344608879493,0.07256496610074258,0.8028553615932986,,,,1063.8297872340424
NSW,ot,nsw20,pa_holdout,0,global_conditional_density,18,2075,onehot_l2,0.0,1e-06,9,"G=6,K=3",random_50k,50000,full_background_50k,maxnet,maxnet_default,,maxnet_classes_lq,True,1.6754,0.8021908070975784,0.14801710235901122,0.7175398136425305,,,10000.0,
NSW,ot,nsw20,pa_holdout,0,global_conditional_density,18,2075,onehot_l2,0.0,1e-06,9,"G=6,K=3",random_50k,50000,full_background_50k,additive_kan_ipp,ipp,0.01,frozen_default,True,4.8459,0.655770097870196,0.12118086867341318,0.5040538188307617,,,,
NSW,ot,nsw20,pa_holdout,0,global_conditional_density,18,2075,onehot_l2,0.0,1e-06,9,"G=6,K=3",random_50k,50000,full_background_50k,gam_ipp,ipp,0.01,frozen_default,True,6.51,0.6651460096013581,0.12145448182134644,0.5104017294908738,,,,
NSW,ot,nsw20,pa_holdout,0,global_conditional_density,18,2075,onehot_l2,0.0,1e-06,9,"G=6,K=3",random_50k,50000,full_background_50k,additive_kan_bce,bce_pos_weight,0.01,frozen_default,True,4.8541,0.7057395963185953,0.10729349869222199,0.5030097201508115,,,,2777.777777777778
NSW,ot,nsw21,pa_holdout,0,global_conditional_density,37,2075,onehot_l2,0.0,1e-06,9,"G=6,K=3",random_50k,50000,full_background_50k,maxnet,maxnet_default,,maxnet_classes_lq,True,2.2421,0.8817837684851058,0.1090331315213282,0.7531459090121746,,,10000.0,
NSW,ot,nsw21,pa_holdout,0,global_conditional_density,37,2075,onehot_l2,0.0,1e-06,9,"G=6,K=3",random_50k,50000,full_background_50k,additive_kan_ipp,ipp,0.01,frozen_default,True,4.8388,0.9025949904478879,0.14479728360361796,0.8102076699915566,,,,
NSW,ot,nsw21,pa_holdout,0,global_conditional_density,37,2075,onehot_l2,0.0,1e-06,9,"G=6,K=3",random_50k,50000,full_background_50k,gam_ipp,ipp,0.01,frozen_default,True,7.5878,0.9024888558692421,0.14461022478739194,0.8102682485703606,,,,
NSW,ot,nsw21,pa_holdout,0,global_conditional_density,37,2075,onehot_l2,0.0,1e-06,9,"G=6,K=3",random_50k,50000,full_background_50k,additive_kan_bce,bce_pos_weight,0.01,frozen_default,True,4.9447,0.909661784476049,0.13701346666223949,0.806122174455785,,,,1351.3513513513512
NSW,ot,nsw22,pa_holdout,0,global_conditional_density,17,2075,onehot_l2,0.0,1e-06,9,"G=6,K=3",random_50k,50000,full_background_50k,maxnet,maxnet_default,,maxnet_classes_lq,True,1.6597,0.8930097087378641,0.08649387468858745,0.7746453581634796,,,10000.0,
NSW,ot,nsw22,pa_holdout,0,global_conditional_density,17,2075,onehot_l2,0.0,1e-06,9,"G=6,K=3",random_50k,50000,full_background_50k,additive_kan_ipp,ipp,0.01,frozen_default,True,4.8289,0.8653721682847896,0.06750711725903014,0.7427483342175466,,,,
NSW,ot,nsw22,pa_holdout,0,global_conditional_density,17,2075,onehot_l2,0.0,1e-06,9,"G=6,K=3",random_50k,50000,full_background_50k,gam_ipp,ipp,0.01,frozen_default,True,6.7117,0.8815210355987055,0.07088147340959887,0.758047829844771,,,,
NSW,ot,nsw22,pa_holdout,0,global_conditional_density,17,2075,onehot_l2,0.0,1e-06,9,"G=6,K=3",random_50k,50000,full_background_50k,additive_kan_bce,bce_pos_weight,0.01,frozen_default,True,4.9123,0.8505177993527507,0.05521840132319098,0.7208423469426805,,,,2941.176470588235
NSW,ot,nsw23,pa_holdout,0,global_conditional_density,60,2075,onehot_l2,0.0,1e-06,9,"G=6,K=3",random_50k,50000,full_background_50k,maxnet,maxnet_default,,maxnet_classes_lq,True,2.8359,0.7770657001044932,0.46198032972661074,0.5858334844030827,,,10000.0,
NSW,ot,nsw23,pa_holdout,0,global_conditional_density,60,2075,onehot_l2,0.0,1e-06,9,"G=6,K=3",random_50k,50000,full_background_50k,additive_kan_ipp,ipp,0.01,frozen_default,True,5.0315,0.7601084117032393,0.43050246941148207,0.5456353285090633,,,,
NSW,ot,nsw23,pa_holdout,0,global_conditional_density,60,2075,onehot_l2,0.0,1e-06,9,"G=6,K=3",random_50k,50000,full_background_50k,gam_ipp,ipp,0.01,frozen_default,True,6.279,0.7595820271682341,0.43016438618282893,0.5447414588613689,,,,
NSW,ot,nsw23,pa_holdout,0,global_conditional_density,60,2075,onehot_l2,0.0,1e-06,9,"G=6,K=3",random_50k,50000,full_background_50k,additive_kan_bce,bce_pos_weight,0.01,frozen_default,True,4.9273,0.7428252351097179,0.4155311157194316,0.5149154599142423,,,,833.3333333333334
NSW,ot,nsw24,pa_holdout,0,global_conditional_density,68,2075,onehot_l2,0.0,1e-06,9,"G=6,K=3",random_50k,50000,full_background_50k,maxnet,maxnet_default,,maxnet_classes_lq,True,3.126,0.5854476582438554,0.11470093517858773,0.14308475373370194,,,10000.0,
NSW,ot,nsw24,pa_holdout,0,global_conditional_density,68,2075,onehot_l2,0.0,1e-06,9,"G=6,K=3",random_50k,50000,full_background_50k,additive_kan_ipp,ipp,0.01,frozen_default,True,4.769,0.7042656289517855,0.15924546004694992,0.429764123215981,,,,
NSW,ot,nsw24,pa_holdout,0,global_conditional_density,68,2075,onehot_l2,0.0,1e-06,9,"G=6,K=3",random_50k,50000,full_background_50k,gam_ipp,ipp,0.01,frozen_default,True,6.7462,0.7037310601706022,0.15930259214835235,0.4284861787067581,,,,
NSW,ot,nsw24,pa_holdout,0,global_conditional_density,68,2075,onehot_l2,0.0,1e-06,9,"G=6,K=3",random_50k,50000,full_background_50k,additive_kan_bce,bce_pos_weight,0.01,frozen_default,True,5.0271,0.6831214218379968,0.16292127050815733,0.39555020707038646,,,,735.2941176470588
NSW,ot,nsw25,pa_holdout,0,global_conditional_density,23,2075,onehot_l2,0.0,1e-06,9,"G=6,K=3",random_50k,50000,full_background_50k,maxnet,maxnet_default,,maxnet_classes_lq,True,1.7221,0.6480925784592613,0.06587660051410303,0.33003640531525197,,,10000.0,
NSW,ot,nsw25,pa_holdout,0,global_conditional_density,23,2075,onehot_l2,0.0,1e-06,9,"G=6,K=3",random_50k,50000,full_background_50k,additive_kan_ipp,ipp,0.01,frozen_default,True,5.0535,0.6488962510696361,0.060307056647951454,0.3067897124609552,,,,
NSW,ot,nsw25,pa_holdout,0,global_conditional_density,23,2075,onehot_l2,0.0,1e-06,9,"G=6,K=3",random_50k,50000,full_background_50k,gam_ipp,ipp,0.01,frozen_default,True,6.8605,0.6494455237170147,0.06034268519052763,0.3079572938413837,,,,
NSW,ot,nsw25,pa_holdout,0,global_conditional_density,23,2075,onehot_l2,0.0,1e-06,9,"G=6,K=3",random_50k,50000,full_background_50k,additive_kan_bce,bce_pos_weight,0.01,frozen_default,True,4.9367,0.6428484701311316,0.05428216592363929,0.2204795602341814,,,,2173.913043478261
NSW,ou,nsw26,pa_holdout,0,global_conditional_density,10,1309,onehot_l2,0.0,1e-06,9,"G=6,K=3",random_50k,50000,full_background_50k,maxnet,maxnet_default,,maxnet_classes_l,True,1.3043,0.7949308755760369,0.020193679193275034,0.5285304108925336,,,10000.0,
NSW,ou,nsw26,pa_holdout,0,global_conditional_density,10,1309,onehot_l2,0.0,1e-06,9,"G=6,K=3",random_50k,50000,full_background_50k,additive_kan_ipp,ipp,0.01,frozen_default,True,4.7829,0.6728110599078341,0.011169027850817413,0.3302331459812507,,,,
NSW,ou,nsw26,pa_holdout,0,global_conditional_density,10,1309,onehot_l2,0.0,1e-06,9,"G=6,K=3",random_50k,50000,full_background_50k,gam_ipp,ipp,0.01,frozen_default,True,7.5823,0.6727013385999561,0.011150626376822135,0.2940142995572607,,,,
NSW,ou,nsw26,pa_holdout,0,global_conditional_density,10,1309,onehot_l2,0.0,1e-06,9,"G=6,K=3",random_50k,50000,full_background_50k,additive_kan_bce,bce_pos_weight,0.01,frozen_default,True,4.9151,0.674347158218126,0.012247979918577635,0.33658339448624874,,,,5000.0
NSW,ou,nsw27,pa_holdout,0,global_conditional_density,23,1309,onehot_l2,0.0,1e-06,9,"G=6,K=3",random_50k,50000,full_background_50k,maxnet,maxnet_default,,maxnet_classes_lq,True,1.7348,0.5411620890553475,0.3668125357556491,0.09525327237688797,,,10000.0,
NSW,ou,nsw27,pa_holdout,0,global_conditional_density,23,1309,onehot_l2,0.0,1e-06,9,"G=6,K=3",random_50k,50000,full_background_50k,additive_kan_ipp,ipp,0.01,frozen_default,True,4.7602,0.5408785892634207,0.37648345819506945,0.07063676627575496,,,,
NSW,ou,nsw27,pa_holdout,0,global_conditional_density,23,1309,onehot_l2,0.0,1e-06,9,"G=6,K=3",random_50k,50000,full_background_50k,gam_ipp,ipp,0.01,frozen_default,True,6.1576,0.5408473782771536,0.3764045906368537,0.07044065937320869,,,,
NSW,ou,nsw27,pa_holdout,0,global_conditional_density,23,1309,onehot_l2,0.0,1e-06,9,"G=6,K=3",random_50k,50000,full_background_50k,additive_kan_bce,bce_pos_weight,0.01,frozen_default,True,4.9393,0.5447019350811486,0.36031355986857516,0.09508306128250364,,,,2173.913043478261
NSW,ou,nsw28,pa_holdout,0,global_conditional_density,53,1309,onehot_l2,0.0,1e-06,9,"G=6,K=3",random_50k,50000,full_background_50k,maxnet,maxnet_default,,maxnet_classes_lq,True,2.7589,0.6800722435696361,0.5554606611879762,0.3569266605449949,,,10000.0,
NSW,ou,nsw28,pa_holdout,0,global_conditional_density,53,1309,onehot_l2,0.0,1e-06,9,"G=6,K=3",random_50k,50000,full_background_50k,additive_kan_ipp,ipp,0.01,frozen_default,True,4.7624,0.6748083633939774,0.5794833748691934,0.3371325391131086,,,,
NSW,ou,nsw28,pa_holdout,0,global_conditional_density,53,1309,onehot_l2,0.0,1e-06,9,"G=6,K=3",random_50k,50000,full_background_50k,gam_ipp,ipp,0.01,frozen_default,True,6.1386,0.6747152407465495,0.5794367792307364,0.33691727289469575,,,,
NSW,ou,nsw28,pa_holdout,0,global_conditional_density,53,1309,onehot_l2,0.0,1e-06,9,"G=6,K=3",random_50k,50000,full_background_50k,additive_kan_bce,bce_pos_weight,0.01,frozen_default,True,4.9417,0.6257057716436637,0.5375800475519801,0.23285875558934832,,,,943.3962264150944
NSW,ou,nsw29,pa_holdout,0,global_conditional_density,12,1309,onehot_l2,0.0,1e-06,9,"G=6,K=3",random_50k,50000,full_background_50k,maxnet,maxnet_default,,maxnet_classes_lq,True,1.4296,0.8461571563817885,0.11995979178638022,0.7391649682453757,,,10000.0,
NSW,ou,nsw29,pa_holdout,0,global_conditional_density,12,1309,onehot_l2,0.0,1e-06,9,"G=6,K=3",random_50k,50000,full_background_50k,additive_kan_ipp,ipp,0.01,frozen_default,True,5.0004,0.7303124193131938,0.05001573196194922,0.5588530406587221,,,,
NSW,ou,nsw29,pa_holdout,0,global_conditional_density,12,1309,onehot_l2,0.0,1e-06,9,"G=6,K=3",random_50k,50000,full_background_50k,gam_ipp,ipp,0.01,frozen_default,True,7.2493,0.7311730785781909,0.049823171736473625,0.5445664300620348,,,,
NSW,ou,nsw29,pa_holdout,0,global_conditional_density,12,1309,onehot_l2,0.0,1e-06,9,"G=6,K=3",random_50k,50000,full_background_50k,additive_kan_bce,bce_pos_weight,0.01,frozen_default,True,4.9102,0.6361993286857732,0.04779902139028681,0.35681819206867643,,,,4166.666666666667
NSW,ou,nsw30,pa_holdout,0,global_conditional_density,2,1309,onehot_l2,0.0,1e-06,9,"G=6,K=3",random_50k,0,full_background_50k,additive_kan_ipp,kan_ipp,,skipped_n_po_lt_5,False,0.0,,,,,n_po<5,,
NSW,ou,nsw30,pa_holdout,0,global_conditional_density,2,1309,onehot_l2,0.0,1e-06,9,"G=6,K=3",random_50k,0,full_background_50k,gam_ipp,gam_ipp,,skipped_n_po_lt_5,False,0.0,,,,,n_po<5,,
NSW,ou,nsw30,pa_holdout,0,global_conditional_density,2,1309,onehot_l2,0.0,1e-06,9,"G=6,K=3",random_50k,0,full_background_50k,additive_kan_bce,kan_bce,,skipped_n_po_lt_5,False,0.0,,,,,n_po<5,,
NSW,ou,nsw30,pa_holdout,0,global_conditional_density,2,1309,onehot_l2,0.0,1e-06,9,"G=6,K=3",random_50k,0,full_background_50k,maxnet,maxnet,,skipped_n_po_lt_5,False,0.0,,,,,n_po<5,,
NSW,ou,nsw31,pa_holdout,0,global_conditional_density,24,1309,onehot_l2,0.0,1e-06,9,"G=6,K=3",random_50k,50000,full_background_50k,maxnet,maxnet_default,,maxnet_classes_lq,True,1.7678,0.5643838942217906,0.5374510048599691,0.11059772575639995,,,10000.0,
NSW,ou,nsw31,pa_holdout,0,global_conditional_density,24,1309,onehot_l2,0.0,1e-06,9,"G=6,K=3",random_50k,50000,full_background_50k,additive_kan_ipp,ipp,0.01,frozen_default,True,4.788,0.5457340417584879,0.5195596697937312,0.07824813956498458,,,,
NSW,ou,nsw31,pa_holdout,0,global_conditional_density,24,1309,onehot_l2,0.0,1e-06,9,"G=6,K=3",random_50k,50000,full_background_50k,gam_ipp,ipp,0.01,frozen_default,True,6.0057,0.545635995219064,0.5195139706295842,0.0778671485401554,,,,
NSW,ou,nsw31,pa_holdout,0,global_conditional_density,24,1309,onehot_l2,0.0,1e-06,9,"G=6,K=3",random_50k,50000,full_background_50k,additive_kan_bce,bce_pos_weight,0.01,frozen_default,True,4.7984,0.5379766929369141,0.5164471914509269,0.07543832699728564,,,,2083.3333333333335
NSW,ou,nsw32,pa_holdout,0,global_conditional_density,28,1309,onehot_l2,0.0,1e-06,9,"G=6,K=3",random_50k,50000,full_background_50k,maxnet,maxnet_default,,maxnet_classes_lq,True,1.9154,0.7088719361446635,0.03225829459403986,0.41664010972431786,,,10000.0,
NSW,ou,nsw32,pa_holdout,0,global_conditional_density,28,1309,onehot_l2,0.0,1e-06,9,"G=6,K=3",random_50k,50000,full_background_50k,additive_kan_ipp,ipp,0.01,frozen_default,True,4.9218,0.7683831320194957,0.11770942170007553,0.640968094452867,,,,
NSW,ou,nsw32,pa_holdout,0,global_conditional_density,28,1309,onehot_l2,0.0,1e-06,9,"G=6,K=3",random_50k,50000,full_background_50k,gam_ipp,ipp,0.01,frozen_default,True,6.1439,0.768418450236632,0.11772018134434994,0.6388246563469414,,,,
NSW,ou,nsw32,pa_holdout,0,global_conditional_density,28,1309,onehot_l2,0.0,1e-06,9,"G=6,K=3",random_50k,50000,full_background_50k,additive_kan_bce,bce_pos_weight,0.01,frozen_default,True,4.8445,0.7785547785547786,0.06863862500772076,0.6405909040997468,,,,1785.7142857142858
NSW,ou,nsw33,pa_holdout,0,global_conditional_density,15,1309,onehot_l2,0.0,1e-06,9,"G=6,K=3",random_50k,50000,full_background_50k,maxnet,maxnet_default,,maxnet_classes_lq,True,1.5045,0.5027770431102883,0.37794205105689826,0.018347062414558024,,,10000.0,
NSW,ou,nsw33,pa_holdout,0,global_conditional_density,15,1309,onehot_l2,0.0,1e-06,9,"G=6,K=3",random_50k,50000,full_background_50k,additive_kan_ipp,ipp,0.01,frozen_default,True,4.9083,0.5338436823493686,0.41108450344511804,0.07343674301448017,,,,
NSW,ou,nsw33,pa_holdout,0,global_conditional_density,15,1309,onehot_l2,0.0,1e-06,9,"G=6,K=3",random_50k,50000,full_background_50k,gam_ipp,ipp,0.01,frozen_default,True,5.9368,0.5340028603054259,0.4111706605631812,0.07360106212999844,,,,
NSW,ou,nsw33,pa_holdout,0,global_conditional_density,15,1309,onehot_l2,0.0,1e-06,9,"G=6,K=3",random_50k,50000,full_background_50k,additive_kan_bce,bce_pos_weight,0.01,frozen_default,True,4.9062,0.5361652316161705,0.4159076244561679,0.07294838485979491,,,,3333.3333333333335
NSW,rt,nsw34,pa_holdout,0,global_conditional_density,6,1036,onehot_l2,0.0,1e-06,9,"G=6,K=3",random_50k,50000,full_background_50k,maxnet,maxnet_default,,maxnet_classes_l,True,1.2889,0.5483530342851581,0.3543633686447718,0.0944920799315028,,,10000.0,
NSW,rt,nsw34,pa_holdout,0,global_conditional_density,6,1036,onehot_l2,0.0,1e-06,9,"G=6,K=3",random_50k,50000,full_background_50k,additive_kan_ipp,ipp,0.01,frozen_default,True,4.8303,0.611034225907069,0.41229442436621866,0.21240512916950405,,,,
NSW,rt,nsw34,pa_holdout,0,global_conditional_density,6,1036,onehot_l2,0.0,1e-06,9,"G=6,K=3",random_50k,50000,full_background_50k,gam_ipp,ipp,0.01,frozen_default,True,6.432,0.6112035144297304,0.4124039444277844,0.2123701872396343,,,,
NSW,rt,nsw34,pa_holdout,0,global_conditional_density,6,1036,onehot_l2,0.0,1e-06,9,"G=6,K=3",random_50k,50000,full_background_50k,additive_kan_bce,bce_pos_weight,0.01,frozen_default,True,4.8454,0.6193251313044104,0.42629929942860545,0.23479552721084068,,,,8333.333333333334
NSW,rt,nsw35,pa_holdout,0,global_conditional_density,6,1036,onehot_l2,0.0,1e-06,9,"G=6,K=3",random_50k,50000,full_background_50k,maxnet,maxnet_default,,maxnet_classes_l,True,1.2499,0.43961236859226793,0.026114048960729115,-0.14099456993226384,,,10000.0,
NSW,rt,nsw35,pa_holdout,0,global_conditional_density,6,1036,onehot_l2,0.0,1e-06,9,"G=6,K=3",random_50k,50000,full_background_50k,additive_kan_ipp,ipp,0.01,frozen_default,True,4.8026,0.3948566928055337,0.02215410268081427,-0.33308721406715847,,,,
NSW,rt,nsw35,pa_holdout,0,global_conditional_density,6,1036,onehot_l2,0.0,1e-06,9,"G=6,K=3",random_50k,50000,full_background_50k,gam_ipp,ipp,0.01,frozen_default,True,6.3532,0.39218573434236215,0.02206701265887044,-0.3379181911577868,,,,
NSW,rt,nsw35,pa_holdout,0,global_conditional_density,6,1036,onehot_l2,0.0,1e-06,9,"G=6,K=3",random_50k,50000,full_background_50k,additive_kan_bce,bce_pos_weight,0.01,frozen_default,True,5.0272,0.47015717563264053,0.024729030555245054,-0.23400488403108163,,,,8333.333333333334
NSW,rt,nsw36,pa_holdout,0,global_conditional_density,7,1036,onehot_l2,0.0,1e-06,9,"G=6,K=3",random_50k,50000,full_background_50k,maxnet,maxnet_default,,maxnet_classes_l,True,1.3092,0.8745235863792565,0.3648079195608963,0.7976196825997615,,,10000.0,
NSW,rt,nsw36,pa_holdout,0,global_conditional_density,7,1036,onehot_l2,0.0,1e-06,9,"G=6,K=3",random_50k,50000,full_background_50k,additive_kan_ipp,ipp,0.01,frozen_default,True,4.8257,0.8562480474851609,0.30675389456995916,0.7675726707146067,,,,
NSW,rt,nsw36,pa_holdout,0,global_conditional_density,7,1036,onehot_l2,0.0,1e-06,9,"G=6,K=3",random_50k,50000,full_background_50k,gam_ipp,ipp,0.01,frozen_default,True,6.1235,0.8684317400812246,0.32618588713795554,0.7881029170549044,,,,
NSW,rt,nsw36,pa_holdout,0,global_conditional_density,7,1036,onehot_l2,0.0,1e-06,9,"G=6,K=3",random_50k,50000,full_background_50k,additive_kan_bce,bce_pos_weight,0.01,frozen_default,True,4.9797,0.9072321149640737,0.43228327935136984,0.8499403125789536,,,,7142.857142857143
NSW,rt,nsw37,pa_holdout,0,global_conditional_density,6,1036,onehot_l2,0.0,1e-06,9,"G=6,K=3",random_50k,50000,full_background_50k,maxnet,maxnet_default,,maxnet_classes_l,True,1.223,0.5653201520537126,0.25593954708503563,0.16405847073708,,,10000.0,
NSW,rt,nsw37,pa_holdout,0,global_conditional_density,6,1036,onehot_l2,0.0,1e-06,9,"G=6,K=3",random_50k,50000,full_background_50k,additive_kan_ipp,ipp,0.01,frozen_default,True,4.6586,0.5625,0.236917748561514,0.16497739371749318,,,,
NSW,rt,nsw37,pa_holdout,0,global_conditional_density,6,1036,onehot_l2,0.0,1e-06,9,"G=6,K=3",random_50k,50000,full_background_50k,gam_ipp,ipp,0.01,frozen_default,True,7.5923,0.562432118878357,0.23697411515444658,0.1653450684846346,,,,
NSW,rt,nsw37,pa_holdout,0,global_conditional_density,6,1036,onehot_l2,0.0,1e-06,9,"G=6,K=3",random_50k,50000,full_background_50k,additive_kan_bce,bce_pos_weight,0.01,frozen_default,True,4.7435,0.5724106437598736,0.252815680481711,0.17946089612867788,,,,8333.333333333334
NSW,rt,nsw38,pa_holdout,0,global_conditional_density,9,1036,onehot_l2,0.0,1e-06,9,"G=6,K=3",random_50k,50000,full_background_50k,maxnet,maxnet_default,,maxnet_classes_l,True,1.3607,0.5263808993628998,0.08175905579344594,-0.0033825032231269776,,,10000.0,
NSW,rt,nsw38,pa_holdout,0,global_conditional_density,9,1036,onehot_l2,0.0,1e-06,9,"G=6,K=3",random_50k,50000,full_background_50k,additive_kan_ipp,ipp,0.01,frozen_default,True,4.7591,0.4091173377868498,0.06450012474317655,-0.30260743629866804,,,,
NSW,rt,nsw38,pa_holdout,0,global_conditional_density,9,1036,onehot_l2,0.0,1e-06,9,"G=6,K=3",random_50k,50000,full_background_50k,gam_ipp,ipp,0.01,frozen_default,True,6.1975,0.4124327333457043,0.06487441389510894,-0.29547629277807946,,,,
NSW,rt,nsw38,pa_holdout,0,global_conditional_density,9,1036,onehot_l2,0.0,1e-06,9,"G=6,K=3",random_50k,50000,full_background_50k,additive_kan_bce,bce_pos_weight,0.01,frozen_default,True,4.9311,0.5022576854085483,0.07845884527439596,-0.09107355974128013,,,,5555.555555555556
NSW,rt,nsw39,pa_holdout,0,global_conditional_density,16,1036,onehot_l2,0.0,1e-06,9,"G=6,K=3",random_50k,50000,full_background_50k,maxnet,maxnet_default,,maxnet_classes_lq,True,1.5366,0.5215721453314073,0.39412227073586437,0.07020770131779695,,,10000.0,
NSW,rt,nsw39,pa_holdout,0,global_conditional_density,16,1036,onehot_l2,0.0,1e-06,9,"G=6,K=3",random_50k,50000,full_background_50k,additive_kan_ipp,ipp,0.01,frozen_default,True,5.012,0.6214447706479023,0.47927029558720047,0.2486787536699409,,,,
NSW,rt,nsw39,pa_holdout,0,global_conditional_density,16,1036,onehot_l2,0.0,1e-06,9,"G=6,K=3",random_50k,50000,full_background_50k,gam_ipp,ipp,0.01,frozen_default,True,6.3419,0.6211923513055905,0.47892379979655814,0.24858042607904518,,,,
NSW,rt,nsw39,pa_holdout,0,global_conditional_density,16,1036,onehot_l2,0.0,1e-06,9,"G=6,K=3",random_50k,50000,full_background_50k,additive_kan_bce,bce_pos_weight,0.01,frozen_default,True,4.8238,0.6229243363312984,0.49683211902922203,0.2310299793539985,,,,3125.0
NSW,rt,nsw40,pa_holdout,0,global_conditional_density,14,1036,onehot_l2,0.0,1e-06,9,"G=6,K=3",random_50k,50000,full_background_50k,maxnet,maxnet_default,,maxnet_classes_lq,True,1.4504,0.659270170299083,0.4472996414680127,0.3348689850222444,,,10000.0,
NSW,rt,nsw40,pa_holdout,0,global_conditional_density,14,1036,onehot_l2,0.0,1e-06,9,"G=6,K=3",random_50k,50000,full_background_50k,additive_kan_ipp,ipp,0.01,frozen_default,True,4.8877,0.6393313117431894,0.4344975962457704,0.2827548865579077,,,,
NSW,rt,nsw40,pa_holdout,0,global_conditional_density,14,1036,onehot_l2,0.0,1e-06,9,"G=6,K=3",random_50k,50000,full_background_50k,gam_ipp,ipp,0.01,frozen_default,True,5.9403,0.639335426241447,0.4345449778799268,0.28300286710622413,,,,
NSW,rt,nsw40,pa_holdout,0,global_conditional_density,14,1036,onehot_l2,0.0,1e-06,9,"G=6,K=3",random_50k,50000,full_background_50k,additive_kan_bce,bce_pos_weight,0.01,frozen_default,True,5.0494,0.643417008512897,0.4393556855268935,0.293074251056078,,,,3571.4285714285716
NSW,ru,nsw41,pa_holdout,0,global_conditional_density,5,909,onehot_l2,0.0,1e-06,9,"G=6,K=3",random_50k,50000,full_background_50k,maxnet,maxnet_default,,maxnet_classes_l,True,1.3666,0.589993502274204,0.22879694790449828,0.17808550822305969,,,10000.0,
NSW,ru,nsw41,pa_holdout,0,global_conditional_density,5,909,onehot_l2,0.0,1e-06,9,"G=6,K=3",random_50k,50000,full_background_50k,additive_kan_ipp,ipp,0.01,frozen_default,True,4.7568,0.6147720249132316,0.24707001201799988,0.23716659147326702,,,,
NSW,ru,nsw41,pa_holdout,0,global_conditional_density,5,909,onehot_l2,0.0,1e-06,9,"G=6,K=3",random_50k,50000,full_background_50k,gam_ipp,ipp,0.01,frozen_default,True,5.9826,0.6147403286898365,0.24701282177320455,0.23661004765109264,,,,
NSW,ru,nsw41,pa_holdout,0,global_conditional_density,5,909,onehot_l2,0.0,1e-06,9,"G=6,K=3",random_50k,50000,full_background_50k,additive_kan_bce,bce_pos_weight,0.01,frozen_default,True,4.8627,0.6093836669360846,0.23751805659867986,0.23343130852683075,,,,10000.0
NSW,ru,nsw42,pa_holdout,0,global_conditional_density,11,909,onehot_l2,0.0,1e-06,9,"G=6,K=3",random_50k,50000,full_background_50k,maxnet,maxnet_default,,maxnet_classes_lq,True,1.4258,0.9707182320441989,0.17899659863945577,0.607276334666219,,,10000.0,
NSW,ru,nsw42,pa_holdout,0,global_conditional_density,11,909,onehot_l2,0.0,1e-06,9,"G=6,K=3",random_50k,50000,full_background_50k,additive_kan_ipp,ipp,0.01,frozen_default,True,4.7867,0.8842541436464089,0.03798165611457967,0.5419797930466104,,,,
NSW,ru,nsw42,pa_holdout,0,global_conditional_density,11,909,onehot_l2,0.0,1e-06,9,"G=6,K=3",random_50k,50000,full_background_50k,gam_ipp,ipp,0.01,frozen_default,True,7.8921,0.8845303867403316,0.037645018492117606,0.5406849607765332,,,,
NSW,ru,nsw42,pa_holdout,0,global_conditional_density,11,909,onehot_l2,0.0,1e-06,9,"G=6,K=3",random_50k,50000,full_background_50k,additive_kan_bce,bce_pos_weight,0.01,frozen_default,True,4.8988,0.7720994475138121,0.02001649418803199,0.4972155917096548,,,,4545.454545454545
NSW,ru,nsw43,pa_holdout,0,global_conditional_density,42,909,onehot_l2,0.0,1e-06,9,"G=6,K=3",random_50k,50000,full_background_50k,maxnet,maxnet_default,,maxnet_classes_lq,True,2.3345,0.6877371599593821,0.34862647648575873,0.40605543404373534,,,10000.0,
NSW,ru,nsw43,pa_holdout,0,global_conditional_density,42,909,onehot_l2,0.0,1e-06,9,"G=6,K=3",random_50k,50000,full_background_50k,additive_kan_ipp,ipp,0.01,frozen_default,True,4.791,0.6426567259900593,0.3361223851117696,0.3160880209703105,,,,
NSW,ru,nsw43,pa_holdout,0,global_conditional_density,42,909,onehot_l2,0.0,1e-06,9,"G=6,K=3",random_50k,50000,full_background_50k,gam_ipp,ipp,0.01,frozen_default,True,6.7402,0.6426500454278232,0.3360775222809653,0.3156660900174582,,,,
NSW,ru,nsw43,pa_holdout,0,global_conditional_density,42,909,onehot_l2,0.0,1e-06,9,"G=6,K=3",random_50k,50000,full_background_50k,additive_kan_bce,bce_pos_weight,0.01,frozen_default,True,4.8633,0.6496846774624553,0.3585325456126216,0.3202892610258383,,,,1190.4761904761904
NSW,ru,nsw44,pa_holdout,0,global_conditional_density,16,909,onehot_l2,0.0,1e-06,9,"G=6,K=3",random_50k,50000,full_background_50k,maxnet,maxnet_default,,maxnet_classes_lq,True,1.5586,0.991604938271605,0.4428957494746969,0.8313511287477953,,,10000.0,
NSW,ru,nsw44,pa_holdout,0,global_conditional_density,16,909,onehot_l2,0.0,1e-06,9,"G=6,K=3",random_50k,50000,full_background_50k,additive_kan_ipp,ipp,0.01,frozen_default,True,4.9815,0.9940740740740741,0.7124568668046929,0.8377731790123457,,,,
NSW,ru,nsw44,pa_holdout,0,global_conditional_density,16,909,onehot_l2,0.0,1e-06,9,"G=6,K=3",random_50k,50000,full_background_50k,gam_ipp,ipp,0.01,frozen_default,True,6.0432,0.9940740740740741,0.7124568668046929,0.8377731790123457,,,,
NSW,ru,nsw44,pa_holdout,0,global_conditional_density,16,909,onehot_l2,0.0,1e-06,9,"G=6,K=3",random_50k,50000,full_background_50k,additive_kan_bce,bce_pos_weight,0.01,frozen_default,True,4.8297,0.9838271604938272,0.3272411835684184,0.8232711287477954,,,,3125.0
NSW,ru,nsw45,pa_holdout,0,global_conditional_density,22,909,onehot_l2,0.0,1e-06,9,"G=6,K=3",random_50k,50000,full_background_50k,maxnet,maxnet_default,,maxnet_classes_lq,True,1.7238,0.8093761160924078,0.5449153606273076,0.7000040244463007,,,10000.0,
NSW,ru,nsw45,pa_holdout,0,global_conditional_density,22,909,onehot_l2,0.0,1e-06,9,"G=6,K=3",random_50k,50000,full_background_50k,additive_kan_ipp,ipp,0.01,frozen_default,True,4.7791,0.7002575236376622,0.31772113199178564,0.4646826182874937,,,,
NSW,ru,nsw45,pa_holdout,0,global_conditional_density,22,909,onehot_l2,0.0,1e-06,9,"G=6,K=3",random_50k,50000,full_background_50k,gam_ipp,ipp,0.01,frozen_default,True,6.2787,0.6993552510385533,0.3174239567380794,0.46342483849995314,,,,
NSW,ru,nsw45,pa_holdout,0,global_conditional_density,22,909,onehot_l2,0.0,1e-06,9,"G=6,K=3",random_50k,50000,full_background_50k,additive_kan_bce,bce_pos_weight,0.01,frozen_default,True,5.0983,0.6495798793210398,0.3022240148081532,0.38934113762888856,,,,2272.7272727272725
NSW,ru,nsw46,pa_holdout,0,global_conditional_density,14,909,onehot_l2,0.0,1e-06,9,"G=6,K=3",random_50k,50000,full_background_50k,maxnet,maxnet_default,,maxnet_classes_lq,True,1.6078,0.9878413767302656,0.8081608825653045,0.9268568335284217,,,10000.0,
NSW,ru,nsw46,pa_holdout,0,global_conditional_density,14,909,onehot_l2,0.0,1e-06,9,"G=6,K=3",random_50k,50000,full_background_50k,additive_kan_ipp,ipp,0.01,frozen_default,True,4.8303,0.9774909589724405,0.5357863848443558,0.9114228174879748,,,,
NSW,ru,nsw46,pa_holdout,0,global_conditional_density,14,909,onehot_l2,0.0,1e-06,9,"G=6,K=3",random_50k,50000,full_background_50k,gam_ipp,ipp,0.01,frozen_default,True,9.4439,0.9774286070582368,0.5354626437293859,0.9104382365370639,,,,
NSW,ru,nsw46,pa_holdout,0,global_conditional_density,14,909,onehot_l2,0.0,1e-06,9,"G=6,K=3",random_50k,50000,full_background_50k,additive_kan_bce,bce_pos_weight,0.01,frozen_default,True,5.3006,0.9412644968200523,0.42427853676707666,0.8734973943277018,,,,3571.4285714285716
NSW,sr,nsw47,pa_holdout,0,global_conditional_density,41,1008,onehot_l2,0.0,1e-06,9,"G=6,K=3",random_50k,50000,full_background_50k,maxnet,maxnet_default,,maxnet_classes_lq,True,2.6529,0.8988720037599875,0.1601761934121283,0.8157228398336077,,,10000.0,
NSW,sr,nsw47,pa_holdout,0,global_conditional_density,41,1008,onehot_l2,0.0,1e-06,9,"G=6,K=3",random_50k,50000,full_background_50k,additive_kan_ipp,ipp,0.01,frozen_default,True,5.0566,0.9245652514491619,0.21492312859549612,0.8554709583904472,,,,
NSW,sr,nsw47,pa_holdout,0,global_conditional_density,41,1008,onehot_l2,0.0,1e-06,9,"G=6,K=3",random_50k,50000,full_background_50k,gam_ipp,ipp,0.01,frozen_default,True,6.0995,0.9246827510574965,0.21536258082926285,0.856027101737478,,,,
NSW,sr,nsw47,pa_holdout,0,global_conditional_density,41,1008,onehot_l2,0.0,1e-06,9,"G=6,K=3",random_50k,50000,full_background_50k,additive_kan_bce,bce_pos_weight,0.01,frozen_default,True,4.8384,0.9304793984020053,0.1748288459003229,0.8437178168869365,,,,1219.5121951219512
NSW,sr,nsw48,pa_holdout,0,global_conditional_density,79,1008,onehot_l2,0.0,1e-06,9,"G=6,K=3",random_50k,50000,full_background_50k,maxnet,maxnet_default,,maxnet_classes_lq,True,4.4224,0.860712425487586,0.3894101580166384,0.7866490547362815,,,10000.0,
NSW,sr,nsw48,pa_holdout,0,global_conditional_density,79,1008,onehot_l2,0.0,1e-06,9,"G=6,K=3",random_50k,50000,full_background_50k,additive_kan_ipp,ipp,0.01,frozen_default,True,4.777,0.9009057237108629,0.4911885805048465,0.8482530628472724,,,,
NSW,sr,nsw48,pa_holdout,0,global_conditional_density,79,1008,onehot_l2,0.0,1e-06,9,"G=6,K=3",random_50k,50000,full_background_50k,gam_ipp,ipp,0.01,frozen_default,True,6.5762,0.9012240291683546,0.4916300419873909,0.8519112066518104,,,,
NSW,sr,nsw48,pa_holdout,0,global_conditional_density,79,1008,onehot_l2,0.0,1e-06,9,"G=6,K=3",random_50k,50000,full_background_50k,additive_kan_bce,bce_pos_weight,0.01,frozen_default,True,5.1179,0.9075322645986458,0.4182812377220917,0.8388394392650486,,,,632.9113924050633
NSW,sr,nsw49,pa_holdout,0,global_conditional_density,110,1008,onehot_l2,0.0,1e-06,9,"G=6,K=3",random_50k,50000,full_background_50k,maxnet,maxnet_default,,maxnet_classes_lq,True,5.3456,0.693922745449288,0.29027472961675205,0.3911319875999229,,,10000.0,
NSW,sr,nsw49,pa_holdout,0,global_conditional_density,110,1008,onehot_l2,0.0,1e-06,9,"G=6,K=3",random_50k,50000,full_background_50k,additive_kan_ipp,ipp,0.01,frozen_default,True,4.8052,0.7554922385764965,0.3368026171028309,0.5192224673365178,,,,
NSW,sr,nsw49,pa_holdout,0,global_conditional_density,110,1008,onehot_l2,0.0,1e-06,9,"G=6,K=3",random_50k,50000,full_background_50k,gam_ipp,ipp,0.01,frozen_default,True,6.5879,0.7553300279989562,0.33577714319960056,0.5185999650042238,,,,
NSW,sr,nsw49,pa_holdout,0,global_conditional_density,110,1008,onehot_l2,0.0,1e-06,9,"G=6,K=3",random_50k,50000,full_background_50k,additive_kan_bce,bce_pos_weight,0.01,frozen_default,True,4.8481,0.7513100267294821,0.30392586236673635,0.5077601923620945,,,,454.54545454545456
NSW,sr,nsw50,pa_holdout,0,global_conditional_density,44,1008,onehot_l2,0.0,1e-06,9,"G=6,K=3",random_50k,50000,full_background_50k,maxnet,maxnet_default,,maxnet_classes_lq,True,2.422,0.7379746224731026,0.05063793732215843,0.5175936841553899,,,10000.0,
NSW,sr,nsw50,pa_holdout,0,global_conditional_density,44,1008,onehot_l2,0.0,1e-06,9,"G=6,K=3",random_50k,50000,full_background_50k,additive_kan_ipp,ipp,0.01,frozen_default,True,5.0796,0.7989096347758962,0.08674728910906543,0.6705050147991243,,,,
NSW,sr,nsw50,pa_holdout,0,global_conditional_density,44,1008,onehot_l2,0.0,1e-06,9,"G=6,K=3",random_50k,50000,full_background_50k,gam_ipp,ipp,0.01,frozen_default,True,6.0526,0.7988613885270421,0.08664969988561899,0.6733333969093594,,,,
NSW,sr,nsw50,pa_holdout,0,global_conditional_density,44,1008,onehot_l2,0.0,1e-06,9,"G=6,K=3",random_50k,50000,full_background_50k,additive_kan_bce,bce_pos_weight,0.01,frozen_default,True,4.883,0.8282433540792203,0.07893397874864141,0.6758110177763085,,,,1136.3636363636363
NSW,sr,nsw51,pa_holdout,0,global_conditional_density,63,1008,onehot_l2,0.0,1e-06,9,"G=6,K=3",random_50k,50000,full_background_50k,maxnet,maxnet_default,,maxnet_classes_lq,True,3.4522,0.6274118429807052,0.009521035951314514,0.2180142708594787,,,10000.0,
NSW,sr,nsw51,pa_holdout,0,global_conditional_density,63,1008,onehot_l2,0.0,1e-06,9,"G=6,K=3",random_50k,50000,full_background_50k,additive_kan_ipp,ipp,0.01,frozen_default,True,4.7629,0.7481703260146373,0.022921722262418065,0.44516476029975977,,,,
NSW,sr,nsw51,pa_holdout,0,global_conditional_density,63,1008,onehot_l2,0.0,1e-06,9,"G=6,K=3",random_50k,50000,full_background_50k,gam_ipp,ipp,0.01,frozen_default,True,6.2139,0.7476713240186293,0.02290070130230916,0.4449137652838036,,,,
NSW,sr,nsw51,pa_holdout,0,global_conditional_density,63,1008,onehot_l2,0.0,1e-06,9,"G=6,K=3",random_50k,50000,full_background_50k,additive_kan_bce,bce_pos_weight,0.01,frozen_default,True,5.1141,0.8263473053892216,0.021832840129358863,0.5472360667885786,,,,793.6507936507936
NSW,sr,nsw52,pa_holdout,0,global_conditional_density,186,1008,onehot_l2,0.0,1e-06,9,"G=6,K=3",random_50k,50000,full_background_50k,maxnet,maxnet_default,,maxnet_classes_lq,True,7.0432,0.7897695819404005,0.40677391969715154,0.6291019687376002,,,10000.0,
NSW,sr,nsw52,pa_holdout,0,global_conditional_density,186,1008,onehot_l2,0.0,1e-06,9,"G=6,K=3",random_50k,50000,full_background_50k,additive_kan_ipp,ipp,0.01,frozen_default,True,4.7897,0.8049893957367267,0.44830554722813915,0.6592580425917355,,,,
NSW,sr,nsw52,pa_holdout,0,global_conditional_density,186,1008,onehot_l2,0.0,1e-06,9,"G=6,K=3",random_50k,50000,full_background_50k,gam_ipp,ipp,0.01,frozen_default,True,6.5572,0.8050469103849888,0.44881786909265675,0.65905144367259,,,,
NSW,sr,nsw52,pa_holdout,0,global_conditional_density,186,1008,onehot_l2,0.0,1e-06,9,"G=6,K=3",random_50k,50000,full_background_50k,additive_kan_bce,bce_pos_weight,0.01,frozen_default,True,4.9062,0.8111075164455948,0.41744086894793586,0.6596473680958532,,,,268.81720430107526
NSW,sr,nsw53,pa_holdout,0,global_conditional_density,34,1008,onehot_l2,0.0,1e-06,9,"G=6,K=3",random_50k,50000,full_background_50k,maxnet,maxnet_default,,maxnet_classes_lq,True,2.1803,0.6516404273794691,0.08312115912082922,0.4391662464226538,,,10000.0,
NSW,sr,nsw53,pa_holdout,0,global_conditional_density,34,1008,onehot_l2,0.0,1e-06,9,"G=6,K=3",random_50k,50000,full_background_50k,additive_kan_ipp,ipp,0.01,frozen_default,True,4.9373,0.6890550081171896,0.07860486477238389,0.49693342835688015,,,,
NSW,sr,nsw53,pa_holdout,0,global_conditional_density,34,1008,onehot_l2,0.0,1e-06,9,"G=6,K=3",random_50k,50000,full_background_50k,gam_ipp,ipp,0.01,frozen_default,True,6.3352,0.6890172537471213,0.07866415776918992,0.4955396379016288,,,,
NSW,sr,nsw53,pa_holdout,0,global_conditional_density,34,1008,onehot_l2,0.0,1e-06,9,"G=6,K=3",random_50k,50000,full_background_50k,additive_kan_bce,bce_pos_weight,0.01,frozen_default,True,4.8876,0.7070638426397855,0.04988312304482071,0.421271280946697,,,,1470.5882352941176
NSW,sr,nsw54,pa_holdout,0,global_conditional_density,118,1008,onehot_l2,0.0,1e-06,9,"G=6,K=3",random_50k,50000,full_background_50k,maxnet,maxnet_default,,maxnet_classes_lq,True,4.7964,0.45427135678391956,0.012363585092763077,-0.1347723457573208,,,10000.0,
NSW,sr,nsw54,pa_holdout,0,global_conditional_density,118,1008,onehot_l2,0.0,1e-06,9,"G=6,K=3",random_50k,50000,full_background_50k,additive_kan_ipp,ipp,0.01,frozen_default,True,4.7457,0.54804793196753,0.016790639178408066,0.1456436767949104,,,,
NSW,sr,nsw54,pa_holdout,0,global_conditional_density,118,1008,onehot_l2,0.0,1e-06,9,"G=6,K=3",random_50k,50000,full_background_50k,gam_ipp,ipp,0.01,frozen_default,True,7.8149,0.5482025512176266,0.016802774494683873,0.14130330183439957,,,,
NSW,sr,nsw54,pa_holdout,0,global_conditional_density,118,1008,onehot_l2,0.0,1e-06,9,"G=6,K=3",random_50k,50000,full_background_50k,additive_kan_bce,bce_pos_weight,0.01,frozen_default,True,4.8554,0.5513722458446076,0.017447230242051425,0.13774524800973634,,,,423.728813559322
NZ,plant,nz01,pa_holdout,0,global_conditional_density,23,19120,onehot_l2,0.0,1e-06,9,"G=6,K=3",random_50k,50000,full_background_50k,maxnet,maxnet_default,,maxnet_classes_lq,True,1.7739,0.7344564570868758,0.0069109503098693115,0.30486059950601924,,,10000.0,
NZ,plant,nz01,pa_holdout,0,global_conditional_density,23,19120,onehot_l2,0.0,1e-06,9,"G=6,K=3",random_50k,50000,full_background_50k,additive_kan_ipp,ipp,0.01,frozen_default,True,4.1284,0.8283093345547424,0.00939284462298711,0.5595170952047607,,,,
NZ,plant,nz01,pa_holdout,0,global_conditional_density,23,19120,onehot_l2,0.0,1e-06,9,"G=6,K=3",random_50k,50000,full_background_50k,gam_ipp,ipp,0.01,frozen_default,True,5.9014,0.8326828694205624,0.009668166672360541,0.5756398707662587,,,,
NZ,plant,nz01,pa_holdout,0,global_conditional_density,23,19120,onehot_l2,0.0,1e-06,9,"G=6,K=3",random_50k,50000,full_background_50k,additive_kan_bce,bce_pos_weight,0.01,frozen_default,True,4.2063,0.731779853748994,0.005940564518270337,0.2717007853088999,,,,2173.913043478261
NZ,plant,nz02,pa_holdout,0,global_conditional_density,80,19120,onehot_l2,0.0,1e-06,9,"G=6,K=3",random_50k,50000,full_background_50k,maxnet,maxnet_default,,maxnet_classes_lq,True,3.5233,0.8007585897473412,0.5371963381859086,0.6370214429420262,,,10000.0,
NZ,plant,nz02,pa_holdout,0,global_conditional_density,80,19120,onehot_l2,0.0,1e-06,9,"G=6,K=3",random_50k,50000,full_background_50k,additive_kan_ipp,ipp,0.01,frozen_default,True,4.3233,0.7487770016734315,0.47197690389045976,0.5251846420250055,,,,
NZ,plant,nz02,pa_holdout,0,global_conditional_density,80,19120,onehot_l2,0.0,1e-06,9,"G=6,K=3",random_50k,50000,full_background_50k,gam_ipp,ipp,0.01,frozen_default,True,5.1027,0.7487938474571784,0.4719928651120979,0.5252357868784501,,,,
NZ,plant,nz02,pa_holdout,0,global_conditional_density,80,19120,onehot_l2,0.0,1e-06,9,"G=6,K=3",random_50k,50000,full_background_50k,additive_kan_bce,bce_pos_weight,0.01,frozen_default,True,4.3181,0.7390206872912567,0.47766422226838834,0.5104684747237654,,,,625.0
NZ,plant,nz03,pa_holdout,0,global_conditional_density,32,19120,onehot_l2,0.0,1e-06,9,"G=6,K=3",random_50k,50000,full_background_50k,maxnet,maxnet_default,,maxnet_classes_lq,True,2.1349,0.6591614575600733,0.026087227786929193,0.4490535773205167,,,10000.0,
NZ,plant,nz03,pa_holdout,0,global_conditional_density,32,19120,onehot_l2,0.0,1e-06,9,"G=6,K=3",random_50k,50000,full_background_50k,additive_kan_ipp,ipp,0.01,frozen_default,True,4.3175,0.6328586080136014,0.024111633977359076,0.40751099569170735,,,,
NZ,plant,nz03,pa_holdout,0,global_conditional_density,32,19120,onehot_l2,0.0,1e-06,9,"G=6,K=3",random_50k,50000,full_background_50k,gam_ipp,ipp,0.01,frozen_default,True,5.1868,0.63242954389265,0.024087126000336516,0.407261902275417,,,,
NZ,plant,nz03,pa_holdout,0,global_conditional_density,32,19120,onehot_l2,0.0,1e-06,9,"G=6,K=3",random_50k,50000,full_background_50k,additive_kan_bce,bce_pos_weight,0.01,frozen_default,True,4.3627,0.5990819978103104,0.0218567632744672,0.3061472538523941,,,,1562.5
NZ,plant,nz04,pa_holdout,0,global_conditional_density,48,19120,onehot_l2,0.0,1e-06,9,"G=6,K=3",random_50k,50000,full_background_50k,maxnet,maxnet_default,,maxnet_classes_lq,True,2.7027,0.7789717275076045,0.24460531898247428,0.613158751234841,,,10000.0,
NZ,plant,nz04,pa_holdout,0,global_conditional_density,48,19120,onehot_l2,0.0,1e-06,9,"G=6,K=3",random_50k,50000,full_background_50k,additive_kan_ipp,ipp,0.01,frozen_default,True,4.476,0.8102370831826984,0.24966109442027845,0.6698892286167987,,,,
NZ,plant,nz04,pa_holdout,0,global_conditional_density,48,19120,onehot_l2,0.0,1e-06,9,"G=6,K=3",random_50k,50000,full_background_50k,gam_ipp,ipp,0.01,frozen_default,True,5.496,0.8122295550710997,0.2511044268673373,0.6729455443416537,,,,
NZ,plant,nz04,pa_holdout,0,global_conditional_density,48,19120,onehot_l2,0.0,1e-06,9,"G=6,K=3",random_50k,50000,full_background_50k,additive_kan_bce,bce_pos_weight,0.01,frozen_default,True,4.2646,0.8166936413610335,0.24090535130719726,0.6656849158461128,,,,1041.6666666666667
NZ,plant,nz05,pa_holdout,0,global_conditional_density,211,19120,onehot_l2,0.0,1e-06,9,"G=6,K=3",random_50k,50000,full_background_50k,maxnet,maxnet_default,,maxnet_classes_lq,True,7.3248,0.7421681789095432,0.3147428242589745,0.5267324018168199,,,10000.0,
NZ,plant,nz05,pa_holdout,0,global_conditional_density,211,19120,onehot_l2,0.0,1e-06,9,"G=6,K=3",random_50k,50000,full_background_50k,additive_kan_ipp,ipp,0.01,frozen_default,True,4.1707,0.7277415148445063,0.29930470222995853,0.4913411476680514,,,,
NZ,plant,nz05,pa_holdout,0,global_conditional_density,211,19120,onehot_l2,0.0,1e-06,9,"G=6,K=3",random_50k,50000,full_background_50k,gam_ipp,ipp,0.01,frozen_default,True,6.5979,0.7279695598385061,0.299333224954823,0.4916186340953088,,,,
NZ,plant,nz05,pa_holdout,0,global_conditional_density,211,19120,onehot_l2,0.0,1e-06,9,"G=6,K=3",random_50k,50000,full_background_50k,additive_kan_bce,bce_pos_weight,0.01,frozen_default,True,4.2677,0.7032637379781125,0.29104725113537094,0.4514616908826785,,,,236.96682464454977
NZ,plant,nz06,pa_holdout,0,global_conditional_density,35,19120,onehot_l2,0.0,1e-06,9,"G=6,K=3",random_50k,50000,full_background_50k,maxnet,maxnet_default,,maxnet_classes_lq,True,2.3153,0.6505437763123854,0.10832186137911923,0.3143045036815112,,,10000.0,
NZ,plant,nz06,pa_holdout,0,global_conditional_density,35,19120,onehot_l2,0.0,1e-06,9,"G=6,K=3",random_50k,50000,full_background_50k,additive_kan_ipp,ipp,0.01,frozen_default,True,4.1255,0.6372654698330034,0.10200688065245836,0.2822773195919207,,,,
NZ,plant,nz06,pa_holdout,0,global_conditional_density,35,19120,onehot_l2,0.0,1e-06,9,"G=6,K=3",random_50k,50000,full_background_50k,gam_ipp,ipp,0.01,frozen_default,True,5.104,0.6372456199408407,0.10200412662420447,0.2821056564220173,,,,
NZ,plant,nz06,pa_holdout,0,global_conditional_density,35,19120,onehot_l2,0.0,1e-06,9,"G=6,K=3",random_50k,50000,full_background_50k,additive_kan_bce,bce_pos_weight,0.01,frozen_default,True,4.2674,0.632542261814828,0.10132081339116614,0.2851387893911558,,,,1428.5714285714287
NZ,plant,nz07,pa_holdout,0,global_conditional_density,65,19120,onehot_l2,0.0,1e-06,9,"G=6,K=3",random_50k,50000,full_background_50k,maxnet,maxnet_default,,maxnet_classes_lq,True,3.136,0.6980391275914914,0.00341176586463793,0.2676579618508474,,,10000.0,
NZ,plant,nz07,pa_holdout,0,global_conditional_density,65,19120,onehot_l2,0.0,1e-06,9,"G=6,K=3",random_50k,50000,full_background_50k,additive_kan_ipp,ipp,0.01,frozen_default,True,4.1234,0.8936496288419971,0.11359549855197174,0.8372512661589528,,,,
NZ,plant,nz07,pa_holdout,0,global_conditional_density,65,19120,onehot_l2,0.0,1e-06,9,"G=6,K=3",random_50k,50000,full_background_50k,gam_ipp,ipp,0.01,frozen_default,True,5.3954,0.894259905450806,0.1157570394283594,0.8383030249692244,,,,
NZ,plant,nz07,pa_holdout,0,global_conditional_density,65,19120,onehot_l2,0.0,1e-06,9,"G=6,K=3",random_50k,50000,full_background_50k,additive_kan_bce,bce_pos_weight,0.01,frozen_default,True,4.2521,0.8691524518393163,0.0181957752017968,0.7806603694910934,,,,769.2307692307693
NZ,plant,nz08,pa_holdout,0,global_conditional_density,124,19120,onehot_l2,0.0,1e-06,9,"G=6,K=3",random_50k,50000,full_background_50k,maxnet,maxnet_default,,maxnet_classes_lq,True,4.764,0.8308355143998658,0.32305178034742604,0.7199782154940214,,,10000.0,
NZ,plant,nz08,pa_holdout,0,global_conditional_density,124,19120,onehot_l2,0.0,1e-06,9,"G=6,K=3",random_50k,50000,full_background_50k,additive_kan_ipp,ipp,0.01,frozen_default,True,4.3312,0.7803027686589505,0.26371121310712103,0.629512188129455,,,,
NZ,plant,nz08,pa_holdout,0,global_conditional_density,124,19120,onehot_l2,0.0,1e-06,9,"G=6,K=3",random_50k,50000,full_background_50k,gam_ipp,ipp,0.01,frozen_default,True,5.4059,0.7802626548413742,0.26374790946364357,0.6294901302258284,,,,
NZ,plant,nz08,pa_holdout,0,global_conditional_density,124,19120,onehot_l2,0.0,1e-06,9,"G=6,K=3",random_50k,50000,full_background_50k,additive_kan_bce,bce_pos_weight,0.01,frozen_default,True,4.2463,0.8085949789697604,0.2801794304524161,0.6764846274200449,,,,403.2258064516129
NZ,plant,nz09,pa_holdout,0,global_conditional_density,36,19120,onehot_l2,0.0,1e-06,9,"G=6,K=3",random_50k,50000,full_background_50k,maxnet,maxnet_default,,maxnet_classes_lq,True,2.232,0.7387516457422297,0.033844361919022056,0.5771594743587067,,,10000.0,
NZ,plant,nz09,pa_holdout,0,global_conditional_density,36,19120,onehot_l2,0.0,1e-06,9,"G=6,K=3",random_50k,50000,full_background_50k,additive_kan_ipp,ipp,0.01,frozen_default,True,4.1616,0.7904698300183383,0.037569839644877895,0.6463726904927799,,,,
NZ,plant,nz09,pa_holdout,0,global_conditional_density,36,19120,onehot_l2,0.0,1e-06,9,"G=6,K=3",random_50k,50000,full_background_50k,gam_ipp,ipp,0.01,frozen_default,True,4.9945,0.7898676157113526,0.03748356328491072,0.6448546723847712,,,,
NZ,plant,nz09,pa_holdout,0,global_conditional_density,36,19120,onehot_l2,0.0,1e-06,9,"G=6,K=3",random_50k,50000,full_background_50k,additive_kan_bce,bce_pos_weight,0.01,frozen_default,True,4.2284,0.7603498083885832,0.027536146384035315,0.560760249671461,,,,1388.888888888889
NZ,plant,nz10,pa_holdout,0,global_conditional_density,27,19120,onehot_l2,0.0,1e-06,9,"G=6,K=3",random_50k,50000,full_background_50k,maxnet,maxnet_default,,maxnet_classes_lq,True,1.9866,0.6661071175716309,0.07636655255612804,0.31213912711186353,,,10000.0,
NZ,plant,nz10,pa_holdout,0,global_conditional_density,27,19120,onehot_l2,0.0,1e-06,9,"G=6,K=3",random_50k,50000,full_background_50k,additive_kan_ipp,ipp,0.01,frozen_default,True,4.1712,0.6174083464475142,0.08264102148302438,0.3087948171955669,,,,
NZ,plant,nz10,pa_holdout,0,global_conditional_density,27,19120,onehot_l2,0.0,1e-06,9,"G=6,K=3",random_50k,50000,full_background_50k,gam_ipp,ipp,0.01,frozen_default,True,4.9393,0.615279113481378,0.08220484471853422,0.3049352322459532,,,,
NZ,plant,nz10,pa_holdout,0,global_conditional_density,27,19120,onehot_l2,0.0,1e-06,9,"G=6,K=3",random_50k,50000,full_background_50k,additive_kan_bce,bce_pos_weight,0.01,frozen_default,True,4.247,0.6046327879376965,0.10104268434717997,0.3514222775177748,,,,1851.851851851852
NZ,plant,nz11,pa_holdout,0,global_conditional_density,21,19120,onehot_l2,0.0,1e-06,9,"G=6,K=3",random_50k,50000,full_background_50k,maxnet,maxnet_default,,maxnet_classes_lq,True,1.7996,0.8135151608738453,0.12914220762740664,0.6680926161235314,,,10000.0,
NZ,plant,nz11,pa_holdout,0,global_conditional_density,21,19120,onehot_l2,0.0,1e-06,9,"G=6,K=3",random_50k,50000,full_background_50k,additive_kan_ipp,ipp,0.01,frozen_default,True,4.0875,0.7957637945495942,0.11310575907888076,0.6356677796934311,,,,
NZ,plant,nz11,pa_holdout,0,global_conditional_density,21,19120,onehot_l2,0.0,1e-06,9,"G=6,K=3",random_50k,50000,full_background_50k,gam_ipp,ipp,0.01,frozen_default,True,5.1143,0.7964200913161541,0.1132868697856517,0.6365145573216762,,,,
NZ,plant,nz11,pa_holdout,0,global_conditional_density,21,19120,onehot_l2,0.0,1e-06,9,"G=6,K=3",random_50k,50000,full_background_50k,additive_kan_bce,bce_pos_weight,0.01,frozen_default,True,4.2172,0.838261029446049,0.11723664871913139,0.6839185574134732,,,,2380.9523809523807
NZ,plant,nz12,pa_holdout,0,global_conditional_density,25,19120,onehot_l2,0.0,1e-06,9,"G=6,K=3",random_50k,50000,full_background_50k,maxnet,maxnet_default,,maxnet_classes_lq,True,1.8539,0.5677946939631612,0.22803265996557456,0.16551639130580548,,,10000.0,
NZ,plant,nz12,pa_holdout,0,global_conditional_density,25,19120,onehot_l2,0.0,1e-06,9,"G=6,K=3",random_50k,50000,full_background_50k,additive_kan_ipp,ipp,0.01,frozen_default,True,4.1281,0.5408011293624959,0.21883388847324636,0.11277785440657088,,,,
NZ,plant,nz12,pa_holdout,0,global_conditional_density,25,19120,onehot_l2,0.0,1e-06,9,"G=6,K=3",random_50k,50000,full_background_50k,gam_ipp,ipp,0.01,frozen_default,True,5.2115,0.5400561020779763,0.21858424262402312,0.11128397320753593,,,,
NZ,plant,nz12,pa_holdout,0,global_conditional_density,25,19120,onehot_l2,0.0,1e-06,9,"G=6,K=3",random_50k,50000,full_background_50k,additive_kan_bce,bce_pos_weight,0.01,frozen_default,True,4.2762,0.45051010453930995,0.1833282611664446,-0.12347457200129629,,,,2000.0
NZ,plant,nz13,pa_holdout,0,global_conditional_density,21,19120,onehot_l2,0.0,1e-06,9,"G=6,K=3",random_50k,50000,full_background_50k,maxnet,maxnet_default,,maxnet_classes_lq,True,1.8019,0.6623658727179187,0.21655021822104145,0.3609588926207399,,,10000.0,
NZ,plant,nz13,pa_holdout,0,global_conditional_density,21,19120,onehot_l2,0.0,1e-06,9,"G=6,K=3",random_50k,50000,full_background_50k,additive_kan_ipp,ipp,0.01,frozen_default,True,4.1405,0.7132065796242996,0.2477675214149505,0.459151938491752,,,,
NZ,plant,nz13,pa_holdout,0,global_conditional_density,21,19120,onehot_l2,0.0,1e-06,9,"G=6,K=3",random_50k,50000,full_background_50k,gam_ipp,ipp,0.01,frozen_default,True,5.012,0.7132797730780462,0.2478118836761261,0.45925446968753986,,,,
NZ,plant,nz13,pa_holdout,0,global_conditional_density,21,19120,onehot_l2,0.0,1e-06,9,"G=6,K=3",random_50k,50000,full_background_50k,additive_kan_bce,bce_pos_weight,0.01,frozen_default,True,4.2822,0.667694912331929,0.22879214161390077,0.34688644326885054,,,,2380.9523809523807
NZ,plant,nz14,pa_holdout,0,global_conditional_density,19,19120,onehot_l2,0.0,1e-06,9,"G=6,K=3",random_50k,50000,full_background_50k,maxnet,maxnet_default,,maxnet_classes_lq,True,1.6306,0.46484738953799826,0.33271413145254736,-0.08258009041180672,,,10000.0,
NZ,plant,nz14,pa_holdout,0,global_conditional_density,19,19120,onehot_l2,0.0,1e-06,9,"G=6,K=3",random_50k,50000,full_background_50k,additive_kan_ipp,ipp,0.01,frozen_default,True,4.1395,0.4350710120468337,0.2994158066535336,-0.12800090427254096,,,,
NZ,plant,nz14,pa_holdout,0,global_conditional_density,19,19120,onehot_l2,0.0,1e-06,9,"G=6,K=3",random_50k,50000,full_background_50k,gam_ipp,ipp,0.01,frozen_default,True,5.1476,0.4349156027997927,0.29935497369375513,-0.12827353360407304,,,,
NZ,plant,nz14,pa_holdout,0,global_conditional_density,19,19120,onehot_l2,0.0,1e-06,9,"G=6,K=3",random_50k,50000,full_background_50k,additive_kan_bce,bce_pos_weight,0.01,frozen_default,True,4.4552,0.4857219894399001,0.3214267403796363,-0.022467928294861318,,,,2631.5789473684213
NZ,plant,nz15,pa_holdout,0,global_conditional_density,32,19120,onehot_l2,0.0,1e-06,9,"G=6,K=3",random_50k,50000,full_background_50k,maxnet,maxnet_default,,maxnet_classes_lq,True,2.1401,0.901729198836999,0.018484859772596646,0.8046388754483902,,,10000.0,
NZ,plant,nz15,pa_holdout,0,global_conditional_density,32,19120,onehot_l2,0.0,1e-06,9,"G=6,K=3",random_50k,50000,full_background_50k,additive_kan_ipp,ipp,0.01,frozen_default,True,4.1108,0.9065222439455568,0.03931193246912695,0.8537995741727391,,,,
NZ,plant,nz15,pa_holdout,0,global_conditional_density,32,19120,onehot_l2,0.0,1e-06,9,"G=6,K=3",random_50k,50000,full_background_50k,gam_ipp,ipp,0.01,frozen_default,True,5.3265,0.9059390312676904,0.03924596977732186,0.8528247081948017,,,,
NZ,plant,nz15,pa_holdout,0,global_conditional_density,32,19120,onehot_l2,0.0,1e-06,9,"G=6,K=3",random_50k,50000,full_background_50k,additive_kan_bce,bce_pos_weight,0.01,frozen_default,True,4.2171,0.8748018949596512,0.056844155164257885,0.8225404368623799,,,,1562.5
NZ,plant,nz16,pa_holdout,0,global_conditional_density,40,19120,onehot_l2,0.0,1e-06,9,"G=6,K=3",random_50k,50000,full_background_50k,maxnet,maxnet_default,,maxnet_classes_lq,True,2.3476,0.5774498573206456,0.07036008642646782,0.20026191620174705,,,10000.0,
NZ,plant,nz16,pa_holdout,0,global_conditional_density,40,19120,onehot_l2,0.0,1e-06,9,"G=6,K=3",random_50k,50000,full_background_50k,additive_kan_ipp,ipp,0.01,frozen_default,True,4.12,0.5575940719358395,0.06616823111745283,0.14482238178187,,,,
NZ,plant,nz16,pa_holdout,0,global_conditional_density,40,19120,onehot_l2,0.0,1e-06,9,"G=6,K=3",random_50k,50000,full_background_50k,gam_ipp,ipp,0.01,frozen_default,True,5.1376,0.5576182833867243,0.06617449283194386,0.14491230484977977,,,,
NZ,plant,nz16,pa_holdout,0,global_conditional_density,40,19120,onehot_l2,0.0,1e-06,9,"G=6,K=3",random_50k,50000,full_background_50k,additive_kan_bce,bce_pos_weight,0.01,frozen_default,True,4.3865,0.5857591253213241,0.0684145414227521,0.19328203382858022,,,,1250.0
NZ,plant,nz17,pa_holdout,0,global_conditional_density,94,19120,onehot_l2,0.0,1e-06,9,"G=6,K=3",random_50k,50000,full_background_50k,maxnet,maxnet_default,,maxnet_classes_lq,True,3.8768,0.7340738193668155,0.5158189050500573,0.4990609157305522,,,10000.0,
NZ,plant,nz17,pa_holdout,0,global_conditional_density,94,19120,onehot_l2,0.0,1e-06,9,"G=6,K=3",random_50k,50000,full_background_50k,additive_kan_ipp,ipp,0.01,frozen_default,True,4.129,0.6668020138155941,0.40005129040429344,0.35651831175506576,,,,
NZ,plant,nz17,pa_holdout,0,global_conditional_density,94,19120,onehot_l2,0.0,1e-06,9,"G=6,K=3",random_50k,50000,full_background_50k,gam_ipp,ipp,0.01,frozen_default,True,4.991,0.6668260800615393,0.4005152250774575,0.3564902434842096,,,,
NZ,plant,nz17,pa_holdout,0,global_conditional_density,94,19120,onehot_l2,0.0,1e-06,9,"G=6,K=3",random_50k,50000,full_background_50k,additive_kan_bce,bce_pos_weight,0.01,frozen_default,True,4.2603,0.6278549165964303,0.3560307757040201,0.28470830840323424,,,,531.9148936170212
NZ,plant,nz18,pa_holdout,0,global_conditional_density,43,19120,onehot_l2,0.0,1e-06,9,"G=6,K=3",random_50k,50000,full_background_50k,maxnet,maxnet_default,,maxnet_classes_lq,True,2.4056,0.9538083046222251,0.2855515680216974,0.9211757172907743,,,10000.0,
NZ,plant,nz18,pa_holdout,0,global_conditional_density,43,19120,onehot_l2,0.0,1e-06,9,"G=6,K=3",random_50k,50000,full_background_50k,additive_kan_ipp,ipp,0.01,frozen_default,True,4.192,0.9449868297668342,0.280497768500273,0.912120357347837,,,,
NZ,plant,nz18,pa_holdout,0,global_conditional_density,43,19120,onehot_l2,0.0,1e-06,9,"G=6,K=3",random_50k,50000,full_background_50k,gam_ipp,ipp,0.01,frozen_default,True,6.7767,0.9451123157484379,0.2806022340384925,0.9123047011738128,,,,
NZ,plant,nz18,pa_holdout,0,global_conditional_density,43,19120,onehot_l2,0.0,1e-06,9,"G=6,K=3",random_50k,50000,full_background_50k,additive_kan_bce,bce_pos_weight,0.01,frozen_default,True,4.2404,0.9326861480755656,0.24025188689664181,0.8933284557422909,,,,1162.7906976744187
NZ,plant,nz19,pa_holdout,0,global_conditional_density,127,19120,onehot_l2,0.0,1e-06,9,"G=6,K=3",random_50k,50000,full_background_50k,maxnet,maxnet_default,,maxnet_classes_lq,True,5.0398,0.7073219159388646,0.08462421987514751,0.4911137377029701,,,10000.0,
NZ,plant,nz19,pa_holdout,0,global_conditional_density,127,19120,onehot_l2,0.0,1e-06,9,"G=6,K=3",random_50k,50000,full_background_50k,additive_kan_ipp,ipp,0.01,frozen_default,True,4.2294,0.6549991812227074,0.06501134906843678,0.352846338971581,,,,
NZ,plant,nz19,pa_holdout,0,global_conditional_density,127,19120,onehot_l2,0.0,1e-06,9,"G=6,K=3",random_50k,50000,full_background_50k,gam_ipp,ipp,0.01,frozen_default,True,5.1422,0.6550044350436681,0.06504515492103799,0.3528940212661007,,,,
NZ,plant,nz19,pa_holdout,0,global_conditional_density,127,19120,onehot_l2,0.0,1e-06,9,"G=6,K=3",random_50k,50000,full_background_50k,additive_kan_bce,bce_pos_weight,0.01,frozen_default,True,4.2576,0.6208339929039302,0.06012432320944594,0.3017879131548593,,,,393.7007874015748
NZ,plant,nz20,pa_holdout,0,global_conditional_density,33,19120,onehot_l2,0.0,1e-06,9,"G=6,K=3",random_50k,50000,full_background_50k,maxnet,maxnet_default,,maxnet_classes_lq,True,2.1261,0.9596369431099244,0.3209999044807335,0.934623398918732,,,10000.0,
NZ,plant,nz20,pa_holdout,0,global_conditional_density,33,19120,onehot_l2,0.0,1e-06,9,"G=6,K=3",random_50k,50000,full_background_50k,additive_kan_ipp,ipp,0.01,frozen_default,True,4.2534,0.9440297789954042,0.2174012459647757,0.9002227669304574,,,,
NZ,plant,nz20,pa_holdout,0,global_conditional_density,33,19120,onehot_l2,0.0,1e-06,9,"G=6,K=3",random_50k,50000,full_background_50k,gam_ipp,ipp,0.01,frozen_default,True,5.1548,0.9439963808561865,0.2173708547046449,0.9002243347601281,,,,
NZ,plant,nz20,pa_holdout,0,global_conditional_density,33,19120,onehot_l2,0.0,1e-06,9,"G=6,K=3",random_50k,50000,full_background_50k,additive_kan_bce,bce_pos_weight,0.01,frozen_default,True,4.3434,0.9141445167845891,0.1739860327770743,0.8571114695205626,,,,1515.1515151515152
NZ,plant,nz21,pa_holdout,0,global_conditional_density,21,19120,onehot_l2,0.0,1e-06,9,"G=6,K=3",random_50k,50000,full_background_50k,maxnet,maxnet_default,,maxnet_classes_lq,True,1.6968,0.6789356985631521,0.0832636794099828,0.4419806534906161,,,10000.0,
NZ,plant,nz21,pa_holdout,0,global_conditional_density,21,19120,onehot_l2,0.0,1e-06,9,"G=6,K=3",random_50k,50000,full_background_50k,additive_kan_ipp,ipp,0.01,frozen_default,True,4.0893,0.7279698943656938,0.11456616700285804,0.5474297117637008,,,,
NZ,plant,nz21,pa_holdout,0,global_conditional_density,21,19120,onehot_l2,0.0,1e-06,9,"G=6,K=3",random_50k,50000,full_background_50k,gam_ipp,ipp,0.01,frozen_default,True,4.9854,0.7280275289088891,0.114479334184718,0.5474934645102726,,,,
NZ,plant,nz21,pa_holdout,0,global_conditional_density,21,19120,onehot_l2,0.0,1e-06,9,"G=6,K=3",random_50k,50000,full_background_50k,additive_kan_bce,bce_pos_weight,0.01,frozen_default,True,4.2579,0.6865101900731353,0.08736355178452583,0.44995446422786994,,,,2380.9523809523807
NZ,plant,nz22,pa_holdout,0,global_conditional_density,130,19120,onehot_l2,0.0,1e-06,9,"G=6,K=3",random_50k,50000,full_background_50k,maxnet,maxnet_default,,maxnet_classes_lq,True,4.9854,0.5566462573821996,0.039754126095660994,0.0880185058710429,,,10000.0,
NZ,plant,nz22,pa_holdout,0,global_conditional_density,130,19120,onehot_l2,0.0,1e-06,9,"G=6,K=3",random_50k,50000,full_background_50k,additive_kan_ipp,ipp,0.01,frozen_default,True,4.1209,0.6058643074601627,0.04447768293210219,0.15611755016119142,,,,
NZ,plant,nz22,pa_holdout,0,global_conditional_density,130,19120,onehot_l2,0.0,1e-06,9,"G=6,K=3",random_50k,50000,full_background_50k,gam_ipp,ipp,0.01,frozen_default,True,5.1259,0.6060413298444385,0.0444844251296048,0.1565566082253361,,,,
NZ,plant,nz22,pa_holdout,0,global_conditional_density,130,19120,onehot_l2,0.0,1e-06,9,"G=6,K=3",random_50k,50000,full_background_50k,additive_kan_bce,bce_pos_weight,0.01,frozen_default,True,4.3031,0.6338361278274858,0.04588896498255408,0.19468641497382813,,,,384.61538461538464
NZ,plant,nz23,pa_holdout,0,global_conditional_density,23,19120,onehot_l2,0.0,1e-06,9,"G=6,K=3",random_50k,50000,full_background_50k,maxnet,maxnet_default,,maxnet_classes_lq,True,1.815,0.35324325172927734,0.11802115337516564,-0.39377701965681566,,,10000.0,
NZ,plant,nz23,pa_holdout,0,global_conditional_density,23,19120,onehot_l2,0.0,1e-06,9,"G=6,K=3",random_50k,50000,full_background_50k,additive_kan_ipp,ipp,0.01,frozen_default,True,4.1131,0.5191331521260524,0.15922225277301186,0.02338152318031491,,,,
NZ,plant,nz23,pa_holdout,0,global_conditional_density,23,19120,onehot_l2,0.0,1e-06,9,"G=6,K=3",random_50k,50000,full_background_50k,gam_ipp,ipp,0.01,frozen_default,True,5.1593,0.5191040180059282,0.1591899541396513,0.02321507972285049,,,,
NZ,plant,nz23,pa_holdout,0,global_conditional_density,23,19120,onehot_l2,0.0,1e-06,9,"G=6,K=3",random_50k,50000,full_background_50k,additive_kan_bce,bce_pos_weight,0.01,frozen_default,True,4.4478,0.5221469906928509,0.16933748048135625,0.04013513525843569,,,,2173.913043478261
NZ,plant,nz24,pa_holdout,0,global_conditional_density,22,19120,onehot_l2,0.0,1e-06,9,"G=6,K=3",random_50k,50000,full_background_50k,maxnet,maxnet_default,,maxnet_classes_lq,True,1.7245,0.7292287513116474,0.024605621504795894,0.6097696928917621,,,10000.0,
NZ,plant,nz24,pa_holdout,0,global_conditional_density,22,19120,onehot_l2,0.0,1e-06,9,"G=6,K=3",random_50k,50000,full_background_50k,additive_kan_ipp,ipp,0.01,frozen_default,True,4.0991,0.7432292759706192,0.024982418084128193,0.6152685542979238,,,,
NZ,plant,nz24,pa_holdout,0,global_conditional_density,22,19120,onehot_l2,0.0,1e-06,9,"G=6,K=3",random_50k,50000,full_background_50k,gam_ipp,ipp,0.01,frozen_default,True,4.9991,0.7451460300804478,0.025232351498093296,0.6177600139759719,,,,
NZ,plant,nz24,pa_holdout,0,global_conditional_density,22,19120,onehot_l2,0.0,1e-06,9,"G=6,K=3",random_50k,50000,full_background_50k,additive_kan_bce,bce_pos_weight,0.01,frozen_default,True,4.1848,0.789798880727527,0.03585580988746911,0.6794314536047048,,,,2272.7272727272725
NZ,plant,nz25,pa_holdout,0,global_conditional_density,113,19120,onehot_l2,0.0,1e-06,9,"G=6,K=3",random_50k,50000,full_background_50k,maxnet,maxnet_default,,maxnet_classes_lq,True,4.4899,0.8670212222982145,0.10612383874545894,0.7634319636569014,,,10000.0,
NZ,plant,nz25,pa_holdout,0,global_conditional_density,113,19120,onehot_l2,0.0,1e-06,9,"G=6,K=3",random_50k,50000,full_background_50k,additive_kan_ipp,ipp,0.01,frozen_default,True,4.1566,0.8472940024865652,0.10959638344558684,0.7456748913082731,,,,
NZ,plant,nz25,pa_holdout,0,global_conditional_density,113,19120,onehot_l2,0.0,1e-06,9,"G=6,K=3",random_50k,50000,full_background_50k,gam_ipp,ipp,0.01,frozen_default,True,8.0661,0.8471704096312861,0.10952154900841007,0.7453962716905362,,,,
NZ,plant,nz25,pa_holdout,0,global_conditional_density,113,19120,onehot_l2,0.0,1e-06,9,"G=6,K=3",random_50k,50000,full_background_50k,additive_kan_bce,bce_pos_weight,0.01,frozen_default,True,4.1267,0.7966805329947373,0.08758968033203668,0.6540808216215401,,,,442.4778761061947
NZ,plant,nz26,pa_holdout,0,global_conditional_density,22,19120,onehot_l2,0.0,1e-06,9,"G=6,K=3",random_50k,50000,full_background_50k,maxnet,maxnet_default,,maxnet_classes_lq,True,1.7174,0.8626867969939803,0.14343046417143165,0.8065241842089823,,,10000.0,
NZ,plant,nz26,pa_holdout,0,global_conditional_density,22,19120,onehot_l2,0.0,1e-06,9,"G=6,K=3",random_50k,50000,full_background_50k,additive_kan_ipp,ipp,0.01,frozen_default,True,3.9408,0.8918884999185566,0.08045340476480878,0.8210478510439712,,,,
NZ,plant,nz26,pa_holdout,0,global_conditional_density,22,19120,onehot_l2,0.0,1e-06,9,"G=6,K=3",random_50k,50000,full_background_50k,gam_ipp,ipp,0.01,frozen_default,True,5.9004,0.8919474685330121,0.08048088497489465,0.8212033968824558,,,,
NZ,plant,nz26,pa_holdout,0,global_conditional_density,22,19120,onehot_l2,0.0,1e-06,9,"G=6,K=3",random_50k,50000,full_background_50k,additive_kan_bce,bce_pos_weight,0.01,frozen_default,True,4.0281,0.8849268655666906,0.11893312092819083,0.8304641508893063,,,,2272.7272727272725
NZ,plant,nz27,pa_holdout,0,global_conditional_density,40,19120,onehot_l2,0.0,1e-06,9,"G=6,K=3",random_50k,50000,full_background_50k,maxnet,maxnet_default,,maxnet_classes_lq,True,2.2132,0.5371328359077905,0.05905321878204223,0.03144082312428867,,,10000.0,
NZ,plant,nz27,pa_holdout,0,global_conditional_density,40,19120,onehot_l2,0.0,1e-06,9,"G=6,K=3",random_50k,50000,full_background_50k,additive_kan_ipp,ipp,0.01,frozen_default,True,4.1047,0.5806381559557603,0.07009413360886972,0.18673610945505065,,,,
NZ,plant,nz27,pa_holdout,0,global_conditional_density,40,19120,onehot_l2,0.0,1e-06,9,"G=6,K=3",random_50k,50000,full_background_50k,gam_ipp,ipp,0.01,frozen_default,True,4.5842,0.5806979368685358,0.07010302223065194,0.18690273946504618,,,,
NZ,plant,nz27,pa_holdout,0,global_conditional_density,40,19120,onehot_l2,0.0,1e-06,9,"G=6,K=3",random_50k,50000,full_background_50k,additive_kan_bce,bce_pos_weight,0.01,frozen_default,True,3.9877,0.5469765161235216,0.06510350029236085,0.11754841461972715,,,,1250.0
NZ,plant,nz28,pa_holdout,0,global_conditional_density,18,19120,onehot_l2,0.0,1e-06,9,"G=6,K=3",random_50k,50000,full_background_50k,maxnet,maxnet_default,,maxnet_classes_lq,True,1.6473,0.7679698809982967,0.013875905924416593,0.6233219356575993,,,10000.0,
NZ,plant,nz28,pa_holdout,0,global_conditional_density,18,19120,onehot_l2,0.0,1e-06,9,"G=6,K=3",random_50k,50000,full_background_50k,additive_kan_ipp,ipp,0.01,frozen_default,True,3.9129,0.6298786856637295,0.01793392039828478,0.3536721552763916,,,,
NZ,plant,nz28,pa_holdout,0,global_conditional_density,18,19120,onehot_l2,0.0,1e-06,9,"G=6,K=3",random_50k,50000,full_background_50k,gam_ipp,ipp,0.01,frozen_default,True,4.4141,0.6302681817455662,0.017748262263859768,0.35571426687119,,,,
NZ,plant,nz28,pa_holdout,0,global_conditional_density,18,19120,onehot_l2,0.0,1e-06,9,"G=6,K=3",random_50k,50000,full_background_50k,additive_kan_bce,bce_pos_weight,0.01,frozen_default,True,4.096,0.6475452237662598,0.0074037531497355424,0.3740030436239243,,,,2777.777777777778
NZ,plant,nz29,pa_holdout,0,global_conditional_density,21,19120,onehot_l2,0.0,1e-06,9,"G=6,K=3",random_50k,50000,full_background_50k,maxnet,maxnet_default,,maxnet_classes_lq,True,1.645,0.6137532889053521,0.24282093854633172,0.251415949798931,,,10000.0,
NZ,plant,nz29,pa_holdout,0,global_conditional_density,21,19120,onehot_l2,0.0,1e-06,9,"G=6,K=3",random_50k,50000,full_background_50k,additive_kan_ipp,ipp,0.01,frozen_default,True,3.9753,0.6825599769856473,0.28254127785302996,0.4171793790582642,,,,
NZ,plant,nz29,pa_holdout,0,global_conditional_density,21,19120,onehot_l2,0.0,1e-06,9,"G=6,K=3",random_50k,50000,full_background_50k,gam_ipp,ipp,0.01,frozen_default,True,5.907,0.682576641799833,0.2825742633685486,0.41722560249462826,,,,
NZ,plant,nz29,pa_holdout,0,global_conditional_density,21,19120,onehot_l2,0.0,1e-06,9,"G=6,K=3",random_50k,50000,full_background_50k,additive_kan_bce,bce_pos_weight,0.01,frozen_default,True,3.9913,0.6182701674875825,0.2416226000911891,0.2792245976634015,,,,2380.9523809523807
NZ,plant,nz30,pa_holdout,0,global_conditional_density,101,19120,onehot_l2,0.0,1e-06,9,"G=6,K=3",random_50k,50000,full_background_50k,maxnet,maxnet_default,,maxnet_classes_lq,True,4.1165,0.7974358359153564,0.6303708926323639,0.60003953094859,,,10000.0,
NZ,plant,nz30,pa_holdout,0,global_conditional_density,101,19120,onehot_l2,0.0,1e-06,9,"G=6,K=3",random_50k,50000,full_background_50k,additive_kan_ipp,ipp,0.01,frozen_default,True,3.9176,0.7907914364466465,0.6164583268918105,0.5915365804646684,,,,
NZ,plant,nz30,pa_holdout,0,global_conditional_density,101,19120,onehot_l2,0.0,1e-06,9,"G=6,K=3",random_50k,50000,full_background_50k,gam_ipp,ipp,0.01,frozen_default,True,4.5978,0.790641026671274,0.6161079487963835,0.5913501677203514,,,,
NZ,plant,nz30,pa_holdout,0,global_conditional_density,101,19120,onehot_l2,0.0,1e-06,9,"G=6,K=3",random_50k,50000,full_background_50k,additive_kan_bce,bce_pos_weight,0.01,frozen_default,True,3.9926,0.776278626589537,0.5993207591691962,0.564139575199876,,,,495.0495049504951
NZ,plant,nz31,pa_holdout,0,global_conditional_density,47,19120,onehot_l2,0.0,1e-06,9,"G=6,K=3",random_50k,50000,full_background_50k,maxnet,maxnet_default,,maxnet_classes_lq,True,2.4685,0.9415981675392671,0.01364104730856465,0.8398585128255739,,,10000.0,
NZ,plant,nz31,pa_holdout,0,global_conditional_density,47,19120,onehot_l2,0.0,1e-06,9,"G=6,K=3",random_50k,50000,full_background_50k,additive_kan_ipp,ipp,0.01,frozen_default,True,4.3536,0.9269777486910995,0.014924971964391702,0.8094358052973666,,,,
NZ,plant,nz31,pa_holdout,0,global_conditional_density,47,19120,onehot_l2,0.0,1e-06,9,"G=6,K=3",random_50k,50000,full_background_50k,gam_ipp,ipp,0.01,frozen_default,True,6.0808,0.9271086387434555,0.0144520421518683,0.8060244228120222,,,,
NZ,plant,nz31,pa_holdout,0,global_conditional_density,47,19120,onehot_l2,0.0,1e-06,9,"G=6,K=3",random_50k,50000,full_background_50k,additive_kan_bce,bce_pos_weight,0.01,frozen_default,True,4.1003,0.900184554973822,0.008913887287535761,0.7625451098184525,,,,1063.8297872340424
NZ,plant,nz32,pa_holdout,0,global_conditional_density,105,19120,onehot_l2,0.0,1e-06,9,"G=6,K=3",random_50k,50000,full_background_50k,maxnet,maxnet_default,,maxnet_classes_lq,True,4.3219,0.7523618611397768,0.12859671875678197,0.5335552863721722,,,10000.0,
NZ,plant,nz32,pa_holdout,0,global_conditional_density,105,19120,onehot_l2,0.0,1e-06,9,"G=6,K=3",random_50k,50000,full_background_50k,additive_kan_ipp,ipp,0.01,frozen_default,True,3.965,0.7547418798449237,0.13998796396013047,0.5689728246818038,,,,
NZ,plant,nz32,pa_holdout,0,global_conditional_density,105,19120,onehot_l2,0.0,1e-06,9,"G=6,K=3",random_50k,50000,full_background_50k,gam_ipp,ipp,0.01,frozen_default,True,4.3493,0.7550924213871744,0.14020039618175312,0.5696727423393397,,,,
NZ,plant,nz32,pa_holdout,0,global_conditional_density,105,19120,onehot_l2,0.0,1e-06,9,"G=6,K=3",random_50k,50000,full_background_50k,additive_kan_bce,bce_pos_weight,0.01,frozen_default,True,4.07,0.6656120385328608,0.10097859611284402,0.39215069372497624,,,,476.1904761904762
NZ,plant,nz33,pa_holdout,0,global_conditional_density,19,19120,onehot_l2,0.0,1e-06,9,"G=6,K=3",random_50k,50000,full_background_50k,maxnet,maxnet_default,,maxnet_classes_lq,True,1.6777,0.7734874265495914,0.100957473190036,0.5873423072321131,,,10000.0,
NZ,plant,nz33,pa_holdout,0,global_conditional_density,19,19120,onehot_l2,0.0,1e-06,9,"G=6,K=3",random_50k,50000,full_background_50k,additive_kan_ipp,ipp,0.01,frozen_default,True,3.9406,0.8343587991671159,0.11970168154575665,0.6829159604340027,,,,
NZ,plant,nz33,pa_holdout,0,global_conditional_density,19,19120,onehot_l2,0.0,1e-06,9,"G=6,K=3",random_50k,50000,full_background_50k,gam_ipp,ipp,0.01,frozen_default,True,4.6812,0.8344097670008969,0.11974445168653912,0.683045330368439,,,,
NZ,plant,nz33,pa_holdout,0,global_conditional_density,19,19120,onehot_l2,0.0,1e-06,9,"G=6,K=3",random_50k,50000,full_background_50k,additive_kan_bce,bce_pos_weight,0.01,frozen_default,True,4.0335,0.8586195578659113,0.13915012521960224,0.731725963785935,,,,2631.5789473684213
NZ,plant,nz34,pa_holdout,0,global_conditional_density,42,19120,onehot_l2,0.0,1e-06,9,"G=6,K=3",random_50k,50000,full_background_50k,maxnet,maxnet_default,,maxnet_classes_lq,True,2.2656,0.5077288249260146,0.026961729961795158,-0.04147391125065599,,,10000.0,
NZ,plant,nz34,pa_holdout,0,global_conditional_density,42,19120,onehot_l2,0.0,1e-06,9,"G=6,K=3",random_50k,50000,full_background_50k,additive_kan_ipp,ipp,0.01,frozen_default,True,3.9691,0.5751169479987956,0.032101993261918815,0.12383956982150535,,,,
NZ,plant,nz34,pa_holdout,0,global_conditional_density,42,19120,onehot_l2,0.0,1e-06,9,"G=6,K=3",random_50k,50000,full_background_50k,gam_ipp,ipp,0.01,frozen_default,True,4.5892,0.5752567979361858,0.03210511700547067,0.1239121638069335,,,,
NZ,plant,nz34,pa_holdout,0,global_conditional_density,42,19120,onehot_l2,0.0,1e-06,9,"G=6,K=3",random_50k,50000,full_background_50k,additive_kan_bce,bce_pos_weight,0.01,frozen_default,True,4.017,0.5954622927087401,0.034534251256882705,0.19616633743312087,,,,1190.4761904761904
NZ,plant,nz35,pa_holdout,0,global_conditional_density,24,19120,onehot_l2,0.0,1e-06,9,"G=6,K=3",random_50k,50000,full_background_50k,maxnet,maxnet_default,,maxnet_classes_lq,True,1.8558,0.7749913811288243,0.7996545808921256,0.48119888002468203,,,10000.0,
NZ,plant,nz35,pa_holdout,0,global_conditional_density,24,19120,onehot_l2,0.0,1e-06,9,"G=6,K=3",random_50k,50000,full_background_50k,additive_kan_ipp,ipp,0.01,frozen_default,True,3.888,0.8111634129673976,0.834277123303095,0.5592776872208896,,,,
NZ,plant,nz35,pa_holdout,0,global_conditional_density,24,19120,onehot_l2,0.0,1e-06,9,"G=6,K=3",random_50k,50000,full_background_50k,gam_ipp,ipp,0.01,frozen_default,True,4.6357,0.8116317854871127,0.8345581733938925,0.5603422923276498,,,,
NZ,plant,nz35,pa_holdout,0,global_conditional_density,24,19120,onehot_l2,0.0,1e-06,9,"G=6,K=3",random_50k,50000,full_background_50k,additive_kan_bce,bce_pos_weight,0.01,frozen_default,True,4.038,0.7565436044932197,0.8032954348041531,0.4192137236066391,,,,2083.3333333333335
NZ,plant,nz36,pa_holdout,0,global_conditional_density,170,19120,onehot_l2,0.0,1e-06,9,"G=6,K=3",random_50k,50000,full_background_50k,maxnet,maxnet_default,,maxnet_classes_lq,True,5.95,0.6005613833234077,0.4317397275176694,0.19107206793303222,,,10000.0,
NZ,plant,nz36,pa_holdout,0,global_conditional_density,170,19120,onehot_l2,0.0,1e-06,9,"G=6,K=3",random_50k,50000,full_background_50k,additive_kan_ipp,ipp,0.01,frozen_default,True,3.9775,0.6488099179025424,0.4763462386027637,0.29919677636343556,,,,
NZ,plant,nz36,pa_holdout,0,global_conditional_density,170,19120,onehot_l2,0.0,1e-06,9,"G=6,K=3",random_50k,50000,full_background_50k,gam_ipp,ipp,0.01,frozen_default,True,4.6366,0.6480446867213107,0.47592890424682965,0.29748370174738503,,,,
NZ,plant,nz36,pa_holdout,0,global_conditional_density,170,19120,onehot_l2,0.0,1e-06,9,"G=6,K=3",random_50k,50000,full_background_50k,additive_kan_bce,bce_pos_weight,0.01,frozen_default,True,4.2372,0.5896213582949256,0.4401865500938176,0.17543271620336637,,,,294.11764705882354
NZ,plant,nz37,pa_holdout,0,global_conditional_density,22,19120,onehot_l2,0.0,1e-06,9,"G=6,K=3",random_50k,50000,full_background_50k,maxnet,maxnet_default,,maxnet_classes_lq,True,1.6722,0.5442988618170208,0.14322684204919417,0.10960239588883737,,,10000.0,
NZ,plant,nz37,pa_holdout,0,global_conditional_density,22,19120,onehot_l2,0.0,1e-06,9,"G=6,K=3",random_50k,50000,full_background_50k,additive_kan_ipp,ipp,0.01,frozen_default,True,3.9231,0.5043530910284173,0.13202061987015995,0.018848416911472113,,,,
NZ,plant,nz37,pa_holdout,0,global_conditional_density,22,19120,onehot_l2,0.0,1e-06,9,"G=6,K=3",random_50k,50000,full_background_50k,gam_ipp,ipp,0.01,frozen_default,True,4.5487,0.5044692537897016,0.13202389253956118,0.019071172250631364,,,,
NZ,plant,nz37,pa_holdout,0,global_conditional_density,22,19120,onehot_l2,0.0,1e-06,9,"G=6,K=3",random_50k,50000,full_background_50k,additive_kan_bce,bce_pos_weight,0.01,frozen_default,True,4.0104,0.4950113878066311,0.13209725010054296,-0.018227231546566944,,,,2272.7272727272725
NZ,plant,nz38,pa_holdout,0,global_conditional_density,147,19120,onehot_l2,0.0,1e-06,9,"G=6,K=3",random_50k,50000,full_background_50k,maxnet,maxnet_default,,maxnet_classes_lq,True,5.4862,0.8306713648413127,0.2990797401448112,0.7378461621849874,,,10000.0,
NZ,plant,nz38,pa_holdout,0,global_conditional_density,147,19120,onehot_l2,0.0,1e-06,9,"G=6,K=3",random_50k,50000,full_background_50k,additive_kan_ipp,ipp,0.01,frozen_default,True,3.9353,0.8297386365420962,0.25579580523495526,0.7191899839800664,,,,
NZ,plant,nz38,pa_holdout,0,global_conditional_density,147,19120,onehot_l2,0.0,1e-06,9,"G=6,K=3",random_50k,50000,full_background_50k,gam_ipp,ipp,0.01,frozen_default,True,6.2595,0.8291403257671577,0.25491447494227093,0.7180001074498388,,,,
NZ,plant,nz38,pa_holdout,0,global_conditional_density,147,19120,onehot_l2,0.0,1e-06,9,"G=6,K=3",random_50k,50000,full_background_50k,additive_kan_bce,bce_pos_weight,0.01,frozen_default,True,4.0703,0.8106532601397181,0.22116871418555134,0.6777734043557324,,,,340.13605442176873
NZ,plant,nz39,pa_holdout,0,global_conditional_density,21,19120,onehot_l2,0.0,1e-06,9,"G=6,K=3",random_50k,50000,full_background_50k,maxnet,maxnet_default,,maxnet_classes_lq,True,1.6352,0.6739459349612856,0.004360434303919461,0.4236074290088678,,,10000.0,
NZ,plant,nz39,pa_holdout,0,global_conditional_density,21,19120,onehot_l2,0.0,1e-06,9,"G=6,K=3",random_50k,50000,full_background_50k,additive_kan_ipp,ipp,0.01,frozen_default,True,3.9046,0.6841496115871344,0.003246883610179979,0.33004707201394395,,,,
NZ,plant,nz39,pa_holdout,0,global_conditional_density,21,19120,onehot_l2,0.0,1e-06,9,"G=6,K=3",random_50k,50000,full_background_50k,gam_ipp,ipp,0.01,frozen_default,True,4.5399,0.6846655902557826,0.0032596710636239694,0.33720021836330166,,,,
NZ,plant,nz39,pa_holdout,0,global_conditional_density,21,19120,onehot_l2,0.0,1e-06,9,"G=6,K=3",random_50k,50000,full_background_50k,additive_kan_bce,bce_pos_weight,0.01,frozen_default,True,4.0153,0.65792360657976,0.0026315934562622994,0.24718957010186943,,,,2380.9523809523807
NZ,plant,nz40,pa_holdout,0,global_conditional_density,19,19120,onehot_l2,0.0,1e-06,9,"G=6,K=3",random_50k,50000,full_background_50k,maxnet,maxnet_default,,maxnet_classes_lq,True,1.6958,0.5325719315836578,0.040901294407533095,-0.0735321660557458,,,10000.0,
NZ,plant,nz40,pa_holdout,0,global_conditional_density,19,19120,onehot_l2,0.0,1e-06,9,"G=6,K=3",random_50k,50000,full_background_50k,additive_kan_ipp,ipp,0.01,frozen_default,True,3.9757,0.6401651805452251,0.05343006461450817,0.21027799434280253,,,,
NZ,plant,nz40,pa_holdout,0,global_conditional_density,19,19120,onehot_l2,0.0,1e-06,9,"G=6,K=3",random_50k,50000,full_background_50k,gam_ipp,ipp,0.01,frozen_default,True,6.3908,0.6397996897877949,0.053317815983885714,0.2077637222176117,,,,
NZ,plant,nz40,pa_holdout,0,global_conditional_density,19,19120,onehot_l2,0.0,1e-06,9,"G=6,K=3",random_50k,50000,full_background_50k,additive_kan_bce,bce_pos_weight,0.01,frozen_default,True,4.1373,0.7075846471204934,0.07187895191840984,0.44808695453112385,,,,2631.5789473684213
NZ,plant,nz41,pa_holdout,0,global_conditional_density,20,19120,onehot_l2,0.0,1e-06,9,"G=6,K=3",random_50k,50000,full_background_50k,maxnet,maxnet_default,,maxnet_classes_lq,True,1.6808,0.9820296121593292,0.11272190043173792,0.9387340422088929,,,10000.0,
NZ,plant,nz41,pa_holdout,0,global_conditional_density,20,19120,onehot_l2,0.0,1e-06,9,"G=6,K=3",random_50k,50000,full_background_50k,additive_kan_ipp,ipp,0.01,frozen_default,True,3.9625,0.9828878406708594,0.06474248329414468,0.9332700360344492,,,,
NZ,plant,nz41,pa_holdout,0,global_conditional_density,20,19120,onehot_l2,0.0,1e-06,9,"G=6,K=3",random_50k,50000,full_background_50k,gam_ipp,ipp,0.01,frozen_default,True,5.2743,0.9828183962264152,0.0645188205108804,0.9331540368186356,,,,
NZ,plant,nz41,pa_holdout,0,global_conditional_density,20,19120,onehot_l2,0.0,1e-06,9,"G=6,K=3",random_50k,50000,full_background_50k,additive_kan_bce,bce_pos_weight,0.01,frozen_default,True,4.1958,0.9705227987421384,0.04548377592713281,0.9132964146365311,,,,2500.0
NZ,plant,nz42,pa_holdout,0,global_conditional_density,27,19120,onehot_l2,0.0,1e-06,9,"G=6,K=3",random_50k,50000,full_background_50k,maxnet,maxnet_default,,maxnet_classes_lq,True,1.8614,0.5791708463621587,0.42223324541684515,0.16944116337914203,,,10000.0,
NZ,plant,nz42,pa_holdout,0,global_conditional_density,27,19120,onehot_l2,0.0,1e-06,9,"G=6,K=3",random_50k,50000,full_background_50k,additive_kan_ipp,ipp,0.01,frozen_default,True,4.4479,0.5577907429692672,0.39309308791862946,0.11723128082462336,,,,
NZ,plant,nz42,pa_holdout,0,global_conditional_density,27,19120,onehot_l2,0.0,1e-06,9,"G=6,K=3",random_50k,50000,full_background_50k,gam_ipp,ipp,0.01,frozen_default,True,6.1163,0.5577938747202931,0.39310092373983097,0.11724102965644322,,,,
NZ,plant,nz42,pa_holdout,0,global_conditional_density,27,19120,onehot_l2,0.0,1e-06,9,"G=6,K=3",random_50k,50000,full_background_50k,additive_kan_bce,bce_pos_weight,0.01,frozen_default,True,4.048,0.5241300256629597,0.3807489226904106,0.032380288927652885,,,,1851.851851851852
NZ,plant,nz43,pa_holdout,0,global_conditional_density,137,19120,onehot_l2,0.0,1e-06,9,"G=6,K=3",random_50k,50000,full_background_50k,maxnet,maxnet_default,,maxnet_classes_lq,True,5.2144,0.717462916833532,0.011546554073923247,0.5397300724814736,,,10000.0,
NZ,plant,nz43,pa_holdout,0,global_conditional_density,137,19120,onehot_l2,0.0,1e-06,9,"G=6,K=3",random_50k,50000,full_background_50k,additive_kan_ipp,ipp,0.01,frozen_default,True,3.902,0.6596358225005605,0.010932937869423351,0.473800625106972,,,,
NZ,plant,nz43,pa_holdout,0,global_conditional_density,137,19120,onehot_l2,0.0,1e-06,9,"G=6,K=3",random_50k,50000,full_background_50k,gam_ipp,ipp,0.01,frozen_default,True,4.516,0.6608049029986692,0.010958450861754385,0.4769401453867336,,,,
NZ,plant,nz43,pa_holdout,0,global_conditional_density,137,19120,onehot_l2,0.0,1e-06,9,"G=6,K=3",random_50k,50000,full_background_50k,additive_kan_bce,bce_pos_weight,0.01,frozen_default,True,4.023,0.6672192282506964,0.00905985056355966,0.4749168151855227,,,,364.963503649635
NZ,plant,nz44,pa_holdout,0,global_conditional_density,65,19120,onehot_l2,0.0,1e-06,9,"G=6,K=3",random_50k,50000,full_background_50k,maxnet,maxnet_default,,maxnet_classes_lq,True,3.0587,0.8736289280015452,0.47967482267586903,0.7820999251798566,,,10000.0,
NZ,plant,nz44,pa_holdout,0,global_conditional_density,65,19120,onehot_l2,0.0,1e-06,9,"G=6,K=3",random_50k,50000,full_background_50k,additive_kan_ipp,ipp,0.01,frozen_default,True,4.0165,0.8615742185699518,0.4542294813615903,0.754301051026135,,,,
NZ,plant,nz44,pa_holdout,0,global_conditional_density,65,19120,onehot_l2,0.0,1e-06,9,"G=6,K=3",random_50k,50000,full_background_50k,gam_ipp,ipp,0.01,frozen_default,True,4.404,0.8613839449349987,0.45369123153148605,0.7538637188504008,,,,
NZ,plant,nz44,pa_holdout,0,global_conditional_density,65,19120,onehot_l2,0.0,1e-06,9,"G=6,K=3",random_50k,50000,full_background_50k,additive_kan_bce,bce_pos_weight,0.01,frozen_default,True,4.0624,0.8567380988439598,0.44427888039964997,0.7535427840639468,,,,769.2307692307693
NZ,plant,nz45,pa_holdout,0,global_conditional_density,26,19120,onehot_l2,0.0,1e-06,9,"G=6,K=3",random_50k,50000,full_background_50k,maxnet,maxnet_default,,maxnet_classes_lq,True,1.857,0.8949211751253726,0.1441989096145347,0.8484910089694235,,,10000.0,
NZ,plant,nz45,pa_holdout,0,global_conditional_density,26,19120,onehot_l2,0.0,1e-06,9,"G=6,K=3",random_50k,50000,full_background_50k,additive_kan_ipp,ipp,0.01,frozen_default,True,4.1749,0.8893487690658288,0.1349071414616976,0.8398891373853906,,,,
NZ,plant,nz45,pa_holdout,0,global_conditional_density,26,19120,onehot_l2,0.0,1e-06,9,"G=6,K=3",random_50k,50000,full_background_50k,gam_ipp,ipp,0.01,frozen_default,True,4.4016,0.8929704357951663,0.13611620147661488,0.8446621161811548,,,,
NZ,plant,nz45,pa_holdout,0,global_conditional_density,26,19120,onehot_l2,0.0,1e-06,9,"G=6,K=3",random_50k,50000,full_background_50k,additive_kan_bce,bce_pos_weight,0.01,frozen_default,True,4.0447,0.9041163071392293,0.13449551147578018,0.8555971740433268,,,,1923.076923076923
NZ,plant,nz46,pa_holdout,0,global_conditional_density,36,19120,onehot_l2,0.0,1e-06,9,"G=6,K=3",random_50k,50000,full_background_50k,maxnet,maxnet_default,,maxnet_classes_lq,True,2.1649,0.9021672902445759,0.04345695366830834,0.8146825921449748,,,10000.0,
NZ,plant,nz46,pa_holdout,0,global_conditional_density,36,19120,onehot_l2,0.0,1e-06,9,"G=6,K=3",random_50k,50000,full_background_50k,additive_kan_ipp,ipp,0.01,frozen_default,True,4.0795,0.8852450042365216,0.13527642749508154,0.8135782542580242,,,,
NZ,plant,nz46,pa_holdout,0,global_conditional_density,36,19120,onehot_l2,0.0,1e-06,9,"G=6,K=3",random_50k,50000,full_background_50k,gam_ipp,ipp,0.01,frozen_default,True,4.7847,0.8852093032111882,0.13491205272375478,0.8169433546491591,,,,
NZ,plant,nz46,pa_holdout,0,global_conditional_density,36,19120,onehot_l2,0.0,1e-06,9,"G=6,K=3",random_50k,50000,full_background_50k,additive_kan_bce,bce_pos_weight,0.01,frozen_default,True,4.0321,0.8974999761993164,0.04208833745192259,0.8244959163836854,,,,1388.888888888889
NZ,plant,nz47,pa_holdout,0,global_conditional_density,87,19120,onehot_l2,0.0,1e-06,9,"G=6,K=3",random_50k,50000,full_background_50k,maxnet,maxnet_default,,maxnet_classes_lq,True,3.6296,0.7946266954124,0.288392811202704,0.6061054870913164,,,10000.0,
NZ,plant,nz47,pa_holdout,0,global_conditional_density,87,19120,onehot_l2,0.0,1e-06,9,"G=6,K=3",random_50k,50000,full_background_50k,additive_kan_ipp,ipp,0.01,frozen_default,True,3.8634,0.7923846680164531,0.31260198558300933,0.6273729850820782,,,,
NZ,plant,nz47,pa_holdout,0,global_conditional_density,87,19120,onehot_l2,0.0,1e-06,9,"G=6,K=3",random_50k,50000,full_background_50k,gam_ipp,ipp,0.01,frozen_default,True,4.5616,0.7905447137676693,0.3128151131726332,0.625644140357908,,,,
NZ,plant,nz47,pa_holdout,0,global_conditional_density,87,19120,onehot_l2,0.0,1e-06,9,"G=6,K=3",random_50k,50000,full_background_50k,additive_kan_bce,bce_pos_weight,0.01,frozen_default,True,4.0153,0.7703424046361436,0.29304616395687727,0.5954240868586251,,,,574.7126436781609
NZ,plant,nz48,pa_holdout,0,global_conditional_density,43,19120,onehot_l2,0.0,1e-06,9,"G=6,K=3",random_50k,50000,full_background_50k,maxnet,maxnet_default,,maxnet_classes_lq,True,2.4024,0.6398573018589888,0.10111385366789616,0.393698429390283,,,10000.0,
NZ,plant,nz48,pa_holdout,0,global_conditional_density,43,19120,onehot_l2,0.0,1e-06,9,"G=6,K=3",random_50k,50000,full_background_50k,additive_kan_ipp,ipp,0.01,frozen_default,True,3.9641,0.6713064108717528,0.10029883943421031,0.4513510624774932,,,,
NZ,plant,nz48,pa_holdout,0,global_conditional_density,43,19120,onehot_l2,0.0,1e-06,9,"G=6,K=3",random_50k,50000,full_background_50k,gam_ipp,ipp,0.01,frozen_default,True,4.529,0.6716987018057662,0.1002943764857383,0.45182114105186166,,,,
NZ,plant,nz48,pa_holdout,0,global_conditional_density,43,19120,onehot_l2,0.0,1e-06,9,"G=6,K=3",random_50k,50000,full_background_50k,additive_kan_bce,bce_pos_weight,0.01,frozen_default,True,3.9995,0.6597822631065309,0.07764416119960565,0.3929857739303618,,,,1162.7906976744187
NZ,plant,nz49,pa_holdout,0,global_conditional_density,37,19120,onehot_l2,0.0,1e-06,9,"G=6,K=3",random_50k,50000,full_background_50k,maxnet,maxnet_default,,maxnet_classes_lq,True,2.2419,0.9241787838904975,0.11842252485577329,0.894943904010824,,,10000.0,
NZ,plant,nz49,pa_holdout,0,global_conditional_density,37,19120,onehot_l2,0.0,1e-06,9,"G=6,K=3",random_50k,50000,full_background_50k,additive_kan_ipp,ipp,0.01,frozen_default,True,4.0599,0.9148078968149514,0.10300443086124023,0.8801516348253479,,,,
NZ,plant,nz49,pa_holdout,0,global_conditional_density,37,19120,onehot_l2,0.0,1e-06,9,"G=6,K=3",random_50k,50000,full_background_50k,gam_ipp,ipp,0.01,frozen_default,True,4.4858,0.9141454066859699,0.10277711093615845,0.878933776628494,,,,
NZ,plant,nz49,pa_holdout,0,global_conditional_density,37,19120,onehot_l2,0.0,1e-06,9,"G=6,K=3",random_50k,50000,full_background_50k,additive_kan_bce,bce_pos_weight,0.01,frozen_default,True,4.0739,0.8682684917083443,0.0599636589004176,0.808169932638113,,,,1351.3513513513512
NZ,plant,nz50,pa_holdout,0,global_conditional_density,131,19120,onehot_l2,0.0,1e-06,9,"G=6,K=3",random_50k,50000,full_background_50k,maxnet,maxnet_default,,maxnet_classes_lq,True,5.268,0.801942123627278,0.2010967983708858,0.6866360428464153,,,10000.0,
NZ,plant,nz50,pa_holdout,0,global_conditional_density,131,19120,onehot_l2,0.0,1e-06,9,"G=6,K=3",random_50k,50000,full_background_50k,additive_kan_ipp,ipp,0.01,frozen_default,True,3.9689,0.7716607204508809,0.1646008145065605,0.6228657069362049,,,,
NZ,plant,nz50,pa_holdout,0,global_conditional_density,131,19120,onehot_l2,0.0,1e-06,9,"G=6,K=3",random_50k,50000,full_background_50k,gam_ipp,ipp,0.01,frozen_default,True,4.5774,0.7715384793377782,0.16455750619290416,0.622813759467426,,,,
NZ,plant,nz50,pa_holdout,0,global_conditional_density,131,19120,onehot_l2,0.0,1e-06,9,"G=6,K=3",random_50k,50000,full_background_50k,additive_kan_bce,bce_pos_weight,0.01,frozen_default,True,4.0493,0.702134752424999,0.11706657466878492,0.4889175983275842,,,,381.6793893129771
NZ,plant,nz51,pa_holdout,0,global_conditional_density,42,19120,onehot_l2,0.0,1e-06,9,"G=6,K=3",random_50k,50000,full_background_50k,maxnet,maxnet_default,,maxnet_classes_lq,True,2.3096,0.5886688707788873,0.038035740207205786,0.22862348634856872,,,10000.0,
NZ,plant,nz51,pa_holdout,0,global_conditional_density,42,19120,onehot_l2,0.0,1e-06,9,"G=6,K=3",random_50k,50000,full_background_50k,additive_kan_ipp,ipp,0.01,frozen_default,True,3.9745,0.6987897230151581,0.0459483609721553,0.3551355305301378,,,,
NZ,plant,nz51,pa_holdout,0,global_conditional_density,42,19120,onehot_l2,0.0,1e-06,9,"G=6,K=3",random_50k,50000,full_background_50k,gam_ipp,ipp,0.01,frozen_default,True,4.5594,0.6991297170091727,0.04598801030089888,0.3556575807646695,,,,
NZ,plant,nz51,pa_holdout,0,global_conditional_density,42,19120,onehot_l2,0.0,1e-06,9,"G=6,K=3",random_50k,50000,full_background_50k,additive_kan_bce,bce_pos_weight,0.01,frozen_default,True,4.2581,0.7004245897923562,0.04710247909829738,0.3790498577414335,,,,1190.4761904761904
NZ,plant,nz52,pa_holdout,0,global_conditional_density,174,19120,onehot_l2,0.0,1e-06,9,"G=6,K=3",random_50k,50000,full_background_50k,maxnet,maxnet_default,,maxnet_classes_lq,True,6.1537,0.85788262811694,0.10798840204897023,0.7374173569597916,,,10000.0,
NZ,plant,nz52,pa_holdout,0,global_conditional_density,174,19120,onehot_l2,0.0,1e-06,9,"G=6,K=3",random_50k,50000,full_background_50k,additive_kan_ipp,ipp,0.01,frozen_default,True,3.9253,0.8403965613876737,0.0961467682815825,0.7049867832632346,,,,
NZ,plant,nz52,pa_holdout,0,global_conditional_density,174,19120,onehot_l2,0.0,1e-06,9,"G=6,K=3",random_50k,50000,full_background_50k,gam_ipp,ipp,0.01,frozen_default,True,4.5177,0.8404152927503318,0.09619075582928671,0.7051140306837643,,,,
NZ,plant,nz52,pa_holdout,0,global_conditional_density,174,19120,onehot_l2,0.0,1e-06,9,"G=6,K=3",random_50k,50000,full_background_50k,additive_kan_bce,bce_pos_weight,0.01,frozen_default,True,3.9946,0.8407110153514677,0.11339941679728618,0.7295725730372428,,,,287.35632183908046
SA,plant,sa01,pa_holdout,0,global_conditional_density,120,152,onehot_l2,0.0,1e-06,9,"G=6,K=3",random_50k,50000,full_background_50k,maxnet,maxnet_default,,maxnet_classes_lq,True,3.0068,0.4807785888077859,0.18272928501715263,0.10049940587529163,,,10000.0,
SA,plant,sa01,pa_holdout,0,global_conditional_density,120,152,onehot_l2,0.0,1e-06,9,"G=6,K=3",random_50k,50000,full_background_50k,additive_kan_ipp,ipp,0.01,frozen_default,True,2.9269,0.5450121654501217,0.21338212744477422,0.25119850047123743,,,,
SA,plant,sa01,pa_holdout,0,global_conditional_density,120,152,onehot_l2,0.0,1e-06,9,"G=6,K=3",random_50k,50000,full_background_50k,gam_ipp,ipp,0.01,frozen_default,True,2.9632,0.5445255474452555,0.21330183034550693,0.2501861929428662,,,,
SA,plant,sa01,pa_holdout,0,global_conditional_density,120,152,onehot_l2,0.0,1e-06,9,"G=6,K=3",random_50k,50000,full_background_50k,additive_kan_bce,bce_pos_weight,0.01,frozen_default,True,3.2262,0.5785888077858881,0.22466546868415066,0.318329512969611,,,,416.6666666666667
SA,plant,sa02,pa_holdout,0,global_conditional_density,150,152,onehot_l2,0.0,1e-06,9,"G=6,K=3",random_50k,50000,full_background_50k,maxnet,maxnet_default,,maxnet_classes_lq,True,3.5639,0.5473542298618133,0.2634116775222525,0.2033484008172752,,,10000.0,
SA,plant,sa02,pa_holdout,0,global_conditional_density,150,152,onehot_l2,0.0,1e-06,9,"G=6,K=3",random_50k,50000,full_background_50k,additive_kan_ipp,ipp,0.01,frozen_default,True,2.964,0.641051567239636,0.2691306587749192,0.3770483000492817,,,,
SA,plant,sa02,pa_holdout,0,global_conditional_density,150,152,onehot_l2,0.0,1e-06,9,"G=6,K=3",random_50k,50000,full_background_50k,gam_ipp,ipp,0.01,frozen_default,True,2.9344,0.6407145264577014,0.27141625767782307,0.3743753005131128,,,,
SA,plant,sa02,pa_holdout,0,global_conditional_density,150,152,onehot_l2,0.0,1e-06,9,"G=6,K=3",random_50k,50000,full_background_50k,additive_kan_bce,bce_pos_weight,0.01,frozen_default,True,3.1538,0.6585776879002359,0.2757058224430725,0.3953552747210479,,,,333.3333333333333
SA,plant,sa03,pa_holdout,0,global_conditional_density,28,152,onehot_l2,0.0,1e-06,9,"G=6,K=3",random_50k,50000,full_background_50k,maxnet,maxnet_default,,maxnet_classes_lq,True,1.5145,0.7960069444444444,0.24375696234199024,0.7100653108465608,,,10000.0,
SA,plant,sa03,pa_holdout,0,global_conditional_density,28,152,onehot_l2,0.0,1e-06,9,"G=6,K=3",random_50k,50000,full_background_50k,additive_kan_ipp,ipp,0.01,frozen_default,True,2.9433,0.8776041666666667,0.4385116826581379,0.7876044881687241,,,,
SA,plant,sa03,pa_holdout,0,global_conditional_density,28,152,onehot_l2,0.0,1e-06,9,"G=6,K=3",random_50k,50000,full_background_50k,gam_ipp,ipp,0.01,frozen_default,True,2.9718,0.8776041666666667,0.4385116826581379,0.7876044881687241,,,,
SA,plant,sa03,pa_holdout,0,global_conditional_density,28,152,onehot_l2,0.0,1e-06,9,"G=6,K=3",random_50k,50000,full_background_50k,additive_kan_bce,bce_pos_weight,0.01,frozen_default,True,3.0218,0.8628472222222222,0.4875295209176788,0.799917557686655,,,,1785.7142857142858
SA,plant,sa04,pa_holdout,0,global_conditional_density,60,152,onehot_l2,0.0,1e-06,9,"G=6,K=3",random_50k,50000,full_background_50k,maxnet,maxnet_default,,maxnet_classes_lq,True,2.1078,0.923076923076923,0.4388461937481545,0.8516239005749495,,,10000.0,
SA,plant,sa04,pa_holdout,0,global_conditional_density,60,152,onehot_l2,0.0,1e-06,9,"G=6,K=3",random_50k,50000,full_background_50k,additive_kan_ipp,ipp,0.01,frozen_default,True,3.1613,0.947940947940948,0.48196908392986826,0.8753450124079494,,,,
SA,plant,sa04,pa_holdout,0,global_conditional_density,60,152,onehot_l2,0.0,1e-06,9,"G=6,K=3",random_50k,50000,full_background_50k,gam_ipp,ipp,0.01,frozen_default,True,3.2098,0.9487179487179487,0.4856320875928719,0.876583866793657,,,,
SA,plant,sa04,pa_holdout,0,global_conditional_density,60,152,onehot_l2,0.0,1e-06,9,"G=6,K=3",random_50k,50000,full_background_50k,additive_kan_bce,bce_pos_weight,0.01,frozen_default,True,3.0218,0.9572649572649573,0.5386313208893854,0.8846010244611643,,,,833.3333333333334
SA,plant,sa05,pa_holdout,0,global_conditional_density,61,152,onehot_l2,0.0,1e-06,9,"G=6,K=3",random_50k,50000,full_background_50k,maxnet,maxnet_default,,maxnet_classes_lq,True,2.1746,0.8955665024630541,0.19821352783537657,0.7170103618141668,,,10000.0,
SA,plant,sa05,pa_holdout,0,global_conditional_density,61,152,onehot_l2,0.0,1e-06,9,"G=6,K=3",random_50k,50000,full_background_50k,additive_kan_ipp,ipp,0.01,frozen_default,True,2.9697,0.9152709359605911,0.23117580365479523,0.7507479757658115,,,,
SA,plant,sa05,pa_holdout,0,global_conditional_density,61,152,onehot_l2,0.0,1e-06,9,"G=6,K=3",random_50k,50000,full_background_50k,gam_ipp,ipp,0.01,frozen_default,True,2.931,0.9152709359605911,0.23117580365479523,0.7507479757658115,,,,
SA,plant,sa05,pa_holdout,0,global_conditional_density,61,152,onehot_l2,0.0,1e-06,9,"G=6,K=3",random_50k,50000,full_background_50k,additive_kan_bce,bce_pos_weight,0.01,frozen_default,True,3.1739,0.929064039408867,0.27934565434565434,0.785518373818017,,,,819.672131147541
SA,plant,sa06,pa_holdout,0,global_conditional_density,32,152,onehot_l2,0.0,1e-06,9,"G=6,K=3",random_50k,50000,full_background_50k,maxnet,maxnet_default,,maxnet_classes_lq,True,1.5577,0.916256157635468,0.35613553113553115,0.8000289904308929,,,10000.0,
SA,plant,sa06,pa_holdout,0,global_conditional_density,32,152,onehot_l2,0.0,1e-06,9,"G=6,K=3",random_50k,50000,full_background_50k,additive_kan_ipp,ipp,0.01,frozen_default,True,2.8931,0.9428571428571428,0.5329003396230287,0.838431345903403,,,,
SA,plant,sa06,pa_holdout,0,global_conditional_density,32,152,onehot_l2,0.0,1e-06,9,"G=6,K=3",random_50k,50000,full_background_50k,gam_ipp,ipp,0.01,frozen_default,True,2.9248,0.9428571428571428,0.5329003396230287,0.838431345903403,,,,
SA,plant,sa06,pa_holdout,0,global_conditional_density,32,152,onehot_l2,0.0,1e-06,9,"G=6,K=3",random_50k,50000,full_background_50k,additive_kan_bce,bce_pos_weight,0.01,frozen_default,True,2.9903,0.9201970443349753,0.4448051948051948,0.8082740501670348,,,,1562.5
SA,plant,sa07,pa_holdout,0,global_conditional_density,17,152,onehot_l2,0.0,1e-06,9,"G=6,K=3",random_50k,50000,full_background_50k,maxnet,maxnet_default,,maxnet_classes_lq,True,1.336,0.8958333333333334,0.23929689591454295,0.7595881099353321,,,10000.0,
SA,plant,sa07,pa_holdout,0,global_conditional_density,17,152,onehot_l2,0.0,1e-06,9,"G=6,K=3",random_50k,50000,full_background_50k,additive_kan_ipp,ipp,0.01,frozen_default,True,2.988,0.8854166666666666,0.21131881638285813,0.7288447053203997,,,,
SA,plant,sa07,pa_holdout,0,global_conditional_density,17,152,onehot_l2,0.0,1e-06,9,"G=6,K=3",random_50k,50000,full_background_50k,gam_ipp,ipp,0.01,frozen_default,True,2.9887,0.8854166666666666,0.21131881638285813,0.7288447053203997,,,,
SA,plant,sa07,pa_holdout,0,global_conditional_density,17,152,onehot_l2,0.0,1e-06,9,"G=6,K=3",random_50k,50000,full_background_50k,additive_kan_bce,bce_pos_weight,0.01,frozen_default,True,2.9798,0.849826388888889,0.16096690391822238,0.6432073504556143,,,,2941.176470588235
SA,plant,sa08,pa_holdout,0,global_conditional_density,35,152,onehot_l2,0.0,1e-06,9,"G=6,K=3",random_50k,50000,full_background_50k,maxnet,maxnet_default,,maxnet_classes_lq,True,1.6823,0.9670138888888888,0.5892361111111111,0.881305114638448,,,10000.0,
SA,plant,sa08,pa_holdout,0,global_conditional_density,35,152,onehot_l2,0.0,1e-06,9,"G=6,K=3",random_50k,50000,full_background_50k,additive_kan_ipp,ipp,0.01,frozen_default,True,3.0,0.9869791666666666,0.7857954545454544,0.9069609788359787,,,,
SA,plant,sa08,pa_holdout,0,global_conditional_density,35,152,onehot_l2,0.0,1e-06,9,"G=6,K=3",random_50k,50000,full_background_50k,gam_ipp,ipp,0.01,frozen_default,True,3.1579,0.9869791666666666,0.7857954545454544,0.9069609788359787,,,,
SA,plant,sa08,pa_holdout,0,global_conditional_density,35,152,onehot_l2,0.0,1e-06,9,"G=6,K=3",random_50k,50000,full_background_50k,additive_kan_bce,bce_pos_weight,0.01,frozen_default,True,3.0271,0.96875,0.6310053171466214,0.8852363958700763,,,,1428.5714285714287
SA,plant,sa09,pa_holdout,0,global_conditional_density,49,152,onehot_l2,0.0,1e-06,9,"G=6,K=3",random_50k,50000,full_background_50k,maxnet,maxnet_default,,maxnet_classes_lq,True,1.8308,0.8126760563380282,0.2612349428907452,0.7187451784257973,,,10000.0,
SA,plant,sa09,pa_holdout,0,global_conditional_density,49,152,onehot_l2,0.0,1e-06,9,"G=6,K=3",random_50k,50000,full_background_50k,additive_kan_ipp,ipp,0.01,frozen_default,True,2.9484,0.8767605633802817,0.5145958919749243,0.8146895457250545,,,,
SA,plant,sa09,pa_holdout,0,global_conditional_density,49,152,onehot_l2,0.0,1e-06,9,"G=6,K=3",random_50k,50000,full_background_50k,gam_ipp,ipp,0.01,frozen_default,True,3.4707,0.8767605633802817,0.5145958919749243,0.8146895457250545,,,,
SA,plant,sa09,pa_holdout,0,global_conditional_density,49,152,onehot_l2,0.0,1e-06,9,"G=6,K=3",random_50k,50000,full_background_50k,additive_kan_bce,bce_pos_weight,0.01,frozen_default,True,3.501,0.8753521126760564,0.5741598133874556,0.8298048069323609,,,,1020.4081632653061
SA,plant,sa10,pa_holdout,0,global_conditional_density,99,152,onehot_l2,0.0,1e-06,9,"G=6,K=3",random_50k,50000,full_background_50k,maxnet,maxnet_default,,maxnet_classes_lq,True,2.7321,0.5663022147462854,0.2174868044869106,0.16714632333094784,,,10000.0,
SA,plant,sa10,pa_holdout,0,global_conditional_density,99,152,onehot_l2,0.0,1e-06,9,"G=6,K=3",random_50k,50000,full_background_50k,additive_kan_ipp,ipp,0.01,frozen_default,True,2.9564,0.5887300252312868,0.26291934847049214,0.24562824403106356,,,,
SA,plant,sa10,pa_holdout,0,global_conditional_density,99,152,onehot_l2,0.0,1e-06,9,"G=6,K=3",random_50k,50000,full_background_50k,gam_ipp,ipp,0.01,frozen_default,True,3.1502,0.5884496776002243,0.26301279845863107,0.24551617024303776,,,,
SA,plant,sa10,pa_holdout,0,global_conditional_density,99,152,onehot_l2,0.0,1e-06,9,"G=6,K=3",random_50k,50000,full_background_50k,additive_kan_bce,bce_pos_weight,0.01,frozen_default,True,3.0181,0.5674236052705355,0.24937696628797598,0.21950421957136965,,,,505.050505050505
SA,plant,sa11,pa_holdout,0,global_conditional_density,35,152,onehot_l2,0.0,1e-06,9,"G=6,K=3",random_50k,50000,full_background_50k,maxnet,maxnet_default,,maxnet_classes_lq,True,1.6332,0.6536458333333333,0.07920744295821389,0.32052377278071725,,,10000.0,
SA,plant,sa11,pa_holdout,0,global_conditional_density,35,152,onehot_l2,0.0,1e-06,9,"G=6,K=3",random_50k,50000,full_background_50k,additive_kan_ipp,ipp,0.01,frozen_default,True,3.0716,0.8359375,0.22873498849747734,0.7032804692092887,,,,
SA,plant,sa11,pa_holdout,0,global_conditional_density,35,152,onehot_l2,0.0,1e-06,9,"G=6,K=3",random_50k,50000,full_background_50k,gam_ipp,ipp,0.01,frozen_default,True,2.9067,0.8350694444444445,0.22848781335623441,0.7022332910787771,,,,
SA,plant,sa11,pa_holdout,0,global_conditional_density,35,152,onehot_l2,0.0,1e-06,9,"G=6,K=3",random_50k,50000,full_background_50k,additive_kan_bce,bce_pos_weight,0.01,frozen_default,True,2.9767,0.8151041666666667,0.27979161919951395,0.6826946924603174,,,,1428.5714285714287
SA,plant,sa12,pa_holdout,0,global_conditional_density,203,152,onehot_l2,0.0,1e-06,9,"G=6,K=3",random_50k,50000,full_background_50k,maxnet,maxnet_default,,maxnet_classes_lq,True,4.4263,0.7839416058394161,0.31490445671718365,0.6065075883499881,,,10000.0,
SA,plant,sa12,pa_holdout,0,global_conditional_density,203,152,onehot_l2,0.0,1e-06,9,"G=6,K=3",random_50k,50000,full_background_50k,additive_kan_ipp,ipp,0.01,frozen_default,True,3.2289,0.7946472019464721,0.2572981841298436,0.6168004040879528,,,,
SA,plant,sa12,pa_holdout,0,global_conditional_density,203,152,onehot_l2,0.0,1e-06,9,"G=6,K=3",random_50k,50000,full_background_50k,gam_ipp,ipp,0.01,frozen_default,True,3.077,0.7941605839416058,0.2568380727314946,0.6164404725223097,,,,
SA,plant,sa12,pa_holdout,0,global_conditional_density,203,152,onehot_l2,0.0,1e-06,9,"G=6,K=3",random_50k,50000,full_background_50k,additive_kan_bce,bce_pos_weight,0.01,frozen_default,True,3.0639,0.8058394160583942,0.29037596934121207,0.6384356486865943,,,,246.30541871921181
SA,plant,sa13,pa_holdout,0,global_conditional_density,86,152,onehot_l2,0.0,1e-06,9,"G=6,K=3",random_50k,50000,full_background_50k,maxnet,maxnet_default,,maxnet_classes_lq,True,2.556,0.8756798756798756,0.5405788569337392,0.8132164649647167,,,10000.0,
SA,plant,sa13,pa_holdout,0,global_conditional_density,86,152,onehot_l2,0.0,1e-06,9,"G=6,K=3",random_50k,50000,full_background_50k,additive_kan_ipp,ipp,0.01,frozen_default,True,2.9124,0.8694638694638694,0.42921248107014326,0.8092078861309631,,,,
SA,plant,sa13,pa_holdout,0,global_conditional_density,86,152,onehot_l2,0.0,1e-06,9,"G=6,K=3",random_50k,50000,full_background_50k,gam_ipp,ipp,0.01,frozen_default,True,2.9641,0.8694638694638694,0.42921248107014326,0.8092078861309631,,,,
SA,plant,sa13,pa_holdout,0,global_conditional_density,86,152,onehot_l2,0.0,1e-06,9,"G=6,K=3",random_50k,50000,full_background_50k,additive_kan_bce,bce_pos_weight,0.01,frozen_default,True,2.9827,0.8492618492618492,0.3077955433687806,0.7436754387803339,,,,581.3953488372093
SA,plant,sa14,pa_holdout,0,global_conditional_density,81,152,onehot_l2,0.0,1e-06,9,"G=6,K=3",random_50k,50000,full_background_50k,maxnet,maxnet_default,,maxnet_classes_lq,True,2.4291,0.8502463054187192,0.22031463160495418,0.6804842307910084,,,10000.0,
SA,plant,sa14,pa_holdout,0,global_conditional_density,81,152,onehot_l2,0.0,1e-06,9,"G=6,K=3",random_50k,50000,full_background_50k,additive_kan_ipp,ipp,0.01,frozen_default,True,2.9189,0.8532019704433498,0.23714396714396713,0.7019661400826681,,,,
SA,plant,sa14,pa_holdout,0,global_conditional_density,81,152,onehot_l2,0.0,1e-06,9,"G=6,K=3",random_50k,50000,full_background_50k,gam_ipp,ipp,0.01,frozen_default,True,3.0679,0.852216748768473,0.23663467251702547,0.7001587679066871,,,,
SA,plant,sa14,pa_holdout,0,global_conditional_density,81,152,onehot_l2,0.0,1e-06,9,"G=6,K=3",random_50k,50000,full_background_50k,additive_kan_bce,bce_pos_weight,0.01,frozen_default,True,3.2509,0.8541871921182266,0.1850044365572316,0.6868014268727705,,,,617.283950617284
SA,plant,sa15,pa_holdout,0,global_conditional_density,88,152,onehot_l2,0.0,1e-06,9,"G=6,K=3",random_50k,50000,full_background_50k,maxnet,maxnet_default,,maxnet_classes_lq,True,2.5997,0.6233576642335766,0.1530409211002124,0.3402933614239491,,,10000.0,
SA,plant,sa15,pa_holdout,0,global_conditional_density,88,152,onehot_l2,0.0,1e-06,9,"G=6,K=3",random_50k,50000,full_background_50k,additive_kan_ipp,ipp,0.01,frozen_default,True,2.9236,0.6233576642335766,0.19476486575670726,0.4030363370978214,,,,
SA,plant,sa15,pa_holdout,0,global_conditional_density,88,152,onehot_l2,0.0,1e-06,9,"G=6,K=3",random_50k,50000,full_background_50k,gam_ipp,ipp,0.01,frozen_default,True,2.9601,0.6228710462287104,0.19419015311302912,0.40187941420825424,,,,
SA,plant,sa15,pa_holdout,0,global_conditional_density,88,152,onehot_l2,0.0,1e-06,9,"G=6,K=3",random_50k,50000,full_background_50k,additive_kan_bce,bce_pos_weight,0.01,frozen_default,True,3.0067,0.6895377128953772,0.22442696930426026,0.5080219654251303,,,,568.1818181818181
SA,plant,sa16,pa_holdout,0,global_conditional_density,37,152,onehot_l2,0.0,1e-06,9,"G=6,K=3",random_50k,50000,full_background_50k,maxnet,maxnet_default,,maxnet_classes_lq,True,1.7104,0.7330049261083743,0.11625461521773706,0.5043773285770907,,,10000.0,
SA,plant,sa16,pa_holdout,0,global_conditional_density,37,152,onehot_l2,0.0,1e-06,9,"G=6,K=3",random_50k,50000,full_background_50k,additive_kan_ipp,ipp,0.01,frozen_default,True,2.9938,0.8236453201970443,0.22129956639039006,0.6949604212671989,,,,
SA,plant,sa16,pa_holdout,0,global_conditional_density,37,152,onehot_l2,0.0,1e-06,9,"G=6,K=3",random_50k,50000,full_background_50k,gam_ipp,ipp,0.01,frozen_default,True,3.0676,0.8226600985221675,0.221206213141697,0.6944440292169186,,,,
SA,plant,sa16,pa_holdout,0,global_conditional_density,37,152,onehot_l2,0.0,1e-06,9,"G=6,K=3",random_50k,50000,full_background_50k,additive_kan_bce,bce_pos_weight,0.01,frozen_default,True,3.109,0.8226600985221674,0.233666330100256,0.7176816714795311,,,,1351.3513513513512
SA,plant,sa17,pa_holdout,0,global_conditional_density,37,152,onehot_l2,0.0,1e-06,9,"G=6,K=3",random_50k,50000,full_background_50k,maxnet,maxnet_default,,maxnet_classes_lq,True,1.8359,0.8704061895551256,0.390152011955081,0.8072209444172626,,,10000.0,
SA,plant,sa17,pa_holdout,0,global_conditional_density,37,152,onehot_l2,0.0,1e-06,9,"G=6,K=3",random_50k,50000,full_background_50k,additive_kan_ipp,ipp,0.01,frozen_default,True,2.9473,0.8484848484848485,0.40039019328672704,0.8130518722038265,,,,
SA,plant,sa17,pa_holdout,0,global_conditional_density,37,152,onehot_l2,0.0,1e-06,9,"G=6,K=3",random_50k,50000,full_background_50k,gam_ipp,ipp,0.01,frozen_default,True,4.7073,0.8504190844616377,0.40061126918945367,0.8140944391133015,,,,
SA,plant,sa17,pa_holdout,0,global_conditional_density,37,152,onehot_l2,0.0,1e-06,9,"G=6,K=3",random_50k,50000,full_background_50k,additive_kan_bce,bce_pos_weight,0.01,frozen_default,True,3.0702,0.8336557059961316,0.23125295369071022,0.718347631611552,,,,1351.3513513513512
SA,plant,sa18,pa_holdout,0,global_conditional_density,123,152,onehot_l2,0.0,1e-06,9,"G=6,K=3",random_50k,50000,full_background_50k,maxnet,maxnet_default,,maxnet_classes_lq,True,3.1324,0.7142857142857142,0.3054132794315988,0.554060459586659,,,10000.0,
SA,plant,sa18,pa_holdout,0,global_conditional_density,123,152,onehot_l2,0.0,1e-06,9,"G=6,K=3",random_50k,50000,full_background_50k,additive_kan_ipp,ipp,0.01,frozen_default,True,2.899,0.7732489117530669,0.4707220745779794,0.6376033957555209,,,,
SA,plant,sa18,pa_holdout,0,global_conditional_density,123,152,onehot_l2,0.0,1e-06,9,"G=6,K=3",random_50k,50000,full_background_50k,gam_ipp,ipp,0.01,frozen_default,True,3.0337,0.7744360902255639,0.47104890014757284,0.6390068380188528,,,,
SA,plant,sa18,pa_holdout,0,global_conditional_density,123,152,onehot_l2,0.0,1e-06,9,"G=6,K=3",random_50k,50000,full_background_50k,additive_kan_bce,bce_pos_weight,0.01,frozen_default,True,3.0587,0.7463395330431342,0.4392173648258958,0.6116260254155855,,,,406.5040650406504
SA,plant,sa19,pa_holdout,0,global_conditional_density,36,152,onehot_l2,0.0,1e-06,9,"G=6,K=3",random_50k,50000,full_background_50k,maxnet,maxnet_default,,maxnet_classes_lq,True,1.6895,0.8018648018648019,0.15496926292686825,0.618967046939075,,,10000.0,
SA,plant,sa19,pa_holdout,0,global_conditional_density,36,152,onehot_l2,0.0,1e-06,9,"G=6,K=3",random_50k,50000,full_background_50k,additive_kan_ipp,ipp,0.01,frozen_default,True,2.9391,0.8383838383838385,0.20199642943364243,0.6984218578624174,,,,
SA,plant,sa19,pa_holdout,0,global_conditional_density,36,152,onehot_l2,0.0,1e-06,9,"G=6,K=3",random_50k,50000,full_background_50k,gam_ipp,ipp,0.01,frozen_default,True,2.8737,0.8383838383838385,0.20199642943364243,0.6984218578624174,,,,
SA,plant,sa19,pa_holdout,0,global_conditional_density,36,152,onehot_l2,0.0,1e-06,9,"G=6,K=3",random_50k,50000,full_background_50k,additive_kan_bce,bce_pos_weight,0.01,frozen_default,True,3.0202,0.8360528360528361,0.1836136031858902,0.6670080502248334,,,,1388.888888888889
SA,plant,sa20,pa_holdout,0,global_conditional_density,54,152,onehot_l2,0.0,1e-06,9,"G=6,K=3",random_50k,50000,full_background_50k,maxnet,maxnet_default,,maxnet_classes_lq,True,2.0564,0.652112676056338,0.09336173653140421,0.26333698592179056,,,10000.0,
SA,plant,sa20,pa_holdout,0,global_conditional_density,54,152,onehot_l2,0.0,1e-06,9,"G=6,K=3",random_50k,50000,full_background_50k,additive_kan_ipp,ipp,0.01,frozen_default,True,2.917,0.745774647887324,0.16747286061277794,0.5881430995991599,,,,
SA,plant,sa20,pa_holdout,0,global_conditional_density,54,152,onehot_l2,0.0,1e-06,9,"G=6,K=3",random_50k,50000,full_background_50k,gam_ipp,ipp,0.01,frozen_default,True,2.9475,0.7450704225352113,0.16727444791436524,0.5872008262406992,,,,
SA,plant,sa20,pa_holdout,0,global_conditional_density,54,152,onehot_l2,0.0,1e-06,9,"G=6,K=3",random_50k,50000,full_background_50k,additive_kan_bce,bce_pos_weight,0.01,frozen_default,True,3.0281,0.723943661971831,0.15875867622502804,0.5496624504460251,,,,925.925925925926
SA,plant,sa21,pa_holdout,0,global_conditional_density,27,152,onehot_l2,0.0,1e-06,9,"G=6,K=3",random_50k,50000,full_background_50k,maxnet,maxnet_default,,maxnet_classes_lq,True,1.4742,0.7985611510791367,0.28144020807685655,0.6556640318660918,,,10000.0,
SA,plant,sa21,pa_holdout,0,global_conditional_density,27,152,onehot_l2,0.0,1e-06,9,"G=6,K=3",random_50k,50000,full_background_50k,additive_kan_ipp,ipp,0.01,frozen_default,True,2.9516,0.7769784172661871,0.22382219637119372,0.5783293336007999,,,,
SA,plant,sa21,pa_holdout,0,global_conditional_density,27,152,onehot_l2,0.0,1e-06,9,"G=6,K=3",random_50k,50000,full_background_50k,gam_ipp,ipp,0.01,frozen_default,True,3.7389,0.7769784172661871,0.22382219637119372,0.5783293336007999,,,,
SA,plant,sa21,pa_holdout,0,global_conditional_density,27,152,onehot_l2,0.0,1e-06,9,"G=6,K=3",random_50k,50000,full_background_50k,additive_kan_bce,bce_pos_weight,0.01,frozen_default,True,3.0022,0.7244050913115662,0.2031241845970575,0.5090626572330419,,,,1851.851851851852
SA,plant,sa22,pa_holdout,0,global_conditional_density,57,152,onehot_l2,0.0,1e-06,9,"G=6,K=3",random_50k,50000,full_background_50k,maxnet,maxnet_default,,maxnet_classes_lq,True,2.1723,0.8768536428110896,0.24175256527580363,0.723858342418777,,,10000.0,
SA,plant,sa22,pa_holdout,0,global_conditional_density,57,152,onehot_l2,0.0,1e-06,9,"G=6,K=3",random_50k,50000,full_background_50k,additive_kan_ipp,ipp,0.01,frozen_default,True,2.963,0.8749194068343004,0.23410097696716003,0.6930118766545507,,,,
SA,plant,sa22,pa_holdout,0,global_conditional_density,57,152,onehot_l2,0.0,1e-06,9,"G=6,K=3",random_50k,50000,full_background_50k,gam_ipp,ipp,0.01,frozen_default,True,2.9669,0.8749194068343004,0.23410097696716003,0.6930118766545507,,,,
SA,plant,sa22,pa_holdout,0,global_conditional_density,57,152,onehot_l2,0.0,1e-06,9,"G=6,K=3",random_50k,50000,full_background_50k,additive_kan_bce,bce_pos_weight,0.01,frozen_default,True,3.1719,0.8723404255319148,0.24845097849697245,0.743781851221115,,,,877.1929824561404
SA,plant,sa23,pa_holdout,0,global_conditional_density,55,152,onehot_l2,0.0,1e-06,9,"G=6,K=3",random_50k,50000,full_background_50k,maxnet,maxnet_default,,maxnet_classes_lq,True,2.0949,0.8854166666666666,0.21610298870855787,0.7399753361992946,,,10000.0,
SA,plant,sa23,pa_holdout,0,global_conditional_density,55,152,onehot_l2,0.0,1e-06,9,"G=6,K=3",random_50k,50000,full_background_50k,additive_kan_ipp,ipp,0.01,frozen_default,True,2.9423,0.8619791666666666,0.18316449926512995,0.6948550485008819,,,,
SA,plant,sa23,pa_holdout,0,global_conditional_density,55,152,onehot_l2,0.0,1e-06,9,"G=6,K=3",random_50k,50000,full_background_50k,gam_ipp,ipp,0.01,frozen_default,True,3.0999,0.861111111111111,0.18089177199240264,0.6911899250440917,,,,
SA,plant,sa23,pa_holdout,0,global_conditional_density,55,152,onehot_l2,0.0,1e-06,9,"G=6,K=3",random_50k,50000,full_background_50k,additive_kan_bce,bce_pos_weight,0.01,frozen_default,True,3.0534,0.84375,0.18606207245913128,0.6892526455026454,,,,909.0909090909091
SA,plant,sa24,pa_holdout,0,global_conditional_density,138,152,onehot_l2,0.0,1e-06,9,"G=6,K=3",random_50k,50000,full_background_50k,maxnet,maxnet_default,,maxnet_classes_lq,True,3.3305,0.7546346782988004,0.27860724032317374,0.5700889042223873,,,10000.0,
SA,plant,sa24,pa_holdout,0,global_conditional_density,138,152,onehot_l2,0.0,1e-06,9,"G=6,K=3",random_50k,50000,full_background_50k,additive_kan_ipp,ipp,0.01,frozen_default,True,2.9773,0.7400945110868775,0.2542212829258101,0.49418761254764226,,,,
SA,plant,sa24,pa_holdout,0,global_conditional_density,138,152,onehot_l2,0.0,1e-06,9,"G=6,K=3",random_50k,50000,full_background_50k,gam_ipp,ipp,0.01,frozen_default,True,2.8729,0.7397310069065794,0.2538806361565919,0.4927289710913317,,,,
SA,plant,sa24,pa_holdout,0,global_conditional_density,138,152,onehot_l2,0.0,1e-06,9,"G=6,K=3",random_50k,50000,full_background_50k,additive_kan_bce,bce_pos_weight,0.01,frozen_default,True,3.0371,0.7022900763358779,0.24479306249725763,0.4722114205645605,,,,362.3188405797101
SA,plant,sa25,pa_holdout,0,global_conditional_density,66,152,onehot_l2,0.0,1e-06,9,"G=6,K=3",random_50k,50000,full_background_50k,maxnet,maxnet_default,,maxnet_classes_lq,True,2.1679,0.6643356643356643,0.10055949622889229,0.38770242966047175,,,10000.0,
SA,plant,sa25,pa_holdout,0,global_conditional_density,66,152,onehot_l2,0.0,1e-06,9,"G=6,K=3",random_50k,50000,full_background_50k,additive_kan_ipp,ipp,0.01,frozen_default,True,3.1784,0.7381507381507382,0.15869098543629853,0.5564343969938377,,,,
SA,plant,sa25,pa_holdout,0,global_conditional_density,66,152,onehot_l2,0.0,1e-06,9,"G=6,K=3",random_50k,50000,full_background_50k,gam_ipp,ipp,0.01,frozen_default,True,3.1288,0.7365967365967365,0.157479560695462,0.55354373676052,,,,
SA,plant,sa25,pa_holdout,0,global_conditional_density,66,152,onehot_l2,0.0,1e-06,9,"G=6,K=3",random_50k,50000,full_background_50k,additive_kan_bce,bce_pos_weight,0.01,frozen_default,True,3.0686,0.644133644133644,0.08716362491536901,0.29835153191796554,,,,757.5757575757576
SA,plant,sa26,pa_holdout,0,global_conditional_density,216,152,onehot_l2,0.0,1e-06,9,"G=6,K=3",random_50k,50000,full_background_50k,maxnet,maxnet_default,,maxnet_classes_lq,True,4.5669,0.5943703703703704,0.2707526701319796,0.2753057769041303,,,10000.0,
SA,plant,sa26,pa_holdout,0,global_conditional_density,216,152,onehot_l2,0.0,1e-06,9,"G=6,K=3",random_50k,50000,full_background_50k,additive_kan_ipp,ipp,0.01,frozen_default,True,2.8927,0.6391111111111111,0.3277193937154752,0.3576066642453237,,,,
SA,plant,sa26,pa_holdout,0,global_conditional_density,216,152,onehot_l2,0.0,1e-06,9,"G=6,K=3",random_50k,50000,full_background_50k,gam_ipp,ipp,0.01,frozen_default,True,3.782,0.6394074074074074,0.3278450281694678,0.35825519757865704,,,,
SA,plant,sa26,pa_holdout,0,global_conditional_density,216,152,onehot_l2,0.0,1e-06,9,"G=6,K=3",random_50k,50000,full_background_50k,additive_kan_bce,bce_pos_weight,0.01,frozen_default,True,3.0142,0.6444444444444444,0.3275278954375091,0.3603190507017658,,,,231.4814814814815
SA,plant,sa27,pa_holdout,0,global_conditional_density,38,152,onehot_l2,0.0,1e-06,9,"G=6,K=3",random_50k,50000,full_background_50k,maxnet,maxnet_default,,maxnet_classes_lq,True,1.745,0.8205128205128205,0.24931897951699933,0.7262075919418577,,,10000.0,
SA,plant,sa27,pa_holdout,0,global_conditional_density,38,152,onehot_l2,0.0,1e-06,9,"G=6,K=3",random_50k,50000,full_background_50k,additive_kan_ipp,ipp,0.01,frozen_default,True,2.9127,0.8733488733488735,0.4967558910302971,0.7980699952727924,,,,
SA,plant,sa27,pa_holdout,0,global_conditional_density,38,152,onehot_l2,0.0,1e-06,9,"G=6,K=3",random_50k,50000,full_background_50k,gam_ipp,ipp,0.01,frozen_default,True,3.2208,0.8733488733488735,0.4967558910302971,0.7980699952727924,,,,
SA,plant,sa27,pa_holdout,0,global_conditional_density,38,152,onehot_l2,0.0,1e-06,9,"G=6,K=3",random_50k,50000,full_background_50k,additive_kan_bce,bce_pos_weight,0.01,frozen_default,True,3.1855,0.8399378399378399,0.4948714178485806,0.7786317800303814,,,,1315.7894736842106
SA,plant,sa28,pa_holdout,0,global_conditional_density,43,152,onehot_l2,0.0,1e-06,9,"G=6,K=3",random_50k,50000,full_background_50k,maxnet,maxnet_default,,maxnet_classes_lq,True,1.8292,0.6676056338028169,0.17620157626327532,0.5036226750172397,,,10000.0,
SA,plant,sa28,pa_holdout,0,global_conditional_density,43,152,onehot_l2,0.0,1e-06,9,"G=6,K=3",random_50k,50000,full_background_50k,additive_kan_ipp,ipp,0.01,frozen_default,True,2.9595,0.6971830985915493,0.27906983461628293,0.5833898539909252,,,,
SA,plant,sa28,pa_holdout,0,global_conditional_density,43,152,onehot_l2,0.0,1e-06,9,"G=6,K=3",random_50k,50000,full_background_50k,gam_ipp,ipp,0.01,frozen_default,True,2.9153,0.6957746478873239,0.27890629689109503,0.5813706967942239,,,,
SA,plant,sa28,pa_holdout,0,global_conditional_density,43,152,onehot_l2,0.0,1e-06,9,"G=6,K=3",random_50k,50000,full_background_50k,additive_kan_bce,bce_pos_weight,0.01,frozen_default,True,3.0873,0.7140845070422535,0.20202357978861402,0.5727107559283715,,,,1162.7906976744187
SA,plant,sa29,pa_holdout,0,global_conditional_density,61,152,onehot_l2,0.0,1e-06,9,"G=6,K=3",random_50k,50000,full_background_50k,maxnet,maxnet_default,,maxnet_classes_lq,True,2.0709,0.7692307692307693,0.21260101010101012,0.6102065766401431,,,10000.0,
SA,plant,sa29,pa_holdout,0,global_conditional_density,61,152,onehot_l2,0.0,1e-06,9,"G=6,K=3",random_50k,50000,full_background_50k,additive_kan_ipp,ipp,0.01,frozen_default,True,2.9215,0.7544677544677545,0.21552882528492284,0.5942224054112166,,,,
SA,plant,sa29,pa_holdout,0,global_conditional_density,61,152,onehot_l2,0.0,1e-06,9,"G=6,K=3",random_50k,50000,full_background_50k,gam_ipp,ipp,0.01,frozen_default,True,2.8786,0.7552447552447552,0.21574250049859806,0.5951515462004973,,,,
SA,plant,sa29,pa_holdout,0,global_conditional_density,61,152,onehot_l2,0.0,1e-06,9,"G=6,K=3",random_50k,50000,full_background_50k,additive_kan_bce,bce_pos_weight,0.01,frozen_default,True,3.0222,0.728049728049728,0.19502617427232655,0.5608234811032013,,,,819.672131147541
SA,plant,sa30,pa_holdout,0,global_conditional_density,88,152,onehot_l2,0.0,1e-06,9,"G=6,K=3",random_50k,50000,full_background_50k,maxnet,maxnet_default,,maxnet_classes_lq,True,2.5228,0.6699507389162562,0.07201229409515986,0.2760459770114943,,,10000.0,
SA,plant,sa30,pa_holdout,0,global_conditional_density,88,152,onehot_l2,0.0,1e-06,9,"G=6,K=3",random_50k,50000,full_background_50k,additive_kan_ipp,ipp,0.01,frozen_default,True,2.9887,0.5891625615763547,0.0593507826427081,0.18812162391710552,,,,
SA,plant,sa30,pa_holdout,0,global_conditional_density,88,152,onehot_l2,0.0,1e-06,9,"G=6,K=3",random_50k,50000,full_background_50k,gam_ipp,ipp,0.01,frozen_default,True,3.3703,0.5891625615763547,0.0593507826427081,0.18812162391710552,,,,
SA,plant,sa30,pa_holdout,0,global_conditional_density,88,152,onehot_l2,0.0,1e-06,9,"G=6,K=3",random_50k,50000,full_background_50k,additive_kan_bce,bce_pos_weight,0.01,frozen_default,True,3.0067,0.5733990147783251,0.05664341504060424,0.10410463733650419,,,,568.1818181818181
SWI,tree,swi01,pa_holdout,0,global_conditional_density,482,10013,onehot_l2,0.0,1e-06,9,"G=6,K=3",random_50k,50000,full_background_50k,maxnet,maxnet_default,,maxnet_classes_lq,True,17.4128,0.8185966779314339,0.05730484968061497,0.7191269366534258,,,10000.0,
SWI,tree,swi01,pa_holdout,0,global_conditional_density,482,10013,onehot_l2,0.0,1e-06,9,"G=6,K=3",random_50k,50000,full_background_50k,additive_kan_ipp,ipp,0.01,frozen_default,True,4.6186,0.840047851674903,0.06995864247303252,0.756588483569203,,,,
SWI,tree,swi01,pa_holdout,0,global_conditional_density,482,10013,onehot_l2,0.0,1e-06,9,"G=6,K=3",random_50k,50000,full_background_50k,gam_ipp,ipp,0.01,frozen_default,True,6.6277,0.8401412530119573,0.06955192131964594,0.7567060233092768,,,,
SWI,tree,swi01,pa_holdout,0,global_conditional_density,482,10013,onehot_l2,0.0,1e-06,9,"G=6,K=3",random_50k,50000,full_background_50k,additive_kan_bce,bce_pos_weight,0.01,frozen_default,True,4.7842,0.8288057271058229,0.05079695180998038,0.7256675352471967,,,,103.7344398340249
SWI,tree,swi02,pa_holdout,0,global_conditional_density,1245,10013,onehot_l2,0.0,1e-06,9,"G=6,K=3",random_50k,50000,full_background_50k,maxnet,maxnet_default,,maxnet_classes_lq,True,42.8517,0.7328938505804696,0.0761982454786531,0.5578730543974056,,,10000.0,
SWI,tree,swi02,pa_holdout,0,global_conditional_density,1245,10013,onehot_l2,0.0,1e-06,9,"G=6,K=3",random_50k,50000,full_background_50k,additive_kan_ipp,ipp,0.01,frozen_default,True,4.6522,0.7516104964646796,0.07915476115787459,0.5847562787245973,,,,
SWI,tree,swi02,pa_holdout,0,global_conditional_density,1245,10013,onehot_l2,0.0,1e-06,9,"G=6,K=3",random_50k,50000,full_background_50k,gam_ipp,ipp,0.01,frozen_default,True,7.244,0.7516139506125931,0.0792823817826652,0.5847505536002126,,,,
SWI,tree,swi02,pa_holdout,0,global_conditional_density,1245,10013,onehot_l2,0.0,1e-06,9,"G=6,K=3",random_50k,50000,full_background_50k,additive_kan_bce,bce_pos_weight,0.01,frozen_default,True,4.9837,0.7492409509960035,0.08225783336579065,0.5864138392671678,,,,40.16064257028113
SWI,tree,swi03,pa_holdout,0,global_conditional_density,291,10013,onehot_l2,0.0,1e-06,9,"G=6,K=3",random_50k,50000,full_background_50k,maxnet,maxnet_default,,maxnet_classes_lq,True,11.2155,0.6901658150707508,0.03857569502913432,0.4573657727447531,,,10000.0,
SWI,tree,swi03,pa_holdout,0,global_conditional_density,291,10013,onehot_l2,0.0,1e-06,9,"G=6,K=3",random_50k,50000,full_background_50k,additive_kan_ipp,ipp,0.01,frozen_default,True,4.535,0.6985364726093366,0.046194712665283064,0.4670226437402363,,,,
SWI,tree,swi03,pa_holdout,0,global_conditional_density,291,10013,onehot_l2,0.0,1e-06,9,"G=6,K=3",random_50k,50000,full_background_50k,gam_ipp,ipp,0.01,frozen_default,True,6.5776,0.6980834454605253,0.046231554866833446,0.4666081843194875,,,,
SWI,tree,swi03,pa_holdout,0,global_conditional_density,291,10013,onehot_l2,0.0,1e-06,9,"G=6,K=3",random_50k,50000,full_background_50k,additive_kan_bce,bce_pos_weight,0.01,frozen_default,True,4.716,0.7012724712167239,0.04863983056091184,0.4880396548604409,,,,171.82130584192439
SWI,tree,swi04,pa_holdout,0,global_conditional_density,710,10013,onehot_l2,0.0,1e-06,9,"G=6,K=3",random_50k,50000,full_background_50k,maxnet,maxnet_default,,maxnet_classes_lq,True,25.2018,0.851857419741699,0.07267506802252083,0.7648161275532209,,,10000.0,
SWI,tree,swi04,pa_holdout,0,global_conditional_density,710,10013,onehot_l2,0.0,1e-06,9,"G=6,K=3",random_50k,50000,full_background_50k,additive_kan_ipp,ipp,0.01,frozen_default,True,4.5921,0.869870203994272,0.07867738627404962,0.7962128069091607,,,,
SWI,tree,swi04,pa_holdout,0,global_conditional_density,710,10013,onehot_l2,0.0,1e-06,9,"G=6,K=3",random_50k,50000,full_background_50k,gam_ipp,ipp,0.01,frozen_default,True,5.3499,0.8696366357337357,0.07857428090067074,0.7940885491921439,,,,
SWI,tree,swi04,pa_holdout,0,global_conditional_density,710,10013,onehot_l2,0.0,1e-06,9,"G=6,K=3",random_50k,50000,full_background_50k,additive_kan_bce,bce_pos_weight,0.01,frozen_default,True,4.811,0.8622354945616816,0.0684013064740824,0.7774840260955709,,,,70.4225352112676
SWI,tree,swi05,pa_holdout,0,global_conditional_density,91,10013,onehot_l2,0.0,1e-06,9,"G=6,K=3",random_50k,50000,full_background_50k,maxnet,maxnet_default,,maxnet_classes_lq,True,5.0504,0.9877043782034761,0.3705839068209862,0.9485709412559924,,,10000.0,
SWI,tree,swi05,pa_holdout,0,global_conditional_density,91,10013,onehot_l2,0.0,1e-06,9,"G=6,K=3",random_50k,50000,full_background_50k,additive_kan_ipp,ipp,0.01,frozen_default,True,4.5535,0.9845889528391032,0.4667770629811051,0.9506495415808618,,,,
SWI,tree,swi05,pa_holdout,0,global_conditional_density,91,10013,onehot_l2,0.0,1e-06,9,"G=6,K=3",random_50k,50000,full_background_50k,gam_ipp,ipp,0.01,frozen_default,True,6.721,0.9846920367666008,0.4673830499063823,0.9506740299615665,,,,
SWI,tree,swi05,pa_holdout,0,global_conditional_density,91,10013,onehot_l2,0.0,1e-06,9,"G=6,K=3",random_50k,50000,full_background_50k,additive_kan_bce,bce_pos_weight,0.01,frozen_default,True,4.6419,0.9849955616642327,0.3365587443492428,0.9492540846951302,,,,549.4505494505495
SWI,tree,swi06,pa_holdout,0,global_conditional_density,5822,10013,onehot_l2,0.0,1e-06,9,"G=6,K=3",random_50k,50000,full_background_50k,maxnet,maxnet_default,,maxnet_classes_lq,True,194.8681,0.6841856479875617,0.8085572369409861,0.24242488969629578,,,10000.0,
SWI,tree,swi06,pa_holdout,0,global_conditional_density,5822,10013,onehot_l2,0.0,1e-06,9,"G=6,K=3",random_50k,50000,full_background_50k,additive_kan_ipp,ipp,0.01,frozen_default,True,5.0336,0.709727216069802,0.8302347231256595,0.3083944255135909,,,,
SWI,tree,swi06,pa_holdout,0,global_conditional_density,5822,10013,onehot_l2,0.0,1e-06,9,"G=6,K=3",random_50k,50000,full_background_50k,gam_ipp,ipp,0.01,frozen_default,True,7.3437,0.709702775592235,0.8302077390402505,0.30853586170076874,,,,
SWI,tree,swi06,pa_holdout,0,global_conditional_density,5822,10013,onehot_l2,0.0,1e-06,9,"G=6,K=3",random_50k,50000,full_background_50k,additive_kan_bce,bce_pos_weight,0.01,frozen_default,True,5.2741,0.70637482856415,0.8276710749926617,0.29935917104179566,,,,8.588114050154585
SWI,tree,swi07,pa_holdout,0,global_conditional_density,857,10013,onehot_l2,0.0,1e-06,9,"G=6,K=3",random_50k,50000,full_background_50k,maxnet,maxnet_default,,maxnet_classes_lq,True,30.1819,0.8984321876774128,0.1508910528154412,0.8352846589471993,,,10000.0,
SWI,tree,swi07,pa_holdout,0,global_conditional_density,857,10013,onehot_l2,0.0,1e-06,9,"G=6,K=3",random_50k,50000,full_background_50k,additive_kan_ipp,ipp,0.01,frozen_default,True,4.6674,0.9099135904365198,0.16302529638858032,0.8552014626122868,,,,
SWI,tree,swi07,pa_holdout,0,global_conditional_density,857,10013,onehot_l2,0.0,1e-06,9,"G=6,K=3",random_50k,50000,full_background_50k,gam_ipp,ipp,0.01,frozen_default,True,5.7571,0.9099076095807789,0.16324694173536966,0.855256232727083,,,,
SWI,tree,swi07,pa_holdout,0,global_conditional_density,857,10013,onehot_l2,0.0,1e-06,9,"G=6,K=3",random_50k,50000,full_background_50k,additive_kan_bce,bce_pos_weight,0.01,frozen_default,True,4.7943,0.9120128708015544,0.15727211840954627,0.8545142803027024,,,,58.343057176196034
SWI,tree,swi08,pa_holdout,0,global_conditional_density,1452,10013,onehot_l2,0.0,1e-06,9,"G=6,K=3",random_50k,50000,full_background_50k,maxnet,maxnet_default,,maxnet_classes_lq,True,49.7874,0.8329519033247507,0.16819342840312135,0.7186767565843657,,,10000.0,
SWI,tree,swi08,pa_holdout,0,global_conditional_density,1452,10013,onehot_l2,0.0,1e-06,9,"G=6,K=3",random_50k,50000,full_background_50k,additive_kan_ipp,ipp,0.01,frozen_default,True,4.7096,0.8513623316871385,0.2136437954211646,0.7597685445018689,,,,
SWI,tree,swi08,pa_holdout,0,global_conditional_density,1452,10013,onehot_l2,0.0,1e-06,9,"G=6,K=3",random_50k,50000,full_background_50k,gam_ipp,ipp,0.01,frozen_default,True,5.2389,0.8513997052326482,0.21367031951386767,0.7597719075271055,,,,
SWI,tree,swi08,pa_holdout,0,global_conditional_density,1452,10013,onehot_l2,0.0,1e-06,9,"G=6,K=3",random_50k,50000,full_background_50k,additive_kan_bce,bce_pos_weight,0.01,frozen_default,True,5.0117,0.8411564957860229,0.18271296027390593,0.7342958799931547,,,,34.43526170798898
SWI,tree,swi09,pa_holdout,0,global_conditional_density,937,10013,onehot_l2,0.0,1e-06,9,"G=6,K=3",random_50k,50000,full_background_50k,maxnet,maxnet_default,,maxnet_classes_lq,True,32.7182,0.7806286279492396,0.09768176601138798,0.63078008056236,,,10000.0,
SWI,tree,swi09,pa_holdout,0,global_conditional_density,937,10013,onehot_l2,0.0,1e-06,9,"G=6,K=3",random_50k,50000,full_background_50k,additive_kan_ipp,ipp,0.01,frozen_default,True,4.6795,0.7891027363179055,0.09949623782760983,0.6434285289024304,,,,
SWI,tree,swi09,pa_holdout,0,global_conditional_density,937,10013,onehot_l2,0.0,1e-06,9,"G=6,K=3",random_50k,50000,full_background_50k,gam_ipp,ipp,0.01,frozen_default,True,5.3222,0.7891320258744615,0.09932980310716147,0.6432065498104058,,,,
SWI,tree,swi09,pa_holdout,0,global_conditional_density,937,10013,onehot_l2,0.0,1e-06,9,"G=6,K=3",random_50k,50000,full_background_50k,additive_kan_bce,bce_pos_weight,0.01,frozen_default,True,4.9227,0.7876513882913146,0.1018278394189486,0.6460464018784351,,,,53.36179295624333
SWI,tree,swi10,pa_holdout,0,global_conditional_density,2830,10013,onehot_l2,0.0,1e-06,9,"G=6,K=3",random_50k,50000,full_background_50k,maxnet,maxnet_default,,maxnet_classes_lq,True,96.0134,0.7335492078177402,0.25472070970890065,0.5048230094604162,,,10000.0,
SWI,tree,swi10,pa_holdout,0,global_conditional_density,2830,10013,onehot_l2,0.0,1e-06,9,"G=6,K=3",random_50k,50000,full_background_50k,additive_kan_ipp,ipp,0.01,frozen_default,True,4.8425,0.7578806349784732,0.27113987081702234,0.5453307088350816,,,,
SWI,tree,swi10,pa_holdout,0,global_conditional_density,2830,10013,onehot_l2,0.0,1e-06,9,"G=6,K=3",random_50k,50000,full_background_50k,gam_ipp,ipp,0.01,frozen_default,True,5.816,0.7577302768874724,0.27094109168468766,0.5449672945443987,,,,
SWI,tree,swi10,pa_holdout,0,global_conditional_density,2830,10013,onehot_l2,0.0,1e-06,9,"G=6,K=3",random_50k,50000,full_background_50k,additive_kan_bce,bce_pos_weight,0.01,frozen_default,True,4.919,0.7537239449154329,0.2687771185778106,0.5389397012553039,,,,17.6678445229682
SWI,tree,swi11,pa_holdout,0,global_conditional_density,749,10013,onehot_l2,0.0,1e-06,9,"G=6,K=3",random_50k,50000,full_background_50k,maxnet,maxnet_default,,maxnet_classes_lq,True,26.5172,0.8425537778398814,0.05053457218702274,0.7386032317709813,,,10000.0,
SWI,tree,swi11,pa_holdout,0,global_conditional_density,749,10013,onehot_l2,0.0,1e-06,9,"G=6,K=3",random_50k,50000,full_background_50k,additive_kan_ipp,ipp,0.01,frozen_default,True,4.7143,0.8587375889828206,0.058712969417367346,0.7679610727958885,,,,
SWI,tree,swi11,pa_holdout,0,global_conditional_density,749,10013,onehot_l2,0.0,1e-06,9,"G=6,K=3",random_50k,50000,full_background_50k,gam_ipp,ipp,0.01,frozen_default,True,5.6761,0.8588093962753364,0.05890029062203231,0.7690830169725927,,,,
SWI,tree,swi11,pa_holdout,0,global_conditional_density,749,10013,onehot_l2,0.0,1e-06,9,"G=6,K=3",random_50k,50000,full_background_50k,additive_kan_bce,bce_pos_weight,0.01,frozen_default,True,5.2364,0.8486738939736215,0.05433237887281192,0.7524552209797386,,,,66.75567423230974
SWI,tree,swi12,pa_holdout,0,global_conditional_density,37,10013,onehot_l2,0.0,1e-06,9,"G=6,K=3",random_50k,50000,full_background_50k,maxnet,maxnet_default,,maxnet_classes_lq,True,2.4482,0.6977184028820174,0.008976435156602054,0.5002753124954531,,,10000.0,
SWI,tree,swi12,pa_holdout,0,global_conditional_density,37,10013,onehot_l2,0.0,1e-06,9,"G=6,K=3",random_50k,50000,full_background_50k,additive_kan_ipp,ipp,0.01,frozen_default,True,4.5731,0.6815570899629741,0.013256573510510466,0.48645805401298653,,,,
SWI,tree,swi12,pa_holdout,0,global_conditional_density,37,10013,onehot_l2,0.0,1e-06,9,"G=6,K=3",random_50k,50000,full_background_50k,gam_ipp,ipp,0.01,frozen_default,True,5.346,0.6795957170019012,0.013272005483049642,0.4640738413857287,,,,
SWI,tree,swi12,pa_holdout,0,global_conditional_density,37,10013,onehot_l2,0.0,1e-06,9,"G=6,K=3",random_50k,50000,full_background_50k,additive_kan_bce,bce_pos_weight,0.01,frozen_default,True,4.8102,0.6623186230361253,0.0054332537590644665,0.3961101146196943,,,,1351.3513513513512
SWI,tree,swi13,pa_holdout,0,global_conditional_density,3357,10013,onehot_l2,0.0,1e-06,9,"G=6,K=3",random_50k,50000,full_background_50k,maxnet,maxnet_default,,maxnet_classes_lq,True,113.7801,0.7256081818763056,0.5458898376151876,0.46858215972449324,,,10000.0,
SWI,tree,swi13,pa_holdout,0,global_conditional_density,3357,10013,onehot_l2,0.0,1e-06,9,"G=6,K=3",random_50k,50000,full_background_50k,additive_kan_ipp,ipp,0.01,frozen_default,True,4.8968,0.7467712502723579,0.5573893582284529,0.5028101257288451,,,,
SWI,tree,swi13,pa_holdout,0,global_conditional_density,3357,10013,onehot_l2,0.0,1e-06,9,"G=6,K=3",random_50k,50000,full_background_50k,gam_ipp,ipp,0.01,frozen_default,True,5.6781,0.7469557297026991,0.5576349364066024,0.5032591329412084,,,,
SWI,tree,swi13,pa_holdout,0,global_conditional_density,3357,10013,onehot_l2,0.0,1e-06,9,"G=6,K=3",random_50k,50000,full_background_50k,additive_kan_bce,bce_pos_weight,0.01,frozen_default,True,5.1996,0.744023572361663,0.547642696125117,0.49959491148013263,,,,14.894250819183796
SWI,tree,swi14,pa_holdout,0,global_conditional_density,2142,10013,onehot_l2,0.0,1e-06,9,"G=6,K=3",random_50k,50000,full_background_50k,maxnet,maxnet_default,,maxnet_classes_lq,True,72.7406,0.7790617718189771,0.26927425906904534,0.6244577142985445,,,10000.0,
SWI,tree,swi14,pa_holdout,0,global_conditional_density,2142,10013,onehot_l2,0.0,1e-06,9,"G=6,K=3",random_50k,50000,full_background_50k,additive_kan_ipp,ipp,0.01,frozen_default,True,4.7333,0.8005797721426445,0.3027051253782579,0.6660864286915276,,,,
SWI,tree,swi14,pa_holdout,0,global_conditional_density,2142,10013,onehot_l2,0.0,1e-06,9,"G=6,K=3",random_50k,50000,full_background_50k,gam_ipp,ipp,0.01,frozen_default,True,5.3642,0.8004615090372251,0.3021947995492232,0.6658476127296266,,,,
SWI,tree,swi14,pa_holdout,0,global_conditional_density,2142,10013,onehot_l2,0.0,1e-06,9,"G=6,K=3",random_50k,50000,full_background_50k,additive_kan_bce,bce_pos_weight,0.01,frozen_default,True,4.9786,0.7970171668234076,0.29050784075585473,0.6570776850438214,,,,23.34267040149393
SWI,tree,swi15,pa_holdout,0,global_conditional_density,297,10013,onehot_l2,0.0,1e-06,9,"G=6,K=3",random_50k,50000,full_background_50k,maxnet,maxnet_default,,maxnet_classes_lq,True,11.3585,0.7746357794991033,0.05803755965417389,0.6539639146972468,,,10000.0,
SWI,tree,swi15,pa_holdout,0,global_conditional_density,297,10013,onehot_l2,0.0,1e-06,9,"G=6,K=3",random_50k,50000,full_background_50k,additive_kan_ipp,ipp,0.01,frozen_default,True,4.6687,0.7904638665161892,0.04990199962158092,0.6656219028703467,,,,
SWI,tree,swi15,pa_holdout,0,global_conditional_density,297,10013,onehot_l2,0.0,1e-06,9,"G=6,K=3",random_50k,50000,full_background_50k,gam_ipp,ipp,0.01,frozen_default,True,5.2512,0.7906225024286402,0.049791953196971765,0.6660238830690477,,,,
SWI,tree,swi15,pa_holdout,0,global_conditional_density,297,10013,onehot_l2,0.0,1e-06,9,"G=6,K=3",random_50k,50000,full_background_50k,additive_kan_bce,bce_pos_weight,0.01,frozen_default,True,4.7447,0.7869700993967302,0.045584867260361324,0.6474318112976634,,,,168.35016835016836
SWI,tree,swi16,pa_holdout,0,global_conditional_density,734,10013,onehot_l2,0.0,1e-06,9,"G=6,K=3",random_50k,50000,full_background_50k,maxnet,maxnet_default,,maxnet_classes_lq,True,25.8255,0.8243075351858725,0.13332019084850602,0.6917677123806517,,,10000.0,
SWI,tree,swi16,pa_holdout,0,global_conditional_density,734,10013,onehot_l2,0.0,1e-06,9,"G=6,K=3",random_50k,50000,full_background_50k,additive_kan_ipp,ipp,0.01,frozen_default,True,4.5542,0.8377983264501422,0.14145276793509368,0.7184672648085386,,,,
SWI,tree,swi16,pa_holdout,0,global_conditional_density,734,10013,onehot_l2,0.0,1e-06,9,"G=6,K=3",random_50k,50000,full_background_50k,gam_ipp,ipp,0.01,frozen_default,True,5.2958,0.8377891137661188,0.14151478342934717,0.7184671930076802,,,,
SWI,tree,swi16,pa_holdout,0,global_conditional_density,734,10013,onehot_l2,0.0,1e-06,9,"G=6,K=3",random_50k,50000,full_background_50k,additive_kan_bce,bce_pos_weight,0.01,frozen_default,True,4.762,0.8323191484321328,0.1356368064459809,0.7059431272695367,,,,68.11989100817439
SWI,tree,swi17,pa_holdout,0,global_conditional_density,458,10013,onehot_l2,0.0,1e-06,9,"G=6,K=3",random_50k,50000,full_background_50k,maxnet,maxnet_default,,maxnet_classes_lq,True,17.6469,0.9864636651344534,0.7193171799982531,0.9796332134420433,,,10000.0,
SWI,tree,swi17,pa_holdout,0,global_conditional_density,458,10013,onehot_l2,0.0,1e-06,9,"G=6,K=3",random_50k,50000,full_background_50k,additive_kan_ipp,ipp,0.01,frozen_default,True,4.633,0.9826809717845266,0.6932732204901564,0.9743082763614387,,,,
SWI,tree,swi17,pa_holdout,0,global_conditional_density,458,10013,onehot_l2,0.0,1e-06,9,"G=6,K=3",random_50k,50000,full_background_50k,gam_ipp,ipp,0.01,frozen_default,True,5.0852,0.9827418588624152,0.6928757079954607,0.974722887323891,,,,
SWI,tree,swi17,pa_holdout,0,global_conditional_density,458,10013,onehot_l2,0.0,1e-06,9,"G=6,K=3",random_50k,50000,full_background_50k,additive_kan_bce,bce_pos_weight,0.01,frozen_default,True,4.7347,0.9785526940859244,0.6849556788787555,0.9707829334378821,,,,109.17030567685589
SWI,tree,swi18,pa_holdout,0,global_conditional_density,382,10013,onehot_l2,0.0,1e-06,9,"G=6,K=3",random_50k,50000,full_background_50k,maxnet,maxnet_default,,maxnet_classes_lq,True,14.2559,0.938835871248007,0.04210617663973624,0.8526187837154082,,,10000.0,
SWI,tree,swi18,pa_holdout,0,global_conditional_density,382,10013,onehot_l2,0.0,1e-06,9,"G=6,K=3",random_50k,50000,full_background_50k,additive_kan_ipp,ipp,0.01,frozen_default,True,4.6018,0.9304557463163652,0.030462911551367194,0.8394153045616775,,,,
SWI,tree,swi18,pa_holdout,0,global_conditional_density,382,10013,onehot_l2,0.0,1e-06,9,"G=6,K=3",random_50k,50000,full_background_50k,gam_ipp,ipp,0.01,frozen_default,True,5.2838,0.9324506473800557,0.030477621596929298,0.845591046622794,,,,
SWI,tree,swi18,pa_holdout,0,global_conditional_density,382,10013,onehot_l2,0.0,1e-06,9,"G=6,K=3",random_50k,50000,full_background_50k,additive_kan_bce,bce_pos_weight,0.01,frozen_default,True,4.7669,0.9385085226178648,0.059808396667422804,0.8618362501637719,,,,130.89005235602093
SWI,tree,swi19,pa_holdout,0,global_conditional_density,36,10013,onehot_l2,0.0,1e-06,9,"G=6,K=3",random_50k,50000,full_background_50k,maxnet,maxnet_default,,maxnet_classes_lq,True,2.5538,0.9079026363186332,0.02328024083981272,0.7983882814176313,,,10000.0,
SWI,tree,swi19,pa_holdout,0,global_conditional_density,36,10013,onehot_l2,0.0,1e-06,9,"G=6,K=3",random_50k,50000,full_background_50k,additive_kan_ipp,ipp,0.01,frozen_default,True,4.6913,0.8715334463836196,0.020200395473440585,0.7528138786360667,,,,
SWI,tree,swi19,pa_holdout,0,global_conditional_density,36,10013,onehot_l2,0.0,1e-06,9,"G=6,K=3",random_50k,50000,full_background_50k,gam_ipp,ipp,0.01,frozen_default,True,5.2199,0.8716229737842706,0.02017649482738841,0.7601038713581362,,,,
SWI,tree,swi19,pa_holdout,0,global_conditional_density,36,10013,onehot_l2,0.0,1e-06,9,"G=6,K=3",random_50k,50000,full_background_50k,additive_kan_bce,bce_pos_weight,0.01,frozen_default,True,4.7303,0.876441654466364,0.01613434613511561,0.7526943250510093,,,,1388.888888888889
SWI,tree,swi20,pa_holdout,0,global_conditional_density,613,10013,onehot_l2,0.0,1e-06,9,"G=6,K=3",random_50k,50000,full_background_50k,maxnet,maxnet_default,,maxnet_classes_lq,True,21.8025,0.7402539012045838,0.056193502133663614,0.5061390907951855,,,10000.0,
SWI,tree,swi20,pa_holdout,0,global_conditional_density,613,10013,onehot_l2,0.0,1e-06,9,"G=6,K=3",random_50k,50000,full_background_50k,additive_kan_ipp,ipp,0.01,frozen_default,True,4.5445,0.7547909496750481,0.059082559437257175,0.5401591644904022,,,,
SWI,tree,swi20,pa_holdout,0,global_conditional_density,613,10013,onehot_l2,0.0,1e-06,9,"G=6,K=3",random_50k,50000,full_background_50k,gam_ipp,ipp,0.01,frozen_default,True,5.3513,0.7548746591961917,0.05910233207933134,0.540011390535846,,,,
SWI,tree,swi20,pa_holdout,0,global_conditional_density,613,10013,onehot_l2,0.0,1e-06,9,"G=6,K=3",random_50k,50000,full_background_50k,additive_kan_bce,bce_pos_weight,0.01,frozen_default,True,4.7642,0.7498884504344941,0.06229067163661098,0.5420269250699044,,,,81.56606851549755
SWI,tree,swi21,pa_holdout,0,global_conditional_density,426,10013,onehot_l2,0.0,1e-06,9,"G=6,K=3",random_50k,50000,full_background_50k,maxnet,maxnet_default,,maxnet_classes_lq,True,15.4575,0.6863270361776338,0.041613159013632814,0.437503714338156,,,10000.0,
SWI,tree,swi21,pa_holdout,0,global_conditional_density,426,10013,onehot_l2,0.0,1e-06,9,"G=6,K=3",random_50k,50000,full_background_50k,additive_kan_ipp,ipp,0.01,frozen_default,True,4.5972,0.7232617150445837,0.05966992601417514,0.5402562810726103,,,,
SWI,tree,swi21,pa_holdout,0,global_conditional_density,426,10013,onehot_l2,0.0,1e-06,9,"G=6,K=3",random_50k,50000,full_background_50k,gam_ipp,ipp,0.01,frozen_default,True,5.2318,0.7232899902222611,0.059628382728547806,0.5406480276680962,,,,
SWI,tree,swi21,pa_holdout,0,global_conditional_density,426,10013,onehot_l2,0.0,1e-06,9,"G=6,K=3",random_50k,50000,full_background_50k,additive_kan_bce,bce_pos_weight,0.01,frozen_default,True,4.8278,0.7093630970623004,0.05198050029364974,0.5071840859039775,,,,117.37089201877934
SWI,tree,swi22,pa_holdout,0,global_conditional_density,560,10013,onehot_l2,0.0,1e-06,9,"G=6,K=3",random_50k,50000,full_background_50k,maxnet,maxnet_default,,maxnet_classes_lq,True,20.3406,0.8522150720808028,0.10632701953784267,0.7679724008890373,,,10000.0,
SWI,tree,swi22,pa_holdout,0,global_conditional_density,560,10013,onehot_l2,0.0,1e-06,9,"G=6,K=3",random_50k,50000,full_background_50k,additive_kan_ipp,ipp,0.01,frozen_default,True,4.5885,0.855334828938735,0.11441466664090555,0.7791565326245116,,,,
SWI,tree,swi22,pa_holdout,0,global_conditional_density,560,10013,onehot_l2,0.0,1e-06,9,"G=6,K=3",random_50k,50000,full_background_50k,gam_ipp,ipp,0.01,frozen_default,True,5.3702,0.8543455832134502,0.11444679144129925,0.7781655890376944,,,,
SWI,tree,swi22,pa_holdout,0,global_conditional_density,560,10013,onehot_l2,0.0,1e-06,9,"G=6,K=3",random_50k,50000,full_background_50k,additive_kan_bce,bce_pos_weight,0.01,frozen_default,True,4.6762,0.8495206349951543,0.1107277527156976,0.7671919866283329,,,,89.28571428571429
SWI,tree,swi23,pa_holdout,0,global_conditional_density,986,10013,onehot_l2,0.0,1e-06,9,"G=6,K=3",random_50k,50000,full_background_50k,maxnet,maxnet_default,,maxnet_classes_lq,True,34.2492,0.7306721665110106,0.3948640280595907,0.5625437325652423,,,10000.0,
SWI,tree,swi23,pa_holdout,0,global_conditional_density,986,10013,onehot_l2,0.0,1e-06,9,"G=6,K=3",random_50k,50000,full_background_50k,additive_kan_ipp,ipp,0.01,frozen_default,True,4.8291,0.7705252838756136,0.4177622867557802,0.628834292679133,,,,
SWI,tree,swi23,pa_holdout,0,global_conditional_density,986,10013,onehot_l2,0.0,1e-06,9,"G=6,K=3",random_50k,50000,full_background_50k,gam_ipp,ipp,0.01,frozen_default,True,5.4038,0.7708179642714514,0.41761927135914745,0.6292476460607014,,,,
SWI,tree,swi23,pa_holdout,0,global_conditional_density,986,10013,onehot_l2,0.0,1e-06,9,"G=6,K=3",random_50k,50000,full_background_50k,additive_kan_bce,bce_pos_weight,0.01,frozen_default,True,4.8137,0.7735581382916836,0.420787170967881,0.635243615759393,,,,50.70993914807302
SWI,tree,swi24,pa_holdout,0,global_conditional_density,293,10013,onehot_l2,0.0,1e-06,9,"G=6,K=3",random_50k,50000,full_background_50k,maxnet,maxnet_default,,maxnet_classes_lq,True,11.1721,0.5620175662243703,0.03379733967322916,0.12947052005714443,,,10000.0,
SWI,tree,swi24,pa_holdout,0,global_conditional_density,293,10013,onehot_l2,0.0,1e-06,9,"G=6,K=3",random_50k,50000,full_background_50k,additive_kan_ipp,ipp,0.01,frozen_default,True,4.5662,0.6453392601789139,0.05051634957312974,0.3699068705530253,,,,
SWI,tree,swi24,pa_holdout,0,global_conditional_density,293,10013,onehot_l2,0.0,1e-06,9,"G=6,K=3",random_50k,50000,full_background_50k,gam_ipp,ipp,0.01,frozen_default,True,5.803,0.6448969637849044,0.05043585241573151,0.3686891194152129,,,,
SWI,tree,swi24,pa_holdout,0,global_conditional_density,293,10013,onehot_l2,0.0,1e-06,9,"G=6,K=3",random_50k,50000,full_background_50k,additive_kan_bce,bce_pos_weight,0.01,frozen_default,True,4.7187,0.6421666980745143,0.04752195270768045,0.3493101741557181,,,,170.64846416382252
SWI,tree,swi25,pa_holdout,0,global_conditional_density,279,10013,onehot_l2,0.0,1e-06,9,"G=6,K=3",random_50k,50000,full_background_50k,maxnet,maxnet_default,,maxnet_classes_lq,True,11.3922,0.9659279159234027,0.40445239933933286,0.9465967768209231,,,10000.0,
SWI,tree,swi25,pa_holdout,0,global_conditional_density,279,10013,onehot_l2,0.0,1e-06,9,"G=6,K=3",random_50k,50000,full_background_50k,additive_kan_ipp,ipp,0.01,frozen_default,True,4.5251,0.968672440843345,0.4199613199820817,0.9518614493006232,,,,
SWI,tree,swi25,pa_holdout,0,global_conditional_density,279,10013,onehot_l2,0.0,1e-06,9,"G=6,K=3",random_50k,50000,full_background_50k,gam_ipp,ipp,0.01,frozen_default,True,6.7862,0.9682722603107741,0.4200807641851193,0.9518473093925026,,,,
SWI,tree,swi25,pa_holdout,0,global_conditional_density,279,10013,onehot_l2,0.0,1e-06,9,"G=6,K=3",random_50k,50000,full_background_50k,additive_kan_bce,bce_pos_weight,0.01,frozen_default,True,4.7312,0.9594923596036881,0.3448024149814217,0.9360782718220924,,,,179.21146953405017
SWI,tree,swi26,pa_holdout,0,global_conditional_density,89,10013,onehot_l2,0.0,1e-06,9,"G=6,K=3",random_50k,50000,full_background_50k,maxnet,maxnet_default,,maxnet_classes_lq,True,4.5476,0.793468667255075,0.03741614256321947,0.6910487182032387,,,10000.0,
SWI,tree,swi26,pa_holdout,0,global_conditional_density,89,10013,onehot_l2,0.0,1e-06,9,"G=6,K=3",random_50k,50000,full_background_50k,additive_kan_ipp,ipp,0.01,frozen_default,True,4.5582,0.8189552415355639,0.08256552888111315,0.7172341229996108,,,,
SWI,tree,swi26,pa_holdout,0,global_conditional_density,89,10013,onehot_l2,0.0,1e-06,9,"G=6,K=3",random_50k,50000,full_background_50k,gam_ipp,ipp,0.01,frozen_default,True,5.1947,0.8193055568193193,0.08385630924231513,0.7173070055452698,,,,
SWI,tree,swi26,pa_holdout,0,global_conditional_density,89,10013,onehot_l2,0.0,1e-06,9,"G=6,K=3",random_50k,50000,full_background_50k,additive_kan_bce,bce_pos_weight,0.01,frozen_default,True,4.8009,0.7916306494026442,0.023732583791641483,0.6682993421035703,,,,561.7977528089888
SWI,tree,swi27,pa_holdout,0,global_conditional_density,468,10013,onehot_l2,0.0,1e-06,9,"G=6,K=3",random_50k,50000,full_background_50k,maxnet,maxnet_default,,maxnet_classes_lq,True,17.1223,0.7097221254999068,0.10384545944224277,0.5321230617792376,,,10000.0,
SWI,tree,swi27,pa_holdout,0,global_conditional_density,468,10013,onehot_l2,0.0,1e-06,9,"G=6,K=3",random_50k,50000,full_background_50k,additive_kan_ipp,ipp,0.01,frozen_default,True,4.7135,0.7057917145331376,0.11050563902851661,0.5313584667328202,,,,
SWI,tree,swi27,pa_holdout,0,global_conditional_density,468,10013,onehot_l2,0.0,1e-06,9,"G=6,K=3",random_50k,50000,full_background_50k,gam_ipp,ipp,0.01,frozen_default,True,5.204,0.7056223987973,0.11041915027271623,0.5310570956413049,,,,
SWI,tree,swi27,pa_holdout,0,global_conditional_density,468,10013,onehot_l2,0.0,1e-06,9,"G=6,K=3",random_50k,50000,full_background_50k,additive_kan_bce,bce_pos_weight,0.01,frozen_default,True,4.7915,0.7153744004176279,0.10817809061034835,0.5471688480739527,,,,106.83760683760684
SWI,tree,swi28,pa_holdout,0,global_conditional_density,5528,10013,onehot_l2,0.0,1e-06,9,"G=6,K=3",random_50k,50000,full_background_50k,maxnet,maxnet_default,,maxnet_classes_lq,True,185.2246,0.776234934565655,0.6927005528110199,0.5397892902824353,,,10000.0,
SWI,tree,swi28,pa_holdout,0,global_conditional_density,5528,10013,onehot_l2,0.0,1e-06,9,"G=6,K=3",random_50k,50000,full_background_50k,additive_kan_ipp,ipp,0.01,frozen_default,True,5.1134,0.8115146021008481,0.7322490276492538,0.6098568636125468,,,,
SWI,tree,swi28,pa_holdout,0,global_conditional_density,5528,10013,onehot_l2,0.0,1e-06,9,"G=6,K=3",random_50k,50000,full_background_50k,gam_ipp,ipp,0.01,frozen_default,True,5.9168,0.8114143026809431,0.7322357736733807,0.6096169781062453,,,,
SWI,tree,swi28,pa_holdout,0,global_conditional_density,5528,10013,onehot_l2,0.0,1e-06,9,"G=6,K=3",random_50k,50000,full_background_50k,additive_kan_bce,bce_pos_weight,0.01,frozen_default,True,5.2608,0.8081769102077611,0.7271639078470793,0.6034148205194898,,,,9.044862518089724
SWI,tree,swi29,pa_holdout,0,global_conditional_density,154,10013,onehot_l2,0.0,1e-06,9,"G=6,K=3",random_50k,50000,full_background_50k,maxnet,maxnet_default,,maxnet_classes_lq,True,6.4504,0.6530384343790983,0.028513708013173867,0.4181448258680957,,,10000.0,
SWI,tree,swi29,pa_holdout,0,global_conditional_density,154,10013,onehot_l2,0.0,1e-06,9,"G=6,K=3",random_50k,50000,full_background_50k,additive_kan_ipp,ipp,0.01,frozen_default,True,4.778,0.6654383133259356,0.0432128568135038,0.43686404350293473,,,,
SWI,tree,swi29,pa_holdout,0,global_conditional_density,154,10013,onehot_l2,0.0,1e-06,9,"G=6,K=3",random_50k,50000,full_background_50k,gam_ipp,ipp,0.01,frozen_default,True,5.0992,0.6670049430041359,0.043389607075496155,0.4381778391647028,,,,
SWI,tree,swi29,pa_holdout,0,global_conditional_density,154,10013,onehot_l2,0.0,1e-06,9,"G=6,K=3",random_50k,50000,full_background_50k,additive_kan_bce,bce_pos_weight,0.01,frozen_default,True,4.7313,0.6712075052960759,0.03684416100223093,0.4771452800980723,,,,324.6753246753247
SWI,tree,swi30,pa_holdout,0,global_conditional_density,2800,10013,onehot_l2,0.0,1e-06,9,"G=6,K=3",random_50k,50000,full_background_50k,maxnet,maxnet_default,,maxnet_classes_lq,True,94.4407,0.6891910985517484,0.26564462946773126,0.44156351111497993,,,10000.0,
SWI,tree,swi30,pa_holdout,0,global_conditional_density,2800,10013,onehot_l2,0.0,1e-06,9,"G=6,K=3",random_50k,50000,full_background_50k,additive_kan_ipp,ipp,0.01,frozen_default,True,4.6709,0.7179860969095292,0.2833593906490417,0.4926433077056662,,,,
SWI,tree,swi30,pa_holdout,0,global_conditional_density,2800,10013,onehot_l2,0.0,1e-06,9,"G=6,K=3",random_50k,50000,full_background_50k,gam_ipp,ipp,0.01,frozen_default,True,6.081,0.7179571256824505,0.2832127620594508,0.4926008820526569,,,,
SWI,tree,swi30,pa_holdout,0,global_conditional_density,2800,10013,onehot_l2,0.0,1e-06,9,"G=6,K=3",random_50k,50000,full_background_50k,additive_kan_bce,bce_pos_weight,0.01,frozen_default,True,5.1107,0.7207840667546648,0.28487057567655183,0.4956511603638849,,,,17.857142857142858
