region,taxon_group,species_id,split_id,seed,estimand,n_presence,n_PA_test,categorical_encoding,weight_decay,lambda_r,basis_df,knots,background_scheme,n_background,integration_support,model,objective,lambda_s,lambda_selection,converged,runtime_s,auc_roc,auprc,prg,cor,artifact_path,skip_reason,maxnet_bg_n,pos_weight
AWT,bird,awt01,pa_holdout,0,global_conditional_density,178,340,onehot_l2,0.0,1e-06,9,"G=6,K=3",random_50k,50000,full_background_50k,maxnet,maxnet_default,,maxnet_classes_lq,True,5.0804,0.48137272089761574,0.25403231227463424,0.0016591322910091539,0.044734831076664976,,,10000.0,
AWT,bird,awt01,pa_holdout,0,global_conditional_density,178,340,onehot_l2,0.0,1e-06,9,"G=6,K=3",random_50k,50000,full_background_50k,additive_kan_ipp,ipp,0.01,frozen_default,True,5.9951,0.5371669004207573,0.2971777947419499,0.06996354675328409,0.10434336716738402,,,,
AWT,bird,awt01,pa_holdout,0,global_conditional_density,178,340,onehot_l2,0.0,1e-06,9,"G=6,K=3",random_50k,50000,full_background_50k,gam_ipp,ipp,0.01,frozen_default,True,3.0783,0.5372107293127629,0.2965251058320754,0.06524496843488324,0.10484936975539112,,,,
AWT,bird,awt01,pa_holdout,0,global_conditional_density,178,340,onehot_l2,0.0,1e-06,9,"G=6,K=3",random_50k,50000,full_background_50k,additive_kan_bce,bce_pos_weight,0.01,frozen_default,True,4.7781,0.5602647265077139,0.30759751807411995,0.14377493984737041,0.10541817687016693,,,,280.8988764044944
AWT,bird,awt02,pa_holdout,0,global_conditional_density,149,340,onehot_l2,0.0,1e-06,9,"G=6,K=3",random_50k,50000,full_background_50k,maxnet,maxnet_default,,maxnet_classes_lq,True,3.9247,0.7874772036474165,0.6937466918629461,0.6188563817704058,0.5131849195851614,,,10000.0,
AWT,bird,awt02,pa_holdout,0,global_conditional_density,149,340,onehot_l2,0.0,1e-06,9,"G=6,K=3",random_50k,50000,full_background_50k,additive_kan_ipp,ipp,0.01,frozen_default,True,4.5341,0.7550557244174266,0.6727978950685664,0.5600879933954008,0.39476422091787194,,,,
AWT,bird,awt02,pa_holdout,0,global_conditional_density,149,340,onehot_l2,0.0,1e-06,9,"G=6,K=3",random_50k,50000,full_background_50k,gam_ipp,ipp,0.01,frozen_default,True,3.2547,0.7550557244174265,0.6726398767357691,0.5598303256386316,0.3948094399106733,,,,
AWT,bird,awt02,pa_holdout,0,global_conditional_density,149,340,onehot_l2,0.0,1e-06,9,"G=6,K=3",random_50k,50000,full_background_50k,additive_kan_bce,bce_pos_weight,0.01,frozen_default,True,4.876,0.7324012158054711,0.6295049073346038,0.5139186802462249,0.45521038966711735,,,,335.5704697986577
AWT,bird,awt03,pa_holdout,0,global_conditional_density,219,340,onehot_l2,0.0,1e-06,9,"G=6,K=3",random_50k,50000,full_background_50k,maxnet,maxnet_default,,maxnet_classes_lq,True,5.2139,0.49943054484000143,0.36041545596513347,0.04394794996116215,0.09849651489994894,,,10000.0,
AWT,bird,awt03,pa_holdout,0,global_conditional_density,219,340,onehot_l2,0.0,1e-06,9,"G=6,K=3",random_50k,50000,full_background_50k,additive_kan_ipp,ipp,0.01,frozen_default,True,4.7525,0.528233954223153,0.38847606621677666,0.06679290578627574,0.13003310090108394,,,,
AWT,bird,awt03,pa_holdout,0,global_conditional_density,219,340,onehot_l2,0.0,1e-06,9,"G=6,K=3",random_50k,50000,full_background_50k,gam_ipp,ipp,0.01,frozen_default,True,3.023,0.5281604761379919,0.3899276566072861,0.06671267989050014,0.13117088427570198,,,,
AWT,bird,awt03,pa_holdout,0,global_conditional_density,219,340,onehot_l2,0.0,1e-06,9,"G=6,K=3",random_50k,50000,full_background_50k,additive_kan_bce,bce_pos_weight,0.01,frozen_default,True,4.6827,0.5161100701715713,0.38674061928542763,0.0445280672408304,0.05179472961048194,,,,228.31050228310502
AWT,bird,awt04,pa_holdout,0,global_conditional_density,216,340,onehot_l2,0.0,1e-06,9,"G=6,K=3",random_50k,50000,full_background_50k,maxnet,maxnet_default,,maxnet_classes_lq,True,5.1339,0.4883850326888301,0.4872564578835797,-0.044855675902947374,-0.012905833177164565,,,10000.0,
AWT,bird,awt04,pa_holdout,0,global_conditional_density,216,340,onehot_l2,0.0,1e-06,9,"G=6,K=3",random_50k,50000,full_background_50k,additive_kan_ipp,ipp,0.01,frozen_default,True,4.5287,0.4647030185004869,0.4525546510353332,-0.04309975938386358,-0.028595706565338233,,,,
AWT,bird,awt04,pa_holdout,0,global_conditional_density,216,340,onehot_l2,0.0,1e-06,9,"G=6,K=3",random_50k,50000,full_background_50k,gam_ipp,ipp,0.01,frozen_default,True,2.8744,0.4647377938517179,0.45255233651333104,-0.04253750596208759,-0.02853843640416572,,,,
AWT,bird,awt04,pa_holdout,0,global_conditional_density,216,340,onehot_l2,0.0,1e-06,9,"G=6,K=3",random_50k,50000,full_background_50k,additive_kan_bce,bce_pos_weight,0.01,frozen_default,True,4.4967,0.4878286270691334,0.47550076240904354,-0.009891006860678151,0.0398736540640641,,,,231.4814814814815
AWT,bird,awt05,pa_holdout,0,global_conditional_density,114,340,onehot_l2,0.0,1e-06,9,"G=6,K=3",random_50k,50000,full_background_50k,maxnet,maxnet_default,,maxnet_classes_lq,True,3.5606,0.7380727616004648,0.25160856892938505,0.503603403207396,0.2131968759087095,,,10000.0,
AWT,bird,awt05,pa_holdout,0,global_conditional_density,114,340,onehot_l2,0.0,1e-06,9,"G=6,K=3",random_50k,50000,full_background_50k,additive_kan_ipp,ipp,0.01,frozen_default,True,4.6021,0.7327717667562269,0.27356060344891575,0.5112567007822605,0.20823589947627485,,,,
AWT,bird,awt05,pa_holdout,0,global_conditional_density,114,340,onehot_l2,0.0,1e-06,9,"G=6,K=3",random_50k,50000,full_background_50k,gam_ipp,ipp,0.01,frozen_default,True,2.6519,0.7319729867112047,0.27306834418672965,0.5096949360095704,0.21981677177278033,,,,
AWT,bird,awt05,pa_holdout,0,global_conditional_density,114,340,onehot_l2,0.0,1e-06,9,"G=6,K=3",random_50k,50000,full_background_50k,additive_kan_bce,bce_pos_weight,0.01,frozen_default,True,4.4943,0.7364752015104205,0.29858933814378397,0.5239274063301897,0.26333610044573574,,,,438.5964912280702
AWT,bird,awt06,pa_holdout,0,global_conditional_density,265,340,onehot_l2,0.0,1e-06,9,"G=6,K=3",random_50k,50000,full_background_50k,maxnet,maxnet_default,,maxnet_classes_lq,True,5.5167,0.7244765999091259,0.7051739126991191,0.4777714908658824,0.45265446807950993,,,10000.0,
AWT,bird,awt06,pa_holdout,0,global_conditional_density,265,340,onehot_l2,0.0,1e-06,9,"G=6,K=3",random_50k,50000,full_background_50k,additive_kan_ipp,ipp,0.01,frozen_default,True,4.5536,0.6440180350214952,0.6196974616626065,0.3191617129398542,0.32070150243265066,,,,
AWT,bird,awt06,pa_holdout,0,global_conditional_density,265,340,onehot_l2,0.0,1e-06,9,"G=6,K=3",random_50k,50000,full_background_50k,gam_ipp,ipp,0.01,frozen_default,True,2.7634,0.6436685191010451,0.6194740459055602,0.3181754645770836,0.3199351966051483,,,,
AWT,bird,awt06,pa_holdout,0,global_conditional_density,265,340,onehot_l2,0.0,1e-06,9,"G=6,K=3",random_50k,50000,full_background_50k,additive_kan_bce,bce_pos_weight,0.01,frozen_default,True,4.5376,0.6333228478557198,0.6196878322605088,0.2773088785974853,0.24402270463931428,,,,188.67924528301887
AWT,bird,awt07,pa_holdout,0,global_conditional_density,158,340,onehot_l2,0.0,1e-06,9,"G=6,K=3",random_50k,50000,full_background_50k,maxnet,maxnet_default,,maxnet_classes_lq,True,3.7028,0.5030268363601696,0.24468473986972628,0.011725985704921383,0.03194253889506869,,,10000.0,
AWT,bird,awt07,pa_holdout,0,global_conditional_density,158,340,onehot_l2,0.0,1e-06,9,"G=6,K=3",random_50k,50000,full_background_50k,additive_kan_ipp,ipp,0.01,frozen_default,True,4.5365,0.4987368320701654,0.23248894465978087,0.01275903339604365,0.045846837193344696,,,,
AWT,bird,awt07,pa_holdout,0,global_conditional_density,158,340,onehot_l2,0.0,1e-06,9,"G=6,K=3",random_50k,50000,full_background_50k,gam_ipp,ipp,0.01,frozen_default,True,2.6469,0.49887983221316556,0.23252649279881377,0.015360149504624642,0.04901856370610591,,,,
AWT,bird,awt07,pa_holdout,0,global_conditional_density,158,340,onehot_l2,0.0,1e-06,9,"G=6,K=3",random_50k,50000,full_background_50k,additive_kan_bce,bce_pos_weight,0.01,frozen_default,True,4.472,0.5048858382191715,0.229515043826596,0.04248094740519628,0.027309923587961003,,,,316.45569620253167
AWT,bird,awt08,pa_holdout,0,global_conditional_density,231,340,onehot_l2,0.0,1e-06,9,"G=6,K=3",random_50k,50000,full_background_50k,maxnet,maxnet_default,,maxnet_classes_lq,True,4.9476,0.6652763295099061,0.576275395253695,0.303909419975811,0.29356218699257386,,,10000.0,
AWT,bird,awt08,pa_holdout,0,global_conditional_density,231,340,onehot_l2,0.0,1e-06,9,"G=6,K=3",random_50k,50000,full_background_50k,additive_kan_ipp,ipp,0.01,frozen_default,True,4.5089,0.7594117435547085,0.6338194307651486,0.5376371872798245,0.26645514586895924,,,,
AWT,bird,awt08,pa_holdout,0,global_conditional_density,231,340,onehot_l2,0.0,1e-06,9,"G=6,K=3",random_50k,50000,full_background_50k,gam_ipp,ipp,0.01,frozen_default,True,2.8101,0.7589443026140735,0.6337967111243188,0.5368017958336351,0.255767003888732,,,,
AWT,bird,awt08,pa_holdout,0,global_conditional_density,231,340,onehot_l2,0.0,1e-06,9,"G=6,K=3",random_50k,50000,full_background_50k,additive_kan_bce,bce_pos_weight,0.01,frozen_default,True,4.5024,0.7264751357376578,0.6471839756576665,0.45399855882529233,0.38405129328380266,,,,216.45021645021646
AWT,bird,awt09,pa_holdout,0,global_conditional_density,112,340,onehot_l2,0.0,1e-06,9,"G=6,K=3",random_50k,50000,full_background_50k,maxnet,maxnet_default,,maxnet_classes_lq,True,3.0235,0.7072611653356995,0.25040872810473436,0.4573004315722038,0.23101883213300067,,,10000.0,
AWT,bird,awt09,pa_holdout,0,global_conditional_density,112,340,onehot_l2,0.0,1e-06,9,"G=6,K=3",random_50k,50000,full_background_50k,additive_kan_ipp,ipp,0.01,frozen_default,True,4.5107,0.7208666075125703,0.3898990749749275,0.5237853235552987,0.2612807129360673,,,,
AWT,bird,awt09,pa_holdout,0,global_conditional_density,112,340,onehot_l2,0.0,1e-06,9,"G=6,K=3",random_50k,50000,full_background_50k,gam_ipp,ipp,0.01,frozen_default,True,2.5895,0.7207187222715172,0.3898954687579497,0.5235990976961951,0.26158977008586076,,,,
AWT,bird,awt09,pa_holdout,0,global_conditional_density,112,340,onehot_l2,0.0,1e-06,9,"G=6,K=3",random_50k,50000,full_background_50k,additive_kan_bce,bce_pos_weight,0.01,frozen_default,True,4.5164,0.672360248447205,0.22658145142962577,0.3913123574224724,0.2045548035737655,,,,446.42857142857144
AWT,bird,awt10,pa_holdout,0,global_conditional_density,122,340,onehot_l2,0.0,1e-06,9,"G=6,K=3",random_50k,50000,full_background_50k,maxnet,maxnet_default,,maxnet_classes_lq,True,3.5664,0.6717745921898172,0.41813984914184354,0.36218123840516414,0.2828543859992703,,,10000.0,
AWT,bird,awt10,pa_holdout,0,global_conditional_density,122,340,onehot_l2,0.0,1e-06,9,"G=6,K=3",random_50k,50000,full_background_50k,additive_kan_ipp,ipp,0.01,frozen_default,True,4.3889,0.6833910034602075,0.42953226132110917,0.3958236082699542,0.2895450968800659,,,,
AWT,bird,awt10,pa_holdout,0,global_conditional_density,122,340,onehot_l2,0.0,1e-06,9,"G=6,K=3",random_50k,50000,full_background_50k,gam_ipp,ipp,0.01,frozen_default,True,2.6382,0.683308617564673,0.4295326574644083,0.39576010009776474,0.28917448032485005,,,,
AWT,bird,awt10,pa_holdout,0,global_conditional_density,122,340,onehot_l2,0.0,1e-06,9,"G=6,K=3",random_50k,50000,full_background_50k,additive_kan_bce,bce_pos_weight,0.01,frozen_default,True,4.5715,0.6604465315537981,0.4041071795848792,0.3450449019083618,0.24910609999149383,,,,409.8360655737705
AWT,bird,awt11,pa_holdout,0,global_conditional_density,82,340,onehot_l2,0.0,1e-06,9,"G=6,K=3",random_50k,50000,full_background_50k,maxnet,maxnet_default,,maxnet_classes_lq,True,2.4851,0.4067278287461774,0.03303271557237531,-0.26408875440943463,-0.011277267276171357,,,10000.0,
AWT,bird,awt11,pa_holdout,0,global_conditional_density,82,340,onehot_l2,0.0,1e-06,9,"G=6,K=3",random_50k,50000,full_background_50k,additive_kan_ipp,ipp,0.01,frozen_default,True,4.6739,0.3984944718889673,0.03258709231405944,-0.2705163297706013,0.00734462392847242,,,,
AWT,bird,awt11,pa_holdout,0,global_conditional_density,82,340,onehot_l2,0.0,1e-06,9,"G=6,K=3",random_50k,50000,full_background_50k,gam_ipp,ipp,0.01,frozen_default,True,2.6856,0.398964949423665,0.032679176432560415,-0.27166707109472876,0.00821059985988877,,,,
AWT,bird,awt11,pa_holdout,0,global_conditional_density,82,340,onehot_l2,0.0,1e-06,9,"G=6,K=3",random_50k,50000,full_background_50k,additive_kan_bce,bce_pos_weight,0.01,frozen_default,True,4.6428,0.4676546694895319,0.04257722793967872,-0.013460080513920046,-0.006628138921203852,,,,609.7560975609756
AWT,bird,awt12,pa_holdout,0,global_conditional_density,32,340,onehot_l2,0.0,1e-06,9,"G=6,K=3",random_50k,50000,full_background_50k,maxnet,maxnet_default,,maxnet_classes_lq,True,1.8416,0.8751929012345679,0.18290251187606332,0.7240899748008515,0.23277392626373322,,,10000.0,
AWT,bird,awt12,pa_holdout,0,global_conditional_density,32,340,onehot_l2,0.0,1e-06,9,"G=6,K=3",random_50k,50000,full_background_50k,additive_kan_ipp,ipp,0.01,frozen_default,True,4.7278,0.8323688271604939,0.1523468313294956,0.6690772170417518,0.19038711971785194,,,,
AWT,bird,awt12,pa_holdout,0,global_conditional_density,32,340,onehot_l2,0.0,1e-06,9,"G=6,K=3",random_50k,50000,full_background_50k,gam_ipp,ipp,0.01,frozen_default,True,2.9474,0.8323688271604939,0.1523468313294956,0.6690772170417518,0.18898442602250756,,,,
AWT,bird,awt12,pa_holdout,0,global_conditional_density,32,340,onehot_l2,0.0,1e-06,9,"G=6,K=3",random_50k,50000,full_background_50k,additive_kan_bce,bce_pos_weight,0.01,frozen_default,True,4.6493,0.7993827160493827,0.14629973255371134,0.651478553020334,0.22688503570993881,,,,1562.5
AWT,bird,awt13,pa_holdout,0,global_conditional_density,122,340,onehot_l2,0.0,1e-06,9,"G=6,K=3",random_50k,50000,full_background_50k,maxnet,maxnet_default,,maxnet_classes_lq,True,3.7624,0.7493821057834898,0.5105996134851503,0.5357640775190511,0.29268993516555125,,,10000.0,
AWT,bird,awt13,pa_holdout,0,global_conditional_density,122,340,onehot_l2,0.0,1e-06,9,"G=6,K=3",random_50k,50000,full_background_50k,additive_kan_ipp,ipp,0.01,frozen_default,True,4.4664,0.7468281430219146,0.47529291697708437,0.5368039602801683,0.3076218853884167,,,,
AWT,bird,awt13,pa_holdout,0,global_conditional_density,122,340,onehot_l2,0.0,1e-06,9,"G=6,K=3",random_50k,50000,full_background_50k,gam_ipp,ipp,0.01,frozen_default,True,2.5945,0.7455923545888944,0.4737168413850467,0.5344479206524836,0.3174066811729023,,,,
AWT,bird,awt13,pa_holdout,0,global_conditional_density,122,340,onehot_l2,0.0,1e-06,9,"G=6,K=3",random_50k,50000,full_background_50k,additive_kan_bce,bce_pos_weight,0.01,frozen_default,True,4.6293,0.7637584445542922,0.49048883735885385,0.5626329558500356,0.3905358665094218,,,,409.8360655737705
AWT,bird,awt14,pa_holdout,0,global_conditional_density,99,340,onehot_l2,0.0,1e-06,9,"G=6,K=3",random_50k,50000,full_background_50k,maxnet,maxnet_default,,maxnet_classes_lq,True,3.1363,0.8827412587412587,0.6895529362748242,0.8092882354540504,0.4657853945766479,,,10000.0,
AWT,bird,awt14,pa_holdout,0,global_conditional_density,99,340,onehot_l2,0.0,1e-06,9,"G=6,K=3",random_50k,50000,full_background_50k,additive_kan_ipp,ipp,0.01,frozen_default,True,4.4166,0.8039160839160839,0.48546589080473357,0.638835741842379,0.32376681264998747,,,,
AWT,bird,awt14,pa_holdout,0,global_conditional_density,99,340,onehot_l2,0.0,1e-06,9,"G=6,K=3",random_50k,50000,full_background_50k,gam_ipp,ipp,0.01,frozen_default,True,2.684,0.8035804195804195,0.48351942769279976,0.636961538251594,0.3130351739096751,,,,
AWT,bird,awt14,pa_holdout,0,global_conditional_density,99,340,onehot_l2,0.0,1e-06,9,"G=6,K=3",random_50k,50000,full_background_50k,additive_kan_bce,bce_pos_weight,0.01,frozen_default,True,4.5811,0.8713286713286713,0.6866172204999507,0.7980491318220948,0.3775509409107632,,,,505.050505050505
AWT,bird,awt15,pa_holdout,0,global_conditional_density,254,340,onehot_l2,0.0,1e-06,9,"G=6,K=3",random_50k,50000,full_background_50k,maxnet,maxnet_default,,maxnet_classes_lq,True,5.8263,0.8091158581812787,0.8709320618626022,0.5178316861286848,0.5041007754577728,,,10000.0,
AWT,bird,awt15,pa_holdout,0,global_conditional_density,254,340,onehot_l2,0.0,1e-06,9,"G=6,K=3",random_50k,50000,full_background_50k,additive_kan_ipp,ipp,0.01,frozen_default,True,4.4241,0.7706571725263314,0.8302300127479233,0.461830907608206,0.4782489047814253,,,,
AWT,bird,awt15,pa_holdout,0,global_conditional_density,254,340,onehot_l2,0.0,1e-06,9,"G=6,K=3",random_50k,50000,full_background_50k,gam_ipp,ipp,0.01,frozen_default,True,2.5931,0.7698412698412699,0.8290741188611255,0.4622001754834219,0.478349870572045,,,,
AWT,bird,awt15,pa_holdout,0,global_conditional_density,254,340,onehot_l2,0.0,1e-06,9,"G=6,K=3",random_50k,50000,full_background_50k,additive_kan_bce,bce_pos_weight,0.01,frozen_default,True,4.8194,0.7734386589526778,0.8294435842034378,0.4771989223184966,0.33115506372667086,,,,196.8503937007874
AWT,bird,awt16,pa_holdout,0,global_conditional_density,144,340,onehot_l2,0.0,1e-06,9,"G=6,K=3",random_50k,50000,full_background_50k,maxnet,maxnet_default,,maxnet_classes_lq,True,3.9834,0.7377151268115941,0.420423770802116,0.489382336171643,0.2168539553036846,,,10000.0,
AWT,bird,awt16,pa_holdout,0,global_conditional_density,144,340,onehot_l2,0.0,1e-06,9,"G=6,K=3",random_50k,50000,full_background_50k,additive_kan_ipp,ipp,0.01,frozen_default,True,4.478,0.6715353260869564,0.25805506634905057,0.37129691059188163,0.2322852898180836,,,,
AWT,bird,awt16,pa_holdout,0,global_conditional_density,144,340,onehot_l2,0.0,1e-06,9,"G=6,K=3",random_50k,50000,full_background_50k,gam_ipp,ipp,0.01,frozen_default,True,2.8893,0.6712522644927537,0.2580576444436494,0.37123898709441416,0.2305364359856427,,,,
AWT,bird,awt16,pa_holdout,0,global_conditional_density,144,340,onehot_l2,0.0,1e-06,9,"G=6,K=3",random_50k,50000,full_background_50k,additive_kan_bce,bce_pos_weight,0.01,frozen_default,True,4.6034,0.6976902173913043,0.2969369015158216,0.40638724940847376,0.2669243940912878,,,,347.22222222222223
AWT,bird,awt17,pa_holdout,0,global_conditional_density,184,340,onehot_l2,0.0,1e-06,9,"G=6,K=3",random_50k,50000,full_background_50k,maxnet,maxnet_default,,maxnet_classes_lq,True,4.2881,0.8130760722625047,0.6437735262936264,0.6552226319115819,0.3595612214131977,,,10000.0,
AWT,bird,awt17,pa_holdout,0,global_conditional_density,184,340,onehot_l2,0.0,1e-06,9,"G=6,K=3",random_50k,50000,full_background_50k,additive_kan_ipp,ipp,0.01,frozen_default,True,4.5818,0.8015239031584123,0.549913193805907,0.6258659760474404,0.42759436395985334,,,,
AWT,bird,awt17,pa_holdout,0,global_conditional_density,184,340,onehot_l2,0.0,1e-06,9,"G=6,K=3",random_50k,50000,full_background_50k,gam_ipp,ipp,0.01,frozen_default,True,2.6686,0.8014419728810782,0.5493343345512444,0.6257486199385319,0.4264581427829922,,,,
AWT,bird,awt17,pa_holdout,0,global_conditional_density,184,340,onehot_l2,0.0,1e-06,9,"G=6,K=3",random_50k,50000,full_background_50k,additive_kan_bce,bce_pos_weight,0.01,frozen_default,True,4.6283,0.8315513498013191,0.5696930202347776,0.674634030438062,0.4956097208924496,,,,271.7391304347826
AWT,bird,awt18,pa_holdout,0,global_conditional_density,242,340,onehot_l2,0.0,1e-06,9,"G=6,K=3",random_50k,50000,full_background_50k,maxnet,maxnet_default,,maxnet_classes_lq,True,5.1269,0.5242889504153033,0.40333219860195363,0.0959501453122224,0.07099117677066846,,,10000.0,
AWT,bird,awt18,pa_holdout,0,global_conditional_density,242,340,onehot_l2,0.0,1e-06,9,"G=6,K=3",random_50k,50000,full_background_50k,additive_kan_ipp,ipp,0.01,frozen_default,True,4.6173,0.600373952752508,0.4679914598950217,0.20740491551466575,0.17771117016938634,,,,
AWT,bird,awt18,pa_holdout,0,global_conditional_density,242,340,onehot_l2,0.0,1e-06,9,"G=6,K=3",random_50k,50000,full_background_50k,gam_ipp,ipp,0.01,frozen_default,True,2.7193,0.6001941677753406,0.46787112481571425,0.20682396532976707,0.18195853216866376,,,,
AWT,bird,awt18,pa_holdout,0,global_conditional_density,242,340,onehot_l2,0.0,1e-06,9,"G=6,K=3",random_50k,50000,full_background_50k,additive_kan_bce,bce_pos_weight,0.01,frozen_default,True,4.6524,0.5931106396749488,0.4766921055824284,0.1763820598768669,0.15514337777956275,,,,206.61157024793388
AWT,bird,awt19,pa_holdout,0,global_conditional_density,78,340,onehot_l2,0.0,1e-06,9,"G=6,K=3",random_50k,50000,full_background_50k,maxnet,maxnet_default,,maxnet_classes_lq,True,2.8175,0.6829710144927537,0.3042740252873787,0.3925048791237694,0.20612810832091538,,,10000.0,
AWT,bird,awt19,pa_holdout,0,global_conditional_density,78,340,onehot_l2,0.0,1e-06,9,"G=6,K=3",random_50k,50000,full_background_50k,additive_kan_ipp,ipp,0.01,frozen_default,True,4.583,0.6595335144927535,0.2562769995426911,0.34545210293524337,0.2041412239028305,,,,
AWT,bird,awt19,pa_holdout,0,global_conditional_density,78,340,onehot_l2,0.0,1e-06,9,"G=6,K=3",random_50k,50000,full_background_50k,gam_ipp,ipp,0.01,frozen_default,True,2.8395,0.6595335144927535,0.2562397964911075,0.34614467530622445,0.20295713598678236,,,,
AWT,bird,awt19,pa_holdout,0,global_conditional_density,78,340,onehot_l2,0.0,1e-06,9,"G=6,K=3",random_50k,50000,full_background_50k,additive_kan_bce,bce_pos_weight,0.01,frozen_default,True,4.5952,0.6508718297101449,0.2630272242555999,0.3260516609219259,0.20976186097034627,,,,641.025641025641
AWT,bird,awt20,pa_holdout,0,global_conditional_density,104,340,onehot_l2,0.0,1e-06,9,"G=6,K=3",random_50k,50000,full_background_50k,maxnet,maxnet_default,,maxnet_classes_lq,True,2.8244,0.48923076923076925,0.22238288795151018,-0.0034829077945163446,-0.05166702072395969,,,10000.0,
AWT,bird,awt20,pa_holdout,0,global_conditional_density,104,340,onehot_l2,0.0,1e-06,9,"G=6,K=3",random_50k,50000,full_background_50k,additive_kan_ipp,ipp,0.01,frozen_default,True,4.5995,0.5517788461538462,0.24702335104596146,0.12780001213902828,0.03711282274815824,,,,
AWT,bird,awt20,pa_holdout,0,global_conditional_density,104,340,onehot_l2,0.0,1e-06,9,"G=6,K=3",random_50k,50000,full_background_50k,gam_ipp,ipp,0.01,frozen_default,True,2.7379,0.551875,0.24710197123196795,0.12654441723328194,0.036989463746896205,,,,
AWT,bird,awt20,pa_holdout,0,global_conditional_density,104,340,onehot_l2,0.0,1e-06,9,"G=6,K=3",random_50k,50000,full_background_50k,additive_kan_bce,bce_pos_weight,0.01,frozen_default,True,4.5672,0.5675961538461538,0.25904776054647377,0.14348924205150468,0.05412515725762643,,,,480.7692307692308
AWT,plant,awt21,pa_holdout,0,global_conditional_density,17,102,onehot_l2,0.0,1e-06,9,"G=6,K=3",random_50k,50000,full_background_50k,maxnet,maxnet_default,,maxnet_classes_lq,True,1.3988,0.5878048780487806,0.3263249138192981,0.19572966757404275,0.15351342213625754,,,10000.0,
AWT,plant,awt21,pa_holdout,0,global_conditional_density,17,102,onehot_l2,0.0,1e-06,9,"G=6,K=3",random_50k,50000,full_background_50k,additive_kan_ipp,ipp,0.01,frozen_default,True,4.5725,0.5689024390243902,0.3645728450693573,0.24482382389780089,0.11169824775693035,,,,
AWT,plant,awt21,pa_holdout,0,global_conditional_density,17,102,onehot_l2,0.0,1e-06,9,"G=6,K=3",random_50k,50000,full_background_50k,gam_ipp,ipp,0.01,frozen_default,True,2.9367,0.5701219512195121,0.3655629234897064,0.24809906590742714,0.11148722929170336,,,,
AWT,plant,awt21,pa_holdout,0,global_conditional_density,17,102,onehot_l2,0.0,1e-06,9,"G=6,K=3",random_50k,50000,full_background_50k,additive_kan_bce,bce_pos_weight,0.01,frozen_default,True,4.597,0.5170731707317073,0.29636134151848315,0.08613627878065556,0.08807787072726574,,,,2941.176470588235
AWT,plant,awt22,pa_holdout,0,global_conditional_density,9,102,onehot_l2,0.0,1e-06,9,"G=6,K=3",random_50k,50000,full_background_50k,maxnet,maxnet_default,,maxnet_classes_l,True,1.1487,0.7191480017566974,0.5349865044471975,0.4604148052148007,0.36501977767094246,,,10000.0,
AWT,plant,awt22,pa_holdout,0,global_conditional_density,9,102,onehot_l2,0.0,1e-06,9,"G=6,K=3",random_50k,50000,full_background_50k,additive_kan_ipp,ipp,0.01,frozen_default,True,4.4057,0.6732542819499341,0.5783893941732478,0.3231674960667191,0.26577572829207624,,,,
AWT,plant,awt22,pa_holdout,0,global_conditional_density,9,102,onehot_l2,0.0,1e-06,9,"G=6,K=3",random_50k,50000,full_background_50k,gam_ipp,ipp,0.01,frozen_default,True,2.0849,0.6732542819499341,0.5783893941732478,0.3231674960667191,0.26578010426656434,,,,
AWT,plant,awt22,pa_holdout,0,global_conditional_density,9,102,onehot_l2,0.0,1e-06,9,"G=6,K=3",random_50k,50000,full_background_50k,additive_kan_bce,bce_pos_weight,0.01,frozen_default,True,4.6084,0.5994729907773386,0.5091137058363953,0.16567559363066067,0.2126078061604805,,,,5555.555555555556
AWT,plant,awt23,pa_holdout,0,global_conditional_density,56,102,onehot_l2,0.0,1e-06,9,"G=6,K=3",random_50k,50000,full_background_50k,maxnet,maxnet_default,,maxnet_classes_lq,True,2.0436,0.6561418685121108,0.46894809393480097,0.32122252837097526,0.28325827919937563,,,10000.0,
AWT,plant,awt23,pa_holdout,0,global_conditional_density,56,102,onehot_l2,0.0,1e-06,9,"G=6,K=3",random_50k,50000,full_background_50k,additive_kan_ipp,ipp,0.01,frozen_default,True,4.6029,0.6487889273356402,0.4461638181201238,0.31354004471739033,0.28167170892158644,,,,
AWT,plant,awt23,pa_holdout,0,global_conditional_density,56,102,onehot_l2,0.0,1e-06,9,"G=6,K=3",random_50k,50000,full_background_50k,gam_ipp,ipp,0.01,frozen_default,True,2.7509,0.6505190311418685,0.44731923747309027,0.318235132891979,0.28297479666875486,,,,
AWT,plant,awt23,pa_holdout,0,global_conditional_density,56,102,onehot_l2,0.0,1e-06,9,"G=6,K=3",random_50k,50000,full_background_50k,additive_kan_bce,bce_pos_weight,0.01,frozen_default,True,4.5765,0.6423010380622837,0.4853284629654504,0.30098214335907597,0.24100785930277369,,,,892.8571428571429
AWT,plant,awt24,pa_holdout,0,global_conditional_density,10,102,onehot_l2,0.0,1e-06,9,"G=6,K=3",random_50k,50000,full_background_50k,maxnet,maxnet_default,,maxnet_classes_l,True,1.1725,0.6399999999999999,0.4021285548743345,0.2643031456058702,0.25093608922547217,,,10000.0,
AWT,plant,awt24,pa_holdout,0,global_conditional_density,10,102,onehot_l2,0.0,1e-06,9,"G=6,K=3",random_50k,50000,full_background_50k,additive_kan_ipp,ipp,0.01,frozen_default,True,4.4063,0.4972839506172839,0.34154487509022635,-0.03660025636605956,0.04576057752779148,,,,
AWT,plant,awt24,pa_holdout,0,global_conditional_density,10,102,onehot_l2,0.0,1e-06,9,"G=6,K=3",random_50k,50000,full_background_50k,gam_ipp,ipp,0.01,frozen_default,True,2.3645,0.49629629629629624,0.34124937050339166,-0.03875898652478973,0.04578018213215184,,,,
AWT,plant,awt24,pa_holdout,0,global_conditional_density,10,102,onehot_l2,0.0,1e-06,9,"G=6,K=3",random_50k,50000,full_background_50k,additive_kan_bce,bce_pos_weight,0.01,frozen_default,True,4.5995,0.5614814814814815,0.3451997676903355,0.16370649470517049,0.09769540622840864,,,,5000.0
AWT,plant,awt25,pa_holdout,0,global_conditional_density,12,102,onehot_l2,0.0,1e-06,9,"G=6,K=3",random_50k,50000,full_background_50k,maxnet,maxnet_default,,maxnet_classes_lq,True,1.2172,0.46634615384615385,0.2741207834712478,-0.09724376995425565,0.017384468215958213,,,10000.0,
AWT,plant,awt25,pa_holdout,0,global_conditional_density,12,102,onehot_l2,0.0,1e-06,9,"G=6,K=3",random_50k,50000,full_background_50k,additive_kan_ipp,ipp,0.01,frozen_default,True,4.5635,0.5224358974358975,0.29000819036050945,0.131119611126009,0.021074806607312337,,,,
AWT,plant,awt25,pa_holdout,0,global_conditional_density,12,102,onehot_l2,0.0,1e-06,9,"G=6,K=3",random_50k,50000,full_background_50k,gam_ipp,ipp,0.01,frozen_default,True,2.306,0.5219017094017094,0.2892771962084627,0.12972250395967108,0.020595850906316982,,,,
AWT,plant,awt25,pa_holdout,0,global_conditional_density,12,102,onehot_l2,0.0,1e-06,9,"G=6,K=3",random_50k,50000,full_background_50k,additive_kan_bce,bce_pos_weight,0.01,frozen_default,True,4.418,0.5608974358974359,0.2941724545268005,0.17356936474710977,0.08387180853310496,,,,4166.666666666667
AWT,plant,awt26,pa_holdout,0,global_conditional_density,34,102,onehot_l2,0.0,1e-06,9,"G=6,K=3",random_50k,50000,full_background_50k,maxnet,maxnet_default,,maxnet_classes_lq,True,1.6323,0.7289244186046511,0.35824623734225297,0.5352679094837018,0.28087120606133814,,,10000.0,
AWT,plant,awt26,pa_holdout,0,global_conditional_density,34,102,onehot_l2,0.0,1e-06,9,"G=6,K=3",random_50k,50000,full_background_50k,additive_kan_ipp,ipp,0.01,frozen_default,True,4.7945,0.6911337209302325,0.29568324122617123,0.4293575047631294,0.25776522338491054,,,,
AWT,plant,awt26,pa_holdout,0,global_conditional_density,34,102,onehot_l2,0.0,1e-06,9,"G=6,K=3",random_50k,50000,full_background_50k,gam_ipp,ipp,0.01,frozen_default,True,2.6391,0.6918604651162792,0.29604381814924813,0.4308898645972741,0.2577251395497606,,,,
AWT,plant,awt26,pa_holdout,0,global_conditional_density,34,102,onehot_l2,0.0,1e-06,9,"G=6,K=3",random_50k,50000,full_background_50k,additive_kan_bce,bce_pos_weight,0.01,frozen_default,True,4.4568,0.6155523255813953,0.2596422831355494,0.2878361903105008,0.12566583630369274,,,,1470.5882352941176
AWT,plant,awt27,pa_holdout,0,global_conditional_density,41,102,onehot_l2,0.0,1e-06,9,"G=6,K=3",random_50k,50000,full_background_50k,maxnet,maxnet_default,,maxnet_classes_lq,True,1.7189,0.748641975308642,0.4684098303001614,0.509520590502528,0.337851915152677,,,10000.0,
AWT,plant,awt27,pa_holdout,0,global_conditional_density,41,102,onehot_l2,0.0,1e-06,9,"G=6,K=3",random_50k,50000,full_background_50k,additive_kan_ipp,ipp,0.01,frozen_default,True,4.5904,0.7254320987654319,0.4436349907020201,0.453584207906905,0.3446934494796892,,,,
AWT,plant,awt27,pa_holdout,0,global_conditional_density,41,102,onehot_l2,0.0,1e-06,9,"G=6,K=3",random_50k,50000,full_background_50k,gam_ipp,ipp,0.01,frozen_default,True,2.5209,0.7254320987654319,0.4436349907020201,0.453584207906905,0.34463311870230423,,,,
AWT,plant,awt27,pa_holdout,0,global_conditional_density,41,102,onehot_l2,0.0,1e-06,9,"G=6,K=3",random_50k,50000,full_background_50k,additive_kan_bce,bce_pos_weight,0.01,frozen_default,True,4.4943,0.6390123456790123,0.42215946648120584,0.2718547643504897,0.23150052843045082,,,,1219.5121951219512
AWT,plant,awt28,pa_holdout,0,global_conditional_density,31,102,onehot_l2,0.0,1e-06,9,"G=6,K=3",random_50k,50000,full_background_50k,maxnet,maxnet_default,,maxnet_classes_lq,True,1.5997,0.8798701298701299,0.49699296018354533,0.8192191954911479,0.46767247291741076,,,10000.0,
AWT,plant,awt28,pa_holdout,0,global_conditional_density,31,102,onehot_l2,0.0,1e-06,9,"G=6,K=3",random_50k,50000,full_background_50k,additive_kan_ipp,ipp,0.01,frozen_default,True,4.4596,0.7930194805194805,0.4531596133628134,0.696731159250529,0.28923007245404736,,,,
AWT,plant,awt28,pa_holdout,0,global_conditional_density,31,102,onehot_l2,0.0,1e-06,9,"G=6,K=3",random_50k,50000,full_background_50k,gam_ipp,ipp,0.01,frozen_default,True,2.6338,0.7913961038961038,0.45177206510026513,0.6944361273196499,0.2891379199981558,,,,
AWT,plant,awt28,pa_holdout,0,global_conditional_density,31,102,onehot_l2,0.0,1e-06,9,"G=6,K=3",random_50k,50000,full_background_50k,additive_kan_bce,bce_pos_weight,0.01,frozen_default,True,4.4396,0.7556818181818181,0.3794751455731734,0.6286135954266119,0.3090218985465065,,,,1612.9032258064517
AWT,plant,awt29,pa_holdout,0,global_conditional_density,44,102,onehot_l2,0.0,1e-06,9,"G=6,K=3",random_50k,50000,full_background_50k,maxnet,maxnet_default,,maxnet_classes_lq,True,1.7847,0.8375478927203065,0.3810372751535993,0.6824509110478194,0.3715341911088591,,,10000.0,
AWT,plant,awt29,pa_holdout,0,global_conditional_density,44,102,onehot_l2,0.0,1e-06,9,"G=6,K=3",random_50k,50000,full_background_50k,additive_kan_ipp,ipp,0.01,frozen_default,True,4.3947,0.8367816091954023,0.3528358788937536,0.666010921302241,0.37699006988062495,,,,
AWT,plant,awt29,pa_holdout,0,global_conditional_density,44,102,onehot_l2,0.0,1e-06,9,"G=6,K=3",random_50k,50000,full_background_50k,gam_ipp,ipp,0.01,frozen_default,True,2.7333,0.8375478927203065,0.35362440935970346,0.6672360140850033,0.37850385118956215,,,,
AWT,plant,awt29,pa_holdout,0,global_conditional_density,44,102,onehot_l2,0.0,1e-06,9,"G=6,K=3",random_50k,50000,full_background_50k,additive_kan_bce,bce_pos_weight,0.01,frozen_default,True,4.452,0.7900383141762453,0.3190895173576086,0.6045948810514803,0.3287984292600568,,,,1136.3636363636363
AWT,plant,awt30,pa_holdout,0,global_conditional_density,66,102,onehot_l2,0.0,1e-06,9,"G=6,K=3",random_50k,50000,full_background_50k,maxnet,maxnet_default,,maxnet_classes_lq,True,2.1507,0.6104523495827844,0.3935564902336177,0.25102344155777223,0.2882343520440279,,,10000.0,
AWT,plant,awt30,pa_holdout,0,global_conditional_density,66,102,onehot_l2,0.0,1e-06,9,"G=6,K=3",random_50k,50000,full_background_50k,additive_kan_ipp,ipp,0.01,frozen_default,True,4.3896,0.580149319279754,0.4241524227674627,0.17900918272426022,0.1665325360106925,,,,
AWT,plant,awt30,pa_holdout,0,global_conditional_density,66,102,onehot_l2,0.0,1e-06,9,"G=6,K=3",random_50k,50000,full_background_50k,gam_ipp,ipp,0.01,frozen_default,True,2.6279,0.5805884936319718,0.42342872785772123,0.18116209177698026,0.16768404971213735,,,,
AWT,plant,awt30,pa_holdout,0,global_conditional_density,66,102,onehot_l2,0.0,1e-06,9,"G=6,K=3",random_50k,50000,full_background_50k,additive_kan_bce,bce_pos_weight,0.01,frozen_default,True,4.6051,0.6051822573561705,0.44181428272450785,0.18206446909530818,0.21605734417447314,,,,757.5757575757576
AWT,plant,awt31,pa_holdout,0,global_conditional_density,14,102,onehot_l2,0.0,1e-06,9,"G=6,K=3",random_50k,50000,full_background_50k,maxnet,maxnet_default,,maxnet_classes_lq,True,1.2397,0.6987903225806452,0.7793169651398804,0.3024325756425059,0.32730761188444685,,,10000.0,
AWT,plant,awt31,pa_holdout,0,global_conditional_density,14,102,onehot_l2,0.0,1e-06,9,"G=6,K=3",random_50k,50000,full_background_50k,additive_kan_ipp,ipp,0.01,frozen_default,True,4.4085,0.6923387096774194,0.729124198341574,0.35565558119598417,0.35518586828249965,,,,
AWT,plant,awt31,pa_holdout,0,global_conditional_density,14,102,onehot_l2,0.0,1e-06,9,"G=6,K=3",random_50k,50000,full_background_50k,gam_ipp,ipp,0.01,frozen_default,True,2.591,0.6919354838709676,0.7288987751094557,0.3540618311959841,0.35498027814136746,,,,
AWT,plant,awt31,pa_holdout,0,global_conditional_density,14,102,onehot_l2,0.0,1e-06,9,"G=6,K=3",random_50k,50000,full_background_50k,additive_kan_bce,bce_pos_weight,0.01,frozen_default,True,4.4378,0.5798387096774194,0.6889867099333228,0.05910400371465417,0.15249442282040476,,,,3571.4285714285716
AWT,plant,awt32,pa_holdout,0,global_conditional_density,74,102,onehot_l2,0.0,1e-06,9,"G=6,K=3",random_50k,50000,full_background_50k,maxnet,maxnet_default,,maxnet_classes_lq,True,2.3116,0.5760188087774295,0.4541502217676233,0.21632132916458546,0.17486678180012802,,,10000.0,
AWT,plant,awt32,pa_holdout,0,global_conditional_density,74,102,onehot_l2,0.0,1e-06,9,"G=6,K=3",random_50k,50000,full_background_50k,additive_kan_ipp,ipp,0.01,frozen_default,True,4.4348,0.567398119122257,0.46582357511634426,0.14884111986211038,0.21092182187026387,,,,
AWT,plant,awt32,pa_holdout,0,global_conditional_density,74,102,onehot_l2,0.0,1e-06,9,"G=6,K=3",random_50k,50000,full_background_50k,gam_ipp,ipp,0.01,frozen_default,True,2.5968,0.5670062695924765,0.46639908922517287,0.14733163054049261,0.20593699419840175,,,,
AWT,plant,awt32,pa_holdout,0,global_conditional_density,74,102,onehot_l2,0.0,1e-06,9,"G=6,K=3",random_50k,50000,full_background_50k,additive_kan_bce,bce_pos_weight,0.01,frozen_default,True,4.7715,0.6073667711598746,0.476351214342415,0.2707372367638258,0.19564220832778823,,,,675.6756756756756
AWT,plant,awt33,pa_holdout,0,global_conditional_density,18,102,onehot_l2,0.0,1e-06,9,"G=6,K=3",random_50k,50000,full_background_50k,maxnet,maxnet_default,,maxnet_classes_lq,True,1.3555,0.5833333333333333,0.2848713743292243,0.2254330941241087,0.14076361881945523,,,10000.0,
AWT,plant,awt33,pa_holdout,0,global_conditional_density,18,102,onehot_l2,0.0,1e-06,9,"G=6,K=3",random_50k,50000,full_background_50k,additive_kan_ipp,ipp,0.01,frozen_default,True,4.4223,0.7019230769230769,0.40014412608367644,0.44420033576034357,0.2440862733103462,,,,
AWT,plant,awt33,pa_holdout,0,global_conditional_density,18,102,onehot_l2,0.0,1e-06,9,"G=6,K=3",random_50k,50000,full_background_50k,gam_ipp,ipp,0.01,frozen_default,True,2.7107,0.7029914529914529,0.4017466901862406,0.447357435071289,0.24188789955756027,,,,
AWT,plant,awt33,pa_holdout,0,global_conditional_density,18,102,onehot_l2,0.0,1e-06,9,"G=6,K=3",random_50k,50000,full_background_50k,additive_kan_bce,bce_pos_weight,0.01,frozen_default,True,4.4553,0.6757478632478633,0.4073359322275543,0.4234462149888742,0.22329705064458646,,,,2777.777777777778
AWT,plant,awt34,pa_holdout,0,global_conditional_density,28,102,onehot_l2,0.0,1e-06,9,"G=6,K=3",random_50k,50000,full_background_50k,maxnet,maxnet_default,,maxnet_classes_lq,True,1.5063,0.8390804597701149,0.4216830732503642,0.6453073394214893,0.40760029349902227,,,10000.0,
AWT,plant,awt34,pa_holdout,0,global_conditional_density,28,102,onehot_l2,0.0,1e-06,9,"G=6,K=3",random_50k,50000,full_background_50k,additive_kan_ipp,ipp,0.01,frozen_default,True,4.4073,0.8973180076628353,0.5413200094144252,0.764413208230093,0.4660529424278616,,,,
AWT,plant,awt34,pa_holdout,0,global_conditional_density,28,102,onehot_l2,0.0,1e-06,9,"G=6,K=3",random_50k,50000,full_background_50k,gam_ipp,ipp,0.01,frozen_default,True,2.6282,0.8973180076628353,0.5413200094144252,0.764413208230093,0.4658327811585429,,,,
AWT,plant,awt34,pa_holdout,0,global_conditional_density,28,102,onehot_l2,0.0,1e-06,9,"G=6,K=3",random_50k,50000,full_background_50k,additive_kan_bce,bce_pos_weight,0.01,frozen_default,True,4.4562,0.8904214559386974,0.5264942137247037,0.7476947305128042,0.5308949655829476,,,,1785.7142857142858
AWT,plant,awt35,pa_holdout,0,global_conditional_density,44,102,onehot_l2,0.0,1e-06,9,"G=6,K=3",random_50k,50000,full_background_50k,maxnet,maxnet_default,,maxnet_classes_lq,True,1.7987,0.6896153846153845,0.6503721379859367,0.3853225314769912,0.29184021334001914,,,10000.0,
AWT,plant,awt35,pa_holdout,0,global_conditional_density,44,102,onehot_l2,0.0,1e-06,9,"G=6,K=3",random_50k,50000,full_background_50k,additive_kan_ipp,ipp,0.01,frozen_default,True,4.5815,0.6611538461538462,0.5977483274747951,0.38294357763340614,0.36942917252494295,,,,
AWT,plant,awt35,pa_holdout,0,global_conditional_density,44,102,onehot_l2,0.0,1e-06,9,"G=6,K=3",random_50k,50000,full_background_50k,gam_ipp,ipp,0.01,frozen_default,True,2.3491,0.6615384615384616,0.597991655575266,0.3842597066656642,0.3692496760276054,,,,
AWT,plant,awt35,pa_holdout,0,global_conditional_density,44,102,onehot_l2,0.0,1e-06,9,"G=6,K=3",random_50k,50000,full_background_50k,additive_kan_bce,bce_pos_weight,0.01,frozen_default,True,4.4702,0.6492307692307693,0.5962606258195391,0.37708977580868297,0.21430754675089222,,,,1136.3636363636363
AWT,plant,awt36,pa_holdout,0,global_conditional_density,56,102,onehot_l2,0.0,1e-06,9,"G=6,K=3",random_50k,50000,full_background_50k,maxnet,maxnet_default,,maxnet_classes_lq,True,2.0602,0.37600922722029984,0.45888789170644145,-0.11636935022667083,-0.17579097994832496,,,10000.0,
AWT,plant,awt36,pa_holdout,0,global_conditional_density,56,102,onehot_l2,0.0,1e-06,9,"G=6,K=3",random_50k,50000,full_background_50k,additive_kan_ipp,ipp,0.01,frozen_default,True,4.4058,0.40369088811995385,0.43817230620531,-0.054896433989009036,-0.08406954803450739,,,,
AWT,plant,awt36,pa_holdout,0,global_conditional_density,56,102,onehot_l2,0.0,1e-06,9,"G=6,K=3",random_50k,50000,full_background_50k,gam_ipp,ipp,0.01,frozen_default,True,2.7183,0.40369088811995385,0.43817230620531,-0.054896433989009036,-0.08329642409488895,,,,
AWT,plant,awt36,pa_holdout,0,global_conditional_density,56,102,onehot_l2,0.0,1e-06,9,"G=6,K=3",random_50k,50000,full_background_50k,additive_kan_bce,bce_pos_weight,0.01,frozen_default,True,4.4945,0.4244521337946944,0.43955916310720555,-0.04723956390921941,-0.12887179380695277,,,,892.8571428571429
AWT,plant,awt37,pa_holdout,0,global_conditional_density,28,102,onehot_l2,0.0,1e-06,9,"G=6,K=3",random_50k,50000,full_background_50k,maxnet,maxnet_default,,maxnet_classes_lq,True,1.5335,0.829512051734274,0.6491465492108952,0.6975100101047687,0.45218129884280167,,,10000.0,
AWT,plant,awt37,pa_holdout,0,global_conditional_density,28,102,onehot_l2,0.0,1e-06,9,"G=6,K=3",random_50k,50000,full_background_50k,additive_kan_ipp,ipp,0.01,frozen_default,True,4.3966,0.8336272780717225,0.599571217371788,0.6942304645701511,0.4448128938246735,,,,
AWT,plant,awt37,pa_holdout,0,global_conditional_density,28,102,onehot_l2,0.0,1e-06,9,"G=6,K=3",random_50k,50000,full_background_50k,gam_ipp,ipp,0.01,frozen_default,True,2.7811,0.8348030570252792,0.6083624261629967,0.6961737658961686,0.4449660489459746,,,,
AWT,plant,awt37,pa_holdout,0,global_conditional_density,28,102,onehot_l2,0.0,1e-06,9,"G=6,K=3",random_50k,50000,full_background_50k,additive_kan_bce,bce_pos_weight,0.01,frozen_default,True,4.4441,0.8112874779541446,0.6196372636618268,0.6751773873425739,0.45268076147357783,,,,1785.7142857142858
AWT,plant,awt38,pa_holdout,0,global_conditional_density,42,102,onehot_l2,0.0,1e-06,9,"G=6,K=3",random_50k,50000,full_background_50k,maxnet,maxnet_default,,maxnet_classes_lq,True,1.7769,0.8263081395348837,0.5079857592960508,0.7132123915385138,0.4218414311322106,,,10000.0,
AWT,plant,awt38,pa_holdout,0,global_conditional_density,42,102,onehot_l2,0.0,1e-06,9,"G=6,K=3",random_50k,50000,full_background_50k,additive_kan_ipp,ipp,0.01,frozen_default,True,4.426,0.7572674418604651,0.45241037501754494,0.579685362748843,0.28352317498459495,,,,
AWT,plant,awt38,pa_holdout,0,global_conditional_density,42,102,onehot_l2,0.0,1e-06,9,"G=6,K=3",random_50k,50000,full_background_50k,gam_ipp,ipp,0.01,frozen_default,True,2.6239,0.7572674418604651,0.45241037501754494,0.579685362748843,0.28404192356502017,,,,
AWT,plant,awt38,pa_holdout,0,global_conditional_density,42,102,onehot_l2,0.0,1e-06,9,"G=6,K=3",random_50k,50000,full_background_50k,additive_kan_bce,bce_pos_weight,0.01,frozen_default,True,4.493,0.7405523255813953,0.4859801180260036,0.5673141212267091,0.3875193481778307,,,,1190.4761904761904
AWT,plant,awt39,pa_holdout,0,global_conditional_density,20,102,onehot_l2,0.0,1e-06,9,"G=6,K=3",random_50k,50000,full_background_50k,maxnet,maxnet_default,,maxnet_classes_lq,True,1.3775,0.8053571428571428,0.5937525257464553,0.6171427723089813,0.4307318428528525,,,10000.0,
AWT,plant,awt39,pa_holdout,0,global_conditional_density,20,102,onehot_l2,0.0,1e-06,9,"G=6,K=3",random_50k,50000,full_background_50k,additive_kan_ipp,ipp,0.01,frozen_default,True,4.4176,0.7575892857142856,0.6000141779268697,0.5362251500762212,0.3670750343957741,,,,
AWT,plant,awt39,pa_holdout,0,global_conditional_density,20,102,onehot_l2,0.0,1e-06,9,"G=6,K=3",random_50k,50000,full_background_50k,gam_ipp,ipp,0.01,frozen_default,True,2.2637,0.7575892857142856,0.6000141779268697,0.5362251500762212,0.36723411642648873,,,,
AWT,plant,awt39,pa_holdout,0,global_conditional_density,20,102,onehot_l2,0.0,1e-06,9,"G=6,K=3",random_50k,50000,full_background_50k,additive_kan_bce,bce_pos_weight,0.01,frozen_default,True,4.6181,0.7607142857142858,0.6782719452337556,0.539074532707052,0.42769900366996677,,,,2500.0
AWT,plant,awt40,pa_holdout,0,global_conditional_density,57,102,onehot_l2,0.0,1e-06,9,"G=6,K=3",random_50k,50000,full_background_50k,maxnet,maxnet_default,,maxnet_classes_lq,True,2.0408,0.7659200702678963,0.5612977737554454,0.5511700506036055,0.4369725075446165,,,10000.0,
AWT,plant,awt40,pa_holdout,0,global_conditional_density,57,102,onehot_l2,0.0,1e-06,9,"G=6,K=3",random_50k,50000,full_background_50k,additive_kan_ipp,ipp,0.01,frozen_default,True,4.4131,0.7523056653491437,0.4992916025024623,0.5382683433089589,0.41872389860506654,,,,
AWT,plant,awt40,pa_holdout,0,global_conditional_density,57,102,onehot_l2,0.0,1e-06,9,"G=6,K=3",random_50k,50000,full_background_50k,gam_ipp,ipp,0.01,frozen_default,True,2.742,0.7518664909969258,0.49899451397007966,0.537444340594597,0.4187090382087924,,,,
AWT,plant,awt40,pa_holdout,0,global_conditional_density,57,102,onehot_l2,0.0,1e-06,9,"G=6,K=3",random_50k,50000,full_background_50k,additive_kan_bce,bce_pos_weight,0.01,frozen_default,True,4.4459,0.7417654808959157,0.5082996748452541,0.5188551673341479,0.3994236657518611,,,,877.1929824561404
CAN,bird,can01,pa_holdout,0,global_conditional_density,16,14571,onehot_l2,0.0,1e-06,9,"G=6,K=3",random_50k,50000,full_background_50k,maxnet,maxnet_default,,maxnet_classes_lq,True,1.7031,0.6695720388184682,0.022123041165841142,0.2513078228350945,0.10176057004365013,,,10000.0,
CAN,bird,can01,pa_holdout,0,global_conditional_density,16,14571,onehot_l2,0.0,1e-06,9,"G=6,K=3",random_50k,50000,full_background_50k,additive_kan_ipp,ipp,0.01,frozen_default,True,3.7095,0.7348467301109922,0.028392757551805516,0.44045441980619326,0.11798805164240571,,,,
CAN,bird,can01,pa_holdout,0,global_conditional_density,16,14571,onehot_l2,0.0,1e-06,9,"G=6,K=3",random_50k,50000,full_background_50k,gam_ipp,ipp,0.01,frozen_default,True,2.4801,0.7348409697947205,0.02839215135948318,0.4404528884844543,0.11896045894188631,,,,
CAN,bird,can01,pa_holdout,0,global_conditional_density,16,14571,onehot_l2,0.0,1e-06,9,"G=6,K=3",random_50k,50000,full_background_50k,additive_kan_bce,bce_pos_weight,0.01,frozen_default,True,3.7171,0.7865986241939349,0.04056742654927083,0.6035884045082114,0.12353036585963867,,,,3125.0
CAN,bird,can02,pa_holdout,0,global_conditional_density,740,14571,onehot_l2,0.0,1e-06,9,"G=6,K=3",random_50k,50000,full_background_50k,maxnet,maxnet_default,,maxnet_classes_lq,True,28.6817,0.707400322859681,0.2915692556769684,0.4391780287700572,0.21903539926813465,,,10000.0,
CAN,bird,can02,pa_holdout,0,global_conditional_density,740,14571,onehot_l2,0.0,1e-06,9,"G=6,K=3",random_50k,50000,full_background_50k,additive_kan_ipp,ipp,0.01,frozen_default,True,3.8292,0.7029528012314255,0.28511358360711775,0.4276217090542651,0.2395987095161781,,,,
CAN,bird,can02,pa_holdout,0,global_conditional_density,740,14571,onehot_l2,0.0,1e-06,9,"G=6,K=3",random_50k,50000,full_background_50k,gam_ipp,ipp,0.01,frozen_default,True,2.6979,0.7029694855138092,0.2849885242997826,0.42762784712710217,0.230002050836853,,,,
CAN,bird,can02,pa_holdout,0,global_conditional_density,740,14571,onehot_l2,0.0,1e-06,9,"G=6,K=3",random_50k,50000,full_background_50k,additive_kan_bce,bce_pos_weight,0.01,frozen_default,True,3.7782,0.7057824806128326,0.28580451280761093,0.43569184989026594,0.22568484007141634,,,,67.56756756756756
CAN,bird,can03,pa_holdout,0,global_conditional_density,165,14571,onehot_l2,0.0,1e-06,9,"G=6,K=3",random_50k,50000,full_background_50k,maxnet,maxnet_default,,maxnet_classes_lq,True,7.2215,0.46026778186198586,0.04516009411135895,-0.06704473646596171,-0.04025866329214509,,,10000.0,
CAN,bird,can03,pa_holdout,0,global_conditional_density,165,14571,onehot_l2,0.0,1e-06,9,"G=6,K=3",random_50k,50000,full_background_50k,additive_kan_ipp,ipp,0.01,frozen_default,True,3.6471,0.48153105627905624,0.04859641756648888,-0.011135537151083192,-0.01347157298703812,,,,
CAN,bird,can03,pa_holdout,0,global_conditional_density,165,14571,onehot_l2,0.0,1e-06,9,"G=6,K=3",random_50k,50000,full_background_50k,gam_ipp,ipp,0.01,frozen_default,True,2.698,0.48156244345692223,0.04860535147747078,-0.0112219843640203,-0.013121082077595134,,,,
CAN,bird,can03,pa_holdout,0,global_conditional_density,165,14571,onehot_l2,0.0,1e-06,9,"G=6,K=3",random_50k,50000,full_background_50k,additive_kan_bce,bce_pos_weight,0.01,frozen_default,True,3.7316,0.4930815377337473,0.048665277980407665,-0.009194264254340664,0.0013357767285261464,,,,303.030303030303
CAN,bird,can04,pa_holdout,0,global_conditional_density,42,14571,onehot_l2,0.0,1e-06,9,"G=6,K=3",random_50k,50000,full_background_50k,maxnet,maxnet_default,,maxnet_classes_lq,True,2.9353,0.44277581072143113,0.06679311331715462,-0.07290266212117469,-0.008791773799251713,,,10000.0,
CAN,bird,can04,pa_holdout,0,global_conditional_density,42,14571,onehot_l2,0.0,1e-06,9,"G=6,K=3",random_50k,50000,full_background_50k,additive_kan_ipp,ipp,0.01,frozen_default,True,3.8075,0.5666894853624753,0.0887209535110162,0.2262115857737133,0.03384329277623777,,,,
CAN,bird,can04,pa_holdout,0,global_conditional_density,42,14571,onehot_l2,0.0,1e-06,9,"G=6,K=3",random_50k,50000,full_background_50k,gam_ipp,ipp,0.01,frozen_default,True,2.5361,0.566638899205682,0.08872681790482595,0.2260974990253762,0.033854464639964305,,,,
CAN,bird,can04,pa_holdout,0,global_conditional_density,42,14571,onehot_l2,0.0,1e-06,9,"G=6,K=3",random_50k,50000,full_background_50k,additive_kan_bce,bce_pos_weight,0.01,frozen_default,True,3.7236,0.5651094506475194,0.0814889780164666,0.21125853798392724,0.01427732526597011,,,,1190.4761904761904
CAN,bird,can05,pa_holdout,0,global_conditional_density,138,14571,onehot_l2,0.0,1e-06,9,"G=6,K=3",random_50k,50000,full_background_50k,maxnet,maxnet_default,,maxnet_classes_lq,True,6.3515,0.6301468390841719,0.07684799627705612,0.2723916980617983,0.09440309085575274,,,10000.0,
CAN,bird,can05,pa_holdout,0,global_conditional_density,138,14571,onehot_l2,0.0,1e-06,9,"G=6,K=3",random_50k,50000,full_background_50k,additive_kan_ipp,ipp,0.01,frozen_default,True,3.6823,0.6313888135315877,0.0795489084462398,0.29383572776104694,0.08245700021579852,,,,
CAN,bird,can05,pa_holdout,0,global_conditional_density,138,14571,onehot_l2,0.0,1e-06,9,"G=6,K=3",random_50k,50000,full_background_50k,gam_ipp,ipp,0.01,frozen_default,True,2.6092,0.6313164705223768,0.07952771563500927,0.2936150178692622,0.08336883622530765,,,,
CAN,bird,can05,pa_holdout,0,global_conditional_density,138,14571,onehot_l2,0.0,1e-06,9,"G=6,K=3",random_50k,50000,full_background_50k,additive_kan_bce,bce_pos_weight,0.01,frozen_default,True,3.704,0.610435005404195,0.07446247403540343,0.24518852056615653,0.05072902742305329,,,,362.3188405797101
CAN,bird,can06,pa_holdout,0,global_conditional_density,27,14571,onehot_l2,0.0,1e-06,9,"G=6,K=3",random_50k,50000,full_background_50k,maxnet,maxnet_default,,maxnet_classes_lq,True,2.3441,0.8883708447808446,0.024436731493906565,0.795351978145046,0.06737752586241615,,,10000.0,
CAN,bird,can06,pa_holdout,0,global_conditional_density,27,14571,onehot_l2,0.0,1e-06,9,"G=6,K=3",random_50k,50000,full_background_50k,additive_kan_ipp,ipp,0.01,frozen_default,True,3.7973,0.8841509693886833,0.02065352372132436,0.7811908156091881,0.053614818663956426,,,,
CAN,bird,can06,pa_holdout,0,global_conditional_density,27,14571,onehot_l2,0.0,1e-06,9,"G=6,K=3",random_50k,50000,full_background_50k,gam_ipp,ipp,0.01,frozen_default,True,2.7289,0.884149669765834,0.02065329591135826,0.780970210699891,0.053886066215922124,,,,
CAN,bird,can06,pa_holdout,0,global_conditional_density,27,14571,onehot_l2,0.0,1e-06,9,"G=6,K=3",random_50k,50000,full_background_50k,additive_kan_bce,bce_pos_weight,0.01,frozen_default,True,3.7041,0.8775176943650953,0.02079054416491678,0.7497967082653779,0.06658888916905946,,,,1851.851851851852
CAN,bird,can07,pa_holdout,0,global_conditional_density,221,14571,onehot_l2,0.0,1e-06,9,"G=6,K=3",random_50k,50000,full_background_50k,maxnet,maxnet_default,,maxnet_classes_lq,True,10.0187,0.6587635887045915,0.03303998307604954,0.31577593278181454,0.06393148625536815,,,10000.0,
CAN,bird,can07,pa_holdout,0,global_conditional_density,221,14571,onehot_l2,0.0,1e-06,9,"G=6,K=3",random_50k,50000,full_background_50k,additive_kan_ipp,ipp,0.01,frozen_default,True,3.7919,0.6681587824655671,0.034467260528602446,0.34323948222230305,0.06433774494731999,,,,
CAN,bird,can07,pa_holdout,0,global_conditional_density,221,14571,onehot_l2,0.0,1e-06,9,"G=6,K=3",random_50k,50000,full_background_50k,gam_ipp,ipp,0.01,frozen_default,True,2.5308,0.6681271452657883,0.03446864178525726,0.34273025321714534,0.06485217637530458,,,,
CAN,bird,can07,pa_holdout,0,global_conditional_density,221,14571,onehot_l2,0.0,1e-06,9,"G=6,K=3",random_50k,50000,full_background_50k,additive_kan_bce,bce_pos_weight,0.01,frozen_default,True,3.7061,0.6561440285629077,0.032387324088673626,0.30216963070390324,0.06812087768337381,,,,226.2443438914027
CAN,bird,can08,pa_holdout,0,global_conditional_density,322,14571,onehot_l2,0.0,1e-06,9,"G=6,K=3",random_50k,50000,full_background_50k,maxnet,maxnet_default,,maxnet_classes_lq,True,13.4711,0.5380771319149483,0.19187680400736168,0.06966239500631412,0.08606205676820594,,,10000.0,
CAN,bird,can08,pa_holdout,0,global_conditional_density,322,14571,onehot_l2,0.0,1e-06,9,"G=6,K=3",random_50k,50000,full_background_50k,additive_kan_ipp,ipp,0.01,frozen_default,True,3.7308,0.5416822545510626,0.19420782396738254,0.08025454687978376,0.07655313149148131,,,,
CAN,bird,can08,pa_holdout,0,global_conditional_density,322,14571,onehot_l2,0.0,1e-06,9,"G=6,K=3",random_50k,50000,full_background_50k,gam_ipp,ipp,0.01,frozen_default,True,2.6205,0.5417464802760518,0.19424113395113624,0.08036443406286325,0.07640712503217878,,,,
CAN,bird,can08,pa_holdout,0,global_conditional_density,322,14571,onehot_l2,0.0,1e-06,9,"G=6,K=3",random_50k,50000,full_background_50k,additive_kan_bce,bce_pos_weight,0.01,frozen_default,True,3.7534,0.5322933788707325,0.18791262512701729,0.06118646356451651,0.06985535609838783,,,,155.27950310559007
CAN,bird,can09,pa_holdout,0,global_conditional_density,119,14571,onehot_l2,0.0,1e-06,9,"G=6,K=3",random_50k,50000,full_background_50k,maxnet,maxnet_default,,maxnet_classes_lq,True,6.4353,0.6999085375200553,0.021496653870504194,0.45263867207228525,0.04884179320094536,,,10000.0,
CAN,bird,can09,pa_holdout,0,global_conditional_density,119,14571,onehot_l2,0.0,1e-06,9,"G=6,K=3",random_50k,50000,full_background_50k,additive_kan_ipp,ipp,0.01,frozen_default,True,3.7842,0.7124999574197021,0.02181946934970835,0.46914572568473434,0.05013903261097537,,,,
CAN,bird,can09,pa_holdout,0,global_conditional_density,119,14571,onehot_l2,0.0,1e-06,9,"G=6,K=3",random_50k,50000,full_background_50k,gam_ipp,ipp,0.01,frozen_default,True,2.6497,0.7121329152515814,0.021757814947145196,0.46846924892033415,0.04922635176893969,,,,
CAN,bird,can09,pa_holdout,0,global_conditional_density,119,14571,onehot_l2,0.0,1e-06,9,"G=6,K=3",random_50k,50000,full_background_50k,additive_kan_bce,bce_pos_weight,0.01,frozen_default,True,3.7524,0.7367328307722704,0.023879268074013638,0.512146011259629,0.051659379743995225,,,,420.16806722689074
CAN,bird,can10,pa_holdout,0,global_conditional_density,234,14571,onehot_l2,0.0,1e-06,9,"G=6,K=3",random_50k,50000,full_background_50k,maxnet,maxnet_default,,maxnet_classes_lq,True,10.2662,0.6772134244556307,0.12124010943310298,0.34098587068229885,0.13801540231351375,,,10000.0,
CAN,bird,can10,pa_holdout,0,global_conditional_density,234,14571,onehot_l2,0.0,1e-06,9,"G=6,K=3",random_50k,50000,full_background_50k,additive_kan_ipp,ipp,0.01,frozen_default,True,3.7321,0.6698061370723242,0.11962541552342418,0.33201739094918514,0.13470346743125536,,,,
CAN,bird,can10,pa_holdout,0,global_conditional_density,234,14571,onehot_l2,0.0,1e-06,9,"G=6,K=3",random_50k,50000,full_background_50k,gam_ipp,ipp,0.01,frozen_default,True,2.53,0.6697050767794174,0.11958933448874476,0.3318128519864962,0.13499394835627776,,,,
CAN,bird,can10,pa_holdout,0,global_conditional_density,234,14571,onehot_l2,0.0,1e-06,9,"G=6,K=3",random_50k,50000,full_background_50k,additive_kan_bce,bce_pos_weight,0.01,frozen_default,True,3.9241,0.674514442500054,0.12139534593047885,0.34223003254050094,0.11006617271050026,,,,213.67521367521368
CAN,bird,can11,pa_holdout,0,global_conditional_density,478,14571,onehot_l2,0.0,1e-06,9,"G=6,K=3",random_50k,50000,full_background_50k,maxnet,maxnet_default,,maxnet_classes_lq,True,18.8151,0.6012407888317085,0.3526428738750312,0.21738261627647834,0.18677892330543583,,,10000.0,
CAN,bird,can11,pa_holdout,0,global_conditional_density,478,14571,onehot_l2,0.0,1e-06,9,"G=6,K=3",random_50k,50000,full_background_50k,additive_kan_ipp,ipp,0.01,frozen_default,True,3.6815,0.5955062493874792,0.35052439877093106,0.205142748616031,0.15590788214636558,,,,
CAN,bird,can11,pa_holdout,0,global_conditional_density,478,14571,onehot_l2,0.0,1e-06,9,"G=6,K=3",random_50k,50000,full_background_50k,gam_ipp,ipp,0.01,frozen_default,True,2.6296,0.5955489716171045,0.35054208419008726,0.20523534060330345,0.14654869018432856,,,,
CAN,bird,can11,pa_holdout,0,global_conditional_density,478,14571,onehot_l2,0.0,1e-06,9,"G=6,K=3",random_50k,50000,full_background_50k,additive_kan_bce,bce_pos_weight,0.01,frozen_default,True,3.7224,0.5896126528129426,0.3491666056306393,0.1928143376438522,0.14169383135233546,,,,104.60251046025104
CAN,bird,can12,pa_holdout,0,global_conditional_density,312,14571,onehot_l2,0.0,1e-06,9,"G=6,K=3",random_50k,50000,full_background_50k,maxnet,maxnet_default,,maxnet_classes_lq,True,12.8464,0.511525718437191,0.14734118171598837,0.06502672998022631,-0.05457623087437277,,,10000.0,
CAN,bird,can12,pa_holdout,0,global_conditional_density,312,14571,onehot_l2,0.0,1e-06,9,"G=6,K=3",random_50k,50000,full_background_50k,additive_kan_ipp,ipp,0.01,frozen_default,True,3.7091,0.5300757309881022,0.14851673465176335,0.06232602216535538,0.03651725290400985,,,,
CAN,bird,can12,pa_holdout,0,global_conditional_density,312,14571,onehot_l2,0.0,1e-06,9,"G=6,K=3",random_50k,50000,full_background_50k,gam_ipp,ipp,0.01,frozen_default,True,2.2814,0.5300773315708704,0.1485154319238774,0.06233490613788558,0.03647354099991497,,,,
CAN,bird,can12,pa_holdout,0,global_conditional_density,312,14571,onehot_l2,0.0,1e-06,9,"G=6,K=3",random_50k,50000,full_background_50k,additive_kan_bce,bce_pos_weight,0.01,frozen_default,True,3.7815,0.5438661569266,0.14986307026051135,0.09569230328215932,0.07349384729349137,,,,160.25641025641025
CAN,bird,can13,pa_holdout,0,global_conditional_density,39,14571,onehot_l2,0.0,1e-06,9,"G=6,K=3",random_50k,50000,full_background_50k,maxnet,maxnet_default,,maxnet_classes_lq,True,2.6076,0.3582614514438328,0.03596174753726602,-0.4334001223031789,-0.11268460162429227,,,10000.0,
CAN,bird,can13,pa_holdout,0,global_conditional_density,39,14571,onehot_l2,0.0,1e-06,9,"G=6,K=3",random_50k,50000,full_background_50k,additive_kan_ipp,ipp,0.01,frozen_default,True,3.683,0.3832927707075892,0.03767640111918518,-0.3548899956357146,-0.09940030352955981,,,,
CAN,bird,can13,pa_holdout,0,global_conditional_density,39,14571,onehot_l2,0.0,1e-06,9,"G=6,K=3",random_50k,50000,full_background_50k,gam_ipp,ipp,0.01,frozen_default,True,2.2616,0.3832918857048457,0.03767635704349524,-0.35491305891709735,-0.09940072167575563,,,,
CAN,bird,can13,pa_holdout,0,global_conditional_density,39,14571,onehot_l2,0.0,1e-06,9,"G=6,K=3",random_50k,50000,full_background_50k,additive_kan_bce,bce_pos_weight,0.01,frozen_default,True,3.8477,0.3805040287291557,0.037083089101905345,-0.3642432224340502,-0.09471322509272508,,,,1282.051282051282
CAN,bird,can14,pa_holdout,0,global_conditional_density,18,14571,onehot_l2,0.0,1e-06,9,"G=6,K=3",random_50k,50000,full_background_50k,maxnet,maxnet_default,,maxnet_classes_lq,True,1.7902,0.30173249947075015,0.01812414947971669,-0.5702061637919044,-0.1179635870786585,,,10000.0,
CAN,bird,can14,pa_holdout,0,global_conditional_density,18,14571,onehot_l2,0.0,1e-06,9,"G=6,K=3",random_50k,50000,full_background_50k,additive_kan_ipp,ipp,0.01,frozen_default,True,3.6562,0.38916810740244157,0.023977612126731718,-0.21678591095102903,-0.07541399645450146,,,,
CAN,bird,can14,pa_holdout,0,global_conditional_density,18,14571,onehot_l2,0.0,1e-06,9,"G=6,K=3",random_50k,50000,full_background_50k,gam_ipp,ipp,0.01,frozen_default,True,2.5861,0.3892697233787313,0.0239826627093678,-0.2163820629803478,-0.07465309512768671,,,,
CAN,bird,can14,pa_holdout,0,global_conditional_density,18,14571,onehot_l2,0.0,1e-06,9,"G=6,K=3",random_50k,50000,full_background_50k,additive_kan_bce,bce_pos_weight,0.01,frozen_default,True,3.7179,0.44435193352621555,0.025300620902515863,-0.09160975999364605,-0.03952205439077656,,,,2777.777777777778
CAN,bird,can15,pa_holdout,0,global_conditional_density,721,14571,onehot_l2,0.0,1e-06,9,"G=6,K=3",random_50k,50000,full_background_50k,maxnet,maxnet_default,,maxnet_classes_lq,True,27.5062,0.6958828287282062,0.317839566056139,0.41381533839061496,0.23434824979851435,,,10000.0,
CAN,bird,can15,pa_holdout,0,global_conditional_density,721,14571,onehot_l2,0.0,1e-06,9,"G=6,K=3",random_50k,50000,full_background_50k,additive_kan_ipp,ipp,0.01,frozen_default,True,3.7147,0.6810392350826662,0.3045430499450116,0.3840285569517359,0.1960235486918159,,,,
CAN,bird,can15,pa_holdout,0,global_conditional_density,721,14571,onehot_l2,0.0,1e-06,9,"G=6,K=3",random_50k,50000,full_background_50k,gam_ipp,ipp,0.01,frozen_default,True,2.636,0.6812040089730909,0.3045971817569104,0.3842614621194167,0.19364489279960928,,,,
CAN,bird,can15,pa_holdout,0,global_conditional_density,721,14571,onehot_l2,0.0,1e-06,9,"G=6,K=3",random_50k,50000,full_background_50k,additive_kan_bce,bce_pos_weight,0.01,frozen_default,True,3.7879,0.6763520120022962,0.30535415925514087,0.3793053088651688,0.11258406092563733,,,,69.34812760055479
CAN,bird,can16,pa_holdout,0,global_conditional_density,57,14571,onehot_l2,0.0,1e-06,9,"G=6,K=3",random_50k,50000,full_background_50k,maxnet,maxnet_default,,maxnet_classes_lq,True,3.2897,0.5023306279386758,0.021398572974684813,-0.04147481441479328,-0.017586510348227287,,,10000.0,
CAN,bird,can16,pa_holdout,0,global_conditional_density,57,14571,onehot_l2,0.0,1e-06,9,"G=6,K=3",random_50k,50000,full_background_50k,additive_kan_ipp,ipp,0.01,frozen_default,True,3.6434,0.4970595482819708,0.023194556010960838,0.04538793412859903,-0.02710594463336866,,,,
CAN,bird,can16,pa_holdout,0,global_conditional_density,57,14571,onehot_l2,0.0,1e-06,9,"G=6,K=3",random_50k,50000,full_background_50k,gam_ipp,ipp,0.01,frozen_default,True,2.5805,0.49709440169782754,0.023200350307937264,0.045704383846169996,-0.02689087261918865,,,,
CAN,bird,can16,pa_holdout,0,global_conditional_density,57,14571,onehot_l2,0.0,1e-06,9,"G=6,K=3",random_50k,50000,full_background_50k,additive_kan_bce,bce_pos_weight,0.01,frozen_default,True,3.7532,0.541291196959539,0.026255339785279653,0.1523486133765749,0.004126015301303595,,,,877.1929824561404
CAN,bird,can17,pa_holdout,0,global_conditional_density,313,14571,onehot_l2,0.0,1e-06,9,"G=6,K=3",random_50k,50000,full_background_50k,maxnet,maxnet_default,,maxnet_classes_lq,True,12.7336,0.3872319258161708,0.14916940252452046,-0.2684732188285343,-0.07936295887651587,,,10000.0,
CAN,bird,can17,pa_holdout,0,global_conditional_density,313,14571,onehot_l2,0.0,1e-06,9,"G=6,K=3",random_50k,50000,full_background_50k,additive_kan_ipp,ipp,0.01,frozen_default,True,3.6491,0.47040202633165473,0.17681246075203771,-0.04538939852027006,-0.01634963136745128,,,,
CAN,bird,can17,pa_holdout,0,global_conditional_density,313,14571,onehot_l2,0.0,1e-06,9,"G=6,K=3",random_50k,50000,full_background_50k,gam_ipp,ipp,0.01,frozen_default,True,2.645,0.47050303843548924,0.17683816475534975,-0.04519074155471123,-0.016682135263080933,,,,
CAN,bird,can17,pa_holdout,0,global_conditional_density,313,14571,onehot_l2,0.0,1e-06,9,"G=6,K=3",random_50k,50000,full_background_50k,additive_kan_bce,bce_pos_weight,0.01,frozen_default,True,3.7392,0.47254765110179925,0.17599362899002102,-0.04818611959751319,0.02315396939252757,,,,159.7444089456869
CAN,bird,can18,pa_holdout,0,global_conditional_density,612,14571,onehot_l2,0.0,1e-06,9,"G=6,K=3",random_50k,50000,full_background_50k,maxnet,maxnet_default,,maxnet_classes_lq,True,23.5992,0.7924747422872936,0.2405183918786357,0.637498383071196,0.23399319019234602,,,10000.0,
CAN,bird,can18,pa_holdout,0,global_conditional_density,612,14571,onehot_l2,0.0,1e-06,9,"G=6,K=3",random_50k,50000,full_background_50k,additive_kan_ipp,ipp,0.01,frozen_default,True,3.6577,0.7808774181386137,0.21529387763711982,0.6032403408151733,0.19794281313923437,,,,
CAN,bird,can18,pa_holdout,0,global_conditional_density,612,14571,onehot_l2,0.0,1e-06,9,"G=6,K=3",random_50k,50000,full_background_50k,gam_ipp,ipp,0.01,frozen_default,True,2.6597,0.7810233468229564,0.21548109525926323,0.6035819001704419,0.20367309180212825,,,,
CAN,bird,can18,pa_holdout,0,global_conditional_density,612,14571,onehot_l2,0.0,1e-06,9,"G=6,K=3",random_50k,50000,full_background_50k,additive_kan_bce,bce_pos_weight,0.01,frozen_default,True,3.8703,0.7778743029744468,0.21655336739961173,0.6014043450698521,0.14045297499376763,,,,81.69934640522875
CAN,bird,can19,pa_holdout,0,global_conditional_density,109,14571,onehot_l2,0.0,1e-06,9,"G=6,K=3",random_50k,50000,full_background_50k,maxnet,maxnet_default,,maxnet_classes_lq,True,5.5332,0.5015080428954424,0.0016951840604526962,-0.09988789566737656,0.008885573297960822,,,10000.0,
CAN,bird,can19,pa_holdout,0,global_conditional_density,109,14571,onehot_l2,0.0,1e-06,9,"G=6,K=3",random_50k,50000,full_background_50k,additive_kan_ipp,ipp,0.01,frozen_default,True,3.7083,0.46411201622327625,0.0014553345232224514,-0.25957073344099985,0.004638246931534019,,,,
CAN,bird,can19,pa_holdout,0,global_conditional_density,109,14571,onehot_l2,0.0,1e-06,9,"G=6,K=3",random_50k,50000,full_background_50k,gam_ipp,ipp,0.01,frozen_default,True,2.534,0.46409483054925416,0.001455261928480992,-0.2589877291467488,0.004706682965632986,,,,
CAN,bird,can19,pa_holdout,0,global_conditional_density,109,14571,onehot_l2,0.0,1e-06,9,"G=6,K=3",random_50k,50000,full_background_50k,additive_kan_bce,bce_pos_weight,0.01,frozen_default,True,3.7264,0.5181409110698655,0.0016340234675664696,-0.09303711874334705,0.006312639146217469,,,,458.7155963302752
CAN,bird,can20,pa_holdout,0,global_conditional_density,380,14571,onehot_l2,0.0,1e-06,9,"G=6,K=3",random_50k,50000,full_background_50k,maxnet,maxnet_default,,maxnet_classes_lq,True,15.228,0.6007668865100315,0.0813705981456199,0.24357110467890425,0.03556973244552085,,,10000.0,
CAN,bird,can20,pa_holdout,0,global_conditional_density,380,14571,onehot_l2,0.0,1e-06,9,"G=6,K=3",random_50k,50000,full_background_50k,additive_kan_ipp,ipp,0.01,frozen_default,True,3.6762,0.6239813502920393,0.08791055752750022,0.29504426163238495,0.05735019966665464,,,,
CAN,bird,can20,pa_holdout,0,global_conditional_density,380,14571,onehot_l2,0.0,1e-06,9,"G=6,K=3",random_50k,50000,full_background_50k,gam_ipp,ipp,0.01,frozen_default,True,2.6753,0.623964157546461,0.08789489323045266,0.29502594776008917,0.057580659837646715,,,,
CAN,bird,can20,pa_holdout,0,global_conditional_density,380,14571,onehot_l2,0.0,1e-06,9,"G=6,K=3",random_50k,50000,full_background_50k,additive_kan_bce,bce_pos_weight,0.01,frozen_default,True,3.7175,0.5870750751527658,0.0752466955807925,0.18782350036252318,0.043232787033946514,,,,131.57894736842104
NSW,ba,nsw01,pa_holdout,0,global_conditional_density,26,570,onehot_l2,0.0,1e-06,9,"G=6,K=3",random_50k,50000,full_background_50k,maxnet,maxnet_default,,maxnet_classes_lq,True,1.9005,0.699462962962963,0.33173131300295133,0.43110117732325015,0.27156582552010966,,,10000.0,
NSW,ba,nsw01,pa_holdout,0,global_conditional_density,26,570,onehot_l2,0.0,1e-06,9,"G=6,K=3",random_50k,50000,full_background_50k,additive_kan_ipp,ipp,0.01,frozen_default,True,6.7692,0.701574074074074,0.31694899233211604,0.42554926551953354,0.27093932460845244,,,,
NSW,ba,nsw01,pa_holdout,0,global_conditional_density,26,570,onehot_l2,0.0,1e-06,9,"G=6,K=3",random_50k,50000,full_background_50k,gam_ipp,ipp,0.01,frozen_default,True,3.8861,0.7016296296296296,0.31715853117221066,0.4258624275162197,0.2701436760854407,,,,
NSW,ba,nsw01,pa_holdout,0,global_conditional_density,26,570,onehot_l2,0.0,1e-06,9,"G=6,K=3",random_50k,50000,full_background_50k,additive_kan_bce,bce_pos_weight,0.01,frozen_default,True,7.0146,0.6899259259259259,0.3036788367377573,0.40912809739137873,0.24617972995484072,,,,1923.076923076923
NSW,ba,nsw02,pa_holdout,0,global_conditional_density,6,570,onehot_l2,0.0,1e-06,9,"G=6,K=3",random_50k,50000,full_background_50k,maxnet,maxnet_default,,maxnet_classes_l,True,1.2554,0.6402174810168373,0.3533446339562481,0.3515860021850254,0.16730868238971955,,,10000.0,
NSW,ba,nsw02,pa_holdout,0,global_conditional_density,6,570,onehot_l2,0.0,1e-06,9,"G=6,K=3",random_50k,50000,full_background_50k,additive_kan_ipp,ipp,0.01,frozen_default,True,6.6137,0.7252909376031693,0.33974593460151126,0.4828309225104949,0.2813322657485853,,,,
NSW,ba,nsw02,pa_holdout,0,global_conditional_density,6,570,onehot_l2,0.0,1e-06,9,"G=6,K=3",random_50k,50000,full_background_50k,gam_ipp,ipp,0.01,frozen_default,True,4.1391,0.725249669858039,0.33976868880965105,0.4830796117940953,0.2805826795429968,,,,
NSW,ba,nsw02,pa_holdout,0,global_conditional_density,6,570,onehot_l2,0.0,1e-06,9,"G=6,K=3",random_50k,50000,full_background_50k,additive_kan_bce,bce_pos_weight,0.01,frozen_default,True,6.6198,0.7291288379002971,0.3064384604565535,0.4633636329032652,0.30329986378805585,,,,8333.333333333334
NSW,ba,nsw03,pa_holdout,0,global_conditional_density,12,570,onehot_l2,0.0,1e-06,9,"G=6,K=3",random_50k,50000,full_background_50k,maxnet,maxnet_default,,maxnet_classes_lq,True,1.5378,0.6614623991673172,0.09221969144398907,0.45783886145493036,0.09963608987360763,,,10000.0,
NSW,ba,nsw03,pa_holdout,0,global_conditional_density,12,570,onehot_l2,0.0,1e-06,9,"G=6,K=3",random_50k,50000,full_background_50k,additive_kan_ipp,ipp,0.01,frozen_default,True,6.6221,0.7258218405759389,0.09110305821011684,0.5284671921229931,0.1398088760598985,,,,
NSW,ba,nsw03,pa_holdout,0,global_conditional_density,12,570,onehot_l2,0.0,1e-06,9,"G=6,K=3",random_50k,50000,full_background_50k,gam_ipp,ipp,0.01,frozen_default,True,4.0267,0.7275565964090553,0.09126942506394503,0.5295703735988342,0.14051228809105976,,,,
NSW,ba,nsw03,pa_holdout,0,global_conditional_density,12,570,onehot_l2,0.0,1e-06,9,"G=6,K=3",random_50k,50000,full_background_50k,additive_kan_bce,bce_pos_weight,0.01,frozen_default,True,6.5687,0.7017954722872756,0.0734857565149238,0.4614369526821025,0.11976362175258692,,,,4166.666666666667
NSW,ba,nsw04,pa_holdout,0,global_conditional_density,49,570,onehot_l2,0.0,1e-06,9,"G=6,K=3",random_50k,50000,full_background_50k,maxnet,maxnet_default,,maxnet_classes_lq,True,2.5947,0.8520011947431302,0.09259844198950311,0.6787432670916311,0.17007751606528795,,,10000.0,
NSW,ba,nsw04,pa_holdout,0,global_conditional_density,49,570,onehot_l2,0.0,1e-06,9,"G=6,K=3",random_50k,50000,full_background_50k,additive_kan_ipp,ipp,0.01,frozen_default,True,6.71,0.8494623655913978,0.08614861127720065,0.638767366611626,0.1352347584034653,,,,
NSW,ba,nsw04,pa_holdout,0,global_conditional_density,49,570,onehot_l2,0.0,1e-06,9,"G=6,K=3",random_50k,50000,full_background_50k,gam_ipp,ipp,0.01,frozen_default,True,4.1036,0.8497610513739545,0.08623437266867726,0.6408595435217009,0.1337714980202241,,,,
NSW,ba,nsw04,pa_holdout,0,global_conditional_density,49,570,onehot_l2,0.0,1e-06,9,"G=6,K=3",random_50k,50000,full_background_50k,additive_kan_bce,bce_pos_weight,0.01,frozen_default,True,6.6943,0.8322879330943848,0.06572655003161643,0.6025100332173405,0.14386629163963943,,,,1020.4081632653061
NSW,ba,nsw05,pa_holdout,0,global_conditional_density,22,570,onehot_l2,0.0,1e-06,9,"G=6,K=3",random_50k,50000,full_background_50k,maxnet,maxnet_default,,maxnet_classes_lq,True,1.8594,0.5593867924528302,0.08079446291995551,0.12455321823544209,0.058415233708990315,,,10000.0,
NSW,ba,nsw05,pa_holdout,0,global_conditional_density,22,570,onehot_l2,0.0,1e-06,9,"G=6,K=3",random_50k,50000,full_background_50k,additive_kan_ipp,ipp,0.01,frozen_default,True,6.5988,0.5532075471698114,0.08317094687936676,0.14301815419824573,0.050874607076625784,,,,
NSW,ba,nsw05,pa_holdout,0,global_conditional_density,22,570,onehot_l2,0.0,1e-06,9,"G=6,K=3",random_50k,50000,full_background_50k,gam_ipp,ipp,0.01,frozen_default,True,4.0856,0.5534905660377358,0.08316090502811843,0.14441548940046353,0.05173252072167926,,,,
NSW,ba,nsw05,pa_holdout,0,global_conditional_density,22,570,onehot_l2,0.0,1e-06,9,"G=6,K=3",random_50k,50000,full_background_50k,additive_kan_bce,bce_pos_weight,0.01,frozen_default,True,6.5642,0.5676415094339623,0.1060507803956428,0.18010141623179696,0.07306600226483094,,,,2272.7272727272725
NSW,ba,nsw06,pa_holdout,0,global_conditional_density,44,570,onehot_l2,0.0,1e-06,9,"G=6,K=3",random_50k,50000,full_background_50k,maxnet,maxnet_default,,maxnet_classes_lq,True,2.4504,0.47666263939229814,0.311859046391992,-0.028787725505102748,-0.0475650695818869,,,10000.0,
NSW,ba,nsw06,pa_holdout,0,global_conditional_density,44,570,onehot_l2,0.0,1e-06,9,"G=6,K=3",random_50k,50000,full_background_50k,additive_kan_ipp,ipp,0.01,frozen_default,True,6.5863,0.49400769348275914,0.32454232416196416,0.012421390586577197,-0.012930724012294597,,,,
NSW,ba,nsw06,pa_holdout,0,global_conditional_density,44,570,onehot_l2,0.0,1e-06,9,"G=6,K=3",random_50k,50000,full_background_50k,gam_ipp,ipp,0.01,frozen_default,True,4.071,0.49393825771778527,0.32454541360615746,0.01218785355005206,-0.01304044771704643,,,,
NSW,ba,nsw06,pa_holdout,0,global_conditional_density,44,570,onehot_l2,0.0,1e-06,9,"G=6,K=3",random_50k,50000,full_background_50k,additive_kan_bce,bce_pos_weight,0.01,frozen_default,True,6.5942,0.5019928064547488,0.3392999709785351,0.013969252050583848,0.009234768733077763,,,,1136.3636363636363
NSW,ba,nsw07,pa_holdout,0,global_conditional_density,28,570,onehot_l2,0.0,1e-06,9,"G=6,K=3",random_50k,50000,full_background_50k,maxnet,maxnet_default,,maxnet_classes_lq,True,2.0545,0.7640425164189423,0.21661712957162801,0.5959982185271825,0.23234395553362858,,,10000.0,
NSW,ba,nsw07,pa_holdout,0,global_conditional_density,28,570,onehot_l2,0.0,1e-06,9,"G=6,K=3",random_50k,50000,full_background_50k,additive_kan_ipp,ipp,0.01,frozen_default,True,6.6355,0.7426114759764949,0.20334585987462298,0.5583755496685794,0.19528350759130544,,,,
NSW,ba,nsw07,pa_holdout,0,global_conditional_density,28,570,onehot_l2,0.0,1e-06,9,"G=6,K=3",random_50k,50000,full_background_50k,gam_ipp,ipp,0.01,frozen_default,True,4.135,0.7395005184929139,0.20294563067357113,0.5549485273273826,0.19588943750094048,,,,
NSW,ba,nsw07,pa_holdout,0,global_conditional_density,28,570,onehot_l2,0.0,1e-06,9,"G=6,K=3",random_50k,50000,full_background_50k,additive_kan_bce,bce_pos_weight,0.01,frozen_default,True,6.5955,0.724982716902869,0.1625586407179057,0.5046251221177933,0.16194199889809163,,,,1785.7142857142858
NSW,db,nsw08,pa_holdout,0,global_conditional_density,129,702,onehot_l2,0.0,1e-06,9,"G=6,K=3",random_50k,50000,full_background_50k,maxnet,maxnet_default,,maxnet_classes_lq,True,5.2627,0.8504398826979472,0.16730876197296393,0.7392834754239106,0.2091570718511962,,,10000.0,
NSW,db,nsw08,pa_holdout,0,global_conditional_density,129,702,onehot_l2,0.0,1e-06,9,"G=6,K=3",random_50k,50000,full_background_50k,additive_kan_ipp,ipp,0.01,frozen_default,True,6.6984,0.86158357771261,0.2151526482035422,0.7555775547868918,0.21040533818754195,,,,
NSW,db,nsw08,pa_holdout,0,global_conditional_density,129,702,onehot_l2,0.0,1e-06,9,"G=6,K=3",random_50k,50000,full_background_50k,gam_ipp,ipp,0.01,frozen_default,True,3.9458,0.8618768328445747,0.2149156281985305,0.7555270861576213,0.20789174274285702,,,,
NSW,db,nsw08,pa_holdout,0,global_conditional_density,129,702,onehot_l2,0.0,1e-06,9,"G=6,K=3",random_50k,50000,full_background_50k,additive_kan_bce,bce_pos_weight,0.01,frozen_default,True,6.6191,0.854692082111437,0.1320838169005543,0.7525836604799686,0.16808730771827426,,,,387.5968992248062
NSW,db,nsw09,pa_holdout,0,global_conditional_density,426,702,onehot_l2,0.0,1e-06,9,"G=6,K=3",random_50k,50000,full_background_50k,maxnet,maxnet_default,,maxnet_classes_lq,True,13.4485,0.5636571428571429,0.1390226495693579,0.1567592859314707,0.07156088076910952,,,10000.0,
NSW,db,nsw09,pa_holdout,0,global_conditional_density,426,702,onehot_l2,0.0,1e-06,9,"G=6,K=3",random_50k,50000,full_background_50k,additive_kan_ipp,ipp,0.01,frozen_default,True,6.8049,0.5860363636363636,0.13800549984972482,0.18075983114493716,0.10115899453530953,,,,
NSW,db,nsw09,pa_holdout,0,global_conditional_density,426,702,onehot_l2,0.0,1e-06,9,"G=6,K=3",random_50k,50000,full_background_50k,gam_ipp,ipp,0.01,frozen_default,True,4.0789,0.585974025974026,0.1378914795524286,0.18175305483693246,0.10058315951927595,,,,
NSW,db,nsw09,pa_holdout,0,global_conditional_density,426,702,onehot_l2,0.0,1e-06,9,"G=6,K=3",random_50k,50000,full_background_50k,additive_kan_bce,bce_pos_weight,0.01,frozen_default,True,6.8291,0.5632623376623376,0.12207874012914552,0.1317159525951208,0.06407025879053374,,,,117.37089201877934
NSW,db,nsw10,pa_holdout,0,global_conditional_density,65,702,onehot_l2,0.0,1e-06,9,"G=6,K=3",random_50k,50000,full_background_50k,maxnet,maxnet_default,,maxnet_classes_lq,True,3.3838,0.9633620689655172,0.4603841340567004,0.7323127229488704,0.18232784605880614,,,10000.0,
NSW,db,nsw10,pa_holdout,0,global_conditional_density,65,702,onehot_l2,0.0,1e-06,9,"G=6,K=3",random_50k,50000,full_background_50k,additive_kan_ipp,ipp,0.01,frozen_default,True,6.8858,0.9633620689655172,0.5033213344178507,0.7353559750297265,0.12916015909484088,,,,
NSW,db,nsw10,pa_holdout,0,global_conditional_density,65,702,onehot_l2,0.0,1e-06,9,"G=6,K=3",random_50k,50000,full_background_50k,gam_ipp,ipp,0.01,frozen_default,True,3.9218,0.9633620689655172,0.5033213344178507,0.7353559750297265,0.1257112793476693,,,,
NSW,db,nsw10,pa_holdout,0,global_conditional_density,65,702,onehot_l2,0.0,1e-06,9,"G=6,K=3",random_50k,50000,full_background_50k,additive_kan_bce,bce_pos_weight,0.01,frozen_default,True,6.5863,0.9731800766283525,0.23440879382055851,0.7319987366230678,0.13376345500268919,,,,769.2307692307693
NSW,db,nsw11,pa_holdout,0,global_conditional_density,48,702,onehot_l2,0.0,1e-06,9,"G=6,K=3",random_50k,50000,full_background_50k,maxnet,maxnet_default,,maxnet_classes_lq,True,2.7557,0.6247977190413809,0.03554137736747334,0.18433454474426395,0.06564795267621792,,,10000.0,
NSW,db,nsw11,pa_holdout,0,global_conditional_density,48,702,onehot_l2,0.0,1e-06,9,"G=6,K=3",random_50k,50000,full_background_50k,additive_kan_ipp,ipp,0.01,frozen_default,True,6.7388,0.5551360098636049,0.03231014360982337,0.058563954432327855,0.02704567344531651,,,,
NSW,db,nsw11,pa_holdout,0,global_conditional_density,48,702,onehot_l2,0.0,1e-06,9,"G=6,K=3",random_50k,50000,full_background_50k,gam_ipp,ipp,0.01,frozen_default,True,4.0375,0.5538259998458812,0.03224200535604944,0.04950957936782161,0.02702923188382768,,,,
NSW,db,nsw11,pa_holdout,0,global_conditional_density,48,702,onehot_l2,0.0,1e-06,9,"G=6,K=3",random_50k,50000,full_background_50k,additive_kan_bce,bce_pos_weight,0.01,frozen_default,True,6.8697,0.5337905525159898,0.03188985273799733,0.08508629037235406,0.030333199384044805,,,,1041.6666666666667
NSW,db,nsw12,pa_holdout,0,global_conditional_density,139,702,onehot_l2,0.0,1e-06,9,"G=6,K=3",random_50k,50000,full_background_50k,maxnet,maxnet_default,,maxnet_classes_lq,True,5.3113,0.6378600823045268,0.0945537509374586,0.34226810041331723,0.09654824680058398,,,10000.0,
NSW,db,nsw12,pa_holdout,0,global_conditional_density,139,702,onehot_l2,0.0,1e-06,9,"G=6,K=3",random_50k,50000,full_background_50k,additive_kan_ipp,ipp,0.01,frozen_default,True,6.715,0.663758573388203,0.10663273206155244,0.3705058348828508,0.10584930803535623,,,,
NSW,db,nsw12,pa_holdout,0,global_conditional_density,139,702,onehot_l2,0.0,1e-06,9,"G=6,K=3",random_50k,50000,full_background_50k,gam_ipp,ipp,0.01,frozen_default,True,3.9489,0.6633744855967079,0.10706237260021832,0.37735975996527116,0.10403421367546553,,,,
NSW,db,nsw12,pa_holdout,0,global_conditional_density,139,702,onehot_l2,0.0,1e-06,9,"G=6,K=3",random_50k,50000,full_background_50k,additive_kan_bce,bce_pos_weight,0.01,frozen_default,True,6.6834,0.6629355281207133,0.08835667694954169,0.34028600248271473,0.10236877943377552,,,,359.71223021582733
NSW,db,nsw13,pa_holdout,0,global_conditional_density,155,702,onehot_l2,0.0,1e-06,9,"G=6,K=3",random_50k,50000,full_background_50k,maxnet,maxnet_default,,maxnet_classes_lq,True,5.987,0.7725849335302807,0.09134953944174212,0.586865956365012,0.164957947270807,,,10000.0,
NSW,db,nsw13,pa_holdout,0,global_conditional_density,155,702,onehot_l2,0.0,1e-06,9,"G=6,K=3",random_50k,50000,full_background_50k,additive_kan_ipp,ipp,0.01,frozen_default,True,6.77,0.8099852289512556,0.13156065093733513,0.6719210436545949,0.18238982843185608,,,,
NSW,db,nsw13,pa_holdout,0,global_conditional_density,155,702,onehot_l2,0.0,1e-06,9,"G=6,K=3",random_50k,50000,full_background_50k,gam_ipp,ipp,0.01,frozen_default,True,4.0249,0.8102215657311669,0.13147409838557605,0.6715570070717313,0.18265113229893595,,,,
NSW,db,nsw13,pa_holdout,0,global_conditional_density,155,702,onehot_l2,0.0,1e-06,9,"G=6,K=3",random_50k,50000,full_background_50k,additive_kan_bce,bce_pos_weight,0.01,frozen_default,True,6.6792,0.8235155096011817,0.16698869689145188,0.6951604798944528,0.14520424396198775,,,,322.5806451612903
NSW,db,nsw14,pa_holdout,0,global_conditional_density,315,702,onehot_l2,0.0,1e-06,9,"G=6,K=3",random_50k,50000,full_background_50k,maxnet,maxnet_default,,maxnet_classes_lq,True,10.6311,0.657478100136623,0.33135994961716414,0.31548711638993454,0.23583379702760812,,,10000.0,
NSW,db,nsw14,pa_holdout,0,global_conditional_density,315,702,onehot_l2,0.0,1e-06,9,"G=6,K=3",random_50k,50000,full_background_50k,additive_kan_ipp,ipp,0.01,frozen_default,True,6.8925,0.649257758234693,0.3384750100253949,0.3035088743515406,0.2246402129311749,,,,
NSW,db,nsw14,pa_holdout,0,global_conditional_density,315,702,onehot_l2,0.0,1e-06,9,"G=6,K=3",random_50k,50000,full_background_50k,gam_ipp,ipp,0.01,frozen_default,True,4.0121,0.6490396206702563,0.33802659091862064,0.3033050303346636,0.22265790123350293,,,,
NSW,db,nsw14,pa_holdout,0,global_conditional_density,315,702,onehot_l2,0.0,1e-06,9,"G=6,K=3",random_50k,50000,full_background_50k,additive_kan_bce,bce_pos_weight,0.01,frozen_default,True,6.6462,0.656203717523335,0.3313114211025469,0.3173007120470635,0.201106628214986,,,,158.73015873015873
NSW,db,nsw15,pa_holdout,0,global_conditional_density,236,702,onehot_l2,0.0,1e-06,9,"G=6,K=3",random_50k,50000,full_background_50k,maxnet,maxnet_default,,maxnet_classes_lq,True,8.3219,0.7884493870845445,0.41639691973096205,0.6288752077638169,0.36283941471105774,,,10000.0,
NSW,db,nsw15,pa_holdout,0,global_conditional_density,236,702,onehot_l2,0.0,1e-06,9,"G=6,K=3",random_50k,50000,full_background_50k,additive_kan_ipp,ipp,0.01,frozen_default,True,6.8199,0.7843352008649619,0.42279324192109086,0.623050615200691,0.2871679667250975,,,,
NSW,db,nsw15,pa_holdout,0,global_conditional_density,236,702,onehot_l2,0.0,1e-06,9,"G=6,K=3",random_50k,50000,full_background_50k,gam_ipp,ipp,0.01,frozen_default,True,4.0591,0.7838016203996236,0.4220162239601636,0.6220911707216161,0.27855100693768686,,,,
NSW,db,nsw15,pa_holdout,0,global_conditional_density,236,702,onehot_l2,0.0,1e-06,9,"G=6,K=3",random_50k,50000,full_background_50k,additive_kan_bce,bce_pos_weight,0.01,frozen_default,True,6.5896,0.79172107783254,0.420920333788825,0.6380672551269536,0.251699388159374,,,,211.864406779661
NSW,nb,nsw16,pa_holdout,0,global_conditional_density,120,1137,onehot_l2,0.0,1e-06,9,"G=6,K=3",random_50k,50000,full_background_50k,maxnet,maxnet_default,,maxnet_classes_lq,True,4.7609,0.6365465520395097,0.1806203271509148,0.3003958907249958,0.16288696260889998,,,10000.0,
NSW,nb,nsw16,pa_holdout,0,global_conditional_density,120,1137,onehot_l2,0.0,1e-06,9,"G=6,K=3",random_50k,50000,full_background_50k,additive_kan_ipp,ipp,0.01,frozen_default,True,6.6979,0.6462762589523153,0.17729639888643367,0.31237598374158343,0.16165697806576573,,,,
NSW,nb,nsw16,pa_holdout,0,global_conditional_density,120,1137,onehot_l2,0.0,1e-06,9,"G=6,K=3",random_50k,50000,full_background_50k,gam_ipp,ipp,0.01,frozen_default,True,4.001,0.6463466111353435,0.17742850697866402,0.3128180279898685,0.16041355781727457,,,,
NSW,nb,nsw16,pa_holdout,0,global_conditional_density,120,1137,onehot_l2,0.0,1e-06,9,"G=6,K=3",random_50k,50000,full_background_50k,additive_kan_bce,bce_pos_weight,0.01,frozen_default,True,6.7535,0.6249384418398503,0.1648732795532496,0.25187151423357956,0.1461890823353163,,,,416.6666666666667
NSW,nb,nsw17,pa_holdout,0,global_conditional_density,148,1137,onehot_l2,0.0,1e-06,9,"G=6,K=3",random_50k,50000,full_background_50k,maxnet,maxnet_default,,maxnet_classes_lq,True,5.7056,0.5078185080748525,0.12165366339620819,0.008909316173345422,0.01203301224480084,,,10000.0,
NSW,nb,nsw17,pa_holdout,0,global_conditional_density,148,1137,onehot_l2,0.0,1e-06,9,"G=6,K=3",random_50k,50000,full_background_50k,additive_kan_ipp,ipp,0.01,frozen_default,True,6.6625,0.5366430260047281,0.1275371471270603,0.06942841035506177,0.05246153179461052,,,,
NSW,nb,nsw17,pa_holdout,0,global_conditional_density,148,1137,onehot_l2,0.0,1e-06,9,"G=6,K=3",random_50k,50000,full_background_50k,gam_ipp,ipp,0.01,frozen_default,True,4.1368,0.5363225953459227,0.12755162402258297,0.06847960783758994,0.051862869600467765,,,,
NSW,nb,nsw17,pa_holdout,0,global_conditional_density,148,1137,onehot_l2,0.0,1e-06,9,"G=6,K=3",random_50k,50000,full_background_50k,additive_kan_bce,bce_pos_weight,0.01,frozen_default,True,6.5958,0.5753866529949586,0.14500596580208375,0.16706168724441797,0.09061324399704407,,,,337.8378378378378
NSW,ot,nsw18,pa_holdout,0,global_conditional_density,69,2075,onehot_l2,0.0,1e-06,9,"G=6,K=3",random_50k,50000,full_background_50k,maxnet,maxnet_default,,maxnet_classes_lq,True,3.5176,0.7380191826522102,0.370925946161377,0.5083624025896303,0.2798834773828536,,,10000.0,
NSW,ot,nsw18,pa_holdout,0,global_conditional_density,69,2075,onehot_l2,0.0,1e-06,9,"G=6,K=3",random_50k,50000,full_background_50k,additive_kan_ipp,ipp,0.01,frozen_default,True,6.6746,0.6411551292743954,0.3146638935039565,0.30694547575268605,0.18509699027853538,,,,
NSW,ot,nsw18,pa_holdout,0,global_conditional_density,69,2075,onehot_l2,0.0,1e-06,9,"G=6,K=3",random_50k,50000,full_background_50k,gam_ipp,ipp,0.01,frozen_default,True,4.1013,0.641067556296914,0.31455270440084626,0.3067249969587891,0.18333849000629127,,,,
NSW,ot,nsw18,pa_holdout,0,global_conditional_density,69,2075,onehot_l2,0.0,1e-06,9,"G=6,K=3",random_50k,50000,full_background_50k,additive_kan_bce,bce_pos_weight,0.01,frozen_default,True,7.8128,0.6959660828468168,0.3460737342374427,0.4329308765319404,0.20509316669310618,,,,724.6376811594203
NSW,ot,nsw19,pa_holdout,0,global_conditional_density,47,2075,onehot_l2,0.0,1e-06,9,"G=6,K=3",random_50k,50000,full_background_50k,maxnet,maxnet_default,,maxnet_classes_lq,True,2.6905,0.9574964763918252,0.07720677548812221,0.8024753632634299,0.11532905168976186,,,10000.0,
NSW,ot,nsw19,pa_holdout,0,global_conditional_density,47,2075,onehot_l2,0.0,1e-06,9,"G=6,K=3",random_50k,50000,full_background_50k,additive_kan_ipp,ipp,0.01,frozen_default,True,8.8759,0.9619009866102889,0.07192799184326479,0.8057496113346263,0.10144022087263516,,,,
NSW,ot,nsw19,pa_holdout,0,global_conditional_density,47,2075,onehot_l2,0.0,1e-06,9,"G=6,K=3",random_50k,50000,full_background_50k,gam_ipp,ipp,0.01,frozen_default,True,4.0423,0.9619890768146583,0.07233218101278076,0.8047327388964582,0.10116239349951979,,,,
NSW,ot,nsw19,pa_holdout,0,global_conditional_density,47,2075,onehot_l2,0.0,1e-06,9,"G=6,K=3",random_50k,50000,full_background_50k,additive_kan_bce,bce_pos_weight,0.01,frozen_default,True,6.6699,0.958861874559549,0.07016439401373577,0.8018649692015153,0.09099081143389272,,,,1063.8297872340424
NSW,ot,nsw20,pa_holdout,0,global_conditional_density,18,2075,onehot_l2,0.0,1e-06,9,"G=6,K=3",random_50k,50000,full_background_50k,maxnet,maxnet_default,,maxnet_classes_lq,True,1.6388,0.8021908070975784,0.14801710235901122,0.7175398136425305,0.16034237681262978,,,10000.0,
NSW,ot,nsw20,pa_holdout,0,global_conditional_density,18,2075,onehot_l2,0.0,1e-06,9,"G=6,K=3",random_50k,50000,full_background_50k,additive_kan_ipp,ipp,0.01,frozen_default,True,6.7523,0.6557966209585443,0.12117582962170681,0.5032639445349348,0.07339705460140167,,,,
NSW,ot,nsw20,pa_holdout,0,global_conditional_density,18,2075,onehot_l2,0.0,1e-06,9,"G=6,K=3",random_50k,50000,full_background_50k,gam_ipp,ipp,0.01,frozen_default,True,4.0236,0.6661936715911201,0.12150684071536967,0.5155787371605755,0.07854684700899757,,,,
NSW,ot,nsw20,pa_holdout,0,global_conditional_density,18,2075,onehot_l2,0.0,1e-06,9,"G=6,K=3",random_50k,50000,full_background_50k,additive_kan_bce,bce_pos_weight,0.01,frozen_default,True,6.9163,0.7070657507360156,0.10698010871732928,0.5062785684533985,0.09667134948338255,,,,2777.777777777778
NSW,ot,nsw21,pa_holdout,0,global_conditional_density,37,2075,onehot_l2,0.0,1e-06,9,"G=6,K=3",random_50k,50000,full_background_50k,maxnet,maxnet_default,,maxnet_classes_lq,True,2.2264,0.8817837684851058,0.1090331315213282,0.7531459090121746,0.19917307995105804,,,10000.0,
NSW,ot,nsw21,pa_holdout,0,global_conditional_density,37,2075,onehot_l2,0.0,1e-06,9,"G=6,K=3",random_50k,50000,full_background_50k,additive_kan_ipp,ipp,0.01,frozen_default,True,6.859,0.9027011250265337,0.1449206250809452,0.8110506655953326,0.16811712643573964,,,,
NSW,ot,nsw21,pa_holdout,0,global_conditional_density,37,2075,onehot_l2,0.0,1e-06,9,"G=6,K=3",random_50k,50000,full_background_50k,gam_ipp,ipp,0.01,frozen_default,True,4.0724,0.9024888558692422,0.1446074930362455,0.8103559496322188,0.16654904568574985,,,,
NSW,ot,nsw21,pa_holdout,0,global_conditional_density,37,2075,onehot_l2,0.0,1e-06,9,"G=6,K=3",random_50k,50000,full_background_50k,additive_kan_bce,bce_pos_weight,0.01,frozen_default,True,7.4184,0.910068633694191,0.1375483670323645,0.8049783957210681,0.17832912146911478,,,,1351.3513513513512
NSW,ot,nsw22,pa_holdout,0,global_conditional_density,17,2075,onehot_l2,0.0,1e-06,9,"G=6,K=3",random_50k,50000,full_background_50k,maxnet,maxnet_default,,maxnet_classes_lq,True,1.6833,0.8930097087378641,0.08649387468858745,0.7746453581634796,0.1494372645387248,,,10000.0,
NSW,ot,nsw22,pa_holdout,0,global_conditional_density,17,2075,onehot_l2,0.0,1e-06,9,"G=6,K=3",random_50k,50000,full_background_50k,additive_kan_ipp,ipp,0.01,frozen_default,True,7.6433,0.8654368932038835,0.06750390860130533,0.7431709454101998,0.13204623249562358,,,,
NSW,ot,nsw22,pa_holdout,0,global_conditional_density,17,2075,onehot_l2,0.0,1e-06,9,"G=6,K=3",random_50k,50000,full_background_50k,gam_ipp,ipp,0.01,frozen_default,True,4.0517,0.8820388349514563,0.07117638788211665,0.7643809106918259,0.13914479518711098,,,,
NSW,ot,nsw22,pa_holdout,0,global_conditional_density,17,2075,onehot_l2,0.0,1e-06,9,"G=6,K=3",random_50k,50000,full_background_50k,additive_kan_bce,bce_pos_weight,0.01,frozen_default,True,6.8484,0.8519741100323625,0.05440773957228566,0.7231108029632572,0.11109916747418708,,,,2941.176470588235
NSW,ot,nsw23,pa_holdout,0,global_conditional_density,60,2075,onehot_l2,0.0,1e-06,9,"G=6,K=3",random_50k,50000,full_background_50k,maxnet,maxnet_default,,maxnet_classes_lq,True,2.8381,0.7770657001044932,0.46198032972661074,0.5858334844030827,0.397153939871589,,,10000.0,
NSW,ot,nsw23,pa_holdout,0,global_conditional_density,60,2075,onehot_l2,0.0,1e-06,9,"G=6,K=3",random_50k,50000,full_background_50k,additive_kan_ipp,ipp,0.01,frozen_default,True,6.944,0.7601005747126437,0.43050200319982523,0.5455581254916051,0.3458684842209356,,,,
NSW,ot,nsw23,pa_holdout,0,global_conditional_density,60,2075,onehot_l2,0.0,1e-06,9,"G=6,K=3",random_50k,50000,full_background_50k,gam_ipp,ipp,0.01,frozen_default,True,4.0761,0.7595859456635319,0.43018757146658204,0.5445828737910046,0.34421936202068193,,,,
NSW,ot,nsw23,pa_holdout,0,global_conditional_density,60,2075,onehot_l2,0.0,1e-06,9,"G=6,K=3",random_50k,50000,full_background_50k,additive_kan_bce,bce_pos_weight,0.01,frozen_default,True,8.0154,0.7425640020898641,0.4153611150301186,0.5144487533778357,0.28234182725081053,,,,833.3333333333334
NSW,ot,nsw24,pa_holdout,0,global_conditional_density,68,2075,onehot_l2,0.0,1e-06,9,"G=6,K=3",random_50k,50000,full_background_50k,maxnet,maxnet_default,,maxnet_classes_lq,True,3.3877,0.5854476582438554,0.11470093517858773,0.14308475373370194,0.07869009889943317,,,10000.0,
NSW,ot,nsw24,pa_holdout,0,global_conditional_density,68,2075,onehot_l2,0.0,1e-06,9,"G=6,K=3",random_50k,50000,full_background_50k,additive_kan_ipp,ipp,0.01,frozen_default,True,6.7302,0.7043461016715333,0.15965688983375131,0.4299187442717304,0.15841868309027637,,,,
NSW,ot,nsw24,pa_holdout,0,global_conditional_density,68,2075,onehot_l2,0.0,1e-06,9,"G=6,K=3",random_50k,50000,full_background_50k,gam_ipp,ipp,0.01,frozen_default,True,4.0911,0.7037138160163704,0.15930589255974015,0.4282927061152801,0.15790015185053694,,,,
NSW,ot,nsw24,pa_holdout,0,global_conditional_density,68,2075,onehot_l2,0.0,1e-06,9,"G=6,K=3",random_50k,50000,full_background_50k,additive_kan_bce,bce_pos_weight,0.01,frozen_default,True,6.5947,0.6834433127169889,0.16294448520166885,0.3961683083422325,0.13008262464931522,,,,735.2941176470588
NSW,ot,nsw25,pa_holdout,0,global_conditional_density,23,2075,onehot_l2,0.0,1e-06,9,"G=6,K=3",random_50k,50000,full_background_50k,maxnet,maxnet_default,,maxnet_classes_lq,True,1.7355,0.6480925784592613,0.06587660051410303,0.33003640531525197,0.08841700457601284,,,10000.0,
NSW,ot,nsw25,pa_holdout,0,global_conditional_density,23,2075,onehot_l2,0.0,1e-06,9,"G=6,K=3",random_50k,50000,full_background_50k,additive_kan_ipp,ipp,0.01,frozen_default,True,6.7475,0.6488846874349545,0.06030414307304811,0.3082436780340218,0.0926647314028852,,,,
NSW,ot,nsw25,pa_holdout,0,global_conditional_density,23,2075,onehot_l2,0.0,1e-06,9,"G=6,K=3",random_50k,50000,full_background_50k,gam_ipp,ipp,0.01,frozen_default,True,3.9348,0.6494397418996738,0.0603415700580103,0.30709401939530306,0.09366613303523133,,,,
NSW,ot,nsw25,pa_holdout,0,global_conditional_density,23,2075,onehot_l2,0.0,1e-06,9,"G=6,K=3",random_50k,50000,full_background_50k,additive_kan_bce,bce_pos_weight,0.01,frozen_default,True,6.5676,0.6428137792270866,0.0542655029475372,0.21896443724845416,0.12049828233987567,,,,2173.913043478261
NSW,ou,nsw26,pa_holdout,0,global_conditional_density,10,1309,onehot_l2,0.0,1e-06,9,"G=6,K=3",random_50k,50000,full_background_50k,maxnet,maxnet_default,,maxnet_classes_l,True,1.3192,0.7949308755760369,0.020193679193275034,0.5285304108925336,0.06442512588022346,,,10000.0,
NSW,ou,nsw26,pa_holdout,0,global_conditional_density,10,1309,onehot_l2,0.0,1e-06,9,"G=6,K=3",random_50k,50000,full_background_50k,additive_kan_ipp,ipp,0.01,frozen_default,True,6.7482,0.6728110599078341,0.0111832328455621,0.32996288352316305,0.03747352637306656,,,,
NSW,ou,nsw26,pa_holdout,0,global_conditional_density,10,1309,onehot_l2,0.0,1e-06,9,"G=6,K=3",random_50k,50000,full_background_50k,gam_ipp,ipp,0.01,frozen_default,True,4.0349,0.6727013385999561,0.011150626376822135,0.2940142995572607,0.037586191361333524,,,,
NSW,ou,nsw26,pa_holdout,0,global_conditional_density,10,1309,onehot_l2,0.0,1e-06,9,"G=6,K=3",random_50k,50000,full_background_50k,additive_kan_bce,bce_pos_weight,0.01,frozen_default,True,6.6417,0.674237436910248,0.012137792624780961,0.3064059251865852,0.03962146528559731,,,,5000.0
NSW,ou,nsw27,pa_holdout,0,global_conditional_density,23,1309,onehot_l2,0.0,1e-06,9,"G=6,K=3",random_50k,50000,full_background_50k,maxnet,maxnet_default,,maxnet_classes_lq,True,1.7463,0.5411620890553475,0.3668125357556491,0.09525327237688797,0.0778571254969766,,,10000.0,
NSW,ou,nsw27,pa_holdout,0,global_conditional_density,23,1309,onehot_l2,0.0,1e-06,9,"G=6,K=3",random_50k,50000,full_background_50k,additive_kan_ipp,ipp,0.01,frozen_default,True,6.5872,0.540881190178943,0.3764854029083664,0.07063676627575496,0.09113918784426817,,,,
NSW,ou,nsw27,pa_holdout,0,global_conditional_density,23,1309,onehot_l2,0.0,1e-06,9,"G=6,K=3",random_50k,50000,full_background_50k,gam_ipp,ipp,0.01,frozen_default,True,3.8831,0.5408681856013318,0.37643677271598963,0.07051318661320888,0.09109466395054083,,,,
NSW,ou,nsw27,pa_holdout,0,global_conditional_density,23,1309,onehot_l2,0.0,1e-06,9,"G=6,K=3",random_50k,50000,full_background_50k,additive_kan_bce,bce_pos_weight,0.01,frozen_default,True,6.5403,0.5443300041614648,0.3600682142212882,0.0941112332298893,0.06434088039276695,,,,2173.913043478261
NSW,ou,nsw28,pa_holdout,0,global_conditional_density,53,1309,onehot_l2,0.0,1e-06,9,"G=6,K=3",random_50k,50000,full_background_50k,maxnet,maxnet_default,,maxnet_classes_lq,True,2.602,0.6800722435696361,0.5554606611879762,0.3569266605449949,0.3028143279866143,,,10000.0,
NSW,ou,nsw28,pa_holdout,0,global_conditional_density,53,1309,onehot_l2,0.0,1e-06,9,"G=6,K=3",random_50k,50000,full_background_50k,additive_kan_ipp,ipp,0.01,frozen_default,True,7.1038,0.6748108139899623,0.5795425524120559,0.3371177391083815,0.19843321329586028,,,,
NSW,ou,nsw28,pa_holdout,0,global_conditional_density,53,1309,onehot_l2,0.0,1e-06,9,"G=6,K=3",random_50k,50000,full_background_50k,gam_ipp,ipp,0.01,frozen_default,True,4.4216,0.6747176913425345,0.5794561788826849,0.3370408452055971,0.18275437767664607,,,,
NSW,ou,nsw28,pa_holdout,0,global_conditional_density,53,1309,onehot_l2,0.0,1e-06,9,"G=6,K=3",random_50k,50000,full_background_50k,additive_kan_bce,bce_pos_weight,0.01,frozen_default,True,6.6055,0.6257596847553325,0.5376633073510182,0.23288476417717005,0.0955496870723422,,,,943.3962264150944
NSW,ou,nsw29,pa_holdout,0,global_conditional_density,12,1309,onehot_l2,0.0,1e-06,9,"G=6,K=3",random_50k,50000,full_background_50k,maxnet,maxnet_default,,maxnet_classes_lq,True,1.4273,0.8461571563817885,0.11995979178638022,0.7391649682453757,0.12475479046100416,,,10000.0,
NSW,ou,nsw29,pa_holdout,0,global_conditional_density,12,1309,onehot_l2,0.0,1e-06,9,"G=6,K=3",random_50k,50000,full_background_50k,additive_kan_ipp,ipp,0.01,frozen_default,True,6.8078,0.7302263533866942,0.04992764175757995,0.5588530406587221,0.08716246148101553,,,,
NSW,ou,nsw29,pa_holdout,0,global_conditional_density,12,1309,onehot_l2,0.0,1e-06,9,"G=6,K=3",random_50k,50000,full_background_50k,gam_ipp,ipp,0.01,frozen_default,True,4.034,0.7313021774679405,0.049942683613122804,0.5465812352988124,0.08748053825917754,,,,
NSW,ou,nsw29,pa_holdout,0,global_conditional_density,12,1309,onehot_l2,0.0,1e-06,9,"G=6,K=3",random_50k,50000,full_background_50k,additive_kan_bce,bce_pos_weight,0.01,frozen_default,True,6.7134,0.6358120320165246,0.04177515906091648,0.3538112912613567,0.05567565655030487,,,,4166.666666666667
NSW,ou,nsw30,pa_holdout,0,global_conditional_density,2,1309,onehot_l2,0.0,1e-06,9,"G=6,K=3",random_50k,0,full_background_50k,additive_kan_ipp,kan_ipp,,skipped_n_po_lt_5,False,0.0,,,,,,n_po<5,,
NSW,ou,nsw30,pa_holdout,0,global_conditional_density,2,1309,onehot_l2,0.0,1e-06,9,"G=6,K=3",random_50k,0,full_background_50k,gam_ipp,gam_ipp,,skipped_n_po_lt_5,False,0.0,,,,,,n_po<5,,
NSW,ou,nsw30,pa_holdout,0,global_conditional_density,2,1309,onehot_l2,0.0,1e-06,9,"G=6,K=3",random_50k,0,full_background_50k,additive_kan_bce,kan_bce,,skipped_n_po_lt_5,False,0.0,,,,,,n_po<5,,
NSW,ou,nsw30,pa_holdout,0,global_conditional_density,2,1309,onehot_l2,0.0,1e-06,9,"G=6,K=3",random_50k,0,full_background_50k,maxnet,maxnet,,skipped_n_po_lt_5,False,0.0,,,,,,n_po<5,,
NSW,ou,nsw31,pa_holdout,0,global_conditional_density,24,1309,onehot_l2,0.0,1e-06,9,"G=6,K=3",random_50k,50000,full_background_50k,maxnet,maxnet_default,,maxnet_classes_lq,True,1.7594,0.5643838942217906,0.5374510048599691,0.11059772575639995,0.13471265362044305,,,10000.0,
NSW,ou,nsw31,pa_holdout,0,global_conditional_density,24,1309,onehot_l2,0.0,1e-06,9,"G=6,K=3",random_50k,50000,full_background_50k,additive_kan_ipp,ipp,0.01,frozen_default,True,6.6912,0.5457527172898069,0.5195728260252225,0.0782224898426877,0.1000875997854669,,,,
NSW,ou,nsw31,pa_holdout,0,global_conditional_density,24,1309,onehot_l2,0.0,1e-06,9,"G=6,K=3",random_50k,50000,full_background_50k,gam_ipp,ipp,0.01,frozen_default,True,4.1416,0.5456289918948194,0.5195145296263792,0.07787541139264695,0.10171862811353762,,,,
NSW,ou,nsw31,pa_holdout,0,global_conditional_density,24,1309,onehot_l2,0.0,1e-06,9,"G=6,K=3",random_50k,50000,full_background_50k,additive_kan_bce,bce_pos_weight,0.01,frozen_default,True,7.5613,0.5385999887946812,0.5166420108422065,0.076649973393955,0.0700174459679475,,,,2083.3333333333335
NSW,ou,nsw32,pa_holdout,0,global_conditional_density,28,1309,onehot_l2,0.0,1e-06,9,"G=6,K=3",random_50k,50000,full_background_50k,maxnet,maxnet_default,,maxnet_classes_lq,True,1.9211,0.7088719361446635,0.03225829459403986,0.41664010972431786,0.08141253571410266,,,10000.0,
NSW,ou,nsw32,pa_holdout,0,global_conditional_density,28,1309,onehot_l2,0.0,1e-06,9,"G=6,K=3",random_50k,50000,full_background_50k,additive_kan_ipp,ipp,0.01,frozen_default,True,8.4738,0.7683831320194957,0.11770942170007553,0.640968094452867,0.11067493464662692,,,,
NSW,ou,nsw32,pa_holdout,0,global_conditional_density,28,1309,onehot_l2,0.0,1e-06,9,"G=6,K=3",random_50k,50000,full_background_50k,gam_ipp,ipp,0.01,frozen_default,True,4.4182,0.7682418591509501,0.11771628057551682,0.6386703600292569,0.10806989986748743,,,,
NSW,ou,nsw32,pa_holdout,0,global_conditional_density,28,1309,onehot_l2,0.0,1e-06,9,"G=6,K=3",random_50k,50000,full_background_50k,additive_kan_bce,bce_pos_weight,0.01,frozen_default,True,7.4736,0.778236914600551,0.06982897329719234,0.6429745484288633,0.09686495938834495,,,,1785.7142857142858
NSW,ou,nsw33,pa_holdout,0,global_conditional_density,15,1309,onehot_l2,0.0,1e-06,9,"G=6,K=3",random_50k,50000,full_background_50k,maxnet,maxnet_default,,maxnet_classes_lq,True,1.6339,0.5027770431102883,0.37794205105689826,0.018347062414558024,0.054951588652891487,,,10000.0,
NSW,ou,nsw33,pa_holdout,0,global_conditional_density,15,1309,onehot_l2,0.0,1e-06,9,"G=6,K=3",random_50k,50000,full_background_50k,additive_kan_ipp,ipp,0.01,frozen_default,True,7.825,0.533848580132632,0.41107931397755815,0.07345730530922094,0.11119526021403434,,,,
NSW,ou,nsw33,pa_holdout,0,global_conditional_density,15,1309,onehot_l2,0.0,1e-06,9,"G=6,K=3",random_50k,50000,full_background_50k,gam_ipp,ipp,0.01,frozen_default,True,4.4731,0.5340322470050055,0.41118743557834664,0.0736470587548896,0.11152031321904851,,,,
NSW,ou,nsw33,pa_holdout,0,global_conditional_density,15,1309,onehot_l2,0.0,1e-06,9,"G=6,K=3",random_50k,50000,full_background_50k,additive_kan_bce,bce_pos_weight,0.01,frozen_default,True,7.5765,0.5371643794018827,0.4167117185337662,0.07503989920431994,0.09108190541918419,,,,3333.3333333333335
NSW,rt,nsw34,pa_holdout,0,global_conditional_density,6,1036,onehot_l2,0.0,1e-06,9,"G=6,K=3",random_50k,50000,full_background_50k,maxnet,maxnet_default,,maxnet_classes_l,True,1.3112,0.5483530342851581,0.3543633686447718,0.0944920799315028,0.13779622124118196,,,10000.0,
NSW,rt,nsw34,pa_holdout,0,global_conditional_density,6,1036,onehot_l2,0.0,1e-06,9,"G=6,K=3",random_50k,50000,full_background_50k,additive_kan_ipp,ipp,0.01,frozen_default,True,7.5722,0.6110046004156034,0.4122683760073467,0.2123119530540691,0.19474682231640522,,,,
NSW,rt,nsw34,pa_holdout,0,global_conditional_density,6,1036,onehot_l2,0.0,1e-06,9,"G=6,K=3",random_50k,50000,full_background_50k,gam_ipp,ipp,0.01,frozen_default,True,4.63,0.6112119788558634,0.4123504590231997,0.21214687971084759,0.19607602061715607,,,,
NSW,rt,nsw34,pa_holdout,0,global_conditional_density,6,1036,onehot_l2,0.0,1e-06,9,"G=6,K=3",random_50k,50000,full_background_50k,additive_kan_bce,bce_pos_weight,0.01,frozen_default,True,8.0182,0.616845054447421,0.4241067263020577,0.229318922645708,0.20446391379790607,,,,8333.333333333334
NSW,rt,nsw35,pa_holdout,0,global_conditional_density,6,1036,onehot_l2,0.0,1e-06,9,"G=6,K=3",random_50k,50000,full_background_50k,maxnet,maxnet_default,,maxnet_classes_l,True,1.4219,0.43961236859226793,0.026114048960729115,-0.14099456993226384,-0.024855171730411137,,,10000.0,
NSW,rt,nsw35,pa_holdout,0,global_conditional_density,6,1036,onehot_l2,0.0,1e-06,9,"G=6,K=3",random_50k,50000,full_background_50k,additive_kan_ipp,ipp,0.01,frozen_default,True,9.7516,0.3947539636338733,0.022148013786479976,-0.3329014600884418,-0.044494408612521824,,,,
NSW,rt,nsw35,pa_holdout,0,global_conditional_density,6,1036,onehot_l2,0.0,1e-06,9,"G=6,K=3",random_50k,50000,full_background_50k,gam_ipp,ipp,0.01,frozen_default,True,6.1902,0.3947882066910934,0.02214554674435827,-0.33793965462417414,-0.044421168898566496,,,,
NSW,rt,nsw35,pa_holdout,0,global_conditional_density,6,1036,onehot_l2,0.0,1e-06,9,"G=6,K=3",random_50k,50000,full_background_50k,additive_kan_bce,bce_pos_weight,0.01,frozen_default,True,8.1204,0.47347875218299484,0.024878849616566324,-0.2300294812481616,0.011316562473788257,,,,8333.333333333334
NSW,rt,nsw36,pa_holdout,0,global_conditional_density,7,1036,onehot_l2,0.0,1e-06,9,"G=6,K=3",random_50k,50000,full_background_50k,maxnet,maxnet_default,,maxnet_classes_l,True,1.4378,0.8745235863792565,0.3648079195608963,0.7976196825997615,0.355192188293629,,,10000.0,
NSW,rt,nsw36,pa_holdout,0,global_conditional_density,7,1036,onehot_l2,0.0,1e-06,9,"G=6,K=3",random_50k,50000,full_background_50k,additive_kan_ipp,ipp,0.01,frozen_default,True,8.345,0.8562480474851609,0.3052728547719696,0.767566512215685,0.3259112924967753,,,,
NSW,rt,nsw36,pa_holdout,0,global_conditional_density,7,1036,onehot_l2,0.0,1e-06,9,"G=6,K=3",random_50k,50000,full_background_50k,gam_ipp,ipp,0.01,frozen_default,True,4.6615,0.8691502655420181,0.3270535581296244,0.7910827895599442,0.34149316355073217,,,,
NSW,rt,nsw36,pa_holdout,0,global_conditional_density,7,1036,onehot_l2,0.0,1e-06,9,"G=6,K=3",random_50k,50000,full_background_50k,additive_kan_bce,bce_pos_weight,0.01,frozen_default,True,7.9067,0.9054982817869417,0.4228057462675315,0.8522518595350393,0.40566420390799646,,,,7142.857142857143
NSW,rt,nsw37,pa_holdout,0,global_conditional_density,6,1036,onehot_l2,0.0,1e-06,9,"G=6,K=3",random_50k,50000,full_background_50k,maxnet,maxnet_default,,maxnet_classes_l,True,1.3079,0.5653201520537126,0.25593954708503563,0.16405847073708,0.07894467895881122,,,10000.0,
NSW,rt,nsw37,pa_holdout,0,global_conditional_density,6,1036,onehot_l2,0.0,1e-06,9,"G=6,K=3",random_50k,50000,full_background_50k,additive_kan_ipp,ipp,0.01,frozen_default,True,7.8979,0.5625061710110585,0.23691599397946858,0.16480495577169282,0.073763655495307,,,,
NSW,rt,nsw37,pa_holdout,0,global_conditional_density,6,1036,onehot_l2,0.0,1e-06,9,"G=6,K=3",random_50k,50000,full_background_50k,gam_ipp,ipp,0.01,frozen_default,True,4.9738,0.562487657977883,0.23695023162021905,0.16491172464225312,0.08032675894584344,,,,
NSW,rt,nsw37,pa_holdout,0,global_conditional_density,6,1036,onehot_l2,0.0,1e-06,9,"G=6,K=3",random_50k,50000,full_background_50k,additive_kan_bce,bce_pos_weight,0.01,frozen_default,True,7.9752,0.5722687105055292,0.25167432452052596,0.17952549886813335,0.10256716130140978,,,,8333.333333333334
NSW,rt,nsw38,pa_holdout,0,global_conditional_density,9,1036,onehot_l2,0.0,1e-06,9,"G=6,K=3",random_50k,50000,full_background_50k,maxnet,maxnet_default,,maxnet_classes_l,True,1.4954,0.5263808993628998,0.08175905579344594,-0.0033825032231269776,-0.0005645242624352217,,,10000.0,
NSW,rt,nsw38,pa_holdout,0,global_conditional_density,9,1036,onehot_l2,0.0,1e-06,9,"G=6,K=3",random_50k,50000,full_background_50k,additive_kan_ipp,ipp,0.01,frozen_default,True,7.9673,0.40905548339209497,0.06449743717572896,-0.302800399522716,-0.07720493408446248,,,,
NSW,rt,nsw38,pa_holdout,0,global_conditional_density,9,1036,onehot_l2,0.0,1e-06,9,"G=6,K=3",random_50k,50000,full_background_50k,gam_ipp,ipp,0.01,frozen_default,True,4.5404,0.41246984598255715,0.06487600126236112,-0.2961431008689399,-0.07471591826599903,,,,
NSW,rt,nsw38,pa_holdout,0,global_conditional_density,9,1036,onehot_l2,0.0,1e-06,9,"G=6,K=3",random_50k,50000,full_background_50k,additive_kan_bce,bce_pos_weight,0.01,frozen_default,True,8.1314,0.4996103173130451,0.07822114660758839,-0.09346090419135984,-0.0009664274301128199,,,,5555.555555555556
NSW,rt,nsw39,pa_holdout,0,global_conditional_density,16,1036,onehot_l2,0.0,1e-06,9,"G=6,K=3",random_50k,50000,full_background_50k,maxnet,maxnet_default,,maxnet_classes_lq,True,1.6724,0.5215721453314073,0.39412227073586437,0.07020770131779695,0.04390062778261247,,,10000.0,
NSW,rt,nsw39,pa_holdout,0,global_conditional_density,16,1036,onehot_l2,0.0,1e-06,9,"G=6,K=3",random_50k,50000,full_background_50k,additive_kan_ipp,ipp,0.01,frozen_default,True,8.0255,0.621402053528434,0.47924219923013234,0.24828328176512382,0.14402887316694168,,,,
NSW,rt,nsw39,pa_holdout,0,global_conditional_density,16,1036,onehot_l2,0.0,1e-06,9,"G=6,K=3",random_50k,50000,full_background_50k,gam_ipp,ipp,0.01,frozen_default,True,4.7235,0.6211807011820992,0.4789036313714394,0.24865392832697836,0.1459275914588088,,,,
NSW,rt,nsw39,pa_holdout,0,global_conditional_density,16,1036,onehot_l2,0.0,1e-06,9,"G=6,K=3",random_50k,50000,full_background_50k,additive_kan_bce,bce_pos_weight,0.01,frozen_default,True,8.6047,0.6242757506562904,0.49879650444053314,0.2336204841959701,0.202292663468933,,,,3125.0
NSW,rt,nsw40,pa_holdout,0,global_conditional_density,14,1036,onehot_l2,0.0,1e-06,9,"G=6,K=3",random_50k,50000,full_background_50k,maxnet,maxnet_default,,maxnet_classes_lq,True,1.605,0.659270170299083,0.4472996414680127,0.3348689850222444,0.2625491879660636,,,10000.0,
NSW,rt,nsw40,pa_holdout,0,global_conditional_density,14,1036,onehot_l2,0.0,1e-06,9,"G=6,K=3",random_50k,50000,full_background_50k,additive_kan_ipp,ipp,0.01,frozen_default,True,8.8458,0.6392572507745543,0.4344350216622831,0.2833065374420537,0.23909128274806735,,,,
NSW,rt,nsw40,pa_holdout,0,global_conditional_density,14,1036,onehot_l2,0.0,1e-06,9,"G=6,K=3",random_50k,50000,full_background_50k,gam_ipp,ipp,0.01,frozen_default,True,5.1766,0.639310739251902,0.4345012302942248,0.2830382047476343,0.23885694727627382,,,,
NSW,rt,nsw40,pa_holdout,0,global_conditional_density,14,1036,onehot_l2,0.0,1e-06,9,"G=6,K=3",random_50k,50000,full_background_50k,additive_kan_bce,bce_pos_weight,0.01,frozen_default,True,6.6422,0.6434293520076694,0.43872004959801697,0.2922629211502845,0.24063895757358789,,,,3571.4285714285716
NSW,ru,nsw41,pa_holdout,0,global_conditional_density,5,909,onehot_l2,0.0,1e-06,9,"G=6,K=3",random_50k,50000,full_background_50k,maxnet,maxnet_default,,maxnet_classes_l,True,1.3581,0.589993502274204,0.22879694790449828,0.17808550822305969,0.14614264329940546,,,10000.0,
NSW,ru,nsw41,pa_holdout,0,global_conditional_density,5,909,onehot_l2,0.0,1e-06,9,"G=6,K=3",random_50k,50000,full_background_50k,additive_kan_ipp,ipp,0.01,frozen_default,True,6.5573,0.6147720249132316,0.24707236611527547,0.23716628251730548,0.1705209795524823,,,,
NSW,ru,nsw41,pa_holdout,0,global_conditional_density,5,909,onehot_l2,0.0,1e-06,9,"G=6,K=3",random_50k,50000,full_background_50k,gam_ipp,ipp,0.01,frozen_default,True,3.8718,0.6147720249132315,0.24700336739287926,0.2365529366885779,0.17064259212134986,,,,
NSW,ru,nsw41,pa_holdout,0,global_conditional_density,5,909,onehot_l2,0.0,1e-06,9,"G=6,K=3",random_50k,50000,full_background_50k,additive_kan_bce,bce_pos_weight,0.01,frozen_default,True,6.6591,0.6086150335187563,0.23822435024965327,0.2330857522065113,0.16840973001555534,,,,10000.0
NSW,ru,nsw42,pa_holdout,0,global_conditional_density,11,909,onehot_l2,0.0,1e-06,9,"G=6,K=3",random_50k,50000,full_background_50k,maxnet,maxnet_default,,maxnet_classes_lq,True,1.43,0.9707182320441989,0.17899659863945577,0.607276334666219,0.1142177547322439,,,10000.0,
NSW,ru,nsw42,pa_holdout,0,global_conditional_density,11,909,onehot_l2,0.0,1e-06,9,"G=6,K=3",random_50k,50000,full_background_50k,additive_kan_ipp,ipp,0.01,frozen_default,True,6.6444,0.8842541436464089,0.03798165611457967,0.5419797930466104,0.07720973375102114,,,,
NSW,ru,nsw42,pa_holdout,0,global_conditional_density,11,909,onehot_l2,0.0,1e-06,9,"G=6,K=3",random_50k,50000,full_background_50k,gam_ipp,ipp,0.01,frozen_default,True,3.8763,0.8845303867403316,0.037645018492117606,0.5406849607765332,0.07878666318948563,,,,
NSW,ru,nsw42,pa_holdout,0,global_conditional_density,11,909,onehot_l2,0.0,1e-06,9,"G=6,K=3",random_50k,50000,full_background_50k,additive_kan_bce,bce_pos_weight,0.01,frozen_default,True,6.5696,0.770718232044199,0.020041030080347792,0.4959207594395776,0.05939282511909121,,,,4545.454545454545
NSW,ru,nsw43,pa_holdout,0,global_conditional_density,42,909,onehot_l2,0.0,1e-06,9,"G=6,K=3",random_50k,50000,full_background_50k,maxnet,maxnet_default,,maxnet_classes_lq,True,2.8198,0.6877371599593821,0.34862647648575873,0.40605543404373534,0.2218828556243935,,,10000.0,
NSW,ru,nsw43,pa_holdout,0,global_conditional_density,42,909,onehot_l2,0.0,1e-06,9,"G=6,K=3",random_50k,50000,full_background_50k,additive_kan_ipp,ipp,0.01,frozen_default,True,6.9387,0.6426166426166426,0.3360146257090323,0.3160241714481771,0.18316743077500794,,,,
NSW,ru,nsw43,pa_holdout,0,global_conditional_density,42,909,onehot_l2,0.0,1e-06,9,"G=6,K=3",random_50k,50000,full_background_50k,gam_ipp,ipp,0.01,frozen_default,True,4.1224,0.6426099620544065,0.3360340907756388,0.31596125058175234,0.1807441097474837,,,,
NSW,ru,nsw43,pa_holdout,0,global_conditional_density,42,909,onehot_l2,0.0,1e-06,9,"G=6,K=3",random_50k,50000,full_background_50k,additive_kan_bce,bce_pos_weight,0.01,frozen_default,True,6.7291,0.6496445940890385,0.35821701649903837,0.31978746191170343,0.19136348353690996,,,,1190.4761904761904
NSW,ru,nsw44,pa_holdout,0,global_conditional_density,16,909,onehot_l2,0.0,1e-06,9,"G=6,K=3",random_50k,50000,full_background_50k,maxnet,maxnet_default,,maxnet_classes_lq,True,1.5509,0.991604938271605,0.4428957494746969,0.8313511287477953,0.24111020574148798,,,10000.0,
NSW,ru,nsw44,pa_holdout,0,global_conditional_density,16,909,onehot_l2,0.0,1e-06,9,"G=6,K=3",random_50k,50000,full_background_50k,additive_kan_ipp,ipp,0.01,frozen_default,True,6.9029,0.9940740740740741,0.7124568668046929,0.8377731790123457,0.20728215824204868,,,,
NSW,ru,nsw44,pa_holdout,0,global_conditional_density,16,909,onehot_l2,0.0,1e-06,9,"G=6,K=3",random_50k,50000,full_background_50k,gam_ipp,ipp,0.01,frozen_default,True,3.8791,0.9940740740740741,0.7124568668046929,0.8377731790123457,0.20383182868811825,,,,
NSW,ru,nsw44,pa_holdout,0,global_conditional_density,16,909,onehot_l2,0.0,1e-06,9,"G=6,K=3",random_50k,50000,full_background_50k,additive_kan_bce,bce_pos_weight,0.01,frozen_default,True,7.1402,0.9837037037037036,0.3303343896481152,0.8235623721340387,0.21026770921716909,,,,3125.0
NSW,ru,nsw45,pa_holdout,0,global_conditional_density,22,909,onehot_l2,0.0,1e-06,9,"G=6,K=3",random_50k,50000,full_background_50k,maxnet,maxnet_default,,maxnet_classes_lq,True,1.8443,0.8093761160924078,0.5449153606273076,0.7000040244463007,0.36266905786354414,,,10000.0,
NSW,ru,nsw45,pa_holdout,0,global_conditional_density,22,909,onehot_l2,0.0,1e-06,9,"G=6,K=3",random_50k,50000,full_background_50k,additive_kan_ipp,ipp,0.01,frozen_default,True,7.1716,0.7002481249647549,0.3177143166399293,0.4647035657907691,0.20116763410828087,,,,
NSW,ru,nsw45,pa_holdout,0,global_conditional_density,22,909,onehot_l2,0.0,1e-06,9,"G=6,K=3",random_50k,50000,full_background_50k,gam_ipp,ipp,0.01,frozen_default,True,4.6386,0.699345852365646,0.31742813570233763,0.4637382102486866,0.19850305980087873,,,,
NSW,ru,nsw45,pa_holdout,0,global_conditional_density,22,909,onehot_l2,0.0,1e-06,9,"G=6,K=3",random_50k,50000,full_background_50k,additive_kan_bce,bce_pos_weight,0.01,frozen_default,True,7.3735,0.6469670482527867,0.30000929484648015,0.38284520947670464,0.14809028665505328,,,,2272.7272727272725
NSW,ru,nsw46,pa_holdout,0,global_conditional_density,14,909,onehot_l2,0.0,1e-06,9,"G=6,K=3",random_50k,50000,full_background_50k,maxnet,maxnet_default,,maxnet_classes_lq,True,1.6649,0.9878413767302656,0.8081608825653045,0.9268568335284217,0.2510499126692906,,,10000.0,
NSW,ru,nsw46,pa_holdout,0,global_conditional_density,14,909,onehot_l2,0.0,1e-06,9,"G=6,K=3",random_50k,50000,full_background_50k,additive_kan_ipp,ipp,0.01,frozen_default,True,7.2222,0.9774909589724405,0.5357863848443558,0.9114228174879748,0.21454499115387457,,,,
NSW,ru,nsw46,pa_holdout,0,global_conditional_density,14,909,onehot_l2,0.0,1e-06,9,"G=6,K=3",random_50k,50000,full_background_50k,gam_ipp,ipp,0.01,frozen_default,True,4.0046,0.9774286070582368,0.5354626437293859,0.9104382365370639,0.21282241208745886,,,,
NSW,ru,nsw46,pa_holdout,0,global_conditional_density,14,909,onehot_l2,0.0,1e-06,9,"G=6,K=3",random_50k,50000,full_background_50k,additive_kan_bce,bce_pos_weight,0.01,frozen_default,True,6.6484,0.9404539219354034,0.41992826749238915,0.8737297890863903,0.23591632100819143,,,,3571.4285714285716
NSW,sr,nsw47,pa_holdout,0,global_conditional_density,41,1008,onehot_l2,0.0,1e-06,9,"G=6,K=3",random_50k,50000,full_background_50k,maxnet,maxnet_default,,maxnet_classes_lq,True,2.6082,0.8988720037599875,0.1601761934121283,0.8157228398336077,0.23426725382737637,,,10000.0,
NSW,sr,nsw47,pa_holdout,0,global_conditional_density,41,1008,onehot_l2,0.0,1e-06,9,"G=6,K=3",random_50k,50000,full_background_50k,additive_kan_ipp,ipp,0.01,frozen_default,True,6.9179,0.9246044179852735,0.2150822570850861,0.8557276014543732,0.21152518099207573,,,,
NSW,sr,nsw47,pa_holdout,0,global_conditional_density,41,1008,onehot_l2,0.0,1e-06,9,"G=6,K=3",random_50k,50000,full_background_50k,gam_ipp,ipp,0.01,frozen_default,True,4.0384,0.9246827510574964,0.21539520577867302,0.8559533847440428,0.21084989330312287,,,,
NSW,sr,nsw47,pa_holdout,0,global_conditional_density,41,1008,onehot_l2,0.0,1e-06,9,"G=6,K=3",random_50k,50000,full_background_50k,additive_kan_bce,bce_pos_weight,0.01,frozen_default,True,6.784,0.9308710637631208,0.1739474540264234,0.844419267303135,0.20379167598852993,,,,1219.5121951219512
NSW,sr,nsw48,pa_holdout,0,global_conditional_density,79,1008,onehot_l2,0.0,1e-06,9,"G=6,K=3",random_50k,50000,full_background_50k,maxnet,maxnet_default,,maxnet_classes_lq,True,4.3683,0.860712425487586,0.3894101580166384,0.7866490547362815,0.34584801286475436,,,10000.0,
NSW,sr,nsw48,pa_holdout,0,global_conditional_density,79,1008,onehot_l2,0.0,1e-06,9,"G=6,K=3",random_50k,50000,full_background_50k,additive_kan_ipp,ipp,0.01,frozen_default,True,6.7862,0.900862318421205,0.4905268908790322,0.8524369876228588,0.328869898695375,,,,
NSW,sr,nsw48,pa_holdout,0,global_conditional_density,79,1008,onehot_l2,0.0,1e-06,9,"G=6,K=3",random_50k,50000,full_background_50k,gam_ipp,ipp,0.01,frozen_default,True,4.1219,0.9011372185890387,0.4915181327780684,0.8519119989993306,0.326293641138474,,,,
NSW,sr,nsw48,pa_holdout,0,global_conditional_density,79,1008,onehot_l2,0.0,1e-06,9,"G=6,K=3",random_50k,50000,full_background_50k,additive_kan_bce,bce_pos_weight,0.01,frozen_default,True,7.0693,0.9074888593089878,0.41850337825480666,0.8395457616291113,0.3596013240322402,,,,632.9113924050633
NSW,sr,nsw49,pa_holdout,0,global_conditional_density,110,1008,onehot_l2,0.0,1e-06,9,"G=6,K=3",random_50k,50000,full_background_50k,maxnet,maxnet_default,,maxnet_classes_lq,True,5.5967,0.693922745449288,0.29027472961675205,0.3911319875999229,0.24643010205205976,,,10000.0,
NSW,sr,nsw49,pa_holdout,0,global_conditional_density,110,1008,onehot_l2,0.0,1e-06,9,"G=6,K=3",random_50k,50000,full_background_50k,additive_kan_ipp,ipp,0.01,frozen_default,True,6.9043,0.7554851859426903,0.33679510930435885,0.5192031162706714,0.2749671542607483,,,,
NSW,sr,nsw49,pa_holdout,0,global_conditional_density,110,1008,onehot_l2,0.0,1e-06,9,"G=6,K=3",random_50k,50000,full_background_50k,gam_ipp,ipp,0.01,frozen_default,True,4.0739,0.7553229753651501,0.33577083239201433,0.5185873374081675,0.2759960639983619,,,,
NSW,sr,nsw49,pa_holdout,0,global_conditional_density,110,1008,onehot_l2,0.0,1e-06,9,"G=6,K=3",random_50k,50000,full_background_50k,additive_kan_bce,bce_pos_weight,0.01,frozen_default,True,6.7571,0.751302974095676,0.30392230629225736,0.507770275740908,0.26253625106787387,,,,454.54545454545456
NSW,sr,nsw50,pa_holdout,0,global_conditional_density,44,1008,onehot_l2,0.0,1e-06,9,"G=6,K=3",random_50k,50000,full_background_50k,maxnet,maxnet_default,,maxnet_classes_lq,True,2.4462,0.7379746224731026,0.05063793732215843,0.5175936841553899,0.11683798009614353,,,10000.0,
NSW,sr,nsw50,pa_holdout,0,global_conditional_density,44,1008,onehot_l2,0.0,1e-06,9,"G=6,K=3",random_50k,50000,full_background_50k,additive_kan_ipp,ipp,0.01,frozen_default,True,14.0891,0.7989096347758962,0.08674728910906543,0.6705050147991243,0.13112867503312126,,,,
NSW,sr,nsw50,pa_holdout,0,global_conditional_density,44,1008,onehot_l2,0.0,1e-06,9,"G=6,K=3",random_50k,50000,full_background_50k,gam_ipp,ipp,0.01,frozen_default,True,4.3606,0.7989096347758962,0.0866566373925565,0.6733908818016112,0.12919117461080304,,,,
NSW,sr,nsw50,pa_holdout,0,global_conditional_density,44,1008,onehot_l2,0.0,1e-06,9,"G=6,K=3",random_50k,50000,full_background_50k,additive_kan_bce,bce_pos_weight,0.01,frozen_default,True,8.0476,0.8291600328074492,0.07961855541192846,0.6791608330971745,0.11895102753713901,,,,1136.3636363636363
NSW,sr,nsw51,pa_holdout,0,global_conditional_density,63,1008,onehot_l2,0.0,1e-06,9,"G=6,K=3",random_50k,50000,full_background_50k,maxnet,maxnet_default,,maxnet_classes_lq,True,3.546,0.6274118429807052,0.009521035951314514,0.2180142708594787,0.032189096804089684,,,10000.0,
NSW,sr,nsw51,pa_holdout,0,global_conditional_density,63,1008,onehot_l2,0.0,1e-06,9,"G=6,K=3",random_50k,50000,full_background_50k,additive_kan_ipp,ipp,0.01,frozen_default,True,7.5541,0.7481703260146373,0.022921722262418065,0.44516476029975977,0.054912898154022845,,,,
NSW,sr,nsw51,pa_holdout,0,global_conditional_density,63,1008,onehot_l2,0.0,1e-06,9,"G=6,K=3",random_50k,50000,full_background_50k,gam_ipp,ipp,0.01,frozen_default,True,4.1624,0.7478376580172986,0.02273187721413575,0.44506436229337737,0.05502978932899421,,,,
NSW,sr,nsw51,pa_holdout,0,global_conditional_density,63,1008,onehot_l2,0.0,1e-06,9,"G=6,K=3",random_50k,50000,full_background_50k,additive_kan_bce,bce_pos_weight,0.01,frozen_default,True,6.8232,0.8263473053892214,0.02185213057351162,0.5467006107545389,0.05185694270787953,,,,793.6507936507936
NSW,sr,nsw52,pa_holdout,0,global_conditional_density,186,1008,onehot_l2,0.0,1e-06,9,"G=6,K=3",random_50k,50000,full_background_50k,maxnet,maxnet_default,,maxnet_classes_lq,True,7.0602,0.7897695819404005,0.40677391969715154,0.6291019687376002,0.3790607660674568,,,10000.0,
NSW,sr,nsw52,pa_holdout,0,global_conditional_density,186,1008,onehot_l2,0.0,1e-06,9,"G=6,K=3",random_50k,50000,full_background_50k,additive_kan_ipp,ipp,0.01,frozen_default,True,7.9921,0.8050253423918905,0.44841214796805906,0.6597080894336438,0.3526092924643385,,,,
NSW,sr,nsw52,pa_holdout,0,global_conditional_density,186,1008,onehot_l2,0.0,1e-06,9,"G=6,K=3",random_50k,50000,full_background_50k,gam_ipp,ipp,0.01,frozen_default,True,4.8817,0.8050612890470542,0.44858695297238405,0.6589066064845166,0.3464128524235451,,,,
NSW,sr,nsw52,pa_holdout,0,global_conditional_density,186,1008,onehot_l2,0.0,1e-06,9,"G=6,K=3",random_50k,50000,full_background_50k,additive_kan_bce,bce_pos_weight,0.01,frozen_default,True,8.0685,0.8110571911283655,0.4172221019354936,0.6593275851999187,0.3384502672949,,,,268.81720430107526
NSW,sr,nsw53,pa_holdout,0,global_conditional_density,34,1008,onehot_l2,0.0,1e-06,9,"G=6,K=3",random_50k,50000,full_background_50k,maxnet,maxnet_default,,maxnet_classes_lq,True,2.165,0.6516404273794691,0.08312115912082922,0.4391662464226538,0.09935128168185843,,,10000.0,
NSW,sr,nsw53,pa_holdout,0,global_conditional_density,34,1008,onehot_l2,0.0,1e-06,9,"G=6,K=3",random_50k,50000,full_background_50k,additive_kan_ipp,ipp,0.01,frozen_default,True,9.4902,0.6890550081171896,0.0786734682598686,0.4942549723970833,0.09581816962856816,,,,
NSW,sr,nsw53,pa_holdout,0,global_conditional_density,34,1008,onehot_l2,0.0,1e-06,9,"G=6,K=3",random_50k,50000,full_background_50k,gam_ipp,ipp,0.01,frozen_default,True,5.1397,0.6889039906369162,0.0786442518993999,0.4956435712388841,0.09415037709103066,,,,
NSW,sr,nsw53,pa_holdout,0,global_conditional_density,34,1008,onehot_l2,0.0,1e-06,9,"G=6,K=3",random_50k,50000,full_background_50k,additive_kan_bce,bce_pos_weight,0.01,frozen_default,True,7.7515,0.7074791407105372,0.0501099396300414,0.42122615770908317,0.09349635024768434,,,,1470.5882352941176
NSW,sr,nsw54,pa_holdout,0,global_conditional_density,118,1008,onehot_l2,0.0,1e-06,9,"G=6,K=3",random_50k,50000,full_background_50k,maxnet,maxnet_default,,maxnet_classes_lq,True,5.2935,0.45427135678391956,0.012363585092763077,-0.1347723457573208,-0.03303105446573807,,,10000.0,
NSW,sr,nsw54,pa_holdout,0,global_conditional_density,118,1008,onehot_l2,0.0,1e-06,9,"G=6,K=3",random_50k,50000,full_background_50k,additive_kan_ipp,ipp,0.01,frozen_default,True,8.4388,0.5479706223424816,0.01679805474293432,0.14155569921858657,-0.018155437091730214,,,,
NSW,sr,nsw54,pa_holdout,0,global_conditional_density,118,1008,onehot_l2,0.0,1e-06,9,"G=6,K=3",random_50k,50000,full_background_50k,gam_ipp,ipp,0.01,frozen_default,True,5.4693,0.54804793196753,0.016790065820838824,0.14759591399736854,-0.018573142027921933,,,,
NSW,sr,nsw54,pa_holdout,0,global_conditional_density,118,1008,onehot_l2,0.0,1e-06,9,"G=6,K=3",random_50k,50000,full_background_50k,additive_kan_bce,bce_pos_weight,0.01,frozen_default,True,7.0409,0.5516814843448009,0.017470148753291583,0.14102731812769442,-0.013267447516311552,,,,423.728813559322
NZ,plant,nz01,pa_holdout,0,global_conditional_density,23,19120,onehot_l2,0.0,1e-06,9,"G=6,K=3",random_50k,50000,full_background_50k,maxnet,maxnet_default,,maxnet_classes_lq,True,1.8788,0.7344564570868758,0.0069109503098693115,0.30486059950601924,0.044793613952496265,,,10000.0,
NZ,plant,nz01,pa_holdout,0,global_conditional_density,23,19120,onehot_l2,0.0,1e-06,9,"G=6,K=3",random_50k,50000,full_background_50k,additive_kan_ipp,ipp,0.01,frozen_default,True,6.5236,0.8307728274664351,0.009549785467144033,0.5769253079248045,0.05981263505103046,,,,
NZ,plant,nz01,pa_holdout,0,global_conditional_density,23,19120,onehot_l2,0.0,1e-06,9,"G=6,K=3",random_50k,50000,full_background_50k,gam_ipp,ipp,0.01,frozen_default,True,4.9816,0.8325142895311889,0.009658362953945177,0.5754627149999134,0.0597029397795862,,,,
NZ,plant,nz01,pa_holdout,0,global_conditional_density,23,19120,onehot_l2,0.0,1e-06,9,"G=6,K=3",random_50k,50000,full_background_50k,additive_kan_bce,bce_pos_weight,0.01,frozen_default,True,7.1996,0.7302268512775493,0.005901877156284336,0.2830713963602467,0.04799606628381697,,,,2173.913043478261
NZ,plant,nz02,pa_holdout,0,global_conditional_density,80,19120,onehot_l2,0.0,1e-06,9,"G=6,K=3",random_50k,50000,full_background_50k,maxnet,maxnet_default,,maxnet_classes_lq,True,3.4852,0.8007585897473412,0.5371963381859086,0.6370214429420262,0.42585833436633147,,,10000.0,
NZ,plant,nz02,pa_holdout,0,global_conditional_density,80,19120,onehot_l2,0.0,1e-06,9,"G=6,K=3",random_50k,50000,full_background_50k,additive_kan_ipp,ipp,0.01,frozen_default,True,5.8297,0.7488411800687487,0.4721149208174457,0.5253215748133465,0.3541179955162803,,,,
NZ,plant,nz02,pa_holdout,0,global_conditional_density,80,19120,onehot_l2,0.0,1e-06,9,"G=6,K=3",random_50k,50000,full_background_50k,gam_ipp,ipp,0.01,frozen_default,True,3.8121,0.7487918131441701,0.471979894775992,0.5252351262210302,0.3527286990302196,,,,
NZ,plant,nz02,pa_holdout,0,global_conditional_density,80,19120,onehot_l2,0.0,1e-06,9,"G=6,K=3",random_50k,50000,full_background_50k,additive_kan_bce,bce_pos_weight,0.01,frozen_default,True,5.8991,0.737824246503002,0.4775670376911134,0.5086381699675965,0.28231179278273477,,,,625.0
NZ,plant,nz03,pa_holdout,0,global_conditional_density,32,19120,onehot_l2,0.0,1e-06,9,"G=6,K=3",random_50k,50000,full_background_50k,maxnet,maxnet_default,,maxnet_classes_lq,True,2.1042,0.6591614575600733,0.026087227786929193,0.4490535773205167,0.047582994777307465,,,10000.0,
NZ,plant,nz03,pa_holdout,0,global_conditional_density,32,19120,onehot_l2,0.0,1e-06,9,"G=6,K=3",random_50k,50000,full_background_50k,additive_kan_ipp,ipp,0.01,frozen_default,True,5.8161,0.6328959073377523,0.024112142167849883,0.40706502783351733,0.028011550170909474,,,,
NZ,plant,nz03,pa_holdout,0,global_conditional_density,32,19120,onehot_l2,0.0,1e-06,9,"G=6,K=3",random_50k,50000,full_background_50k,gam_ipp,ipp,0.01,frozen_default,True,3.8055,0.632431494184109,0.02408804411209002,0.407376729141417,0.027857124842685047,,,,
NZ,plant,nz03,pa_holdout,0,global_conditional_density,32,19120,onehot_l2,0.0,1e-06,9,"G=6,K=3",random_50k,50000,full_background_50k,additive_kan_bce,bce_pos_weight,0.01,frozen_default,True,6.0465,0.6021741849183473,0.02200126426883829,0.31164205744449774,0.03214153794989289,,,,1562.5
NZ,plant,nz04,pa_holdout,0,global_conditional_density,48,19120,onehot_l2,0.0,1e-06,9,"G=6,K=3",random_50k,50000,full_background_50k,maxnet,maxnet_default,,maxnet_classes_lq,True,3.255,0.7789717275076045,0.24460531898247428,0.613158751234841,0.2478864230577676,,,10000.0,
NZ,plant,nz04,pa_holdout,0,global_conditional_density,48,19120,onehot_l2,0.0,1e-06,9,"G=6,K=3",random_50k,50000,full_background_50k,additive_kan_ipp,ipp,0.01,frozen_default,True,5.9747,0.8102633144416326,0.2497400938614,0.6699264911742795,0.25833798163321825,,,,
NZ,plant,nz04,pa_holdout,0,global_conditional_density,48,19120,onehot_l2,0.0,1e-06,9,"G=6,K=3",random_50k,50000,full_background_50k,gam_ipp,ipp,0.01,frozen_default,True,4.1569,0.8123555819859296,0.2512120565881294,0.67318276205403,0.257683434744554,,,,
NZ,plant,nz04,pa_holdout,0,global_conditional_density,48,19120,onehot_l2,0.0,1e-06,9,"G=6,K=3",random_50k,50000,full_background_50k,additive_kan_bce,bce_pos_weight,0.01,frozen_default,True,6.3508,0.8210006647416559,0.24591377507628243,0.6742966516241853,0.23596074002915174,,,,1041.6666666666667
NZ,plant,nz05,pa_holdout,0,global_conditional_density,211,19120,onehot_l2,0.0,1e-06,9,"G=6,K=3",random_50k,50000,full_background_50k,maxnet,maxnet_default,,maxnet_classes_lq,True,7.1501,0.7421681789095432,0.3147428242589745,0.5267324018168199,0.2846762424260961,,,10000.0,
NZ,plant,nz05,pa_holdout,0,global_conditional_density,211,19120,onehot_l2,0.0,1e-06,9,"G=6,K=3",random_50k,50000,full_background_50k,additive_kan_ipp,ipp,0.01,frozen_default,True,6.0299,0.7277778447308552,0.29933975126800383,0.49142003728996114,0.251767339348772,,,,
NZ,plant,nz05,pa_holdout,0,global_conditional_density,211,19120,onehot_l2,0.0,1e-06,9,"G=6,K=3",random_50k,50000,full_background_50k,gam_ipp,ipp,0.01,frozen_default,True,3.6847,0.7279672429808022,0.29932674758691635,0.49161620445777926,0.25151518985934507,,,,
NZ,plant,nz05,pa_holdout,0,global_conditional_density,211,19120,onehot_l2,0.0,1e-06,9,"G=6,K=3",random_50k,50000,full_background_50k,additive_kan_bce,bce_pos_weight,0.01,frozen_default,True,5.9463,0.7034982662798046,0.29101345128626055,0.4516429030649777,0.22958978049322928,,,,236.96682464454977
NZ,plant,nz06,pa_holdout,0,global_conditional_density,35,19120,onehot_l2,0.0,1e-06,9,"G=6,K=3",random_50k,50000,full_background_50k,maxnet,maxnet_default,,maxnet_classes_lq,True,2.3747,0.6505437763123854,0.10832186137911923,0.3143045036815112,0.14794601166392704,,,10000.0,
NZ,plant,nz06,pa_holdout,0,global_conditional_density,35,19120,onehot_l2,0.0,1e-06,9,"G=6,K=3",random_50k,50000,full_background_50k,additive_kan_ipp,ipp,0.01,frozen_default,True,5.9537,0.6375083439267778,0.10207966578327754,0.2827781064674444,0.12190166726139312,,,,
NZ,plant,nz06,pa_holdout,0,global_conditional_density,35,19120,onehot_l2,0.0,1e-06,9,"G=6,K=3",random_50k,50000,full_background_50k,gam_ipp,ipp,0.01,frozen_default,True,3.8496,0.6372380737008451,0.10200803060964479,0.2821243716507117,0.12158423173619891,,,,
NZ,plant,nz06,pa_holdout,0,global_conditional_density,35,19120,onehot_l2,0.0,1e-06,9,"G=6,K=3",random_50k,50000,full_background_50k,additive_kan_bce,bce_pos_weight,0.01,frozen_default,True,7.5338,0.6354128679140602,0.10238701555804075,0.29209736522087804,0.11689463499665738,,,,1428.5714285714287
NZ,plant,nz07,pa_holdout,0,global_conditional_density,65,19120,onehot_l2,0.0,1e-06,9,"G=6,K=3",random_50k,50000,full_background_50k,maxnet,maxnet_default,,maxnet_classes_lq,True,3.1021,0.6980391275914914,0.00341176586463793,0.2676579618508474,0.02959061094315268,,,10000.0,
NZ,plant,nz07,pa_holdout,0,global_conditional_density,65,19120,onehot_l2,0.0,1e-06,9,"G=6,K=3",random_50k,50000,full_background_50k,additive_kan_ipp,ipp,0.01,frozen_default,True,6.2232,0.893800637982418,0.114392117359079,0.8376093564256583,0.04132607053657135,,,,
NZ,plant,nz07,pa_holdout,0,global_conditional_density,65,19120,onehot_l2,0.0,1e-06,9,"G=6,K=3",random_50k,50000,full_background_50k,gam_ipp,ipp,0.01,frozen_default,True,3.6128,0.8942237131774818,0.11576893131647314,0.8399998263981309,0.0411721436525798,,,,
NZ,plant,nz07,pa_holdout,0,global_conditional_density,65,19120,onehot_l2,0.0,1e-06,9,"G=6,K=3",random_50k,50000,full_background_50k,additive_kan_bce,bce_pos_weight,0.01,frozen_default,True,5.7666,0.8695692869872553,0.017720486754748507,0.7797179422893293,0.03717791811744969,,,,769.2307692307693
NZ,plant,nz08,pa_holdout,0,global_conditional_density,124,19120,onehot_l2,0.0,1e-06,9,"G=6,K=3",random_50k,50000,full_background_50k,maxnet,maxnet_default,,maxnet_classes_lq,True,4.7367,0.8308355143998658,0.32305178034742604,0.7199782154940214,0.28055947630072614,,,10000.0,
NZ,plant,nz08,pa_holdout,0,global_conditional_density,124,19120,onehot_l2,0.0,1e-06,9,"G=6,K=3",random_50k,50000,full_background_50k,additive_kan_ipp,ipp,0.01,frozen_default,True,5.892,0.7803385775790307,0.26374463622066946,0.629575103525631,0.23228603483754443,,,,
NZ,plant,nz08,pa_holdout,0,global_conditional_density,124,19120,onehot_l2,0.0,1e-06,9,"G=6,K=3",random_50k,50000,full_background_50k,gam_ipp,ipp,0.01,frozen_default,True,4.1657,0.7802775915311708,0.26374648047573557,0.6295082157805629,0.23221504330802137,,,,
NZ,plant,nz08,pa_holdout,0,global_conditional_density,124,19120,onehot_l2,0.0,1e-06,9,"G=6,K=3",random_50k,50000,full_background_50k,additive_kan_bce,bce_pos_weight,0.01,frozen_default,True,5.9644,0.809273098163958,0.2809383802760021,0.6776175469684163,0.23467584641130654,,,,403.2258064516129
NZ,plant,nz09,pa_holdout,0,global_conditional_density,36,19120,onehot_l2,0.0,1e-06,9,"G=6,K=3",random_50k,50000,full_background_50k,maxnet,maxnet_default,,maxnet_classes_lq,True,2.1215,0.7387516457422297,0.033844361919022056,0.5771594743587067,0.08382833476185228,,,10000.0,
NZ,plant,nz09,pa_holdout,0,global_conditional_density,36,19120,onehot_l2,0.0,1e-06,9,"G=6,K=3",random_50k,50000,full_background_50k,additive_kan_ipp,ipp,0.01,frozen_default,True,5.8298,0.7904686055077507,0.037569408724490765,0.6463524515393997,0.09169424876606574,,,,
NZ,plant,nz09,pa_holdout,0,global_conditional_density,36,19120,onehot_l2,0.0,1e-06,9,"G=6,K=3",random_50k,50000,full_background_50k,gam_ipp,ipp,0.01,frozen_default,True,3.6721,0.7900679456434853,0.03753218010490954,0.6451027737599615,0.09145136237083099,,,,
NZ,plant,nz09,pa_holdout,0,global_conditional_density,36,19120,onehot_l2,0.0,1e-06,9,"G=6,K=3",random_50k,50000,full_background_50k,additive_kan_bce,bce_pos_weight,0.01,frozen_default,True,5.7057,0.760963288192975,0.027754708480078695,0.5631839249998156,0.0857472662599284,,,,1388.888888888889
NZ,plant,nz10,pa_holdout,0,global_conditional_density,27,19120,onehot_l2,0.0,1e-06,9,"G=6,K=3",random_50k,50000,full_background_50k,maxnet,maxnet_default,,maxnet_classes_lq,True,2.0247,0.6661071175716309,0.07636655255612804,0.31213912711186353,0.11993410979445539,,,10000.0,
NZ,plant,nz10,pa_holdout,0,global_conditional_density,27,19120,onehot_l2,0.0,1e-06,9,"G=6,K=3",random_50k,50000,full_background_50k,additive_kan_ipp,ipp,0.01,frozen_default,True,5.9313,0.617390935872513,0.08286504192649323,0.3100322811772627,0.07729864295518424,,,,
NZ,plant,nz10,pa_holdout,0,global_conditional_density,27,19120,onehot_l2,0.0,1e-06,9,"G=6,K=3",random_50k,50000,full_background_50k,gam_ipp,ipp,0.01,frozen_default,True,3.7621,0.6153134524923801,0.08223523050583938,0.30506009647282417,0.07460454494257075,,,,
NZ,plant,nz10,pa_holdout,0,global_conditional_density,27,19120,onehot_l2,0.0,1e-06,9,"G=6,K=3",random_50k,50000,full_background_50k,additive_kan_bce,bce_pos_weight,0.01,frozen_default,True,5.6996,0.6073336770448693,0.10372195610689997,0.3592559988584761,0.052950456328768,,,,1851.851851851852
NZ,plant,nz11,pa_holdout,0,global_conditional_density,21,19120,onehot_l2,0.0,1e-06,9,"G=6,K=3",random_50k,50000,full_background_50k,maxnet,maxnet_default,,maxnet_classes_lq,True,1.6879,0.8135151608738453,0.12914220762740664,0.6680926161235314,0.22311684329311893,,,10000.0,
NZ,plant,nz11,pa_holdout,0,global_conditional_density,21,19120,onehot_l2,0.0,1e-06,9,"G=6,K=3",random_50k,50000,full_background_50k,additive_kan_ipp,ipp,0.01,frozen_default,True,6.2137,0.7957320003562711,0.11305167644541866,0.6355794781525903,0.15231816983368246,,,,
NZ,plant,nz11,pa_holdout,0,global_conditional_density,21,19120,onehot_l2,0.0,1e-06,9,"G=6,K=3",random_50k,50000,full_background_50k,gam_ipp,ipp,0.01,frozen_default,True,3.5982,0.7964293432061278,0.11328556696687023,0.6365100341586925,0.15224046816953724,,,,
NZ,plant,nz11,pa_holdout,0,global_conditional_density,21,19120,onehot_l2,0.0,1e-06,9,"G=6,K=3",random_50k,50000,full_background_50k,additive_kan_bce,bce_pos_weight,0.01,frozen_default,True,5.8548,0.8361576930309551,0.11574933643063356,0.6795211723919908,0.17970832824877855,,,,2380.9523809523807
NZ,plant,nz12,pa_holdout,0,global_conditional_density,25,19120,onehot_l2,0.0,1e-06,9,"G=6,K=3",random_50k,50000,full_background_50k,maxnet,maxnet_default,,maxnet_classes_lq,True,1.8472,0.5677946939631612,0.22803265996557456,0.16551639130580548,0.0648356092229633,,,10000.0,
NZ,plant,nz12,pa_holdout,0,global_conditional_density,25,19120,onehot_l2,0.0,1e-06,9,"G=6,K=3",random_50k,50000,full_background_50k,additive_kan_ipp,ipp,0.01,frozen_default,True,5.8582,0.5408699461637518,0.2188506271930842,0.11289655056927143,0.021990544668603475,,,,
NZ,plant,nz12,pa_holdout,0,global_conditional_density,25,19120,onehot_l2,0.0,1e-06,9,"G=6,K=3",random_50k,50000,full_background_50k,gam_ipp,ipp,0.01,frozen_default,True,3.7908,0.5400323961889925,0.2185806834525637,0.11123743164424704,0.020297328238626785,,,,
NZ,plant,nz12,pa_holdout,0,global_conditional_density,25,19120,onehot_l2,0.0,1e-06,9,"G=6,K=3",random_50k,50000,full_background_50k,additive_kan_bce,bce_pos_weight,0.01,frozen_default,True,5.7119,0.45089851507182943,0.18348893574236053,-0.12384615642894498,-0.05685192295380373,,,,2000.0
NZ,plant,nz13,pa_holdout,0,global_conditional_density,21,19120,onehot_l2,0.0,1e-06,9,"G=6,K=3",random_50k,50000,full_background_50k,maxnet,maxnet_default,,maxnet_classes_lq,True,1.7375,0.6623658727179187,0.21655021822104145,0.3609588926207399,0.18419499934684355,,,10000.0,
NZ,plant,nz13,pa_holdout,0,global_conditional_density,21,19120,onehot_l2,0.0,1e-06,9,"G=6,K=3",random_50k,50000,full_background_50k,additive_kan_ipp,ipp,0.01,frozen_default,True,5.6659,0.7131953002683574,0.2477590379211123,0.4591290014683809,0.22668563443780487,,,,
NZ,plant,nz13,pa_holdout,0,global_conditional_density,21,19120,onehot_l2,0.0,1e-06,9,"G=6,K=3",random_50k,50000,full_background_50k,gam_ipp,ipp,0.01,frozen_default,True,3.6989,0.7132724759799219,0.24781267370377258,0.45924496983069546,0.22700608666383898,,,,
NZ,plant,nz13,pa_holdout,0,global_conditional_density,21,19120,onehot_l2,0.0,1e-06,9,"G=6,K=3",random_50k,50000,full_background_50k,additive_kan_bce,bce_pos_weight,0.01,frozen_default,True,5.6837,0.6661906644975598,0.22717837614833902,0.3435857787134121,0.20742356279553825,,,,2380.9523809523807
NZ,plant,nz14,pa_holdout,0,global_conditional_density,19,19120,onehot_l2,0.0,1e-06,9,"G=6,K=3",random_50k,50000,full_background_50k,maxnet,maxnet_default,,maxnet_classes_lq,True,1.6235,0.46484738953799826,0.33271413145254736,-0.08258009041180672,-0.05802254950063665,,,10000.0,
NZ,plant,nz14,pa_holdout,0,global_conditional_density,19,19120,onehot_l2,0.0,1e-06,9,"G=6,K=3",random_50k,50000,full_background_50k,additive_kan_ipp,ipp,0.01,frozen_default,True,5.8523,0.43506075171017433,0.2994058855116832,-0.12801421741580188,-0.1051814730914618,,,,
NZ,plant,nz14,pa_holdout,0,global_conditional_density,19,19120,onehot_l2,0.0,1e-06,9,"G=6,K=3",random_50k,50000,full_background_50k,gam_ipp,ipp,0.01,frozen_default,True,3.7319,0.43491700916298204,0.2993533570191148,-0.12827278363052003,-0.10598789444147981,,,,
NZ,plant,nz14,pa_holdout,0,global_conditional_density,19,19120,onehot_l2,0.0,1e-06,9,"G=6,K=3",random_50k,50000,full_background_50k,additive_kan_bce,bce_pos_weight,0.01,frozen_default,True,5.7273,0.483578850919583,0.32024974285527363,-0.02606154383782649,0.014236954347587812,,,,2631.5789473684213
NZ,plant,nz15,pa_holdout,0,global_conditional_density,32,19120,onehot_l2,0.0,1e-06,9,"G=6,K=3",random_50k,50000,full_background_50k,maxnet,maxnet_default,,maxnet_classes_lq,True,2.1099,0.901729198836999,0.018484859772596646,0.8046388754483902,0.07124504562451392,,,10000.0,
NZ,plant,nz15,pa_holdout,0,global_conditional_density,32,19120,onehot_l2,0.0,1e-06,9,"G=6,K=3",random_50k,50000,full_background_50k,additive_kan_ipp,ipp,0.01,frozen_default,True,6.0278,0.9066720600462931,0.039350731813729306,0.8516596888847365,0.054992322929233804,,,,
NZ,plant,nz15,pa_holdout,0,global_conditional_density,32,19120,onehot_l2,0.0,1e-06,9,"G=6,K=3",random_50k,50000,full_background_50k,gam_ipp,ipp,0.01,frozen_default,True,3.5645,0.9060460427682162,0.03925025117462028,0.8535166894440805,0.05554593183013073,,,,
NZ,plant,nz15,pa_holdout,0,global_conditional_density,32,19120,onehot_l2,0.0,1e-06,9,"G=6,K=3",random_50k,50000,full_background_50k,additive_kan_bce,bce_pos_weight,0.01,frozen_default,True,5.7636,0.8743727788425424,0.05789556254457024,0.8228013970458126,0.0524780470833607,,,,1562.5
NZ,plant,nz16,pa_holdout,0,global_conditional_density,40,19120,onehot_l2,0.0,1e-06,9,"G=6,K=3",random_50k,50000,full_background_50k,maxnet,maxnet_default,,maxnet_classes_lq,True,2.3204,0.5774498573206456,0.07036008642646782,0.20026191620174705,0.05833260226654769,,,10000.0,
NZ,plant,nz16,pa_holdout,0,global_conditional_density,40,19120,onehot_l2,0.0,1e-06,9,"G=6,K=3",random_50k,50000,full_background_50k,additive_kan_ipp,ipp,0.01,frozen_default,True,5.8351,0.5575877005013963,0.06616698180583164,0.14481575254631296,0.04404547708344335,,,,
NZ,plant,nz16,pa_holdout,0,global_conditional_density,40,19120,onehot_l2,0.0,1e-06,9,"G=6,K=3",random_50k,50000,full_background_50k,gam_ipp,ipp,0.01,frozen_default,True,3.6309,0.5575795450653088,0.06616831497891514,0.14477200729892903,0.043098994494494766,,,,
NZ,plant,nz16,pa_holdout,0,global_conditional_density,40,19120,onehot_l2,0.0,1e-06,9,"G=6,K=3",random_50k,50000,full_background_50k,additive_kan_bce,bce_pos_weight,0.01,frozen_default,True,5.8447,0.5839645216102745,0.06800765362077373,0.18869972562042178,0.05760417282590146,,,,1250.0
NZ,plant,nz17,pa_holdout,0,global_conditional_density,94,19120,onehot_l2,0.0,1e-06,9,"G=6,K=3",random_50k,50000,full_background_50k,maxnet,maxnet_default,,maxnet_classes_lq,True,3.9264,0.7340738193668155,0.5158189050500573,0.4990609157305522,0.3753056730948223,,,10000.0,
NZ,plant,nz17,pa_holdout,0,global_conditional_density,94,19120,onehot_l2,0.0,1e-06,9,"G=6,K=3",random_50k,50000,full_background_50k,additive_kan_ipp,ipp,0.01,frozen_default,True,5.8406,0.666745517970831,0.39994988166284917,0.3564104080728473,0.25940493036626494,,,,
NZ,plant,nz17,pa_holdout,0,global_conditional_density,94,19120,onehot_l2,0.0,1e-06,9,"G=6,K=3",random_50k,50000,full_background_50k,gam_ipp,ipp,0.01,frozen_default,True,4.1174,0.6668502127888271,0.40052757245366033,0.35653553896290113,0.25926432886278183,,,,
NZ,plant,nz17,pa_holdout,0,global_conditional_density,94,19120,onehot_l2,0.0,1e-06,9,"G=6,K=3",random_50k,50000,full_background_50k,additive_kan_bce,bce_pos_weight,0.01,frozen_default,True,6.1657,0.6297718130303723,0.35726373840755166,0.2889273240031637,0.14889411512814885,,,,531.9148936170212
NZ,plant,nz18,pa_holdout,0,global_conditional_density,43,19120,onehot_l2,0.0,1e-06,9,"G=6,K=3",random_50k,50000,full_background_50k,maxnet,maxnet_default,,maxnet_classes_lq,True,2.4829,0.9538083046222251,0.2855515680216974,0.9211757172907743,0.2931446149339903,,,10000.0,
NZ,plant,nz18,pa_holdout,0,global_conditional_density,43,19120,onehot_l2,0.0,1e-06,9,"G=6,K=3",random_50k,50000,full_background_50k,additive_kan_ipp,ipp,0.01,frozen_default,True,5.8413,0.9450047412839395,0.280513586773961,0.9121716325351719,0.22246833159961762,,,,
NZ,plant,nz18,pa_holdout,0,global_conditional_density,43,19120,onehot_l2,0.0,1e-06,9,"G=6,K=3",random_50k,50000,full_background_50k,gam_ipp,ipp,0.01,frozen_default,True,3.7336,0.9451115782153806,0.2805942140118205,0.912281929477166,0.21985538736605587,,,,
NZ,plant,nz18,pa_holdout,0,global_conditional_density,43,19120,onehot_l2,0.0,1e-06,9,"G=6,K=3",random_50k,50000,full_background_50k,additive_kan_bce,bce_pos_weight,0.01,frozen_default,True,5.7966,0.933083573031577,0.2396742882010609,0.8934346349633591,0.18302566623504363,,,,1162.7906976744187
NZ,plant,nz19,pa_holdout,0,global_conditional_density,127,19120,onehot_l2,0.0,1e-06,9,"G=6,K=3",random_50k,50000,full_background_50k,maxnet,maxnet_default,,maxnet_classes_lq,True,5.0192,0.7073219159388646,0.08462421987514751,0.4911137377029701,0.14065355544966263,,,10000.0,
NZ,plant,nz19,pa_holdout,0,global_conditional_density,127,19120,onehot_l2,0.0,1e-06,9,"G=6,K=3",random_50k,50000,full_background_50k,additive_kan_ipp,ipp,0.01,frozen_default,True,5.9444,0.6549954967248908,0.06504193223098632,0.35280332757970345,0.09871306727471608,,,,
NZ,plant,nz19,pa_holdout,0,global_conditional_density,127,19120,onehot_l2,0.0,1e-06,9,"G=6,K=3",random_50k,50000,full_background_50k,gam_ipp,ipp,0.01,frozen_default,True,3.826,0.6550133733624455,0.0650567218863353,0.3529630061636194,0.09854568637544436,,,,
NZ,plant,nz19,pa_holdout,0,global_conditional_density,127,19120,onehot_l2,0.0,1e-06,9,"G=6,K=3",random_50k,50000,full_background_50k,additive_kan_bce,bce_pos_weight,0.01,frozen_default,True,5.8038,0.6218629912663755,0.060320546949332476,0.3037903017064105,0.05928899318860074,,,,393.7007874015748
NZ,plant,nz20,pa_holdout,0,global_conditional_density,33,19120,onehot_l2,0.0,1e-06,9,"G=6,K=3",random_50k,50000,full_background_50k,maxnet,maxnet_default,,maxnet_classes_lq,True,2.22,0.9596369431099244,0.3209999044807335,0.934623398918732,0.28480153620325876,,,10000.0,
NZ,plant,nz20,pa_holdout,0,global_conditional_density,33,19120,onehot_l2,0.0,1e-06,9,"G=6,K=3",random_50k,50000,full_background_50k,additive_kan_ipp,ipp,0.01,frozen_default,True,5.9732,0.9440144855713853,0.21730671882624925,0.9001795746534966,0.23702392023562574,,,,
NZ,plant,nz20,pa_holdout,0,global_conditional_density,33,19120,onehot_l2,0.0,1e-06,9,"G=6,K=3",random_50k,50000,full_background_50k,gam_ipp,ipp,0.01,frozen_default,True,3.8266,0.9439862602079389,0.21732982687528754,0.9001729888366921,0.23672413284177418,,,,
NZ,plant,nz20,pa_holdout,0,global_conditional_density,33,19120,onehot_l2,0.0,1e-06,9,"G=6,K=3",random_50k,50000,full_background_50k,additive_kan_bce,bce_pos_weight,0.01,frozen_default,True,6.544,0.9132374817982952,0.1702734928388021,0.8543824750790161,0.2087355529247214,,,,1515.1515151515152
NZ,plant,nz21,pa_holdout,0,global_conditional_density,21,19120,onehot_l2,0.0,1e-06,9,"G=6,K=3",random_50k,50000,full_background_50k,maxnet,maxnet_default,,maxnet_classes_lq,True,1.7125,0.6789356985631521,0.0832636794099828,0.4419806534906161,0.11927738785521118,,,10000.0,
NZ,plant,nz21,pa_holdout,0,global_conditional_density,21,19120,onehot_l2,0.0,1e-06,9,"G=6,K=3",random_50k,50000,full_background_50k,additive_kan_ipp,ipp,0.01,frozen_default,True,6.024,0.727960147825131,0.11455226242424629,0.5473889559768224,0.13858037100225637,,,,
NZ,plant,nz21,pa_holdout,0,global_conditional_density,21,19120,onehot_l2,0.0,1e-06,9,"G=6,K=3",random_50k,50000,full_background_50k,gam_ipp,ipp,0.01,frozen_default,True,4.0771,0.7280281786782599,0.11447804675614318,0.5475332722340209,0.1386539057044187,,,,
NZ,plant,nz21,pa_holdout,0,global_conditional_density,21,19120,onehot_l2,0.0,1e-06,9,"G=6,K=3",random_50k,50000,full_background_50k,additive_kan_bce,bce_pos_weight,0.01,frozen_default,True,5.9941,0.6865509306126885,0.087439008733556,0.45038142640183315,0.1028419177785247,,,,2380.9523809523807
NZ,plant,nz22,pa_holdout,0,global_conditional_density,130,19120,onehot_l2,0.0,1e-06,9,"G=6,K=3",random_50k,50000,full_background_50k,maxnet,maxnet_default,,maxnet_classes_lq,True,4.9244,0.5566462573821996,0.039754126095660994,0.0880185058710429,0.05409994920703231,,,10000.0,
NZ,plant,nz22,pa_holdout,0,global_conditional_density,130,19120,onehot_l2,0.0,1e-06,9,"G=6,K=3",random_50k,50000,full_background_50k,additive_kan_ipp,ipp,0.01,frozen_default,True,5.9068,0.6059751039435596,0.044489091405311945,0.15639614379975225,0.08090314769188456,,,,
NZ,plant,nz22,pa_holdout,0,global_conditional_density,130,19120,onehot_l2,0.0,1e-06,9,"G=6,K=3",random_50k,50000,full_background_50k,gam_ipp,ipp,0.01,frozen_default,True,3.8427,0.6060715685435318,0.044493097596661146,0.15661392289043274,0.08099124258636718,,,,
NZ,plant,nz22,pa_holdout,0,global_conditional_density,130,19120,onehot_l2,0.0,1e-06,9,"G=6,K=3",random_50k,50000,full_background_50k,additive_kan_bce,bce_pos_weight,0.01,frozen_default,True,5.8714,0.6356487960942311,0.046193986608171464,0.20063983879634842,0.08119768754399811,,,,384.61538461538464
NZ,plant,nz23,pa_holdout,0,global_conditional_density,23,19120,onehot_l2,0.0,1e-06,9,"G=6,K=3",random_50k,50000,full_background_50k,maxnet,maxnet_default,,maxnet_classes_lq,True,1.8243,0.35324325172927734,0.11802115337516564,-0.39377701965681566,-0.16694776575954065,,,10000.0,
NZ,plant,nz23,pa_holdout,0,global_conditional_density,23,19120,onehot_l2,0.0,1e-06,9,"G=6,K=3",random_50k,50000,full_background_50k,additive_kan_ipp,ipp,0.01,frozen_default,True,6.4258,0.5191218912075449,0.15921681760795417,0.02336475203338627,0.04134567624276543,,,,
NZ,plant,nz23,pa_holdout,0,global_conditional_density,23,19120,onehot_l2,0.0,1e-06,9,"G=6,K=3",random_50k,50000,full_background_50k,gam_ipp,ipp,0.01,frozen_default,True,3.8382,0.519110169432942,0.1591922770254458,0.02322815761663366,0.041973465600866386,,,,
NZ,plant,nz23,pa_holdout,0,global_conditional_density,23,19120,onehot_l2,0.0,1e-06,9,"G=6,K=3",random_50k,50000,full_background_50k,additive_kan_bce,bce_pos_weight,0.01,frozen_default,True,5.9295,0.5229272601369757,0.16962291084222522,0.039680217207967355,0.04402057043657415,,,,2173.913043478261
NZ,plant,nz24,pa_holdout,0,global_conditional_density,22,19120,onehot_l2,0.0,1e-06,9,"G=6,K=3",random_50k,50000,full_background_50k,maxnet,maxnet_default,,maxnet_classes_lq,True,1.9351,0.7292287513116474,0.024605621504795894,0.6097696928917621,0.054469590735246216,,,10000.0,
NZ,plant,nz24,pa_holdout,0,global_conditional_density,22,19120,onehot_l2,0.0,1e-06,9,"G=6,K=3",random_50k,50000,full_background_50k,additive_kan_ipp,ipp,0.01,frozen_default,True,6.5532,0.7432301504022385,0.02498319000983562,0.6155197015111584,0.0452822433819567,,,,
NZ,plant,nz24,pa_holdout,0,global_conditional_density,22,19120,onehot_l2,0.0,1e-06,9,"G=6,K=3",random_50k,50000,full_background_50k,gam_ipp,ipp,0.01,frozen_default,True,3.8351,0.7451626442812171,0.025194655302046568,0.6181489432937203,0.045220749106374164,,,,
NZ,plant,nz24,pa_holdout,0,global_conditional_density,22,19120,onehot_l2,0.0,1e-06,9,"G=6,K=3",random_50k,50000,full_background_50k,additive_kan_bce,bce_pos_weight,0.01,frozen_default,True,5.9286,0.7898146204966772,0.03600951413029093,0.6774151021476372,0.05109170800949453,,,,2272.7272727272725
NZ,plant,nz25,pa_holdout,0,global_conditional_density,113,19120,onehot_l2,0.0,1e-06,9,"G=6,K=3",random_50k,50000,full_background_50k,maxnet,maxnet_default,,maxnet_classes_lq,True,4.5475,0.8670212222982145,0.10612383874545894,0.7634319636569014,0.1929861363340836,,,10000.0,
NZ,plant,nz25,pa_holdout,0,global_conditional_density,113,19120,onehot_l2,0.0,1e-06,9,"G=6,K=3",random_50k,50000,full_background_50k,additive_kan_ipp,ipp,0.01,frozen_default,True,6.0228,0.8472873069588813,0.10957727724976749,0.7456380629650824,0.15982553410807207,,,,
NZ,plant,nz25,pa_holdout,0,global_conditional_density,113,19120,onehot_l2,0.0,1e-06,9,"G=6,K=3",random_50k,50000,full_background_50k,gam_ipp,ipp,0.01,frozen_default,True,3.6706,0.8472069606266751,0.10953540586815835,0.7454431432399138,0.15975656331114185,,,,
NZ,plant,nz25,pa_holdout,0,global_conditional_density,113,19120,onehot_l2,0.0,1e-06,9,"G=6,K=3",random_50k,50000,full_background_50k,additive_kan_bce,bce_pos_weight,0.01,frozen_default,True,5.9369,0.7939313054226421,0.08505362012055714,0.6507920115323114,0.11103846017400404,,,,442.4778761061947
NZ,plant,nz26,pa_holdout,0,global_conditional_density,22,19120,onehot_l2,0.0,1e-06,9,"G=6,K=3",random_50k,50000,full_background_50k,maxnet,maxnet_default,,maxnet_classes_lq,True,1.7954,0.8626867969939803,0.14343046417143165,0.8065241842089823,0.15321005656999942,,,10000.0,
NZ,plant,nz26,pa_holdout,0,global_conditional_density,22,19120,onehot_l2,0.0,1e-06,9,"G=6,K=3",random_50k,50000,full_background_50k,additive_kan_ipp,ipp,0.01,frozen_default,True,5.976,0.8918626872420401,0.08042656471851563,0.8210179165500748,0.15332933220242778,,,,
NZ,plant,nz26,pa_holdout,0,global_conditional_density,22,19120,onehot_l2,0.0,1e-06,9,"G=6,K=3",random_50k,50000,full_background_50k,gam_ipp,ipp,0.01,frozen_default,True,3.8909,0.8919654929019591,0.08048740849628136,0.8210206401263318,0.1538493442734121,,,,
NZ,plant,nz26,pa_holdout,0,global_conditional_density,22,19120,onehot_l2,0.0,1e-06,9,"G=6,K=3",random_50k,50000,full_background_50k,additive_kan_bce,bce_pos_weight,0.01,frozen_default,True,5.8563,0.885052368580098,0.11877959717032925,0.8308490424900936,0.1573775229824498,,,,2272.7272727272725
NZ,plant,nz27,pa_holdout,0,global_conditional_density,40,19120,onehot_l2,0.0,1e-06,9,"G=6,K=3",random_50k,50000,full_background_50k,maxnet,maxnet_default,,maxnet_classes_lq,True,2.2908,0.5371328359077905,0.05905321878204223,0.03144082312428867,0.03215715915929328,,,10000.0,
NZ,plant,nz27,pa_holdout,0,global_conditional_density,40,19120,onehot_l2,0.0,1e-06,9,"G=6,K=3",random_50k,50000,full_background_50k,additive_kan_ipp,ipp,0.01,frozen_default,True,5.874,0.5806382566818138,0.07009415555518875,0.18673630612636136,0.06173054646203116,,,,
NZ,plant,nz27,pa_holdout,0,global_conditional_density,40,19120,onehot_l2,0.0,1e-06,9,"G=6,K=3",random_50k,50000,full_background_50k,gam_ipp,ipp,0.01,frozen_default,True,3.7701,0.5807219096692781,0.07010442180117694,0.1869103831464502,0.06172105376732674,,,,
NZ,plant,nz27,pa_holdout,0,global_conditional_density,40,19120,onehot_l2,0.0,1e-06,9,"G=6,K=3",random_50k,50000,full_background_50k,additive_kan_bce,bce_pos_weight,0.01,frozen_default,True,5.7821,0.5461306187259001,0.06491624265388958,0.11552134876240824,0.042591037535624605,,,,1250.0
NZ,plant,nz28,pa_holdout,0,global_conditional_density,18,19120,onehot_l2,0.0,1e-06,9,"G=6,K=3",random_50k,50000,full_background_50k,maxnet,maxnet_default,,maxnet_classes_lq,True,1.7052,0.7679698809982967,0.013875905924416593,0.6233219356575993,0.05530683908340409,,,10000.0,
NZ,plant,nz28,pa_holdout,0,global_conditional_density,18,19120,onehot_l2,0.0,1e-06,9,"G=6,K=3",random_50k,50000,full_background_50k,additive_kan_ipp,ipp,0.01,frozen_default,True,6.1254,0.6298786856637295,0.01793392039828478,0.3536721552763916,0.02933279496768969,,,,
NZ,plant,nz28,pa_holdout,0,global_conditional_density,18,19120,onehot_l2,0.0,1e-06,9,"G=6,K=3",random_50k,50000,full_background_50k,gam_ipp,ipp,0.01,frozen_default,True,3.8812,0.6302894823125418,0.01774977281131801,0.3567001758412937,0.029338127805807357,,,,
NZ,plant,nz28,pa_holdout,0,global_conditional_density,18,19120,onehot_l2,0.0,1e-06,9,"G=6,K=3",random_50k,50000,full_background_50k,additive_kan_bce,bce_pos_weight,0.01,frozen_default,True,5.8625,0.6490157236221006,0.0075758483598429155,0.37880552397203016,0.03066507533017673,,,,2777.777777777778
NZ,plant,nz29,pa_holdout,0,global_conditional_density,21,19120,onehot_l2,0.0,1e-06,9,"G=6,K=3",random_50k,50000,full_background_50k,maxnet,maxnet_default,,maxnet_classes_lq,True,1.7492,0.6137532889053521,0.24282093854633172,0.251415949798931,0.15412117642820602,,,10000.0,
NZ,plant,nz29,pa_holdout,0,global_conditional_density,21,19120,onehot_l2,0.0,1e-06,9,"G=6,K=3",random_50k,50000,full_background_50k,additive_kan_ipp,ipp,0.01,frozen_default,True,5.9649,0.6825621000115808,0.2825470017725005,0.41717992388347686,0.20911276652105526,,,,
NZ,plant,nz29,pa_holdout,0,global_conditional_density,21,19120,onehot_l2,0.0,1e-06,9,"G=6,K=3",random_50k,50000,full_background_50k,gam_ipp,ipp,0.01,frozen_default,True,3.762,0.6825721139303643,0.282568588042472,0.4172034326035007,0.2087746252448111,,,,
NZ,plant,nz29,pa_holdout,0,global_conditional_density,21,19120,onehot_l2,0.0,1e-06,9,"G=6,K=3",random_50k,50000,full_background_50k,additive_kan_bce,bce_pos_weight,0.01,frozen_default,True,6.5293,0.6173490936257443,0.24076454555086454,0.27666378273652004,0.1230082313898212,,,,2380.9523809523807
NZ,plant,nz30,pa_holdout,0,global_conditional_density,101,19120,onehot_l2,0.0,1e-06,9,"G=6,K=3",random_50k,50000,full_background_50k,maxnet,maxnet_default,,maxnet_classes_lq,True,4.258,0.7974358359153564,0.6303708926323639,0.60003953094859,0.4807870546940332,,,10000.0,
NZ,plant,nz30,pa_holdout,0,global_conditional_density,101,19120,onehot_l2,0.0,1e-06,9,"G=6,K=3",random_50k,50000,full_background_50k,additive_kan_ipp,ipp,0.01,frozen_default,True,5.9557,0.7907967746046033,0.6164690696638413,0.5915388547859752,0.4353497347325863,,,,
NZ,plant,nz30,pa_holdout,0,global_conditional_density,101,19120,onehot_l2,0.0,1e-06,9,"G=6,K=3",random_50k,50000,full_background_50k,gam_ipp,ipp,0.01,frozen_default,True,3.7803,0.7906399819995018,0.6161020890708523,0.591357292443838,0.43480352267616085,,,,
NZ,plant,nz30,pa_holdout,0,global_conditional_density,101,19120,onehot_l2,0.0,1e-06,9,"G=6,K=3",random_50k,50000,full_background_50k,additive_kan_bce,bce_pos_weight,0.01,frozen_default,True,5.7533,0.7764544873244578,0.5999772165264119,0.5642161057448003,0.3449670621690065,,,,495.0495049504951
NZ,plant,nz31,pa_holdout,0,global_conditional_density,47,19120,onehot_l2,0.0,1e-06,9,"G=6,K=3",random_50k,50000,full_background_50k,maxnet,maxnet_default,,maxnet_classes_lq,True,2.5353,0.9415981675392671,0.01364104730856465,0.8398585128255739,0.04430473476508243,,,10000.0,
NZ,plant,nz31,pa_holdout,0,global_conditional_density,47,19120,onehot_l2,0.0,1e-06,9,"G=6,K=3",random_50k,50000,full_background_50k,additive_kan_ipp,ipp,0.01,frozen_default,True,6.0698,0.9271269633507853,0.014941169814429524,0.8058768075040197,0.03803675287914357,,,,
NZ,plant,nz31,pa_holdout,0,global_conditional_density,47,19120,onehot_l2,0.0,1e-06,9,"G=6,K=3",random_50k,50000,full_background_50k,gam_ipp,ipp,0.01,frozen_default,True,3.7424,0.9271662303664922,0.014926258351555779,0.8066640569650838,0.038624963291759545,,,,
NZ,plant,nz31,pa_holdout,0,global_conditional_density,47,19120,onehot_l2,0.0,1e-06,9,"G=6,K=3",random_50k,50000,full_background_50k,additive_kan_bce,bce_pos_weight,0.01,frozen_default,True,5.8196,0.9014384816753926,0.009118905062149579,0.7681890919250467,0.03243410535927818,,,,1063.8297872340424
NZ,plant,nz32,pa_holdout,0,global_conditional_density,105,19120,onehot_l2,0.0,1e-06,9,"G=6,K=3",random_50k,50000,full_background_50k,maxnet,maxnet_default,,maxnet_classes_lq,True,4.3689,0.7523618611397768,0.12859671875678197,0.5335552863721722,0.18794421525696256,,,10000.0,
NZ,plant,nz32,pa_holdout,0,global_conditional_density,105,19120,onehot_l2,0.0,1e-06,9,"G=6,K=3",random_50k,50000,full_background_50k,additive_kan_ipp,ipp,0.01,frozen_default,True,5.9271,0.7547288232770705,0.13999020890588382,0.5689519172610674,0.18472473638742315,,,,
NZ,plant,nz32,pa_holdout,0,global_conditional_density,105,19120,onehot_l2,0.0,1e-06,9,"G=6,K=3",random_50k,50000,full_background_50k,gam_ipp,ipp,0.01,frozen_default,True,3.7065,0.7550738046079158,0.14018560171776487,0.5696045534702115,0.18464205340910764,,,,
NZ,plant,nz32,pa_holdout,0,global_conditional_density,105,19120,onehot_l2,0.0,1e-06,9,"G=6,K=3",random_50k,50000,full_background_50k,additive_kan_bce,bce_pos_weight,0.01,frozen_default,True,5.8532,0.6664641409307069,0.10117660667605582,0.39388295927497385,0.09916779664375609,,,,476.1904761904762
NZ,plant,nz33,pa_holdout,0,global_conditional_density,19,19120,onehot_l2,0.0,1e-06,9,"G=6,K=3",random_50k,50000,full_background_50k,maxnet,maxnet_default,,maxnet_classes_lq,True,1.6373,0.7734874265495914,0.100957473190036,0.5873423072321131,0.18104156511211658,,,10000.0,
NZ,plant,nz33,pa_holdout,0,global_conditional_density,19,19120,onehot_l2,0.0,1e-06,9,"G=6,K=3",random_50k,50000,full_background_50k,additive_kan_ipp,ipp,0.01,frozen_default,True,5.7446,0.8343314999575153,0.11969682376581656,0.6827874990942499,0.2099697818588837,,,,
NZ,plant,nz33,pa_holdout,0,global_conditional_density,19,19120,onehot_l2,0.0,1e-06,9,"G=6,K=3",random_50k,50000,full_background_50k,gam_ipp,ipp,0.01,frozen_default,True,3.7486,0.834397059951927,0.1197354741849358,0.6829654569551755,0.20954883728339463,,,,
NZ,plant,nz33,pa_holdout,0,global_conditional_density,19,19120,onehot_l2,0.0,1e-06,9,"G=6,K=3",random_50k,50000,full_background_50k,additive_kan_bce,bce_pos_weight,0.01,frozen_default,True,6.0374,0.8582851250935661,0.13923759555726195,0.7314112185272486,0.21765206458920813,,,,2631.5789473684213
NZ,plant,nz34,pa_holdout,0,global_conditional_density,42,19120,onehot_l2,0.0,1e-06,9,"G=6,K=3",random_50k,50000,full_background_50k,maxnet,maxnet_default,,maxnet_classes_lq,True,2.3253,0.5077288249260146,0.026961729961795158,-0.04147391125065599,0.007153510000855743,,,10000.0,
NZ,plant,nz34,pa_holdout,0,global_conditional_density,42,19120,onehot_l2,0.0,1e-06,9,"G=6,K=3",random_50k,50000,full_background_50k,additive_kan_ipp,ipp,0.01,frozen_default,True,6.5271,0.5751190638840156,0.032099596384525024,0.12380221286569684,0.046993010551403265,,,,
NZ,plant,nz34,pa_holdout,0,global_conditional_density,42,19120,onehot_l2,0.0,1e-06,9,"G=6,K=3",random_50k,50000,full_background_50k,gam_ipp,ipp,0.01,frozen_default,True,3.9843,0.5752687879524317,0.03210634643591995,0.12395715606568306,0.04697437748959243,,,,
NZ,plant,nz34,pa_holdout,0,global_conditional_density,42,19120,onehot_l2,0.0,1e-06,9,"G=6,K=3",random_50k,50000,full_background_50k,additive_kan_bce,bce_pos_weight,0.01,frozen_default,True,5.9279,0.5957402797240563,0.034584440908831594,0.19696351073779989,0.050058830817297804,,,,1190.4761904761904
NZ,plant,nz35,pa_holdout,0,global_conditional_density,24,19120,onehot_l2,0.0,1e-06,9,"G=6,K=3",random_50k,50000,full_background_50k,maxnet,maxnet_default,,maxnet_classes_lq,True,1.8369,0.7749913811288243,0.7996545808921256,0.48119888002468203,0.47821113954262495,,,10000.0,
NZ,plant,nz35,pa_holdout,0,global_conditional_density,24,19120,onehot_l2,0.0,1e-06,9,"G=6,K=3",random_50k,50000,full_background_50k,additive_kan_ipp,ipp,0.01,frozen_default,True,6.2748,0.8112673297306567,0.8343160657047861,0.5595447653599481,0.5036836792782835,,,,
NZ,plant,nz35,pa_holdout,0,global_conditional_density,24,19120,onehot_l2,0.0,1e-06,9,"G=6,K=3",random_50k,50000,full_background_50k,gam_ipp,ipp,0.01,frozen_default,True,4.1175,0.8116358695520443,0.8345618991496486,0.5603435525908255,0.504800507314559,,,,
NZ,plant,nz35,pa_holdout,0,global_conditional_density,24,19120,onehot_l2,0.0,1e-06,9,"G=6,K=3",random_50k,50000,full_background_50k,additive_kan_bce,bce_pos_weight,0.01,frozen_default,True,5.8866,0.7578626357189286,0.8040456189250452,0.4222298519583863,0.3539304090811437,,,,2083.3333333333335
NZ,plant,nz36,pa_holdout,0,global_conditional_density,170,19120,onehot_l2,0.0,1e-06,9,"G=6,K=3",random_50k,50000,full_background_50k,maxnet,maxnet_default,,maxnet_classes_lq,True,6.0986,0.6005613833234077,0.4317397275176694,0.19107206793303222,0.1734348374412008,,,10000.0,
NZ,plant,nz36,pa_holdout,0,global_conditional_density,170,19120,onehot_l2,0.0,1e-06,9,"G=6,K=3",random_50k,50000,full_background_50k,additive_kan_ipp,ipp,0.01,frozen_default,True,5.9326,0.6488083709953667,0.4763298516977242,0.29920492150892675,0.22647847506976365,,,,
NZ,plant,nz36,pa_holdout,0,global_conditional_density,170,19120,onehot_l2,0.0,1e-06,9,"G=6,K=3",random_50k,50000,full_background_50k,gam_ipp,ipp,0.01,frozen_default,True,3.7051,0.6478375201526307,0.47580211274441886,0.29702043597966193,0.2242816904411907,,,,
NZ,plant,nz36,pa_holdout,0,global_conditional_density,170,19120,onehot_l2,0.0,1e-06,9,"G=6,K=3",random_50k,50000,full_background_50k,additive_kan_bce,bce_pos_weight,0.01,frozen_default,True,6.4171,0.5907989473320469,0.4407089002930887,0.17814627225443075,0.07261922928990483,,,,294.11764705882354
NZ,plant,nz37,pa_holdout,0,global_conditional_density,22,19120,onehot_l2,0.0,1e-06,9,"G=6,K=3",random_50k,50000,full_background_50k,maxnet,maxnet_default,,maxnet_classes_lq,True,1.8838,0.5442988618170208,0.14322684204919417,0.10960239588883737,0.05225562136889426,,,10000.0,
NZ,plant,nz37,pa_holdout,0,global_conditional_density,22,19120,onehot_l2,0.0,1e-06,9,"G=6,K=3",random_50k,50000,full_background_50k,additive_kan_ipp,ipp,0.01,frozen_default,True,6.1465,0.5043484878982503,0.13202114091970388,0.01884492916363187,0.0004738496255016448,,,,
NZ,plant,nz37,pa_holdout,0,global_conditional_density,22,19120,onehot_l2,0.0,1e-06,9,"G=6,K=3",random_50k,50000,full_background_50k,gam_ipp,ipp,0.01,frozen_default,True,3.8417,0.5044740015208163,0.13202486501367616,0.019110395254831984,0.0008623985050437306,,,,
NZ,plant,nz37,pa_holdout,0,global_conditional_density,22,19120,onehot_l2,0.0,1e-06,9,"G=6,K=3",random_50k,50000,full_background_50k,additive_kan_bce,bce_pos_weight,0.01,frozen_default,True,5.8371,0.4958433734591323,0.1325963175776485,-0.01601605283254164,-0.004723391861682427,,,,2272.7272727272725
NZ,plant,nz38,pa_holdout,0,global_conditional_density,147,19120,onehot_l2,0.0,1e-06,9,"G=6,K=3",random_50k,50000,full_background_50k,maxnet,maxnet_default,,maxnet_classes_lq,True,5.5322,0.8306713648413127,0.2990797401448112,0.7378461621849874,0.27543134043988093,,,10000.0,
NZ,plant,nz38,pa_holdout,0,global_conditional_density,147,19120,onehot_l2,0.0,1e-06,9,"G=6,K=3",random_50k,50000,full_background_50k,additive_kan_ipp,ipp,0.01,frozen_default,True,6.4533,0.8298072029652354,0.25599940165593804,0.7193350706866972,0.23598398527099843,,,,
NZ,plant,nz38,pa_holdout,0,global_conditional_density,147,19120,onehot_l2,0.0,1e-06,9,"G=6,K=3",random_50k,50000,full_background_50k,gam_ipp,ipp,0.01,frozen_default,True,4.1163,0.8291315362682011,0.2548163076651091,0.718035483694232,0.23025849941546606,,,,
NZ,plant,nz38,pa_holdout,0,global_conditional_density,147,19120,onehot_l2,0.0,1e-06,9,"G=6,K=3",random_50k,50000,full_background_50k,additive_kan_bce,bce_pos_weight,0.01,frozen_default,True,6.1325,0.8104802611389299,0.22116728060485075,0.6776360293757011,0.1915734896038004,,,,340.13605442176873
NZ,plant,nz39,pa_holdout,0,global_conditional_density,21,19120,onehot_l2,0.0,1e-06,9,"G=6,K=3",random_50k,50000,full_background_50k,maxnet,maxnet_default,,maxnet_classes_lq,True,1.8214,0.6739459349612856,0.004360434303919461,0.4236074290088678,0.022744202633626077,,,10000.0,
NZ,plant,nz39,pa_holdout,0,global_conditional_density,21,19120,onehot_l2,0.0,1e-06,9,"G=6,K=3",random_50k,50000,full_background_50k,additive_kan_ipp,ipp,0.01,frozen_default,True,6.3069,0.6840003746798947,0.0032464199111035875,0.33390046499952114,0.022348205663033433,,,,
NZ,plant,nz39,pa_holdout,0,global_conditional_density,21,19120,onehot_l2,0.0,1e-06,9,"G=6,K=3",random_50k,50000,full_background_50k,gam_ipp,ipp,0.01,frozen_default,True,4.1057,0.6846481263623821,0.003259497419489352,0.33566016066470117,0.022492261433999607,,,,
NZ,plant,nz39,pa_holdout,0,global_conditional_density,21,19120,onehot_l2,0.0,1e-06,9,"G=6,K=3",random_50k,50000,full_background_50k,additive_kan_bce,bce_pos_weight,0.01,frozen_default,True,6.161,0.656623340334767,0.0026147322667596,0.23962853714456406,0.021169937585270908,,,,2380.9523809523807
NZ,plant,nz40,pa_holdout,0,global_conditional_density,19,19120,onehot_l2,0.0,1e-06,9,"G=6,K=3",random_50k,50000,full_background_50k,maxnet,maxnet_default,,maxnet_classes_lq,True,1.8031,0.5325719315836578,0.040901294407533095,-0.0735321660557458,0.026914010461763185,,,10000.0,
NZ,plant,nz40,pa_holdout,0,global_conditional_density,19,19120,onehot_l2,0.0,1e-06,9,"G=6,K=3",random_50k,50000,full_background_50k,additive_kan_ipp,ipp,0.01,frozen_default,True,6.2619,0.6399505194665124,0.05338896499397362,0.20945289841230416,0.09539054948151779,,,,
NZ,plant,nz40,pa_holdout,0,global_conditional_density,19,19120,onehot_l2,0.0,1e-06,9,"G=6,K=3",random_50k,50000,full_background_50k,gam_ipp,ipp,0.01,frozen_default,True,3.9931,0.6398084386090661,0.05332548698714986,0.20804490390293895,0.09535746214720671,,,,
NZ,plant,nz40,pa_holdout,0,global_conditional_density,19,19120,onehot_l2,0.0,1e-06,9,"G=6,K=3",random_50k,50000,full_background_50k,additive_kan_bce,bce_pos_weight,0.01,frozen_default,True,5.9414,0.7070685366560564,0.07164153524291045,0.446590840254636,0.129416730084899,,,,2631.5789473684213
NZ,plant,nz41,pa_holdout,0,global_conditional_density,20,19120,onehot_l2,0.0,1e-06,9,"G=6,K=3",random_50k,50000,full_background_50k,maxnet,maxnet_default,,maxnet_classes_lq,True,1.7177,0.9820296121593292,0.11272190043173792,0.9387340422088929,0.07220763753154291,,,10000.0,
NZ,plant,nz41,pa_holdout,0,global_conditional_density,20,19120,onehot_l2,0.0,1e-06,9,"G=6,K=3",random_50k,50000,full_background_50k,additive_kan_ipp,ipp,0.01,frozen_default,True,6.1119,0.982873427672956,0.06479579367413793,0.9333154935060423,0.0644532015891282,,,,
NZ,plant,nz41,pa_holdout,0,global_conditional_density,20,19120,onehot_l2,0.0,1e-06,9,"G=6,K=3",random_50k,50000,full_background_50k,gam_ipp,ipp,0.01,frozen_default,True,3.9683,0.9828223270440252,0.06452871891019576,0.9330936252628863,0.0645632061957744,,,,
NZ,plant,nz41,pa_holdout,0,global_conditional_density,20,19120,onehot_l2,0.0,1e-06,9,"G=6,K=3",random_50k,50000,full_background_50k,additive_kan_bce,bce_pos_weight,0.01,frozen_default,True,6.0921,0.9703419811320756,0.04605596296685889,0.9135856363867482,0.07522268139228101,,,,2500.0
NZ,plant,nz42,pa_holdout,0,global_conditional_density,27,19120,onehot_l2,0.0,1e-06,9,"G=6,K=3",random_50k,50000,full_background_50k,maxnet,maxnet_default,,maxnet_classes_lq,True,1.9213,0.5791708463621587,0.42223324541684515,0.16944116337914203,0.11102034666000524,,,10000.0,
NZ,plant,nz42,pa_holdout,0,global_conditional_density,27,19120,onehot_l2,0.0,1e-06,9,"G=6,K=3",random_50k,50000,full_background_50k,additive_kan_ipp,ipp,0.01,frozen_default,True,6.333,0.5577573118492636,0.3930933410888251,0.11716048616799479,0.06390387563612765,,,,
NZ,plant,nz42,pa_holdout,0,global_conditional_density,27,19120,onehot_l2,0.0,1e-06,9,"G=6,K=3",random_50k,50000,full_background_50k,gam_ipp,ipp,0.01,frozen_default,True,3.8925,0.5578002026616661,0.39311005841955027,0.11725257220044522,0.0634950850138142,,,,
NZ,plant,nz42,pa_holdout,0,global_conditional_density,27,19120,onehot_l2,0.0,1e-06,9,"G=6,K=3",random_50k,50000,full_background_50k,additive_kan_bce,bce_pos_weight,0.01,frozen_default,True,6.39,0.5236958721781618,0.3802106697269619,0.03122727340610598,-0.036008243485097076,,,,1851.851851851852
NZ,plant,nz43,pa_holdout,0,global_conditional_density,137,19120,onehot_l2,0.0,1e-06,9,"G=6,K=3",random_50k,50000,full_background_50k,maxnet,maxnet_default,,maxnet_classes_lq,True,5.7075,0.717462916833532,0.011546554073923247,0.5397300724814736,0.03929449781580299,,,10000.0,
NZ,plant,nz43,pa_holdout,0,global_conditional_density,137,19120,onehot_l2,0.0,1e-06,9,"G=6,K=3",random_50k,50000,full_background_50k,additive_kan_ipp,ipp,0.01,frozen_default,True,6.4546,0.6596648264060481,0.010934759289879945,0.47355042010694204,0.02901196444802478,,,,
NZ,plant,nz43,pa_holdout,0,global_conditional_density,137,19120,onehot_l2,0.0,1e-06,9,"G=6,K=3",random_50k,50000,full_background_50k,gam_ipp,ipp,0.01,frozen_default,True,3.9344,0.6606609990060585,0.010951125242402021,0.4765312307193842,0.029174150191365607,,,,
NZ,plant,nz43,pa_holdout,0,global_conditional_density,137,19120,onehot_l2,0.0,1e-06,9,"G=6,K=3",random_50k,50000,full_background_50k,additive_kan_bce,bce_pos_weight,0.01,frozen_default,True,6.3719,0.6672694273178862,0.009123992562014134,0.4759984138027564,0.026141977305986105,,,,364.963503649635
NZ,plant,nz44,pa_holdout,0,global_conditional_density,65,19120,onehot_l2,0.0,1e-06,9,"G=6,K=3",random_50k,50000,full_background_50k,maxnet,maxnet_default,,maxnet_classes_lq,True,3.1595,0.8736289280015452,0.47967482267586903,0.7820999251798566,0.41935709396426746,,,10000.0,
NZ,plant,nz44,pa_holdout,0,global_conditional_density,65,19120,onehot_l2,0.0,1e-06,9,"G=6,K=3",random_50k,50000,full_background_50k,additive_kan_ipp,ipp,0.01,frozen_default,True,6.1772,0.8615138595324481,0.4540426434804495,0.7541514699549188,0.38540295407527464,,,,
NZ,plant,nz44,pa_holdout,0,global_conditional_density,65,19120,onehot_l2,0.0,1e-06,9,"G=6,K=3",random_50k,50000,full_background_50k,gam_ipp,ipp,0.01,frozen_default,True,4.0295,0.8613271196447816,0.4535078593654047,0.7537382198349996,0.3831037371195139,,,,
NZ,plant,nz44,pa_holdout,0,global_conditional_density,65,19120,onehot_l2,0.0,1e-06,9,"G=6,K=3",random_50k,50000,full_background_50k,additive_kan_bce,bce_pos_weight,0.01,frozen_default,True,5.9672,0.8577735306964116,0.45125339393779773,0.756564908135096,0.271059249642144,,,,769.2307692307693
NZ,plant,nz45,pa_holdout,0,global_conditional_density,26,19120,onehot_l2,0.0,1e-06,9,"G=6,K=3",random_50k,50000,full_background_50k,maxnet,maxnet_default,,maxnet_classes_lq,True,2.3424,0.8949211751253726,0.1441989096145347,0.8484910089694235,0.20889017321929298,,,10000.0,
NZ,plant,nz45,pa_holdout,0,global_conditional_density,26,19120,onehot_l2,0.0,1e-06,9,"G=6,K=3",random_50k,50000,full_background_50k,additive_kan_ipp,ipp,0.01,frozen_default,True,6.009,0.8893833704150342,0.13500630268272124,0.840259472042026,0.1676757643419215,,,,
NZ,plant,nz45,pa_holdout,0,global_conditional_density,26,19120,onehot_l2,0.0,1e-06,9,"G=6,K=3",random_50k,50000,full_background_50k,gam_ipp,ipp,0.01,frozen_default,True,3.6768,0.892597588603728,0.13608541312431854,0.8443096827276906,0.1668665251537553,,,,
NZ,plant,nz45,pa_holdout,0,global_conditional_density,26,19120,onehot_l2,0.0,1e-06,9,"G=6,K=3",random_50k,50000,full_background_50k,additive_kan_bce,bce_pos_weight,0.01,frozen_default,True,5.7458,0.9038057776838598,0.13361457214752487,0.8549331497537204,0.18010586455654867,,,,1923.076923076923
NZ,plant,nz46,pa_holdout,0,global_conditional_density,36,19120,onehot_l2,0.0,1e-06,9,"G=6,K=3",random_50k,50000,full_background_50k,maxnet,maxnet_default,,maxnet_classes_lq,True,2.1969,0.9021672902445759,0.04345695366830834,0.8146825921449748,0.048194843084248186,,,10000.0,
NZ,plant,nz46,pa_holdout,0,global_conditional_density,36,19120,onehot_l2,0.0,1e-06,9,"G=6,K=3",random_50k,50000,full_background_50k,additive_kan_ipp,ipp,0.01,frozen_default,True,5.804,0.8851069602718991,0.13548709476303886,0.8172020658414557,0.04314969837358785,,,,
NZ,plant,nz46,pa_holdout,0,global_conditional_density,36,19120,onehot_l2,0.0,1e-06,9,"G=6,K=3",random_50k,50000,full_background_50k,gam_ipp,ipp,0.01,frozen_default,True,3.6558,0.8851950228010549,0.13491054260730617,0.8155845577958251,0.04362395584169506,,,,
NZ,plant,nz46,pa_holdout,0,global_conditional_density,36,19120,onehot_l2,0.0,1e-06,9,"G=6,K=3",random_50k,50000,full_background_50k,additive_kan_bce,bce_pos_weight,0.01,frozen_default,True,5.7543,0.8979450489818067,0.04386995350970297,0.8270100848798967,0.0369146580256728,,,,1388.888888888889
NZ,plant,nz47,pa_holdout,0,global_conditional_density,87,19120,onehot_l2,0.0,1e-06,9,"G=6,K=3",random_50k,50000,full_background_50k,maxnet,maxnet_default,,maxnet_classes_lq,True,3.744,0.7946266954124,0.288392811202704,0.6061054870913164,0.3169661702907099,,,10000.0,
NZ,plant,nz47,pa_holdout,0,global_conditional_density,87,19120,onehot_l2,0.0,1e-06,9,"G=6,K=3",random_50k,50000,full_background_50k,additive_kan_ipp,ipp,0.01,frozen_default,True,5.8175,0.7923850246750697,0.31260210406801786,0.6273732336745181,0.28432800342167863,,,,
NZ,plant,nz47,pa_holdout,0,global_conditional_density,87,19120,onehot_l2,0.0,1e-06,9,"G=6,K=3",random_50k,50000,full_background_50k,gam_ipp,ipp,0.01,frozen_default,True,3.7212,0.790495827759948,0.3127963647241473,0.625556223057882,0.27310393204261596,,,,
NZ,plant,nz47,pa_holdout,0,global_conditional_density,87,19120,onehot_l2,0.0,1e-06,9,"G=6,K=3",random_50k,50000,full_background_50k,additive_kan_bce,bce_pos_weight,0.01,frozen_default,True,5.7939,0.7690731755057134,0.29233551502397337,0.5931358131011601,0.16216788771043797,,,,574.7126436781609
NZ,plant,nz48,pa_holdout,0,global_conditional_density,43,19120,onehot_l2,0.0,1e-06,9,"G=6,K=3",random_50k,50000,full_background_50k,maxnet,maxnet_default,,maxnet_classes_lq,True,2.3259,0.6398573018589888,0.10111385366789616,0.393698429390283,0.10251031504038258,,,10000.0,
NZ,plant,nz48,pa_holdout,0,global_conditional_density,43,19120,onehot_l2,0.0,1e-06,9,"G=6,K=3",random_50k,50000,full_background_50k,additive_kan_ipp,ipp,0.01,frozen_default,True,5.8513,0.6713318314229975,0.10034102423749167,0.4513932781888137,0.09301897783802456,,,,
NZ,plant,nz48,pa_holdout,0,global_conditional_density,43,19120,onehot_l2,0.0,1e-06,9,"G=6,K=3",random_50k,50000,full_background_50k,gam_ipp,ipp,0.01,frozen_default,True,3.8767,0.6716441586812509,0.10021632357334398,0.4516885373597233,0.09385326295217382,,,,
NZ,plant,nz48,pa_holdout,0,global_conditional_density,43,19120,onehot_l2,0.0,1e-06,9,"G=6,K=3",random_50k,50000,full_background_50k,additive_kan_bce,bce_pos_weight,0.01,frozen_default,True,5.7977,0.6621718566238953,0.07880955128515964,0.4001755602691176,0.08008432176858171,,,,1162.7906976744187
NZ,plant,nz49,pa_holdout,0,global_conditional_density,37,19120,onehot_l2,0.0,1e-06,9,"G=6,K=3",random_50k,50000,full_background_50k,maxnet,maxnet_default,,maxnet_classes_lq,True,2.2723,0.9241787838904975,0.11842252485577329,0.894943904010824,0.11476690867360292,,,10000.0,
NZ,plant,nz49,pa_holdout,0,global_conditional_density,37,19120,onehot_l2,0.0,1e-06,9,"G=6,K=3",random_50k,50000,full_background_50k,additive_kan_ipp,ipp,0.01,frozen_default,True,5.9141,0.9145113977362465,0.10270380229906842,0.8798196411231117,0.08507594816736798,,,,
NZ,plant,nz49,pa_holdout,0,global_conditional_density,37,19120,onehot_l2,0.0,1e-06,9,"G=6,K=3",random_50k,50000,full_background_50k,gam_ipp,ipp,0.01,frozen_default,True,3.5496,0.9141790997630955,0.10268634239065792,0.8790598489830529,0.07808758884763005,,,,
NZ,plant,nz49,pa_holdout,0,global_conditional_density,37,19120,onehot_l2,0.0,1e-06,9,"G=6,K=3",random_50k,50000,full_background_50k,additive_kan_bce,bce_pos_weight,0.01,frozen_default,True,5.7266,0.8677761516188471,0.05939181983198022,0.8071205296081183,0.07406281060218085,,,,1351.3513513513512
NZ,plant,nz50,pa_holdout,0,global_conditional_density,131,19120,onehot_l2,0.0,1e-06,9,"G=6,K=3",random_50k,50000,full_background_50k,maxnet,maxnet_default,,maxnet_classes_lq,True,5.1372,0.801942123627278,0.2010967983708858,0.6866360428464153,0.1970696522645873,,,10000.0,
NZ,plant,nz50,pa_holdout,0,global_conditional_density,131,19120,onehot_l2,0.0,1e-06,9,"G=6,K=3",random_50k,50000,full_background_50k,additive_kan_ipp,ipp,0.01,frozen_default,True,6.0769,0.7717996699547364,0.1646370233093808,0.6230771007066971,0.18426766722294635,,,,
NZ,plant,nz50,pa_holdout,0,global_conditional_density,131,19120,onehot_l2,0.0,1e-06,9,"G=6,K=3",random_50k,50000,full_background_50k,gam_ipp,ipp,0.01,frozen_default,True,3.737,0.7715183833351544,0.1645614295881364,0.6227658532395011,0.18408049828072046,,,,
NZ,plant,nz50,pa_holdout,0,global_conditional_density,131,19120,onehot_l2,0.0,1e-06,9,"G=6,K=3",random_50k,50000,full_background_50k,additive_kan_bce,bce_pos_weight,0.01,frozen_default,True,5.7897,0.7035569178221055,0.11729230597522927,0.4913053758175163,0.11975628201235572,,,,381.6793893129771
NZ,plant,nz51,pa_holdout,0,global_conditional_density,42,19120,onehot_l2,0.0,1e-06,9,"G=6,K=3",random_50k,50000,full_background_50k,maxnet,maxnet_default,,maxnet_classes_lq,True,2.305,0.5886688707788873,0.038035740207205786,0.22862348634856872,0.05296138286835646,,,10000.0,
NZ,plant,nz51,pa_holdout,0,global_conditional_density,42,19120,onehot_l2,0.0,1e-06,9,"G=6,K=3",random_50k,50000,full_background_50k,additive_kan_ipp,ipp,0.01,frozen_default,True,5.9251,0.6988865628160478,0.04596288116471699,0.35530468507304225,0.10978084331581615,,,,
NZ,plant,nz51,pa_holdout,0,global_conditional_density,42,19120,onehot_l2,0.0,1e-06,9,"G=6,K=3",random_50k,50000,full_background_50k,gam_ipp,ipp,0.01,frozen_default,True,3.7207,0.6992885918112264,0.04600872552231917,0.3561011483620976,0.11042900640909341,,,,
NZ,plant,nz51,pa_holdout,0,global_conditional_density,42,19120,onehot_l2,0.0,1e-06,9,"G=6,K=3",random_50k,50000,full_background_50k,additive_kan_bce,bce_pos_weight,0.01,frozen_default,True,5.8817,0.7018242604986809,0.047389367130841784,0.38362261092121125,0.10089832276437093,,,,1190.4761904761904
NZ,plant,nz52,pa_holdout,0,global_conditional_density,174,19120,onehot_l2,0.0,1e-06,9,"G=6,K=3",random_50k,50000,full_background_50k,maxnet,maxnet_default,,maxnet_classes_lq,True,6.1844,0.85788262811694,0.10798840204897023,0.7374173569597916,0.17606567019346878,,,10000.0,
NZ,plant,nz52,pa_holdout,0,global_conditional_density,174,19120,onehot_l2,0.0,1e-06,9,"G=6,K=3",random_50k,50000,full_background_50k,additive_kan_ipp,ipp,0.01,frozen_default,True,5.8679,0.8404173308778748,0.09616413115872971,0.7050899890522839,0.1454208430276338,,,,
NZ,plant,nz52,pa_holdout,0,global_conditional_density,174,19120,onehot_l2,0.0,1e-06,9,"G=6,K=3",random_50k,50000,full_background_50k,gam_ipp,ipp,0.01,frozen_default,True,3.7013,0.8403815180653317,0.09617064804065276,0.7051448833514291,0.14561399847187087,,,,
NZ,plant,nz52,pa_holdout,0,global_conditional_density,174,19120,onehot_l2,0.0,1e-06,9,"G=6,K=3",random_50k,50000,full_background_50k,additive_kan_bce,bce_pos_weight,0.01,frozen_default,True,5.764,0.8394661076373977,0.11110296433283148,0.727380213193765,0.12823637742593055,,,,287.35632183908046
SA,plant,sa01,pa_holdout,0,global_conditional_density,120,152,onehot_l2,0.0,1e-06,9,"G=6,K=3",random_50k,50000,full_background_50k,maxnet,maxnet_default,,maxnet_classes_lq,True,3.0572,0.4807785888077859,0.18272928501715263,0.10049940587529163,-0.008711216426101379,,,10000.0,
SA,plant,sa01,pa_holdout,0,global_conditional_density,120,152,onehot_l2,0.0,1e-06,9,"G=6,K=3",random_50k,50000,full_background_50k,additive_kan_ipp,ipp,0.01,frozen_default,True,4.839,0.5450121654501217,0.21338212744477422,0.25119850047123743,0.05991960184863943,,,,
SA,plant,sa01,pa_holdout,0,global_conditional_density,120,152,onehot_l2,0.0,1e-06,9,"G=6,K=3",random_50k,50000,full_background_50k,gam_ipp,ipp,0.01,frozen_default,True,2.707,0.5445255474452555,0.21330183034550693,0.2501861929428662,0.06014054282447812,,,,
SA,plant,sa01,pa_holdout,0,global_conditional_density,120,152,onehot_l2,0.0,1e-06,9,"G=6,K=3",random_50k,50000,full_background_50k,additive_kan_bce,bce_pos_weight,0.01,frozen_default,True,4.4741,0.5785888077858881,0.22466546868415066,0.318329512969611,0.08411015351561664,,,,416.6666666666667
SA,plant,sa02,pa_holdout,0,global_conditional_density,150,152,onehot_l2,0.0,1e-06,9,"G=6,K=3",random_50k,50000,full_background_50k,maxnet,maxnet_default,,maxnet_classes_lq,True,3.59,0.5473542298618133,0.2634116775222525,0.2033484008172752,0.090434289275679,,,10000.0,
SA,plant,sa02,pa_holdout,0,global_conditional_density,150,152,onehot_l2,0.0,1e-06,9,"G=6,K=3",random_50k,50000,full_background_50k,additive_kan_ipp,ipp,0.01,frozen_default,True,4.6028,0.641051567239636,0.26809818628935744,0.37594114047808747,0.17214439451668667,,,,
SA,plant,sa02,pa_holdout,0,global_conditional_density,150,152,onehot_l2,0.0,1e-06,9,"G=6,K=3",random_50k,50000,full_background_50k,gam_ipp,ipp,0.01,frozen_default,True,2.8285,0.6407145264577014,0.27141625767782307,0.3743753005131128,0.17156915639037218,,,,
SA,plant,sa02,pa_holdout,0,global_conditional_density,150,152,onehot_l2,0.0,1e-06,9,"G=6,K=3",random_50k,50000,full_background_50k,additive_kan_bce,bce_pos_weight,0.01,frozen_default,True,4.4598,0.6582406471183013,0.2756102658257768,0.39484782658425055,0.1926989956594693,,,,333.3333333333333
SA,plant,sa03,pa_holdout,0,global_conditional_density,28,152,onehot_l2,0.0,1e-06,9,"G=6,K=3",random_50k,50000,full_background_50k,maxnet,maxnet_default,,maxnet_classes_lq,True,1.5639,0.7960069444444444,0.24375696234199024,0.7100653108465608,0.23228639283417138,,,10000.0,
SA,plant,sa03,pa_holdout,0,global_conditional_density,28,152,onehot_l2,0.0,1e-06,9,"G=6,K=3",random_50k,50000,full_background_50k,additive_kan_ipp,ipp,0.01,frozen_default,True,4.7945,0.8776041666666667,0.4385116826581379,0.7876044881687241,0.29159968111478574,,,,
SA,plant,sa03,pa_holdout,0,global_conditional_density,28,152,onehot_l2,0.0,1e-06,9,"G=6,K=3",random_50k,50000,full_background_50k,gam_ipp,ipp,0.01,frozen_default,True,2.5987,0.8776041666666667,0.4385116826581379,0.7876044881687241,0.2914554427652926,,,,
SA,plant,sa03,pa_holdout,0,global_conditional_density,28,152,onehot_l2,0.0,1e-06,9,"G=6,K=3",random_50k,50000,full_background_50k,additive_kan_bce,bce_pos_weight,0.01,frozen_default,True,4.4922,0.8628472222222222,0.4875295209176788,0.799917557686655,0.3654795946216465,,,,1785.7142857142858
SA,plant,sa04,pa_holdout,0,global_conditional_density,60,152,onehot_l2,0.0,1e-06,9,"G=6,K=3",random_50k,50000,full_background_50k,maxnet,maxnet_default,,maxnet_classes_lq,True,2.1656,0.923076923076923,0.4388461937481545,0.8516239005749495,0.25618668060124633,,,10000.0,
SA,plant,sa04,pa_holdout,0,global_conditional_density,60,152,onehot_l2,0.0,1e-06,9,"G=6,K=3",random_50k,50000,full_background_50k,additive_kan_ipp,ipp,0.01,frozen_default,True,4.6069,0.9487179487179487,0.4828603495270162,0.8757579638698519,0.32639158085456604,,,,
SA,plant,sa04,pa_holdout,0,global_conditional_density,60,152,onehot_l2,0.0,1e-06,9,"G=6,K=3",random_50k,50000,full_background_50k,gam_ipp,ipp,0.01,frozen_default,True,2.7936,0.947940947940948,0.48196908392986826,0.8753450124079494,0.32605597488420734,,,,
SA,plant,sa04,pa_holdout,0,global_conditional_density,60,152,onehot_l2,0.0,1e-06,9,"G=6,K=3",random_50k,50000,full_background_50k,additive_kan_bce,bce_pos_weight,0.01,frozen_default,True,4.4944,0.9572649572649573,0.5386313208893854,0.8846010244611643,0.4347055299476771,,,,833.3333333333334
SA,plant,sa05,pa_holdout,0,global_conditional_density,61,152,onehot_l2,0.0,1e-06,9,"G=6,K=3",random_50k,50000,full_background_50k,maxnet,maxnet_default,,maxnet_classes_lq,True,2.2198,0.8955665024630541,0.19821352783537657,0.7170103618141668,0.22504203263144593,,,10000.0,
SA,plant,sa05,pa_holdout,0,global_conditional_density,61,152,onehot_l2,0.0,1e-06,9,"G=6,K=3",random_50k,50000,full_background_50k,additive_kan_ipp,ipp,0.01,frozen_default,True,4.6915,0.9152709359605911,0.23117580365479523,0.7507479757658115,0.31803357726141473,,,,
SA,plant,sa05,pa_holdout,0,global_conditional_density,61,152,onehot_l2,0.0,1e-06,9,"G=6,K=3",random_50k,50000,full_background_50k,gam_ipp,ipp,0.01,frozen_default,True,2.8805,0.9152709359605911,0.23117580365479523,0.7507479757658115,0.3165455658638084,,,,
SA,plant,sa05,pa_holdout,0,global_conditional_density,61,152,onehot_l2,0.0,1e-06,9,"G=6,K=3",random_50k,50000,full_background_50k,additive_kan_bce,bce_pos_weight,0.01,frozen_default,True,4.5688,0.929064039408867,0.27934565434565434,0.785518373818017,0.3566159074453563,,,,819.672131147541
SA,plant,sa06,pa_holdout,0,global_conditional_density,32,152,onehot_l2,0.0,1e-06,9,"G=6,K=3",random_50k,50000,full_background_50k,maxnet,maxnet_default,,maxnet_classes_lq,True,1.5987,0.916256157635468,0.35613553113553115,0.8000289904308929,0.16380506044164306,,,10000.0,
SA,plant,sa06,pa_holdout,0,global_conditional_density,32,152,onehot_l2,0.0,1e-06,9,"G=6,K=3",random_50k,50000,full_background_50k,additive_kan_ipp,ipp,0.01,frozen_default,True,4.6163,0.9428571428571428,0.5329003396230287,0.838431345903403,0.2687522393862181,,,,
SA,plant,sa06,pa_holdout,0,global_conditional_density,32,152,onehot_l2,0.0,1e-06,9,"G=6,K=3",random_50k,50000,full_background_50k,gam_ipp,ipp,0.01,frozen_default,True,2.7536,0.9428571428571428,0.5329003396230287,0.838431345903403,0.268173673642788,,,,
SA,plant,sa06,pa_holdout,0,global_conditional_density,32,152,onehot_l2,0.0,1e-06,9,"G=6,K=3",random_50k,50000,full_background_50k,additive_kan_bce,bce_pos_weight,0.01,frozen_default,True,4.5492,0.9201970443349753,0.4448051948051948,0.8082740501670348,0.3663533269888675,,,,1562.5
SA,plant,sa07,pa_holdout,0,global_conditional_density,17,152,onehot_l2,0.0,1e-06,9,"G=6,K=3",random_50k,50000,full_background_50k,maxnet,maxnet_default,,maxnet_classes_lq,True,1.37,0.8958333333333334,0.23929689591454295,0.7595881099353321,0.30505725631487285,,,10000.0,
SA,plant,sa07,pa_holdout,0,global_conditional_density,17,152,onehot_l2,0.0,1e-06,9,"G=6,K=3",random_50k,50000,full_background_50k,additive_kan_ipp,ipp,0.01,frozen_default,True,4.6276,0.8854166666666666,0.21131881638285813,0.7288447053203997,0.2911869956070211,,,,
SA,plant,sa07,pa_holdout,0,global_conditional_density,17,152,onehot_l2,0.0,1e-06,9,"G=6,K=3",random_50k,50000,full_background_50k,gam_ipp,ipp,0.01,frozen_default,True,2.6752,0.8854166666666666,0.21131881638285813,0.7288447053203997,0.29153363605766913,,,,
SA,plant,sa07,pa_holdout,0,global_conditional_density,17,152,onehot_l2,0.0,1e-06,9,"G=6,K=3",random_50k,50000,full_background_50k,additive_kan_bce,bce_pos_weight,0.01,frozen_default,True,4.6367,0.849826388888889,0.16096690391822238,0.6432073504556143,0.21964940131942337,,,,2941.176470588235
SA,plant,sa08,pa_holdout,0,global_conditional_density,35,152,onehot_l2,0.0,1e-06,9,"G=6,K=3",random_50k,50000,full_background_50k,maxnet,maxnet_default,,maxnet_classes_lq,True,1.7431,0.9670138888888888,0.5892361111111111,0.881305114638448,0.19706787582546947,,,10000.0,
SA,plant,sa08,pa_holdout,0,global_conditional_density,35,152,onehot_l2,0.0,1e-06,9,"G=6,K=3",random_50k,50000,full_background_50k,additive_kan_ipp,ipp,0.01,frozen_default,True,4.6333,0.9869791666666666,0.7857954545454544,0.9069609788359787,0.25356492537337966,,,,
SA,plant,sa08,pa_holdout,0,global_conditional_density,35,152,onehot_l2,0.0,1e-06,9,"G=6,K=3",random_50k,50000,full_background_50k,gam_ipp,ipp,0.01,frozen_default,True,2.7363,0.9869791666666666,0.7857954545454544,0.9069609788359787,0.24689289781475351,,,,
SA,plant,sa08,pa_holdout,0,global_conditional_density,35,152,onehot_l2,0.0,1e-06,9,"G=6,K=3",random_50k,50000,full_background_50k,additive_kan_bce,bce_pos_weight,0.01,frozen_default,True,4.4971,0.96875,0.6310053171466214,0.8852363958700763,0.45307165862924303,,,,1428.5714285714287
SA,plant,sa09,pa_holdout,0,global_conditional_density,49,152,onehot_l2,0.0,1e-06,9,"G=6,K=3",random_50k,50000,full_background_50k,maxnet,maxnet_default,,maxnet_classes_lq,True,1.8938,0.8126760563380282,0.2612349428907452,0.7187451784257973,0.2501485286374082,,,10000.0,
SA,plant,sa09,pa_holdout,0,global_conditional_density,49,152,onehot_l2,0.0,1e-06,9,"G=6,K=3",random_50k,50000,full_background_50k,additive_kan_ipp,ipp,0.01,frozen_default,True,4.611,0.8767605633802817,0.5145958919749243,0.8146895457250545,0.22065561623906293,,,,
SA,plant,sa09,pa_holdout,0,global_conditional_density,49,152,onehot_l2,0.0,1e-06,9,"G=6,K=3",random_50k,50000,full_background_50k,gam_ipp,ipp,0.01,frozen_default,True,2.6742,0.8767605633802817,0.5145958919749243,0.8146895457250545,0.21522577043463578,,,,
SA,plant,sa09,pa_holdout,0,global_conditional_density,49,152,onehot_l2,0.0,1e-06,9,"G=6,K=3",random_50k,50000,full_background_50k,additive_kan_bce,bce_pos_weight,0.01,frozen_default,True,4.5605,0.8753521126760564,0.5741598133874556,0.8298048069323609,0.35383755622310753,,,,1020.4081632653061
SA,plant,sa10,pa_holdout,0,global_conditional_density,99,152,onehot_l2,0.0,1e-06,9,"G=6,K=3",random_50k,50000,full_background_50k,maxnet,maxnet_default,,maxnet_classes_lq,True,2.7673,0.5663022147462854,0.2174868044869106,0.16714632333094784,0.09838563604313481,,,10000.0,
SA,plant,sa10,pa_holdout,0,global_conditional_density,99,152,onehot_l2,0.0,1e-06,9,"G=6,K=3",random_50k,50000,full_background_50k,additive_kan_ipp,ipp,0.01,frozen_default,True,4.6377,0.5890103728623493,0.26300355545125087,0.24613059051794306,0.13729363886014878,,,,
SA,plant,sa10,pa_holdout,0,global_conditional_density,99,152,onehot_l2,0.0,1e-06,9,"G=6,K=3",random_50k,50000,full_background_50k,gam_ipp,ipp,0.01,frozen_default,True,2.8011,0.5887300252312867,0.26307274004283265,0.24597284886747364,0.13792412592405356,,,,
SA,plant,sa10,pa_holdout,0,global_conditional_density,99,152,onehot_l2,0.0,1e-06,9,"G=6,K=3",random_50k,50000,full_background_50k,additive_kan_bce,bce_pos_weight,0.01,frozen_default,True,4.4946,0.5671432576394729,0.24872804493740464,0.2179453507112912,0.11084155146706051,,,,505.050505050505
SA,plant,sa11,pa_holdout,0,global_conditional_density,35,152,onehot_l2,0.0,1e-06,9,"G=6,K=3",random_50k,50000,full_background_50k,maxnet,maxnet_default,,maxnet_classes_lq,True,1.6795,0.6536458333333333,0.07920744295821389,0.32052377278071725,0.1330682530179985,,,10000.0,
SA,plant,sa11,pa_holdout,0,global_conditional_density,35,152,onehot_l2,0.0,1e-06,9,"G=6,K=3",random_50k,50000,full_background_50k,additive_kan_ipp,ipp,0.01,frozen_default,True,4.6547,0.8350694444444445,0.22848781335623441,0.7022332910787771,0.2348135320257147,,,,
SA,plant,sa11,pa_holdout,0,global_conditional_density,35,152,onehot_l2,0.0,1e-06,9,"G=6,K=3",random_50k,50000,full_background_50k,gam_ipp,ipp,0.01,frozen_default,True,2.7862,0.8350694444444445,0.22848781335623441,0.7022332910787771,0.23480623604480688,,,,
SA,plant,sa11,pa_holdout,0,global_conditional_density,35,152,onehot_l2,0.0,1e-06,9,"G=6,K=3",random_50k,50000,full_background_50k,additive_kan_bce,bce_pos_weight,0.01,frozen_default,True,4.4653,0.8151041666666667,0.27979161919951395,0.6826946924603174,0.24512652762384046,,,,1428.5714285714287
SA,plant,sa12,pa_holdout,0,global_conditional_density,203,152,onehot_l2,0.0,1e-06,9,"G=6,K=3",random_50k,50000,full_background_50k,maxnet,maxnet_default,,maxnet_classes_lq,True,4.578,0.7839416058394161,0.31490445671718365,0.6065075883499881,0.18784206695994526,,,10000.0,
SA,plant,sa12,pa_holdout,0,global_conditional_density,203,152,onehot_l2,0.0,1e-06,9,"G=6,K=3",random_50k,50000,full_background_50k,additive_kan_ipp,ipp,0.01,frozen_default,True,4.6274,0.7941605839416058,0.2568380727314946,0.6164404725223097,0.2156727115247203,,,,
SA,plant,sa12,pa_holdout,0,global_conditional_density,203,152,onehot_l2,0.0,1e-06,9,"G=6,K=3",random_50k,50000,full_background_50k,gam_ipp,ipp,0.01,frozen_default,True,2.639,0.7936739659367397,0.25654779696952074,0.6157656008367288,0.19633171298516322,,,,
SA,plant,sa12,pa_holdout,0,global_conditional_density,203,152,onehot_l2,0.0,1e-06,9,"G=6,K=3",random_50k,50000,full_background_50k,additive_kan_bce,bce_pos_weight,0.01,frozen_default,True,4.653,0.8058394160583942,0.29037596934121207,0.6384356486865943,0.3150756891370042,,,,246.30541871921181
SA,plant,sa13,pa_holdout,0,global_conditional_density,86,152,onehot_l2,0.0,1e-06,9,"G=6,K=3",random_50k,50000,full_background_50k,maxnet,maxnet_default,,maxnet_classes_lq,True,2.5971,0.8756798756798756,0.5405788569337392,0.8132164649647167,0.20072089828701606,,,10000.0,
SA,plant,sa13,pa_holdout,0,global_conditional_density,86,152,onehot_l2,0.0,1e-06,9,"G=6,K=3",random_50k,50000,full_background_50k,additive_kan_ipp,ipp,0.01,frozen_default,True,4.6349,0.8694638694638694,0.42921248107014326,0.8092078861309631,0.2520306117828252,,,,
SA,plant,sa13,pa_holdout,0,global_conditional_density,86,152,onehot_l2,0.0,1e-06,9,"G=6,K=3",random_50k,50000,full_background_50k,gam_ipp,ipp,0.01,frozen_default,True,2.831,0.8694638694638694,0.42921248107014326,0.8092078861309631,0.25371645012223343,,,,
SA,plant,sa13,pa_holdout,0,global_conditional_density,86,152,onehot_l2,0.0,1e-06,9,"G=6,K=3",random_50k,50000,full_background_50k,additive_kan_bce,bce_pos_weight,0.01,frozen_default,True,4.6522,0.8492618492618492,0.3077955433687806,0.7436754387803339,0.29971288123487805,,,,581.3953488372093
SA,plant,sa14,pa_holdout,0,global_conditional_density,81,152,onehot_l2,0.0,1e-06,9,"G=6,K=3",random_50k,50000,full_background_50k,maxnet,maxnet_default,,maxnet_classes_lq,True,2.4773,0.8502463054187192,0.22031463160495418,0.6804842307910084,0.2597402625525586,,,10000.0,
SA,plant,sa14,pa_holdout,0,global_conditional_density,81,152,onehot_l2,0.0,1e-06,9,"G=6,K=3",random_50k,50000,full_background_50k,additive_kan_ipp,ipp,0.01,frozen_default,True,4.6217,0.8532019704433498,0.23714396714396713,0.7019661400826681,0.21258386484232844,,,,
SA,plant,sa14,pa_holdout,0,global_conditional_density,81,152,onehot_l2,0.0,1e-06,9,"G=6,K=3",random_50k,50000,full_background_50k,gam_ipp,ipp,0.01,frozen_default,True,2.6683,0.852216748768473,0.23663467251702547,0.7001587679066871,0.21590607018707603,,,,
SA,plant,sa14,pa_holdout,0,global_conditional_density,81,152,onehot_l2,0.0,1e-06,9,"G=6,K=3",random_50k,50000,full_background_50k,additive_kan_bce,bce_pos_weight,0.01,frozen_default,True,4.4569,0.8541871921182266,0.1850044365572316,0.6868014268727705,0.27833007179940555,,,,617.283950617284
SA,plant,sa15,pa_holdout,0,global_conditional_density,88,152,onehot_l2,0.0,1e-06,9,"G=6,K=3",random_50k,50000,full_background_50k,maxnet,maxnet_default,,maxnet_classes_lq,True,2.6186,0.6233576642335766,0.1530409211002124,0.3402933614239491,0.10028041634040653,,,10000.0,
SA,plant,sa15,pa_holdout,0,global_conditional_density,88,152,onehot_l2,0.0,1e-06,9,"G=6,K=3",random_50k,50000,full_background_50k,additive_kan_ipp,ipp,0.01,frozen_default,True,4.6592,0.6233576642335766,0.19476486575670726,0.4030363370978214,0.10275013085009178,,,,
SA,plant,sa15,pa_holdout,0,global_conditional_density,88,152,onehot_l2,0.0,1e-06,9,"G=6,K=3",random_50k,50000,full_background_50k,gam_ipp,ipp,0.01,frozen_default,True,2.7582,0.6228710462287104,0.19419015311302912,0.40187941420825424,0.10173017443606851,,,,
SA,plant,sa15,pa_holdout,0,global_conditional_density,88,152,onehot_l2,0.0,1e-06,9,"G=6,K=3",random_50k,50000,full_background_50k,additive_kan_bce,bce_pos_weight,0.01,frozen_default,True,4.4913,0.689051094890511,0.2241718672634439,0.5071221365110226,0.17675277054551747,,,,568.1818181818181
SA,plant,sa16,pa_holdout,0,global_conditional_density,37,152,onehot_l2,0.0,1e-06,9,"G=6,K=3",random_50k,50000,full_background_50k,maxnet,maxnet_default,,maxnet_classes_lq,True,1.7952,0.7330049261083743,0.11625461521773706,0.5043773285770907,0.08254227165146039,,,10000.0,
SA,plant,sa16,pa_holdout,0,global_conditional_density,37,152,onehot_l2,0.0,1e-06,9,"G=6,K=3",random_50k,50000,full_background_50k,additive_kan_ipp,ipp,0.01,frozen_default,True,4.6527,0.8236453201970443,0.22129956639039006,0.6949604212671989,0.1947071261764272,,,,
SA,plant,sa16,pa_holdout,0,global_conditional_density,37,152,onehot_l2,0.0,1e-06,9,"G=6,K=3",random_50k,50000,full_background_50k,gam_ipp,ipp,0.01,frozen_default,True,2.6741,0.8226600985221675,0.221206213141697,0.6944440292169186,0.19397426440600496,,,,
SA,plant,sa16,pa_holdout,0,global_conditional_density,37,152,onehot_l2,0.0,1e-06,9,"G=6,K=3",random_50k,50000,full_background_50k,additive_kan_bce,bce_pos_weight,0.01,frozen_default,True,4.5348,0.8236453201970443,0.23374260775090436,0.7181980635298113,0.2750533735050258,,,,1351.3513513513512
SA,plant,sa17,pa_holdout,0,global_conditional_density,37,152,onehot_l2,0.0,1e-06,9,"G=6,K=3",random_50k,50000,full_background_50k,maxnet,maxnet_default,,maxnet_classes_lq,True,1.9006,0.8704061895551256,0.390152011955081,0.8072209444172626,0.17919145669082215,,,10000.0,
SA,plant,sa17,pa_holdout,0,global_conditional_density,37,152,onehot_l2,0.0,1e-06,9,"G=6,K=3",random_50k,50000,full_background_50k,additive_kan_ipp,ipp,0.01,frozen_default,True,4.6604,0.8484848484848485,0.40039019328672704,0.8130518722038265,0.22903720072422737,,,,
SA,plant,sa17,pa_holdout,0,global_conditional_density,37,152,onehot_l2,0.0,1e-06,9,"G=6,K=3",random_50k,50000,full_background_50k,gam_ipp,ipp,0.01,frozen_default,True,2.8119,0.8504190844616377,0.40061126918945367,0.8140944391133015,0.2311765136276226,,,,
SA,plant,sa17,pa_holdout,0,global_conditional_density,37,152,onehot_l2,0.0,1e-06,9,"G=6,K=3",random_50k,50000,full_background_50k,additive_kan_bce,bce_pos_weight,0.01,frozen_default,True,4.4891,0.8343004513217279,0.23138660779389117,0.7186951539147104,0.2916755989922072,,,,1351.3513513513512
SA,plant,sa18,pa_holdout,0,global_conditional_density,123,152,onehot_l2,0.0,1e-06,9,"G=6,K=3",random_50k,50000,full_background_50k,maxnet,maxnet_default,,maxnet_classes_lq,True,3.2539,0.7142857142857142,0.3054132794315988,0.554060459586659,0.27143720172254165,,,10000.0,
SA,plant,sa18,pa_holdout,0,global_conditional_density,123,152,onehot_l2,0.0,1e-06,9,"G=6,K=3",random_50k,50000,full_background_50k,additive_kan_ipp,ipp,0.01,frozen_default,True,4.6854,0.777601899485556,0.47337303702854094,0.6436624114493047,0.31236668797096273,,,,
SA,plant,sa18,pa_holdout,0,global_conditional_density,123,152,onehot_l2,0.0,1e-06,9,"G=6,K=3",random_50k,50000,full_background_50k,gam_ipp,ipp,0.01,frozen_default,True,2.6861,0.7728531855955678,0.47036607733472385,0.6367935124972566,0.30855309695181116,,,,
SA,plant,sa18,pa_holdout,0,global_conditional_density,123,152,onehot_l2,0.0,1e-06,9,"G=6,K=3",random_50k,50000,full_background_50k,additive_kan_bce,bce_pos_weight,0.01,frozen_default,True,4.5054,0.7463395330431342,0.4392974350601469,0.6117815532137494,0.2829411431854401,,,,406.5040650406504
SA,plant,sa19,pa_holdout,0,global_conditional_density,36,152,onehot_l2,0.0,1e-06,9,"G=6,K=3",random_50k,50000,full_background_50k,maxnet,maxnet_default,,maxnet_classes_lq,True,1.7442,0.8018648018648019,0.15496926292686825,0.618967046939075,0.1808269192724344,,,10000.0,
SA,plant,sa19,pa_holdout,0,global_conditional_density,36,152,onehot_l2,0.0,1e-06,9,"G=6,K=3",random_50k,50000,full_background_50k,additive_kan_ipp,ipp,0.01,frozen_default,True,4.7035,0.8383838383838385,0.20199642943364243,0.6984218578624174,0.24684366790914428,,,,
SA,plant,sa19,pa_holdout,0,global_conditional_density,36,152,onehot_l2,0.0,1e-06,9,"G=6,K=3",random_50k,50000,full_background_50k,gam_ipp,ipp,0.01,frozen_default,True,2.7312,0.8383838383838385,0.20199642943364243,0.6984218578624174,0.24088042307492946,,,,
SA,plant,sa19,pa_holdout,0,global_conditional_density,36,152,onehot_l2,0.0,1e-06,9,"G=6,K=3",random_50k,50000,full_background_50k,additive_kan_bce,bce_pos_weight,0.01,frozen_default,True,4.5119,0.8352758352758352,0.18322144632314513,0.666595098762931,0.2762833979575384,,,,1388.888888888889
SA,plant,sa20,pa_holdout,0,global_conditional_density,54,152,onehot_l2,0.0,1e-06,9,"G=6,K=3",random_50k,50000,full_background_50k,maxnet,maxnet_default,,maxnet_classes_lq,True,2.0287,0.652112676056338,0.09336173653140421,0.26333698592179056,0.1292160256499775,,,10000.0,
SA,plant,sa20,pa_holdout,0,global_conditional_density,54,152,onehot_l2,0.0,1e-06,9,"G=6,K=3",random_50k,50000,full_background_50k,additive_kan_ipp,ipp,0.01,frozen_default,True,4.7491,0.745774647887324,0.1678267373258372,0.5889776845737965,0.17582907815738893,,,,
SA,plant,sa20,pa_holdout,0,global_conditional_density,54,152,onehot_l2,0.0,1e-06,9,"G=6,K=3",random_50k,50000,full_background_50k,gam_ipp,ipp,0.01,frozen_default,True,2.6279,0.7450704225352113,0.16727444791436524,0.5872008262406992,0.17502483381379433,,,,
SA,plant,sa20,pa_holdout,0,global_conditional_density,54,152,onehot_l2,0.0,1e-06,9,"G=6,K=3",random_50k,50000,full_background_50k,additive_kan_bce,bce_pos_weight,0.01,frozen_default,True,4.474,0.723943661971831,0.15875867622502804,0.5496624504460251,0.16836922462037832,,,,925.925925925926
SA,plant,sa21,pa_holdout,0,global_conditional_density,27,152,onehot_l2,0.0,1e-06,9,"G=6,K=3",random_50k,50000,full_background_50k,maxnet,maxnet_default,,maxnet_classes_lq,True,1.5399,0.7985611510791367,0.28144020807685655,0.6556640318660918,0.2837605393377869,,,10000.0,
SA,plant,sa21,pa_holdout,0,global_conditional_density,27,152,onehot_l2,0.0,1e-06,9,"G=6,K=3",random_50k,50000,full_background_50k,additive_kan_ipp,ipp,0.01,frozen_default,True,4.6428,0.7769784172661871,0.22382219637119372,0.5783293336007999,0.24415949681618812,,,,
SA,plant,sa21,pa_holdout,0,global_conditional_density,27,152,onehot_l2,0.0,1e-06,9,"G=6,K=3",random_50k,50000,full_background_50k,gam_ipp,ipp,0.01,frozen_default,True,2.7582,0.7769784172661871,0.22382219637119372,0.5783293336007999,0.24413338290243183,,,,
SA,plant,sa21,pa_holdout,0,global_conditional_density,27,152,onehot_l2,0.0,1e-06,9,"G=6,K=3",random_50k,50000,full_background_50k,additive_kan_bce,bce_pos_weight,0.01,frozen_default,True,4.47,0.7244050913115662,0.2031241845970575,0.5090626572330419,0.2281005516139898,,,,1851.851851851852
SA,plant,sa22,pa_holdout,0,global_conditional_density,57,152,onehot_l2,0.0,1e-06,9,"G=6,K=3",random_50k,50000,full_background_50k,maxnet,maxnet_default,,maxnet_classes_lq,True,2.244,0.8768536428110896,0.24175256527580363,0.723858342418777,0.2874914224823125,,,10000.0,
SA,plant,sa22,pa_holdout,0,global_conditional_density,57,152,onehot_l2,0.0,1e-06,9,"G=6,K=3",random_50k,50000,full_background_50k,additive_kan_ipp,ipp,0.01,frozen_default,True,4.7691,0.8749194068343004,0.23410097696716003,0.6930118766545507,0.3432305774910976,,,,
SA,plant,sa22,pa_holdout,0,global_conditional_density,57,152,onehot_l2,0.0,1e-06,9,"G=6,K=3",random_50k,50000,full_background_50k,gam_ipp,ipp,0.01,frozen_default,True,2.6617,0.8749194068343004,0.23410097696716003,0.6930118766545507,0.34317320305317695,,,,
SA,plant,sa22,pa_holdout,0,global_conditional_density,57,152,onehot_l2,0.0,1e-06,9,"G=6,K=3",random_50k,50000,full_background_50k,additive_kan_bce,bce_pos_weight,0.01,frozen_default,True,4.4945,0.8716956802063185,0.2462864763324703,0.7399591058863733,0.35610324393800635,,,,877.1929824561404
SA,plant,sa23,pa_holdout,0,global_conditional_density,55,152,onehot_l2,0.0,1e-06,9,"G=6,K=3",random_50k,50000,full_background_50k,maxnet,maxnet_default,,maxnet_classes_lq,True,2.138,0.8854166666666666,0.21610298870855787,0.7399753361992946,0.26656342983598236,,,10000.0,
SA,plant,sa23,pa_holdout,0,global_conditional_density,55,152,onehot_l2,0.0,1e-06,9,"G=6,K=3",random_50k,50000,full_background_50k,additive_kan_ipp,ipp,0.01,frozen_default,True,4.6565,0.861111111111111,0.18089177199240264,0.6911899250440917,0.2425469626758241,,,,
SA,plant,sa23,pa_holdout,0,global_conditional_density,55,152,onehot_l2,0.0,1e-06,9,"G=6,K=3",random_50k,50000,full_background_50k,gam_ipp,ipp,0.01,frozen_default,True,2.7715,0.861111111111111,0.18089177199240264,0.6911899250440917,0.2411416122094439,,,,
SA,plant,sa23,pa_holdout,0,global_conditional_density,55,152,onehot_l2,0.0,1e-06,9,"G=6,K=3",random_50k,50000,full_background_50k,additive_kan_bce,bce_pos_weight,0.01,frozen_default,True,4.525,0.84375,0.18606207245913128,0.6892526455026454,0.2930468140925662,,,,909.0909090909091
SA,plant,sa24,pa_holdout,0,global_conditional_density,138,152,onehot_l2,0.0,1e-06,9,"G=6,K=3",random_50k,50000,full_background_50k,maxnet,maxnet_default,,maxnet_classes_lq,True,3.4157,0.7546346782988004,0.27860724032317374,0.5700889042223873,0.2921377898318119,,,10000.0,
SA,plant,sa24,pa_holdout,0,global_conditional_density,138,152,onehot_l2,0.0,1e-06,9,"G=6,K=3",random_50k,50000,full_background_50k,additive_kan_ipp,ipp,0.01,frozen_default,True,4.737,0.7393675027262814,0.2534985531819961,0.4912281520507423,0.2874659782637311,,,,
SA,plant,sa24,pa_holdout,0,global_conditional_density,138,152,onehot_l2,0.0,1e-06,9,"G=6,K=3",random_50k,50000,full_background_50k,gam_ipp,ipp,0.01,frozen_default,True,2.8232,0.7400945110868775,0.2541829793160779,0.4938361326786518,0.2874388992035415,,,,
SA,plant,sa24,pa_holdout,0,global_conditional_density,138,152,onehot_l2,0.0,1e-06,9,"G=6,K=3",random_50k,50000,full_background_50k,additive_kan_bce,bce_pos_weight,0.01,frozen_default,True,4.5302,0.702653580516176,0.24520357152845634,0.4734767480929263,0.2449564056145813,,,,362.3188405797101
SA,plant,sa25,pa_holdout,0,global_conditional_density,66,152,onehot_l2,0.0,1e-06,9,"G=6,K=3",random_50k,50000,full_background_50k,maxnet,maxnet_default,,maxnet_classes_lq,True,2.2384,0.6643356643356643,0.10055949622889229,0.38770242966047175,0.12260066198646023,,,10000.0,
SA,plant,sa25,pa_holdout,0,global_conditional_density,66,152,onehot_l2,0.0,1e-06,9,"G=6,K=3",random_50k,50000,full_background_50k,additive_kan_ipp,ipp,0.01,frozen_default,True,4.6338,0.735042735042735,0.15724006690463466,0.552883014421476,0.1659375765935047,,,,
SA,plant,sa25,pa_holdout,0,global_conditional_density,66,152,onehot_l2,0.0,1e-06,9,"G=6,K=3",random_50k,50000,full_background_50k,gam_ipp,ipp,0.01,frozen_default,True,2.7104,0.7342657342657342,0.15626238995036784,0.5495912013394532,0.16610037568837818,,,,
SA,plant,sa25,pa_holdout,0,global_conditional_density,66,152,onehot_l2,0.0,1e-06,9,"G=6,K=3",random_50k,50000,full_background_50k,additive_kan_bce,bce_pos_weight,0.01,frozen_default,True,4.5097,0.644133644133644,0.08716362491536901,0.29835153191796554,0.13126607584773273,,,,757.5757575757576
SA,plant,sa26,pa_holdout,0,global_conditional_density,216,152,onehot_l2,0.0,1e-06,9,"G=6,K=3",random_50k,50000,full_background_50k,maxnet,maxnet_default,,maxnet_classes_lq,True,4.6041,0.5943703703703704,0.2707526701319796,0.2753057769041303,0.12587616868605683,,,10000.0,
SA,plant,sa26,pa_holdout,0,global_conditional_density,216,152,onehot_l2,0.0,1e-06,9,"G=6,K=3",random_50k,50000,full_background_50k,additive_kan_ipp,ipp,0.01,frozen_default,True,4.8264,0.6391111111111111,0.3277193937154752,0.3576066642453237,0.19974962437077307,,,,
SA,plant,sa26,pa_holdout,0,global_conditional_density,216,152,onehot_l2,0.0,1e-06,9,"G=6,K=3",random_50k,50000,full_background_50k,gam_ipp,ipp,0.01,frozen_default,True,2.6937,0.6391111111111111,0.3277193937154752,0.3576066642453237,0.19975594503166347,,,,
SA,plant,sa26,pa_holdout,0,global_conditional_density,216,152,onehot_l2,0.0,1e-06,9,"G=6,K=3",random_50k,50000,full_background_50k,additive_kan_bce,bce_pos_weight,0.01,frozen_default,True,4.4869,0.6438518518518519,0.32704325055235806,0.3588328284795436,0.21872218719025838,,,,231.4814814814815
SA,plant,sa27,pa_holdout,0,global_conditional_density,38,152,onehot_l2,0.0,1e-06,9,"G=6,K=3",random_50k,50000,full_background_50k,maxnet,maxnet_default,,maxnet_classes_lq,True,1.7939,0.8205128205128205,0.24931897951699933,0.7262075919418577,0.2571201521318817,,,10000.0,
SA,plant,sa27,pa_holdout,0,global_conditional_density,38,152,onehot_l2,0.0,1e-06,9,"G=6,K=3",random_50k,50000,full_background_50k,additive_kan_ipp,ipp,0.01,frozen_default,True,4.6702,0.8741258741258742,0.4970247624425442,0.7989991360620732,0.29123982004912563,,,,
SA,plant,sa27,pa_holdout,0,global_conditional_density,38,152,onehot_l2,0.0,1e-06,9,"G=6,K=3",random_50k,50000,full_background_50k,gam_ipp,ipp,0.01,frozen_default,True,2.735,0.8733488733488735,0.4967558910302971,0.7980699952727924,0.29165930251623856,,,,
SA,plant,sa27,pa_holdout,0,global_conditional_density,38,152,onehot_l2,0.0,1e-06,9,"G=6,K=3",random_50k,50000,full_background_50k,additive_kan_bce,bce_pos_weight,0.01,frozen_default,True,4.5983,0.8399378399378399,0.4948714178485806,0.7786317800303814,0.33946392530047814,,,,1315.7894736842106
SA,plant,sa28,pa_holdout,0,global_conditional_density,43,152,onehot_l2,0.0,1e-06,9,"G=6,K=3",random_50k,50000,full_background_50k,maxnet,maxnet_default,,maxnet_classes_lq,True,1.8809,0.6676056338028169,0.17620157626327532,0.5036226750172397,0.08939046974394065,,,10000.0,
SA,plant,sa28,pa_holdout,0,global_conditional_density,43,152,onehot_l2,0.0,1e-06,9,"G=6,K=3",random_50k,50000,full_background_50k,additive_kan_ipp,ipp,0.01,frozen_default,True,4.6552,0.6978873239436619,0.28015679113802205,0.5846462184688727,0.1292103069940627,,,,
SA,plant,sa28,pa_holdout,0,global_conditional_density,43,152,onehot_l2,0.0,1e-06,9,"G=6,K=3",random_50k,50000,full_background_50k,gam_ipp,ipp,0.01,frozen_default,True,2.8316,0.6964788732394366,0.27999325341283415,0.5826270612721713,0.12860294149785162,,,,
SA,plant,sa28,pa_holdout,0,global_conditional_density,43,152,onehot_l2,0.0,1e-06,9,"G=6,K=3",random_50k,50000,full_background_50k,additive_kan_bce,bce_pos_weight,0.01,frozen_default,True,4.5436,0.7140845070422535,0.20202357978861402,0.5727107559283715,0.22907250985482613,,,,1162.7906976744187
SA,plant,sa29,pa_holdout,0,global_conditional_density,61,152,onehot_l2,0.0,1e-06,9,"G=6,K=3",random_50k,50000,full_background_50k,maxnet,maxnet_default,,maxnet_classes_lq,True,2.12,0.7692307692307693,0.21260101010101012,0.6102065766401431,0.1943859575568705,,,10000.0,
SA,plant,sa29,pa_holdout,0,global_conditional_density,61,152,onehot_l2,0.0,1e-06,9,"G=6,K=3",random_50k,50000,full_background_50k,additive_kan_ipp,ipp,0.01,frozen_default,True,4.6383,0.7552447552447552,0.21574250049859806,0.5951515462004973,0.17273231919511325,,,,
SA,plant,sa29,pa_holdout,0,global_conditional_density,61,152,onehot_l2,0.0,1e-06,9,"G=6,K=3",random_50k,50000,full_background_50k,gam_ipp,ipp,0.01,frozen_default,True,2.6939,0.7552447552447552,0.21574250049859806,0.5951515462004973,0.16794791630210743,,,,
SA,plant,sa29,pa_holdout,0,global_conditional_density,61,152,onehot_l2,0.0,1e-06,9,"G=6,K=3",random_50k,50000,full_background_50k,additive_kan_bce,bce_pos_weight,0.01,frozen_default,True,4.5085,0.7272727272727273,0.19485549668229413,0.5595846267174939,0.19918975164286815,,,,819.672131147541
SA,plant,sa30,pa_holdout,0,global_conditional_density,88,152,onehot_l2,0.0,1e-06,9,"G=6,K=3",random_50k,50000,full_background_50k,maxnet,maxnet_default,,maxnet_classes_lq,True,2.5701,0.6699507389162562,0.07201229409515986,0.2760459770114943,0.13976214931023936,,,10000.0,
SA,plant,sa30,pa_holdout,0,global_conditional_density,88,152,onehot_l2,0.0,1e-06,9,"G=6,K=3",random_50k,50000,full_background_50k,additive_kan_ipp,ipp,0.01,frozen_default,True,4.5912,0.5990147783251232,0.06029560501610191,0.1932855444199083,0.06947472607057575,,,,
SA,plant,sa30,pa_holdout,0,global_conditional_density,88,152,onehot_l2,0.0,1e-06,9,"G=6,K=3",random_50k,50000,full_background_50k,gam_ipp,ipp,0.01,frozen_default,True,2.8263,0.5891625615763547,0.0593507826427081,0.18812162391710552,0.06546655277694946,,,,
SA,plant,sa30,pa_holdout,0,global_conditional_density,88,152,onehot_l2,0.0,1e-06,9,"G=6,K=3",random_50k,50000,full_background_50k,additive_kan_bce,bce_pos_weight,0.01,frozen_default,True,4.5479,0.5733990147783251,0.05668534498197635,0.10229726516052322,0.021768117052740486,,,,568.1818181818181
SWI,tree,swi01,pa_holdout,0,global_conditional_density,482,10013,onehot_l2,0.0,1e-06,9,"G=6,K=3",random_50k,50000,full_background_50k,maxnet,maxnet_default,,maxnet_classes_lq,True,17.442,0.8185966779314339,0.05730484968061497,0.7191269366534258,0.11566771219983402,,,10000.0,
SWI,tree,swi01,pa_holdout,0,global_conditional_density,482,10013,onehot_l2,0.0,1e-06,9,"G=6,K=3",random_50k,50000,full_background_50k,additive_kan_ipp,ipp,0.01,frozen_default,True,6.7863,0.8400601164969405,0.06970182288288523,0.7575396847099563,0.11307797320965207,,,,
SWI,tree,swi01,pa_holdout,0,global_conditional_density,482,10013,onehot_l2,0.0,1e-06,9,"G=6,K=3",random_50k,50000,full_background_50k,gam_ipp,ipp,0.01,frozen_default,True,4.3936,0.8401506874904476,0.0696595641124262,0.757131786091293,0.11186083012566002,,,,
SWI,tree,swi01,pa_holdout,0,global_conditional_density,482,10013,onehot_l2,0.0,1e-06,9,"G=6,K=3",random_50k,50000,full_background_50k,additive_kan_bce,bce_pos_weight,0.01,frozen_default,True,6.8926,0.8288802594858965,0.05077864138437851,0.7248927304062721,0.08744032283375495,,,,103.7344398340249
SWI,tree,swi02,pa_holdout,0,global_conditional_density,1245,10013,onehot_l2,0.0,1e-06,9,"G=6,K=3",random_50k,50000,full_background_50k,maxnet,maxnet_default,,maxnet_classes_lq,True,43.0286,0.7328938505804696,0.0761982454786531,0.5578730543974056,0.13966203762814094,,,10000.0,
SWI,tree,swi02,pa_holdout,0,global_conditional_density,1245,10013,onehot_l2,0.0,1e-06,9,"G=6,K=3",random_50k,50000,full_background_50k,additive_kan_ipp,ipp,0.01,frozen_default,True,6.9609,0.7515997886061476,0.07919842841682824,0.5847019972837461,0.14053214614657913,,,,
SWI,tree,swi02,pa_holdout,0,global_conditional_density,1245,10013,onehot_l2,0.0,1e-06,9,"G=6,K=3",random_50k,50000,full_background_50k,gam_ipp,ipp,0.01,frozen_default,True,4.3491,0.7516308759373693,0.07925625836065647,0.5845935299286105,0.1399327238412819,,,,
SWI,tree,swi02,pa_holdout,0,global_conditional_density,1245,10013,onehot_l2,0.0,1e-06,9,"G=6,K=3",random_50k,50000,full_background_50k,additive_kan_bce,bce_pos_weight,0.01,frozen_default,True,6.9829,0.7488551226740632,0.08188844515518431,0.5856118049851706,0.14538064899268244,,,,40.16064257028113
SWI,tree,swi03,pa_holdout,0,global_conditional_density,291,10013,onehot_l2,0.0,1e-06,9,"G=6,K=3",random_50k,50000,full_background_50k,maxnet,maxnet_default,,maxnet_classes_lq,True,11.2173,0.6901658150707508,0.03857569502913432,0.4573657727447531,0.07615734691267949,,,10000.0,
SWI,tree,swi03,pa_holdout,0,global_conditional_density,291,10013,onehot_l2,0.0,1e-06,9,"G=6,K=3",random_50k,50000,full_background_50k,additive_kan_ipp,ipp,0.01,frozen_default,True,6.9386,0.6986506211822654,0.046225069606839336,0.467836902251626,0.06795991491721548,,,,
SWI,tree,swi03,pa_holdout,0,global_conditional_density,291,10013,onehot_l2,0.0,1e-06,9,"G=6,K=3",random_50k,50000,full_background_50k,gam_ipp,ipp,0.01,frozen_default,True,4.1752,0.6980763111747172,0.046170253106288556,0.46682767315291085,0.0669041192862177,,,,
SWI,tree,swi03,pa_holdout,0,global_conditional_density,291,10013,onehot_l2,0.0,1e-06,9,"G=6,K=3",random_50k,50000,full_background_50k,additive_kan_bce,bce_pos_weight,0.01,frozen_default,True,6.9221,0.7003599960618743,0.04945214787479698,0.48674286443471615,0.0759273462959593,,,,171.82130584192439
SWI,tree,swi04,pa_holdout,0,global_conditional_density,710,10013,onehot_l2,0.0,1e-06,9,"G=6,K=3",random_50k,50000,full_background_50k,maxnet,maxnet_default,,maxnet_classes_lq,True,25.0635,0.851857419741699,0.07267506802252083,0.7648161275532209,0.1406010831441417,,,10000.0,
SWI,tree,swi04,pa_holdout,0,global_conditional_density,710,10013,onehot_l2,0.0,1e-06,9,"G=6,K=3",random_50k,50000,full_background_50k,additive_kan_ipp,ipp,0.01,frozen_default,True,6.7757,0.869847271837783,0.07869216108339663,0.7960037180609267,0.107685536517683,,,,
SWI,tree,swi04,pa_holdout,0,global_conditional_density,710,10013,onehot_l2,0.0,1e-06,9,"G=6,K=3",random_50k,50000,full_background_50k,gam_ipp,ipp,0.01,frozen_default,True,4.2008,0.869778475368316,0.07860203794460563,0.7942064508467191,0.10398919160397693,,,,
SWI,tree,swi04,pa_holdout,0,global_conditional_density,710,10013,onehot_l2,0.0,1e-06,9,"G=6,K=3",random_50k,50000,full_background_50k,additive_kan_bce,bce_pos_weight,0.01,frozen_default,True,6.8077,0.8626168478307029,0.0687571368462506,0.7779569458210193,0.11343225916982977,,,,70.4225352112676
SWI,tree,swi05,pa_holdout,0,global_conditional_density,91,10013,onehot_l2,0.0,1e-06,9,"G=6,K=3",random_50k,50000,full_background_50k,maxnet,maxnet_default,,maxnet_classes_lq,True,5.0275,0.9877043782034761,0.3705839068209862,0.9485709412559924,0.15519928125033652,,,10000.0,
SWI,tree,swi05,pa_holdout,0,global_conditional_density,91,10013,onehot_l2,0.0,1e-06,9,"G=6,K=3",random_50k,50000,full_background_50k,additive_kan_ipp,ipp,0.01,frozen_default,True,7.0771,0.984606133493686,0.468497061181171,0.9505995397585968,0.11330668478440721,,,,
SWI,tree,swi05,pa_holdout,0,global_conditional_density,91,10013,onehot_l2,0.0,1e-06,9,"G=6,K=3",random_50k,50000,full_background_50k,gam_ipp,ipp,0.01,frozen_default,True,4.0865,0.984674856112018,0.4672609564948565,0.9506249223309711,0.10679251537389817,,,,
SWI,tree,swi05,pa_holdout,0,global_conditional_density,91,10013,onehot_l2,0.0,1e-06,9,"G=6,K=3",random_50k,50000,full_background_50k,additive_kan_bce,bce_pos_weight,0.01,frozen_default,True,6.8586,0.9851816854222145,0.34036361352006883,0.9492936161353421,0.10848923902507926,,,,549.4505494505495
SWI,tree,swi06,pa_holdout,0,global_conditional_density,5822,10013,onehot_l2,0.0,1e-06,9,"G=6,K=3",random_50k,50000,full_background_50k,maxnet,maxnet_default,,maxnet_classes_lq,True,196.7614,0.6841856479875617,0.8085572369409861,0.24242488969629578,0.28846575037016864,,,10000.0,
SWI,tree,swi06,pa_holdout,0,global_conditional_density,5822,10013,onehot_l2,0.0,1e-06,9,"G=6,K=3",random_50k,50000,full_background_50k,additive_kan_ipp,ipp,0.01,frozen_default,True,7.6336,0.7096808731642616,0.8301710793599939,0.30848242762508854,0.35535090726918456,,,,
SWI,tree,swi06,pa_holdout,0,global_conditional_density,5822,10013,onehot_l2,0.0,1e-06,9,"G=6,K=3",random_50k,50000,full_background_50k,gam_ipp,ipp,0.01,frozen_default,True,4.6693,0.7095722070409256,0.8301326509565428,0.3083151382140171,0.3551892706413081,,,,
SWI,tree,swi06,pa_holdout,0,global_conditional_density,5822,10013,onehot_l2,0.0,1e-06,9,"G=6,K=3",random_50k,50000,full_background_50k,additive_kan_bce,bce_pos_weight,0.01,frozen_default,True,7.6155,0.7063394368725966,0.8277449246303337,0.2994340264802699,0.35338667658539374,,,,8.588114050154585
SWI,tree,swi07,pa_holdout,0,global_conditional_density,857,10013,onehot_l2,0.0,1e-06,9,"G=6,K=3",random_50k,50000,full_background_50k,maxnet,maxnet_default,,maxnet_classes_lq,True,30.1457,0.8984321876774128,0.1508910528154412,0.8352846589471993,0.21416293550952462,,,10000.0,
SWI,tree,swi07,pa_holdout,0,global_conditional_density,857,10013,onehot_l2,0.0,1e-06,9,"G=6,K=3",random_50k,50000,full_background_50k,additive_kan_ipp,ipp,0.01,frozen_default,True,7.109,0.9099145105681721,0.16303961091300423,0.8553238302101918,0.2062538790387733,,,,
SWI,tree,swi07,pa_holdout,0,global_conditional_density,857,10013,onehot_l2,0.0,1e-06,9,"G=6,K=3",random_50k,50000,full_background_50k,gam_ipp,ipp,0.01,frozen_default,True,4.2797,0.909912210239041,0.1634092588452618,0.8553180948422872,0.20646617308193824,,,,
SWI,tree,swi07,pa_holdout,0,global_conditional_density,857,10013,onehot_l2,0.0,1e-06,9,"G=6,K=3",random_50k,50000,full_background_50k,additive_kan_bce,bce_pos_weight,0.01,frozen_default,True,6.8807,0.9120381744219963,0.15751987383585328,0.8546081526824032,0.20132623214800544,,,,58.343057176196034
SWI,tree,swi08,pa_holdout,0,global_conditional_density,1452,10013,onehot_l2,0.0,1e-06,9,"G=6,K=3",random_50k,50000,full_background_50k,maxnet,maxnet_default,,maxnet_classes_lq,True,49.9387,0.8329519033247507,0.16819342840312135,0.7186767565843657,0.24448828833041486,,,10000.0,
SWI,tree,swi08,pa_holdout,0,global_conditional_density,1452,10013,onehot_l2,0.0,1e-06,9,"G=6,K=3",random_50k,50000,full_background_50k,additive_kan_ipp,ipp,0.01,frozen_default,True,7.0302,0.8513528783785684,0.21367124315240382,0.7600806288057943,0.24744652705913503,,,,
SWI,tree,swi08,pa_holdout,0,global_conditional_density,1452,10013,onehot_l2,0.0,1e-06,9,"G=6,K=3",random_50k,50000,full_background_50k,gam_ipp,ipp,0.01,frozen_default,True,4.2397,0.8514183920054029,0.21355587876923737,0.7600668167773625,0.2472629091292822,,,,
SWI,tree,swi08,pa_holdout,0,global_conditional_density,1452,10013,onehot_l2,0.0,1e-06,9,"G=6,K=3",random_50k,50000,full_background_50k,additive_kan_bce,bce_pos_weight,0.01,frozen_default,True,6.9442,0.8413255561183571,0.1831033971807888,0.7345281741631453,0.24852854418675643,,,,34.43526170798898
SWI,tree,swi09,pa_holdout,0,global_conditional_density,937,10013,onehot_l2,0.0,1e-06,9,"G=6,K=3",random_50k,50000,full_background_50k,maxnet,maxnet_default,,maxnet_classes_lq,True,32.8384,0.7806286279492396,0.09768176601138798,0.63078008056236,0.16600499340331798,,,10000.0,
SWI,tree,swi09,pa_holdout,0,global_conditional_density,937,10013,onehot_l2,0.0,1e-06,9,"G=6,K=3",random_50k,50000,full_background_50k,additive_kan_ipp,ipp,0.01,frozen_default,True,7.1246,0.7891572754921824,0.09958325126610068,0.6435309374919118,0.15628736336483157,,,,
SWI,tree,swi09,pa_holdout,0,global_conditional_density,937,10013,onehot_l2,0.0,1e-06,9,"G=6,K=3",random_50k,50000,full_background_50k,gam_ipp,ipp,0.01,frozen_default,True,4.4264,0.7890239575106167,0.09932800171780778,0.6429267623534598,0.15482167383131495,,,,
SWI,tree,swi09,pa_holdout,0,global_conditional_density,937,10013,onehot_l2,0.0,1e-06,9,"G=6,K=3",random_50k,50000,full_background_50k,additive_kan_bce,bce_pos_weight,0.01,frozen_default,True,6.8808,0.7877917761658423,0.10170986027094125,0.6460818273612687,0.15917490142663157,,,,53.36179295624333
SWI,tree,swi10,pa_holdout,0,global_conditional_density,2830,10013,onehot_l2,0.0,1e-06,9,"G=6,K=3",random_50k,50000,full_background_50k,maxnet,maxnet_default,,maxnet_classes_lq,True,96.1265,0.7335492078177402,0.25472070970890065,0.5048230094604162,0.270403995241265,,,10000.0,
SWI,tree,swi10,pa_holdout,0,global_conditional_density,2830,10013,onehot_l2,0.0,1e-06,9,"G=6,K=3",random_50k,50000,full_background_50k,additive_kan_ipp,ipp,0.01,frozen_default,True,7.3484,0.7579115362753287,0.27114906616247675,0.545345348387063,0.281739138216478,,,,
SWI,tree,swi10,pa_holdout,0,global_conditional_density,2830,10013,onehot_l2,0.0,1e-06,9,"G=6,K=3",random_50k,50000,full_background_50k,gam_ipp,ipp,0.01,frozen_default,True,4.3653,0.7576958198249513,0.27085456187824275,0.5448516259711896,0.28179605497852794,,,,
SWI,tree,swi10,pa_holdout,0,global_conditional_density,2830,10013,onehot_l2,0.0,1e-06,9,"G=6,K=3",random_50k,50000,full_background_50k,additive_kan_bce,bce_pos_weight,0.01,frozen_default,True,7.2799,0.7535731635189957,0.2685089961957826,0.5385787773138553,0.28167793708987005,,,,17.6678445229682
SWI,tree,swi11,pa_holdout,0,global_conditional_density,749,10013,onehot_l2,0.0,1e-06,9,"G=6,K=3",random_50k,50000,full_background_50k,maxnet,maxnet_default,,maxnet_classes_lq,True,26.488,0.8425537778398814,0.05053457218702274,0.7386032317709813,0.12330379191665258,,,10000.0,
SWI,tree,swi11,pa_holdout,0,global_conditional_density,749,10013,onehot_l2,0.0,1e-06,9,"G=6,K=3",random_50k,50000,full_background_50k,additive_kan_ipp,ipp,0.01,frozen_default,True,7.0086,0.8587104186559228,0.0586142648636729,0.7684506537935315,0.1107492097883622,,,,
SWI,tree,swi11,pa_holdout,0,global_conditional_density,749,10013,onehot_l2,0.0,1e-06,9,"G=6,K=3",random_50k,50000,full_background_50k,gam_ipp,ipp,0.01,frozen_default,True,5.2475,0.858691011279567,0.05888098138005934,0.7684784751297724,0.10970066461648198,,,,
SWI,tree,swi11,pa_holdout,0,global_conditional_density,749,10013,onehot_l2,0.0,1e-06,9,"G=6,K=3",random_50k,50000,full_background_50k,additive_kan_bce,bce_pos_weight,0.01,frozen_default,True,7.6039,0.8487631679048572,0.05437158956327594,0.7530352096008468,0.11334640786459303,,,,66.75567423230974
SWI,tree,swi12,pa_holdout,0,global_conditional_density,37,10013,onehot_l2,0.0,1e-06,9,"G=6,K=3",random_50k,50000,full_background_50k,maxnet,maxnet_default,,maxnet_classes_lq,True,2.7398,0.6977184028820174,0.008976435156602054,0.5002753124954531,0.03193206349253334,,,10000.0,
SWI,tree,swi12,pa_holdout,0,global_conditional_density,37,10013,onehot_l2,0.0,1e-06,9,"G=6,K=3",random_50k,50000,full_background_50k,additive_kan_ipp,ipp,0.01,frozen_default,True,7.3946,0.6814470129090363,0.013261943703124418,0.47930622795764316,0.028114801406950284,,,,
SWI,tree,swi12,pa_holdout,0,global_conditional_density,37,10013,onehot_l2,0.0,1e-06,9,"G=6,K=3",random_50k,50000,full_background_50k,gam_ipp,ipp,0.01,frozen_default,True,4.2672,0.6807265085559892,0.013250400347264497,0.4803582747689648,0.027952001578401914,,,,
SWI,tree,swi12,pa_holdout,0,global_conditional_density,37,10013,onehot_l2,0.0,1e-06,9,"G=6,K=3",random_50k,50000,full_background_50k,additive_kan_bce,bce_pos_weight,0.01,frozen_default,True,7.5557,0.6623986790753528,0.005437690742468406,0.39305237088253986,0.022730274024485356,,,,1351.3513513513512
SWI,tree,swi13,pa_holdout,0,global_conditional_density,3357,10013,onehot_l2,0.0,1e-06,9,"G=6,K=3",random_50k,50000,full_background_50k,maxnet,maxnet_default,,maxnet_classes_lq,True,125.1361,0.7256081818763056,0.5458898376151876,0.46858215972449324,0.3230738684119672,,,10000.0,
SWI,tree,swi13,pa_holdout,0,global_conditional_density,3357,10013,onehot_l2,0.0,1e-06,9,"G=6,K=3",random_50k,50000,full_background_50k,additive_kan_ipp,ipp,0.01,frozen_default,True,8.9231,0.7470071663267084,0.5575258151862819,0.5032536921150004,0.3477179646980716,,,,
SWI,tree,swi13,pa_holdout,0,global_conditional_density,3357,10013,onehot_l2,0.0,1e-06,9,"G=6,K=3",random_50k,50000,full_background_50k,gam_ipp,ipp,0.01,frozen_default,True,4.5573,0.7469203895047345,0.5575644243985014,0.5031375681576802,0.33650612473604774,,,,
SWI,tree,swi13,pa_holdout,0,global_conditional_density,3357,10013,onehot_l2,0.0,1e-06,9,"G=6,K=3",random_50k,50000,full_background_50k,additive_kan_bce,bce_pos_weight,0.01,frozen_default,True,7.4317,0.7440345880722246,0.5475533560979127,0.49961792165319435,0.36981382361312604,,,,14.894250819183796
SWI,tree,swi14,pa_holdout,0,global_conditional_density,2142,10013,onehot_l2,0.0,1e-06,9,"G=6,K=3",random_50k,50000,full_background_50k,maxnet,maxnet_default,,maxnet_classes_lq,True,76.1601,0.7790617718189771,0.26927425906904534,0.6244577142985445,0.2748718790886252,,,10000.0,
SWI,tree,swi14,pa_holdout,0,global_conditional_density,2142,10013,onehot_l2,0.0,1e-06,9,"G=6,K=3",random_50k,50000,full_background_50k,additive_kan_ipp,ipp,0.01,frozen_default,True,8.3003,0.8004853879991808,0.302576722682879,0.6658323762527064,0.28967304644529834,,,,
SWI,tree,swi14,pa_holdout,0,global_conditional_density,2142,10013,onehot_l2,0.0,1e-06,9,"G=6,K=3",random_50k,50000,full_background_50k,gam_ipp,ipp,0.01,frozen_default,True,4.6186,0.8004317452126076,0.3021643132469949,0.6656585389112202,0.28971732217328855,,,,
SWI,tree,swi14,pa_holdout,0,global_conditional_density,2142,10013,onehot_l2,0.0,1e-06,9,"G=6,K=3",random_50k,50000,full_background_50k,additive_kan_bce,bce_pos_weight,0.01,frozen_default,True,7.3597,0.7969346655757038,0.29039220736504,0.6569962518296704,0.2956287019760512,,,,23.34267040149393
SWI,tree,swi15,pa_holdout,0,global_conditional_density,297,10013,onehot_l2,0.0,1e-06,9,"G=6,K=3",random_50k,50000,full_background_50k,maxnet,maxnet_default,,maxnet_classes_lq,True,12.1344,0.7746357794991033,0.05803755965417389,0.6539639146972468,0.11167022976754072,,,10000.0,
SWI,tree,swi15,pa_holdout,0,global_conditional_density,297,10013,onehot_l2,0.0,1e-06,9,"G=6,K=3",random_50k,50000,full_background_50k,additive_kan_ipp,ipp,0.01,frozen_default,True,7.4438,0.7904631111070822,0.049901927233192804,0.6656219028703467,0.10114310309653263,,,,
SWI,tree,swi15,pa_holdout,0,global_conditional_density,297,10013,onehot_l2,0.0,1e-06,9,"G=6,K=3",random_50k,50000,full_background_50k,gam_ipp,ipp,0.01,frozen_default,True,5.7735,0.790431383924592,0.04979986095236216,0.665774901927461,0.09977428646085623,,,,
SWI,tree,swi15,pa_holdout,0,global_conditional_density,297,10013,onehot_l2,0.0,1e-06,9,"G=6,K=3",random_50k,50000,full_background_50k,additive_kan_bce,bce_pos_weight,0.01,frozen_default,True,7.1162,0.7869157099410328,0.04547736474709593,0.6479875628735015,0.09180662958189863,,,,168.35016835016836
SWI,tree,swi16,pa_holdout,0,global_conditional_density,734,10013,onehot_l2,0.0,1e-06,9,"G=6,K=3",random_50k,50000,full_background_50k,maxnet,maxnet_default,,maxnet_classes_lq,True,26.3837,0.8243075351858725,0.13332019084850602,0.6917677123806517,0.21938687826610334,,,10000.0,
SWI,tree,swi16,pa_holdout,0,global_conditional_density,734,10013,onehot_l2,0.0,1e-06,9,"G=6,K=3",random_50k,50000,full_background_50k,additive_kan_ipp,ipp,0.01,frozen_default,True,7.3045,0.837806749475535,0.14152807725941086,0.7182739224615462,0.21398758322730535,,,,
SWI,tree,swi16,pa_holdout,0,global_conditional_density,734,10013,onehot_l2,0.0,1e-06,9,"G=6,K=3",random_50k,50000,full_background_50k,gam_ipp,ipp,0.01,frozen_default,True,4.2543,0.8377572642013523,0.14273275767954774,0.7183989464992775,0.21385702444691976,,,,
SWI,tree,swi16,pa_holdout,0,global_conditional_density,734,10013,onehot_l2,0.0,1e-06,9,"G=6,K=3",random_50k,50000,full_background_50k,additive_kan_bce,bce_pos_weight,0.01,frozen_default,True,7.4503,0.8326044784173134,0.13622802825741054,0.7062787881574457,0.20228083151200993,,,,68.11989100817439
SWI,tree,swi17,pa_holdout,0,global_conditional_density,458,10013,onehot_l2,0.0,1e-06,9,"G=6,K=3",random_50k,50000,full_background_50k,maxnet,maxnet_default,,maxnet_classes_lq,True,18.3378,0.9864636651344534,0.7193171799982531,0.9796332134420433,0.4197321047386698,,,10000.0,
SWI,tree,swi17,pa_holdout,0,global_conditional_density,458,10013,onehot_l2,0.0,1e-06,9,"G=6,K=3",random_50k,50000,full_background_50k,additive_kan_ipp,ipp,0.01,frozen_default,True,7.5418,0.9826471828017423,0.6934985439322902,0.9746780138610871,0.39969808706005205,,,,
SWI,tree,swi17,pa_holdout,0,global_conditional_density,458,10013,onehot_l2,0.0,1e-06,9,"G=6,K=3",random_50k,50000,full_background_50k,gam_ipp,ipp,0.01,frozen_default,True,4.4901,0.9827385134185753,0.6928709540285551,0.9746824961106437,0.3969269781773697,,,,
SWI,tree,swi17,pa_holdout,0,global_conditional_density,458,10013,onehot_l2,0.0,1e-06,9,"G=6,K=3",random_50k,50000,full_background_50k,additive_kan_bce,bce_pos_weight,0.01,frozen_default,True,7.3135,0.9782770295135055,0.684008198610408,0.9706263818579264,0.30881490664642663,,,,109.17030567685589
SWI,tree,swi18,pa_holdout,0,global_conditional_density,382,10013,onehot_l2,0.0,1e-06,9,"G=6,K=3",random_50k,50000,full_background_50k,maxnet,maxnet_default,,maxnet_classes_lq,True,14.4011,0.938835871248007,0.04210617663973624,0.8526187837154082,0.0931035198275309,,,10000.0,
SWI,tree,swi18,pa_holdout,0,global_conditional_density,382,10013,onehot_l2,0.0,1e-06,9,"G=6,K=3",random_50k,50000,full_background_50k,additive_kan_ipp,ipp,0.01,frozen_default,True,7.3433,0.9306290485323228,0.030365612260511987,0.8408077566942899,0.0702402605357985,,,,
SWI,tree,swi18,pa_holdout,0,global_conditional_density,382,10013,onehot_l2,0.0,1e-06,9,"G=6,K=3",random_50k,50000,full_background_50k,gam_ipp,ipp,0.01,frozen_default,True,4.4025,0.9325931403131764,0.030509672093642345,0.8452190723706341,0.06863271702241691,,,,
SWI,tree,swi18,pa_holdout,0,global_conditional_density,382,10013,onehot_l2,0.0,1e-06,9,"G=6,K=3",random_50k,50000,full_background_50k,additive_kan_bce,bce_pos_weight,0.01,frozen_default,True,7.1454,0.9382697506758786,0.059731147676808365,0.8601770365335822,0.06978677503571476,,,,130.89005235602093
SWI,tree,swi19,pa_holdout,0,global_conditional_density,36,10013,onehot_l2,0.0,1e-06,9,"G=6,K=3",random_50k,50000,full_background_50k,maxnet,maxnet_default,,maxnet_classes_lq,True,2.9024,0.9079026363186332,0.02328024083981272,0.7983882814176313,0.06619335691560645,,,10000.0,
SWI,tree,swi19,pa_holdout,0,global_conditional_density,36,10013,onehot_l2,0.0,1e-06,9,"G=6,K=3",random_50k,50000,full_background_50k,additive_kan_ipp,ipp,0.01,frozen_default,True,6.8968,0.871675636961124,0.020193489349897103,0.7542447160342403,0.05550989241119833,,,,
SWI,tree,swi19,pa_holdout,0,global_conditional_density,36,10013,onehot_l2,0.0,1e-06,9,"G=6,K=3",random_50k,50000,full_background_50k,gam_ipp,ipp,0.01,frozen_default,True,4.2388,0.8719284202100207,0.02018234767861104,0.7602272685392928,0.055531427018325315,,,,
SWI,tree,swi19,pa_holdout,0,global_conditional_density,36,10013,onehot_l2,0.0,1e-06,9,"G=6,K=3",random_50k,50000,full_background_50k,additive_kan_bce,bce_pos_weight,0.01,frozen_default,True,6.7947,0.8752251350810486,0.016154180312965893,0.7526562381180741,0.05848602376251915,,,,1388.888888888889
SWI,tree,swi20,pa_holdout,0,global_conditional_density,613,10013,onehot_l2,0.0,1e-06,9,"G=6,K=3",random_50k,50000,full_background_50k,maxnet,maxnet_default,,maxnet_classes_lq,True,21.8359,0.7402539012045838,0.056193502133663614,0.5061390907951855,0.133820414492179,,,10000.0,
SWI,tree,swi20,pa_holdout,0,global_conditional_density,613,10013,onehot_l2,0.0,1e-06,9,"G=6,K=3",random_50k,50000,full_background_50k,additive_kan_ipp,ipp,0.01,frozen_default,True,8.4679,0.7548106460329642,0.05911551944756868,0.5404704784139464,0.1347056526830952,,,,
SWI,tree,swi20,pa_holdout,0,global_conditional_density,613,10013,onehot_l2,0.0,1e-06,9,"G=6,K=3",random_50k,50000,full_background_50k,gam_ipp,ipp,0.01,frozen_default,True,5.1515,0.7548299636147666,0.059092101324432336,0.5399773117782345,0.1340807619582679,,,,
SWI,tree,swi20,pa_holdout,0,global_conditional_density,613,10013,onehot_l2,0.0,1e-06,9,"G=6,K=3",random_50k,50000,full_background_50k,additive_kan_bce,bce_pos_weight,0.01,frozen_default,True,7.5625,0.7493593002035542,0.06221230432471062,0.5413162498381592,0.12259713429012661,,,,81.56606851549755
SWI,tree,swi21,pa_holdout,0,global_conditional_density,426,10013,onehot_l2,0.0,1e-06,9,"G=6,K=3",random_50k,50000,full_background_50k,maxnet,maxnet_default,,maxnet_classes_lq,True,16.4541,0.6863270361776338,0.041613159013632814,0.437503714338156,0.09121438228519722,,,10000.0,
SWI,tree,swi21,pa_holdout,0,global_conditional_density,426,10013,onehot_l2,0.0,1e-06,9,"G=6,K=3",random_50k,50000,full_background_50k,additive_kan_ipp,ipp,0.01,frozen_default,True,7.2584,0.7231887468441253,0.05964450826210502,0.5402678364821492,0.11083404497432725,,,,
SWI,tree,swi21,pa_holdout,0,global_conditional_density,426,10013,onehot_l2,0.0,1e-06,9,"G=6,K=3",random_50k,50000,full_background_50k,gam_ipp,ipp,0.01,frozen_default,True,4.2658,0.723099360798564,0.059546044671094464,0.5396204926597982,0.11104609567950674,,,,
SWI,tree,swi21,pa_holdout,0,global_conditional_density,426,10013,onehot_l2,0.0,1e-06,9,"G=6,K=3",random_50k,50000,full_background_50k,additive_kan_bce,bce_pos_weight,0.01,frozen_default,True,6.9008,0.7093626410110474,0.05199655543845774,0.5067530504828537,0.09656571064819408,,,,117.37089201877934
SWI,tree,swi22,pa_holdout,0,global_conditional_density,560,10013,onehot_l2,0.0,1e-06,9,"G=6,K=3",random_50k,50000,full_background_50k,maxnet,maxnet_default,,maxnet_classes_lq,True,20.4841,0.8522150720808028,0.10632701953784267,0.7679724008890373,0.1536507406280467,,,10000.0,
SWI,tree,swi22,pa_holdout,0,global_conditional_density,560,10013,onehot_l2,0.0,1e-06,9,"G=6,K=3",random_50k,50000,full_background_50k,additive_kan_ipp,ipp,0.01,frozen_default,True,7.5953,0.8553929541112941,0.11433168588380786,0.7791069281103087,0.1615812185731504,,,,
SWI,tree,swi22,pa_holdout,0,global_conditional_density,560,10013,onehot_l2,0.0,1e-06,9,"G=6,K=3",random_50k,50000,full_background_50k,gam_ipp,ipp,0.01,frozen_default,True,5.6211,0.85435173106824,0.1143805291699453,0.7783639690645856,0.16132501459308973,,,,
SWI,tree,swi22,pa_holdout,0,global_conditional_density,560,10013,onehot_l2,0.0,1e-06,9,"G=6,K=3",random_50k,50000,full_background_50k,additive_kan_bce,bce_pos_weight,0.01,frozen_default,True,7.4097,0.8494412717787756,0.11051888947020858,0.7671995967643301,0.16282102125448178,,,,89.28571428571429
SWI,tree,swi23,pa_holdout,0,global_conditional_density,986,10013,onehot_l2,0.0,1e-06,9,"G=6,K=3",random_50k,50000,full_background_50k,maxnet,maxnet_default,,maxnet_classes_lq,True,35.8448,0.7306721665110106,0.3948640280595907,0.5625437325652423,0.2728412143098278,,,10000.0,
SWI,tree,swi23,pa_holdout,0,global_conditional_density,986,10013,onehot_l2,0.0,1e-06,9,"G=6,K=3",random_50k,50000,full_background_50k,additive_kan_ipp,ipp,0.01,frozen_default,True,7.4574,0.770476150046068,0.417707273150324,0.6287819738200819,0.33048700365184397,,,,
SWI,tree,swi23,pa_holdout,0,global_conditional_density,986,10013,onehot_l2,0.0,1e-06,9,"G=6,K=3",random_50k,50000,full_background_50k,gam_ipp,ipp,0.01,frozen_default,True,5.0211,0.7708827423123245,0.4176685821193765,0.6293584128037242,0.3293835360248644,,,,
SWI,tree,swi23,pa_holdout,0,global_conditional_density,986,10013,onehot_l2,0.0,1e-06,9,"G=6,K=3",random_50k,50000,full_background_50k,additive_kan_bce,bce_pos_weight,0.01,frozen_default,True,9.5876,0.7733755962881552,0.4203814485862566,0.6349413009442357,0.34188272587050417,,,,50.70993914807302
SWI,tree,swi24,pa_holdout,0,global_conditional_density,293,10013,onehot_l2,0.0,1e-06,9,"G=6,K=3",random_50k,50000,full_background_50k,maxnet,maxnet_default,,maxnet_classes_lq,True,11.4818,0.5620175662243703,0.03379733967322916,0.12947052005714443,0.04133780833273179,,,10000.0,
SWI,tree,swi24,pa_holdout,0,global_conditional_density,293,10013,onehot_l2,0.0,1e-06,9,"G=6,K=3",random_50k,50000,full_background_50k,additive_kan_ipp,ipp,0.01,frozen_default,True,7.1586,0.6452406025872677,0.050512179037004654,0.36937317978154516,0.08297284562498329,,,,
SWI,tree,swi24,pa_holdout,0,global_conditional_density,293,10013,onehot_l2,0.0,1e-06,9,"G=6,K=3",random_50k,50000,full_background_50k,gam_ipp,ipp,0.01,frozen_default,True,4.3188,0.6450584370716061,0.0504939716316483,0.36975161702688336,0.08264342750975782,,,,
SWI,tree,swi24,pa_holdout,0,global_conditional_density,293,10013,onehot_l2,0.0,1e-06,9,"G=6,K=3",random_50k,50000,full_background_50k,additive_kan_bce,bce_pos_weight,0.01,frozen_default,True,7.1642,0.641465379314422,0.0475955897285196,0.34745583525506285,0.0702319756282915,,,,170.64846416382252
SWI,tree,swi25,pa_holdout,0,global_conditional_density,279,10013,onehot_l2,0.0,1e-06,9,"G=6,K=3",random_50k,50000,full_background_50k,maxnet,maxnet_default,,maxnet_classes_lq,True,12.0777,0.9659279159234027,0.40445239933933286,0.9465967768209231,0.1961859118214492,,,10000.0,
SWI,tree,swi25,pa_holdout,0,global_conditional_density,279,10013,onehot_l2,0.0,1e-06,9,"G=6,K=3",random_50k,50000,full_background_50k,additive_kan_ipp,ipp,0.01,frozen_default,True,8.736,0.9686655634120654,0.4200194233400226,0.9517873360195419,0.25477579546741114,,,,
SWI,tree,swi25,pa_holdout,0,global_conditional_density,279,10013,onehot_l2,0.0,1e-06,9,"G=6,K=3",random_50k,50000,full_background_50k,gam_ipp,ipp,0.01,frozen_default,True,4.5059,0.9683479120548475,0.41986295185197,0.9518335942008234,0.22581244997811,,,,
SWI,tree,swi25,pa_holdout,0,global_conditional_density,279,10013,onehot_l2,0.0,1e-06,9,"G=6,K=3",random_50k,50000,full_background_50k,additive_kan_bce,bce_pos_weight,0.01,frozen_default,True,6.997,0.9600468525005911,0.34602214686809424,0.9367262680963495,0.17043810146604882,,,,179.21146953405017
SWI,tree,swi26,pa_holdout,0,global_conditional_density,89,10013,onehot_l2,0.0,1e-06,9,"G=6,K=3",random_50k,50000,full_background_50k,maxnet,maxnet_default,,maxnet_classes_lq,True,4.664,0.793468667255075,0.03741614256321947,0.6910487182032387,0.05983026973422783,,,10000.0,
SWI,tree,swi26,pa_holdout,0,global_conditional_density,89,10013,onehot_l2,0.0,1e-06,9,"G=6,K=3",random_50k,50000,full_background_50k,additive_kan_ipp,ipp,0.01,frozen_default,True,7.1858,0.8192919081719001,0.08256500045761253,0.7160012054822572,0.0633477936792268,,,,
SWI,tree,swi26,pa_holdout,0,global_conditional_density,89,10013,onehot_l2,0.0,1e-06,9,"G=6,K=3",random_50k,50000,full_background_50k,gam_ipp,ipp,0.01,frozen_default,True,4.3033,0.819464791039208,0.08332913381258278,0.7179892097051077,0.06278719447529414,,,,
SWI,tree,swi26,pa_holdout,0,global_conditional_density,89,10013,onehot_l2,0.0,1e-06,9,"G=6,K=3",random_50k,50000,full_background_50k,additive_kan_bce,bce_pos_weight,0.01,frozen_default,True,7.1906,0.7913986223965205,0.023778006897014727,0.6694533339919594,0.03762326314199996,,,,561.7977528089888
SWI,tree,swi27,pa_holdout,0,global_conditional_density,468,10013,onehot_l2,0.0,1e-06,9,"G=6,K=3",random_50k,50000,full_background_50k,maxnet,maxnet_default,,maxnet_classes_lq,True,17.6801,0.7097221254999068,0.10384545944224277,0.5321230617792376,0.14430033886380106,,,10000.0,
SWI,tree,swi27,pa_holdout,0,global_conditional_density,468,10013,onehot_l2,0.0,1e-06,9,"G=6,K=3",random_50k,50000,full_background_50k,additive_kan_ipp,ipp,0.01,frozen_default,True,8.2678,0.7059020222731263,0.11055720486325643,0.5317290059341494,0.13756722010270317,,,,
SWI,tree,swi27,pa_holdout,0,global_conditional_density,468,10013,onehot_l2,0.0,1e-06,9,"G=6,K=3",random_50k,50000,full_background_50k,gam_ipp,ipp,0.01,frozen_default,True,5.2783,0.7056138931402406,0.11043468151512767,0.5310888863426315,0.13703173938373947,,,,
SWI,tree,swi27,pa_holdout,0,global_conditional_density,468,10013,onehot_l2,0.0,1e-06,9,"G=6,K=3",random_50k,50000,full_background_50k,additive_kan_bce,bce_pos_weight,0.01,frozen_default,True,7.1638,0.7157202085374469,0.10841128133414024,0.5480556890968483,0.1364796912235291,,,,106.83760683760684
SWI,tree,swi28,pa_holdout,0,global_conditional_density,5528,10013,onehot_l2,0.0,1e-06,9,"G=6,K=3",random_50k,50000,full_background_50k,maxnet,maxnet_default,,maxnet_classes_lq,True,193.5818,0.776234934565655,0.6927005528110199,0.5397892902824353,0.4537473900369022,,,10000.0,
SWI,tree,swi28,pa_holdout,0,global_conditional_density,5528,10013,onehot_l2,0.0,1e-06,9,"G=6,K=3",random_50k,50000,full_background_50k,additive_kan_ipp,ipp,0.01,frozen_default,True,8.7799,0.8115507441963757,0.7323378254586091,0.6099128033697976,0.49312656224744006,,,,
SWI,tree,swi28,pa_holdout,0,global_conditional_density,5528,10013,onehot_l2,0.0,1e-06,9,"G=6,K=3",random_50k,50000,full_background_50k,gam_ipp,ipp,0.01,frozen_default,True,4.8504,0.8114434205499953,0.7322194821692923,0.6097095319081124,0.4920860382421274,,,,
SWI,tree,swi28,pa_holdout,0,global_conditional_density,5528,10013,onehot_l2,0.0,1e-06,9,"G=6,K=3",random_50k,50000,full_background_50k,additive_kan_bce,bce_pos_weight,0.01,frozen_default,True,7.9438,0.8080901283399686,0.7270415521636269,0.603210093662987,0.4990104711759211,,,,9.044862518089724
SWI,tree,swi29,pa_holdout,0,global_conditional_density,154,10013,onehot_l2,0.0,1e-06,9,"G=6,K=3",random_50k,50000,full_background_50k,maxnet,maxnet_default,,maxnet_classes_lq,True,6.6969,0.6530384343790983,0.028513708013173867,0.4181448258680957,0.058040121571206624,,,10000.0,
SWI,tree,swi29,pa_holdout,0,global_conditional_density,154,10013,onehot_l2,0.0,1e-06,9,"G=6,K=3",random_50k,50000,full_background_50k,additive_kan_ipp,ipp,0.01,frozen_default,True,6.9483,0.6655502875012611,0.04323893723615396,0.4376733745374589,0.060063370102893,,,,
SWI,tree,swi29,pa_holdout,0,global_conditional_density,154,10013,onehot_l2,0.0,1e-06,9,"G=6,K=3",random_50k,50000,full_background_50k,gam_ipp,ipp,0.01,frozen_default,True,4.5108,0.6670745485725815,0.043379243779509344,0.4401947459588913,0.05994663309842829,,,,
SWI,tree,swi29,pa_holdout,0,global_conditional_density,154,10013,onehot_l2,0.0,1e-06,9,"G=6,K=3",random_50k,50000,full_background_50k,additive_kan_bce,bce_pos_weight,0.01,frozen_default,True,7.2391,0.6710168465651164,0.03757051671375375,0.47718068667160735,0.049563850053335023,,,,324.6753246753247
SWI,tree,swi30,pa_holdout,0,global_conditional_density,2800,10013,onehot_l2,0.0,1e-06,9,"G=6,K=3",random_50k,50000,full_background_50k,maxnet,maxnet_default,,maxnet_classes_lq,True,98.5782,0.6891910985517484,0.26564462946773126,0.44156351111497993,0.22698351750253057,,,10000.0,
SWI,tree,swi30,pa_holdout,0,global_conditional_density,2800,10013,onehot_l2,0.0,1e-06,9,"G=6,K=3",random_50k,50000,full_background_50k,additive_kan_ipp,ipp,0.01,frozen_default,True,7.4259,0.7180017444706787,0.28340817850164546,0.49270367329191267,0.2406004185579143,,,,
SWI,tree,swi30,pa_holdout,0,global_conditional_density,2800,10013,onehot_l2,0.0,1e-06,9,"G=6,K=3",random_50k,50000,full_background_50k,gam_ipp,ipp,0.01,frozen_default,True,4.8901,0.7178603741781158,0.2832119536720368,0.49239016523817913,0.24040342763206138,,,,
SWI,tree,swi30,pa_holdout,0,global_conditional_density,2800,10013,onehot_l2,0.0,1e-06,9,"G=6,K=3",random_50k,50000,full_background_50k,additive_kan_bce,bce_pos_weight,0.01,frozen_default,True,9.4318,0.7208705931200308,0.28496325059258965,0.4958919237918168,0.2466961774527722,,,,17.857142857142858
