protocol,stage,region,species_id,taxon_group,seed,n_presence,n_PA_test,lambda_s,lambda_selection,background_scheme,integration_support,objective,remediation,n_background,lambda_cv_scores,lambda_best_cv_score,model,converged,runtime_s,final_loss,skip_reason,auc_roc,auprc,prg,cor,maxnet_max_bg,depth,mixer_input,hidden_width,residual,disable_silu,freeze_edges,warm_start,last_grad_norm,param_l2_norm,loss_history,adam_lr,steps_adam,steps_lbfgs,failed,_o,auc_maxnet,delta_e2e_minus_maxnet
methodological_closure_v1,D,AWT,awt01,bird,0,178,340,0.001,po_random_5fold,random_50k,full_background_50k,ipp,primary,50000,,,standard_kan_ipp,True,495.449356764002,1460.2440753343735,,0.5494389901823282,0.3077536572217504,0.1140725234578425,0.0491606011389036,,,,,,False,,,198.5840606689453,23.88840881756732,"[1926.273330440814, 1918.7877542529764, 1908.5856346026076, 1897.2237762964749, 1883.459583088966, 1869.3788694432178, 1855.9760442875988, 1843.1270486474095, 1830.5035572498828, 1818.3981110471432, 1807.227931630301, 1797.401907777476, 1787.9771329951143, 1777.2398708768992, 1765.9814953877847, 1755.3848531031256, 1746.6492193212632, 1738.9456891302623, 1731.8710214346677, 1725.197580633743, 1718.4249461509273, 1711.7313848458439, 1705.50396906027, 1699.2230367405489, 1692.5801026293534, 1685.8384886971269, 1679.0986990507165, 1672.4970925367143, 1666.3580302078124, 1659.9520707665968, 1652.7501887034787, 1646.452719476274, 1641.6907471658576, 1636.9081786805943, 1631.657471040635, 1626.0675000235403, 1620.890499859931, 1616.483562381903, 1612.4793201464445, 1608.0275026745896, 1603.7832005832138, 1599.8807418111824, 1595.9412235735892, 1592.2059291740627, 1588.740538096562, 1585.2323031491044, 1582.7152955642873, 1579.7574084554356, 1576.2922569666705, 1573.0463864261899, 1571.4168214025935, 1568.6470619272561, 1566.7790206299314, 1564.0265546712487, 1562.1006568181404, 1559.8162920993782, 1558.1407661835378, 1556.726263356957, 1554.471850575924, 1552.5048263750434, 1550.8549196125546, 1548.0121210284665, 1547.1229427539852, 1543.5487774461417, 1543.6839021708279, 1540.0303006194474, 1543.186494916944, 1541.8615650926263, 1536.0535918557616, 1536.7163919545812, 1534.3226778940893, 1534.07439166, 1532.8900800892184, 1529.6583945721766, 1529.920239770589, 1526.958602169521, 1529.0873425183584, 1527.724316474131, 1523.6982892958008, 1523.126610981341, 1521.0861521665931, 1519.007491568893, 1514.4061594355887, 1507.7829082575474, 1499.707950249327, 1491.8662274764577, 1481.3782012536412, 1473.6123061766723, 1467.024365934815, 1460.2440753343735]",0.03,80.0,10.0,False,0.0,0.4813727208976157,0.06806626928471254
methodological_closure_v1,D,AWT,awt02,bird,0,149,340,0.01,po_random_5fold,random_50k,full_background_50k,ipp,primary,50000,,,standard_kan_ipp,True,492.8274767440016,1167.049381647759,,0.6564133738601824,0.5100194656118746,0.3296035285568776,0.2656215248711422,,,,,,False,,,179.65777587890625,23.446569318175637,"[1613.6403510029227, 1609.9416754006463, 1603.8424324145224, 1593.5943199859755, 1579.0210323814433, 1563.954614878251, 1552.0754677213558, 1539.340457546889, 1525.3399429515068, 1512.292631301369, 1500.6768659534187, 1489.9933058712295, 1480.0824058299797, 1470.8542934836987, 1462.1548640352642, 1453.666320652192, 1445.9867554679668, 1439.2321453866318, 1432.030150725616, 1423.7243385719264, 1415.993524295647, 1410.353274303527, 1405.7021623363034, 1400.9698358350388, 1395.8089402093476, 1389.91064696401, 1383.8982270225808, 1378.2012435686659, 1371.9642118774052, 1365.7428717140542, 1360.403443563764, 1356.7714385456882, 1353.0973225719947, 1348.5726199210694, 1343.063574288475, 1338.2705664564135, 1334.807477359025, 1331.2168141312322, 1327.3912043807695, 1324.3210424352988, 1321.1318405514874, 1318.2181515000984, 1315.1688745637123, 1311.4617362465663, 1309.8190199396108, 1306.4154577253598, 1305.563500413891, 1302.4134463926162, 1303.0514272834944, 1300.9710941311876, 1298.0664497069906, 1296.6291716404332, 1293.4049079604338, 1290.9189406648572, 1289.125523356856, 1286.203279974515, 1286.0448764357084, 1284.5702838697075, 1280.2383222688024, 1278.290001328294, 1275.8089912110042, 1273.4130355693524, 1271.3367030393197, 1268.5926810068668, 1268.3389387976338, 1264.7241434830012, 1266.7268201751588, 1266.385396710494, 1259.9106236525292, 1261.1034731663765, 1259.6225819291883, 1254.3777245871995, 1255.4244936698053, 1253.0038630398976, 1251.5504035412393, 1250.3776137887055, 1248.4823079204816, 1245.9281832778627, 1244.7349746979467, 1242.3587672205451, 1242.2040838389514, 1236.6523682719996, 1222.2694535145463, 1210.1194038456424, 1197.7989049507994, 1191.2439955389368, 1184.0793092911783, 1178.842008104301, 1173.0079323684545, 1167.049381647759]",0.03,80.0,10.0,False,0.0,0.7874772036474165,-0.13106382978723408
methodological_closure_v1,D,AWT,awt03,bird,0,219,340,0.0001,po_random_5fold,random_50k,full_background_50k,ipp,primary,50000,,,standard_kan_ipp,True,495.6643884820005,1792.3483960799842,,0.5214372313457512,0.3782852699681647,0.0714784814378958,0.0374159937845341,,,,,,False,,,353.08380126953125,23.7067412708931,"[2369.9382722105534, 2362.0855737211955, 2343.924604926047, 2323.593354756317, 2302.323217270956, 2284.7198067583968, 2269.4758472527997, 2252.7393919853603, 2236.1906376567854, 2220.640780503959, 2204.967576421518, 2189.4588268497628, 2174.5585102565356, 2159.8930958963806, 2147.0733035568046, 2138.106534160281, 2132.179183328004, 2125.6931276419714, 2117.124026041314, 2107.9538850085546, 2099.368956732508, 2091.180258720903, 2083.3794832708854, 2075.96118134317, 2069.4580012393953, 2063.5213711561028, 2056.9810131810395, 2049.913804396215, 2042.3231954044059, 2034.3838812480847, 2026.8813054653422, 2020.2639426982882, 2013.5405930446739, 2006.7386962283845, 2001.2226929542787, 1996.245386357141, 1990.2064719052837, 1983.168090979371, 1976.6511780195221, 1970.7484262980802, 1964.9223509348476, 1959.2289445588679, 1953.510384795029, 1948.410301791488, 1943.9955453878422, 1940.1559806745004, 1937.186019990256, 1934.086650193486, 1930.3809024721677, 1926.684533330103, 1923.2772631446824, 1920.0010785929846, 1916.7134488577663, 1912.6843827061905, 1908.765656370618, 1905.9037126628104, 1902.154142306, 1898.6779382823975, 1896.4070226359854, 1892.6882901883346, 1892.1727890185543, 1887.338866651485, 1890.8713595857835, 1890.2396298505714, 1881.6713091824208, 1887.696400186849, 1890.9418859276016, 1879.6623160743763, 1879.1570442450366, 1883.6552523186322, 1875.9095987322783, 1871.1694124896376, 1872.3284788250821, 1866.6592419012036, 1870.8215922462443, 1872.6385946933244, 1863.791376517503, 1864.9567366929896, 1868.7238991963006, 1861.6532877695038, 1857.384187436723, 1854.0916027814496, 1845.76444659663, 1835.446737942458, 1827.6801796350621, 1820.2740264478266, 1813.1752648825263, 1806.49868555065, 1798.6080703239227, 1792.3483960799842]",0.03,80.0,10.0,False,0.0,0.4994305448400014,0.022006686505749773
methodological_closure_v1,D,AWT,awt04,bird,0,216,340,0.01,po_random_5fold,random_50k,full_background_50k,ipp,primary,50000,,,standard_kan_ipp,True,490.2729539290012,1760.0325614790504,,0.4431075253860064,0.4234882137423085,-0.0622647787542643,-0.098511758037289,,,,,,False,,,275.2550048828125,23.160894867585583,"[2336.764087934131, 2325.5542410129324, 2303.6223368516225, 2280.7149571030654, 2256.5495727100943, 2237.0154078616824, 2218.3520655499774, 2199.711182539805, 2183.744759716861, 2168.8444371360406, 2154.073080047704, 2140.343320659934, 2128.2730401372314, 2118.099072778286, 2108.9783324566906, 2100.5796934690006, 2091.7721749722286, 2081.6274792835434, 2070.9889745163478, 2060.54579409381, 2050.3604240592003, 2040.9648426289268, 2032.9318796391524, 2025.9423510182373, 2020.055912344979, 2014.6858186320712, 2009.3958699066393, 2004.626166945401, 2000.0031116571604, 1995.385707827674, 1990.4581936282816, 1985.4604200244655, 1980.199015115528, 1974.9832020761005, 1970.4909139394665, 1966.7168060465517, 1963.4555715315548, 1960.3463960967622, 1956.7685340090168, 1952.7359933239838, 1948.6450270726032, 1944.6891423268892, 1940.7125984658917, 1936.5208053580666, 1932.5922001199472, 1928.3002006704894, 1923.7911958072766, 1919.5044554403435, 1914.5166879506414, 1909.6095798707563, 1905.0427268223002, 1900.8016623745932, 1896.5637655144828, 1892.6796798905887, 1888.5287069837757, 1884.3783353074741, 1880.8754589034097, 1878.6211017268604, 1876.0985666083263, 1873.4306439981567, 1872.0278048409189, 1869.649512522203, 1868.9824966241465, 1865.976011009497, 1868.0687077794084, 1866.8521020752812, 1861.6496512747335, 1863.818234149693, 1861.2449088804626, 1857.6549475748266, 1857.4083228880927, 1854.1133489292613, 1854.9219098773965, 1852.6834751890456, 1852.1766202941903, 1851.9490564748075, 1848.7914398768887, 1846.9726409568152, 1847.8518240743201, 1844.3224597039944, 1844.905120726616, 1838.7655061605742, 1824.3782964260274, 1806.6028017981885, 1794.3939072235667, 1782.648143719464, 1774.9481098516194, 1769.4835999496356, 1764.698401820289, 1760.0325614790504]",0.03,80.0,10.0,False,0.0,0.4883850326888301,-0.045277507302823705
methodological_closure_v1,D,AWT,awt05,bird,0,114,340,0.001,po_random_5fold,random_50k,full_background_50k,ipp,primary,50000,,,standard_kan_ipp,True,494.7928800480004,778.6162927082412,,0.6928327645051194,0.2804968460772944,0.4692791837013305,0.2269568099519183,,,,,,False,,,289.8257751464844,23.39925770539979,"[1233.100807196557, 1226.6735587847947, 1211.6645248966122, 1196.173718644593, 1178.1466328776016, 1162.785241750401, 1150.3662455464714, 1137.1987578705862, 1123.0718240732629, 1109.2458491552245, 1096.0609771364525, 1083.6534954392782, 1072.1244363726119, 1060.9811102383899, 1050.3591030009177, 1040.6724204694142, 1032.1048436902702, 1024.5178240779094, 1017.3234825213095, 1010.5458926918232, 1004.1178659250759, 998.248444513682, 992.6605598042565, 987.4014690268461, 982.4158353228105, 977.5329960459641, 973.188778736809, 969.3298480078035, 965.6714187137029, 962.3444291689539, 959.113755847463, 955.7319711394958, 951.8361183352941, 947.9650537809788, 944.4593966417435, 940.4314160824786, 935.3438087517466, 930.3297615785601, 925.9846763189481, 921.9562550822181, 918.010495308632, 914.194550694767, 910.2145536689709, 906.1330879695497, 902.370440089493, 899.1341078285075, 896.2009710740878, 893.1824267602289, 889.8133196905407, 886.4827889644237, 883.8310209467058, 881.2629928906438, 878.8602909328248, 876.5209969012943, 873.7552286015191, 871.3619522601978, 869.3254329267903, 866.4529109528423, 864.2759106127729, 861.7790242140549, 859.5869165125168, 857.6147208619885, 855.8238838675265, 853.8041492042481, 852.2824732634969, 850.8656999854697, 850.2068395599562, 847.6295985130827, 848.1308117563328, 844.7971358553501, 848.4035534393264, 847.3818498473632, 842.4027853442414, 842.3875040640995, 842.8834778321707, 838.8574695395182, 843.5738128372141, 844.092350166161, 836.052406002506, 840.0200662152826, 840.6524611747114, 832.2369584245511, 828.4324599094882, 819.5474731900614, 811.1737907091656, 802.3800809416797, 795.6709032336015, 789.6405065031399, 783.6431923716532, 778.6162927082412]",0.03,80.0,10.0,False,0.0,0.7380727616004648,-0.04523999709534532
methodological_closure_v1,D,AWT,awt06,bird,0,265,340,0.01,po_random_5fold,random_50k,full_background_50k,ipp,primary,50000,,,standard_kan_ipp,True,498.1564981439951,2231.670659563963,,0.6471287267135017,0.6736211740450655,0.2493942592059725,0.3098602103439692,,,,,,False,,,100.87623596191406,22.924583709269264,"[2867.4572294575373, 2854.283425460379, 2827.3357138530523, 2800.07548608094, 2768.829418622377, 2741.849410248649, 2721.469359095703, 2700.366238056727, 2678.6537798286818, 2656.1638427036205, 2633.863932999734, 2614.805744913262, 2597.404212458159, 2580.0139261847303, 2566.0864668361196, 2555.744789647856, 2547.3974973461354, 2539.439756587685, 2531.641783614605, 2525.100564286273, 2519.8358425468477, 2514.9463739213584, 2508.8355754747818, 2501.7131708694938, 2494.4845491893852, 2488.1214068627933, 2482.3689372440504, 2476.8349092617177, 2471.3065971207943, 2466.0142843638087, 2460.920159448027, 2455.780692075786, 2450.6862730806165, 2445.4427814302153, 2439.904696203091, 2434.3529844797195, 2428.514011899879, 2422.5797456278005, 2416.5419968776673, 2410.7105639613505, 2404.407973535996, 2398.52903505713, 2393.1479139961166, 2387.858164817317, 2382.6324781208323, 2377.3158948304517, 2371.9864087521755, 2367.5471047749074, 2363.158674661081, 2358.865488214377, 2354.4923201299166, 2350.5586246023795, 2346.3767400776946, 2341.947374600963, 2338.107918070615, 2334.672106417157, 2332.387104249098, 2330.4698188489892, 2328.7767294168825, 2327.2043133919015, 2325.1116254975846, 2323.096634005923, 2320.209458944748, 2318.2712780150873, 2316.6030460401234, 2314.8142285776667, 2313.372958452439, 2311.305894541018, 2309.5528412294225, 2307.596596073724, 2305.8313676636176, 2304.2469769664976, 2302.387222257368, 2300.894705944603, 2299.5185105663936, 2297.7412091225283, 2296.8742399546445, 2294.5027400870863, 2293.6714436482507, 2291.4625422145846, 2290.991001962176, 2289.1360069108773, 2285.088023599458, 2278.271731872298, 2269.6866686642643, 2262.4870826329884, 2253.420004862349, 2245.730146098869, 2238.609552342971, 2231.670659563963]",0.03,80.0,10.0,False,0.0,0.7244765999091259,-0.0773478731956242
methodological_closure_v1,D,AWT,awt07,bird,0,158,340,0.01,po_random_5fold,random_50k,full_background_50k,ipp,primary,50000,,,standard_kan_ipp,True,493.7883376329992,1260.9312115477114,,0.5668049001382335,0.2849762554426826,0.1407771698788056,0.0950638382528464,,,,,,False,,,132.80397033691406,23.470598876904457,"[1709.8716262645278, 1702.313958039931, 1691.5441629159097, 1679.3448195598469, 1666.6365195290978, 1654.1857934260424, 1642.5681000410887, 1630.558559411437, 1617.6542020771806, 1604.978303752893, 1593.3315063453406, 1582.884372951641, 1573.9373707966377, 1565.9645237935977, 1558.5288115804194, 1551.3650218170912, 1543.9483325897231, 1536.7210220786199, 1529.7865285227049, 1522.5916938068917, 1515.0836075685188, 1508.0615813143716, 1500.8053553340205, 1493.0433488964397, 1485.2165230799824, 1477.643435866974, 1471.031933393164, 1465.816901417294, 1461.2837527140507, 1456.483845310243, 1451.0997193235153, 1445.7028873526738, 1440.2480309865637, 1434.5232434002687, 1428.847019837026, 1423.1823103849063, 1417.8227355189267, 1413.0700338609222, 1408.9565147347598, 1405.12634066274, 1401.4218947573768, 1397.9545633660457, 1394.4169689055925, 1390.8862033376436, 1387.9822341026907, 1384.9642401462197, 1382.0158626318814, 1379.3724461316303, 1376.4300905183222, 1373.3531866603614, 1370.331390113568, 1367.3465521701462, 1364.577887603096, 1361.5425922027616, 1359.0373208170038, 1356.1772995208119, 1353.1633620680973, 1350.3461518674358, 1347.2623680680556, 1343.963841647139, 1342.6414242333058, 1339.2474444852949, 1337.7541385577092, 1334.9362688124902, 1333.0309141159184, 1330.4422072915504, 1328.8557109251494, 1326.5183882045949, 1324.6893605322375, 1323.03055100711, 1320.7454983744155, 1320.0637752722614, 1317.4403256671028, 1317.193247861961, 1314.985022351491, 1314.1993374517776, 1313.1985550379752, 1310.5762872940445, 1311.6924595015232, 1308.6649236125688, 1309.9343703871764, 1305.0831683809176, 1300.333243017209, 1292.5259891413814, 1285.2199468053316, 1279.0277067488264, 1275.3640482987978, 1271.1799122252817, 1265.7729491812, 1260.9312115477114]",0.03,80.0,10.0,False,0.0,0.5030268363601696,0.06377806377806383
methodological_closure_v1,D,AWT,awt08,bird,0,231,340,0.01,po_random_5fold,random_50k,full_background_50k,ipp,primary,50000,,,standard_kan_ipp,True,494.8821274759976,1960.2347997649545,,0.6279529682499732,0.578000761775103,0.2250561717183249,0.2249118629927015,,,,,,False,,,317.2438049316406,22.99159599266606,"[2501.2550379569057, 2497.5387193835495, 2490.842737472191, 2480.0482201308587, 2465.424311668517, 2450.4910219345097, 2438.40937379542, 2426.255109015471, 2413.0173944718426, 2398.971672218287, 2384.763624150726, 2371.7725846539415, 2360.881634674557, 2351.095489982504, 2341.2669098908905, 2330.632592230752, 2319.2120034537024, 2308.058210792648, 2296.8609019401524, 2285.695019475353, 2275.920316162375, 2267.065533903153, 2258.3278598027136, 2250.2666729392145, 2241.988153946563, 2233.713977959339, 2225.6611225188863, 2218.1235303274375, 2210.6501226648006, 2202.695994537242, 2195.006585301543, 2187.857933202695, 2180.9543437355237, 2173.9923139792118, 2168.0919915508484, 2162.9228373148144, 2157.6785471050357, 2152.1422331526333, 2146.6684327490625, 2142.391425988694, 2137.8770770672268, 2133.220388210399, 2128.6708242001164, 2123.7076014326176, 2119.1473974454902, 2116.333721175468, 2110.9472567874122, 2107.278007664711, 2103.3776061255617, 2099.4905170660936, 2096.169037058964, 2092.893729483813, 2089.2331791979395, 2084.8877605852563, 2081.177617485785, 2078.0773610873816, 2074.8077275612, 2072.2798001650053, 2068.4264652399243, 2065.703413907916, 2063.1088549916403, 2060.731793279877, 2057.0737087384177, 2055.4127197304397, 2052.1747970932092, 2051.754945120907, 2049.249227922434, 2045.5968407040252, 2045.8865186543069, 2041.1398404226575, 2042.8418490834347, 2042.2595397032826, 2037.972891932783, 2035.2470062421792, 2037.5771812201106, 2033.9353871830608, 2032.614959060778, 2032.059849172634, 2028.6406984714224, 2027.8089865314357, 2024.515124463681, 2022.2034689697757, 2018.0893167675515, 2009.1729202687845, 1998.7589715622555, 1990.4575976831538, 1982.1353404151237, 1975.5258958880522, 1967.0521554265615, 1960.2347997649545]",0.03,80.0,10.0,False,0.0,0.6652763295099061,-0.03732336125993296
methodological_closure_v1,D,AWT,awt09,bird,1000,112,340,1.0,po_random_5fold,random_50k,full_background_50k,ipp,R1,50000,,,standard_kan_ipp,True,667.4305056770027,758.8391587301008,,0.6010056196391601,0.2220719651428713,0.2244909726902107,0.1155286311611145,,,,,,False,,,49.72747421264648,24.72258994927921,"[1210.9346819605055, 1208.7104277092833, 1205.7430889385535, 1201.9727113714985, 1197.5827155093566, 1192.7094048060808, 1187.4998078198983, 1182.1316949733846, 1176.7525088333696, 1171.4737718621734, 1166.3558000959993, 1161.3694265642932, 1156.438720017579, 1151.5510855436148, 1146.7551921285265, 1142.062579333261, 1137.43424458874, 1132.8471737276343, 1128.3231485191595, 1123.9121553101675, 1119.6654285255877, 1115.6197745474944, 1111.7791549137564, 1108.1128167162233, 1104.588694158152, 1101.2106212880535, 1098.0085067688046, 1094.9899374968143, 1092.1080041681378, 1089.3048119383188, 1086.5411773460705, 1083.7702456177647, 1080.9474245470092, 1078.0565464625195, 1075.0736812343036, 1071.9716635949717, 1068.743579047845, 1065.385991249186, 1061.9303435297327, 1058.4821263442338, 1055.1682173872102, 1052.0090965854533, 1048.9113144915225, 1045.8391091860076, 1042.8257150371724, 1039.8426275755298, 1036.8467175958062, 1033.9086596379047, 1031.0989852076868, 1028.3893753641598, 1025.7696762578362, 1023.2513596716786, 1020.7460499022759, 1018.1364861413019, 1015.3847506265937, 1012.5248660925001, 1009.6541150227841, 1006.8272976256665, 1004.0093620023738, 1001.1877050538883, 998.3167904561095, 995.4159236631621, 992.5742723489758, 989.8067314953273, 987.1305244060611, 984.5072827192074, 981.8662459983608, 979.1560122317197, 976.4220896395116, 973.7049869846508, 971.0560849653818, 968.4563499115327, 965.8932851241931, 963.34310540662, 960.7818035337784, 958.1820387798489, 955.5406176441614, 952.8990372635216, 950.2703141155336, 947.6496092779964, 945.025225983204, 942.407140710853, 939.8079426280439, 937.2443040949103, 934.7442986916545, 932.3278170082295, 930.0001861739777, 927.6930076502254, 925.4042675333467, 923.0867615399694, 920.7584678531414, 918.5251134438054, 916.368684473655, 914.3166736656141, 912.3698942948226, 910.5061079665868, 908.7081849727838, 906.9559630504478, 905.2403091758007, 903.5381557931681, 901.8308462866323, 900.1324867070322, 898.4105269372587, 896.6914137878147, 894.9404225244288, 893.1967267805477, 891.4545877142438, 889.7606644825778, 888.0974870949001, 886.4316964673282, 884.8296624510072, 883.2871059560579, 881.7983878041169, 869.6528289754783, 850.026742242297, 840.4763597427195, 828.2111047247647, 817.4493891988702, 808.1204664081299, 798.6483498420575, 792.8473125710311, 786.8232808293658, 780.0635498723587, 774.2458440736366, 768.2566496135951, 763.2138149735805, 758.8391587301008]",0.01,112.0,15.0,False,1.0,0.7072611653356995,-0.10625554569653939
methodological_closure_v1,D,AWT,awt10,bird,0,122,340,0.001,po_random_5fold,random_50k,full_background_50k,ipp,primary,50000,,,standard_kan_ipp,True,497.8717774719989,855.450065413882,,0.6206953369583128,0.3888872512229804,0.2523290910948556,0.1972376430231098,,,,,,False,,,174.1869354248047,23.511725559287505,"[1319.7504247224851, 1312.6232974576421, 1297.985286444355, 1281.3179681481101, 1263.8980141866273, 1249.0304306939172, 1235.0631235788412, 1221.0840447921464, 1208.4886685325905, 1196.8543668945492, 1185.0653744798474, 1172.9138432882548, 1160.8288687360962, 1150.063821731584, 1141.1117212342508, 1133.6967268763558, 1127.0279371699187, 1120.6484279662807, 1113.7985865997716, 1107.527842695133, 1102.3167852718645, 1097.1896240777546, 1092.4095129548202, 1087.6572544520245, 1083.2334174028042, 1079.463258527137, 1075.4836879799645, 1071.0444223259963, 1066.152741182408, 1060.7522962148962, 1055.488388008196, 1050.412892068386, 1045.700791365647, 1041.458674408813, 1037.184888607373, 1033.602865783663, 1030.235744544651, 1027.2099112841497, 1023.6823818204776, 1020.0387880225072, 1016.199583825034, 1012.4522250150649, 1008.3550252479212, 1003.8418996476756, 999.2999570290542, 995.3966250942807, 991.8215411913126, 988.8501117802317, 986.0337285645844, 983.2250727669879, 980.249888537151, 977.0117026028673, 974.1353741910715, 970.8869778445356, 968.0886817557537, 965.6176350512385, 962.8813671321975, 960.9536738454298, 958.6501613550856, 956.3583149022564, 953.4749544202597, 951.1860281858591, 947.9083890767922, 945.7928070728708, 943.556566780148, 941.4337618495202, 939.4836461159866, 937.3509503127129, 935.5832427408976, 933.7249475109402, 932.072636916776, 930.8856782019498, 929.1181998002781, 928.1745664582035, 926.5148099391878, 925.6890028954238, 923.7230512131126, 922.9245851049062, 920.9624506305775, 920.4435455262503, 918.4777753028615, 915.2261905438777, 904.6547165191944, 893.3364347717588, 885.4723378651505, 878.1089624549154, 873.26541660908, 866.2806126202473, 860.3307124943265, 855.450065413882]",0.03,80.0,10.0,False,0.0,0.6717745921898172,-0.05107925523150436
methodological_closure_v1,D,AWT,awt11,bird,0,82,340,0.0001,po_random_5fold,random_50k,full_background_50k,ipp,primary,50000,,,standard_kan_ipp,True,656.8150451819965,491.28984718677935,,0.4476593742648789,0.0375460337270949,-0.13727566812324,-0.0409589594962479,,,,,,False,,,630.3834838867188,25.29721336539006,"[887.1694454195404, 885.5213273727767, 879.3984619363465, 873.285989858363, 866.7725229791693, 859.272863177211, 852.0856195813874, 846.5436356096471, 841.1965828456904, 835.3365600811147, 829.5227910684721, 824.1296521959879, 818.7900245183653, 813.396728838319, 808.6034689341678, 804.0988831104656, 799.3452210501837, 794.3270476612691, 789.1453065883375, 783.5065450487114, 777.5925430961261, 771.4203202021636, 765.36023362068, 759.479451689959, 753.6418857117174, 747.4078701052299, 740.7915375640947, 733.9659873488677, 727.47078860065, 722.1374654208662, 717.6481770885578, 713.1467881942931, 708.2067901704754, 702.7564313545713, 696.805650064998, 690.6063728270741, 684.5313458341441, 678.7619458324565, 673.0765051883137, 667.3792245866591, 661.9057210888527, 656.2789595648501, 650.5124212312837, 645.7917738893647, 642.391645067484, 638.8432876801867, 635.0857559760939, 631.0013807875523, 626.9815432015773, 623.5180083582837, 619.8143554337652, 616.6804913127557, 613.5950550968381, 609.9785265703744, 606.7926116022047, 603.3129079349861, 600.4633332909484, 597.4951964699613, 594.6295225930643, 592.2029939275405, 589.9631956621001, 587.3487243061776, 585.5833251789334, 583.1824056665089, 581.0313792453044, 578.9805818415379, 576.6523240969401, 575.4406344127458, 573.5145572162423, 572.1281576133641, 570.7255542217189, 568.6706862354193, 568.2930644291846, 565.6200915911346, 565.6688864082623, 562.6446765722985, 562.7654676554572, 559.8081253148381, 558.7263089103185, 558.3934808962623, 555.6308238830927, 558.8455857792244, 554.9376344949617, 560.8482401890916, 561.8712104816897, 551.5519346855582, 559.5987132038005, 560.7690121305528, 548.9282045370751, 561.9904047329961, 569.4921272750789, 552.0763512877005, 554.2560890180308, 565.6021444019873, 554.9407266650913, 545.6635521324088, 553.2638635298871, 549.1703705870385, 545.4984539243602, 546.4011239473783, 543.9497754473797, 544.2054877389182, 541.734143214364, 546.4452664899313, 546.296874403803, 541.2285581927015, 542.3784426899929, 541.2032288616494, 539.5523033052939, 537.8409513166275, 542.8144557741022, 542.5045365266195, 537.4676393247898, 541.9389887552151, 539.6734280692493, 537.5915647511972, 538.6812329588724, 535.6905539165165, 539.7232321553073, 537.4460893244473, 537.2922898684554, 537.2507443166236, 536.5192601444559, 534.060150475204, 536.0071296612216, 532.0179533706738, 532.9387290573956, 533.3664925315966, 530.7656287061235, 537.0846248365443, 533.2570468741418, 536.9481164134739, 537.4220482826169, 530.0704384518992, 533.7248312176336, 530.4437756485811, 533.5337852775003, 532.3295552416904, 530.7090678358114, 531.5290085497915, 529.3127238404124, 531.3343870996039, 530.3639272092603, 529.1022512323709, 529.2791469468541, 528.0423063130338, 528.5541880078246, 525.7925144809249, 532.3483980905768, 532.1085480691822, 526.5419555445206, 522.7912452328699, 522.0533764552191, 517.013278565214, 510.9477849350067, 507.0404332818387, 503.15383323667663, 499.5804831850102, 495.5294460490288, 491.28984718677935]",0.03,150.0,10.0,False,0.0,0.4067278287461774,0.040931545518701484
methodological_closure_v1,D,AWT,awt12,bird,1000,32,340,0.1,po_random_5fold,random_50k,full_background_50k,ipp,R1,50000,,,standard_kan_ipp,True,937.3380794490004,114.96128371078048,,0.6601080246913581,0.1990728893551089,0.4309751940996225,0.1569814501500868,,,,,,False,,,90.93853759765624,26.48888986639616,"[345.91325304892325, 344.99062478652013, 343.59982271091883, 341.7534845079785, 339.5321421953459, 334.5559220337339, 332.0464310940975, 329.52207340194013, 326.9498679223599, 324.3472184063912, 319.25498533782314, 316.8002433851919, 314.3662469130745, 311.9176829296939, 309.4459962421114, 304.5321655335486, 302.15853298393466, 299.8498707363762, 297.5785218978226, 295.3218689204682, 290.8867815909197, 288.7418521851478, 286.6356774893118, 284.5403210784365, 282.44260866930443, 278.2894511082074, 276.2498863317382, 274.22388907259943, 272.21929578722927, 270.26228433140966, 266.4884084163175, 264.6608185855551, 262.8894976209841, 261.1658517967536, 259.47627868438263, 256.1532330927756, 254.50498592526037, 252.8739395242674, 251.2744876105295, 249.72972752480834, 246.74941037861078, 245.2763212393346, 243.81032640682892, 242.3586596907179, 240.90287837322512, 237.94096521530642, 236.43862022540864, 234.9390973022724, 233.45814441593492, 231.99438181138683, 229.07335385002287, 227.589671463499, 226.08442359874402, 224.5546479980575, 222.99752216829657, 219.8262006962286, 218.2395563212428, 216.66923456350796, 215.1217765159391, 213.61076980283804, 210.73038142928073, 209.33759762267115, 207.9497323452128, 206.54649577619674, 205.1115972724236, 202.09603090258867, 200.52166740709092, 198.93092838401165, 197.36374729567353, 195.84549344481752, 192.95437368301015, 191.52371731757643, 190.10053222258273, 188.66918569443425, 187.2548160972604, 184.50429584122642, 183.15943986690723, 181.80842538058891, 180.42692078411557, 179.0400465006183, 176.12303955895985, 174.72958200727808, 173.50961442204814, 172.34462034778088, 171.24576827194045, 169.17761596629924, 168.16663634295008, 167.21520862012406, 166.27076841977893, 165.35207344199517, 163.63101081438566, 162.8452378999517, 162.06689436957782, 161.30834158286655, 160.55669767473483, 159.1282366941044, 158.43252613979442, 157.7737466981019, 157.13372916785409, 156.50106297994301, 155.3339311824753, 154.7626375662801, 154.231337564353, 153.70103618720526, 153.18795477681752, 152.20065070044484, 151.68540294255143, 151.24411298056566, 150.71127189008382, 150.28097991634567, 149.3221134462383, 148.87754529504173, 148.4621220824589, 148.0469199856997, 147.61767512778022, 146.79964730458465, 146.36380697749635, 145.99453590056916, 145.57845522634096, 145.18467904744955, 144.43761016322696, 144.14297280190084, 143.70610680681236, 143.42138901632433, 142.99569838409766, 142.34896382783492, 142.0740352067841, 141.6947761972838, 141.41678157591, 141.0831875566596, 140.46460165364783, 140.27518987872222, 139.87265490359218, 139.67637989429434, 139.3121096685886, 138.79865720689764, 138.5837755080423, 138.33010375946708, 138.05215153555898, 137.83045207642178, 137.3786673669042, 137.06384831375408, 136.93843032724592, 136.61958397466822, 136.48252989742718, 136.05762465243708, 135.72620289689678, 135.64701067409945, 135.30317011076323, 135.25946005358983, 134.74819105990574, 134.6140464708934, 134.3358113902318, 134.19892206327955, 133.985142767454, 133.5439306409721, 133.9089550461892, 133.24351407759778, 133.90072281497928, 133.78079355981976, 133.1611932285616, 132.86687221123503, 132.53180878888045, 132.6790833918335, 132.09690602139094, 133.37434472399164, 131.94101795202943, 132.36901929003852, 132.6484743673666, 132.10561814393694, 131.81302198688496, 131.668369450735, 131.01202591092138, 131.44167363453477, 130.94972069348702, 131.61279770262607, 131.007752472287, 130.83070077674154, 130.892338637392, 130.74358980896997, 130.38548935727036, 130.5757974471286, 130.1809414221258, 130.58273838230537, 130.5030370060638, 130.01650508798002, 129.91066635793266, 129.80147576088763, 129.68371970265926, 129.30726899176014, 123.85261579369882, 121.88707484399787, 120.23865945959666, 118.91719925410949, 117.75240687913747, 116.42064979033682, 116.1270308221752, 115.76649274158277, 115.51024702463805, 114.96128371078049]",0.01,225.0,15.0,False,1.0,0.8751929012345679,-0.21508487654320985
methodological_closure_v1,D,AWT,awt13,bird,0,122,340,0.001,po_random_5fold,random_50k,full_background_50k,ipp,primary,50000,,,standard_kan_ipp,True,459.06414873500034,857.4203885877429,,0.7065002471576866,0.4760220077249324,0.4142899479577147,0.3292456984034887,,,,,,False,,,191.92752075195312,23.71778012228992,"[1319.6012283347588, 1311.5741847540817, 1294.943467877542, 1277.8978958931232, 1258.3825001865466, 1242.2767702937438, 1227.950817693192, 1212.2861261582252, 1195.8801413527424, 1179.9520854503382, 1164.8032199506529, 1150.0939675419404, 1135.9998288828153, 1123.551152391915, 1112.8642384793884, 1104.4997007111226, 1098.4995209924853, 1093.091640704224, 1087.684299224646, 1082.5614853173295, 1077.2450766823515, 1071.4670315569442, 1065.4553407313185, 1059.2423448347206, 1053.2690226195339, 1047.8201792775776, 1042.781803772924, 1037.778965612855, 1032.7540596220656, 1027.4586714927955, 1021.7784065979234, 1016.5334747700813, 1012.5642516603698, 1009.6602817265805, 1007.0718417136317, 1004.1235074062988, 1000.8266908978637, 997.0764338214686, 993.0052570318444, 989.712586983773, 986.6580294868128, 983.6127361862891, 980.4674165817033, 978.0195464447139, 975.3868418781656, 972.8988922402918, 971.0737297953151, 968.6798439867326, 966.5661616818628, 964.342617963623, 962.5108284087363, 960.6664703131809, 958.0460841959014, 955.4898299374593, 953.9413460240144, 951.5993710737645, 951.9907557257485, 949.934636992526, 947.9963718806683, 947.2683016276077, 943.9299394058388, 944.670069734099, 942.0224897382641, 943.706858146941, 943.5329977119388, 939.0452321117513, 938.486857604526, 936.7184071953416, 935.8440702886543, 934.1116781316036, 933.3686399944918, 932.4610057587814, 930.1009815602796, 929.9602372953008, 927.5535093658807, 927.4615349471511, 925.7999842381963, 925.6526133163169, 924.80708005087, 922.6818650202274, 921.7331728550455, 919.3409232534664, 914.0840809028199, 907.5245041278071, 898.8077470001105, 890.9468251505534, 883.1875318269025, 876.4489658137397, 866.538261096945, 857.4203885877429]",0.03,80.0,10.0,False,0.0,0.7493821057834898,-0.04288185862580329
methodological_closure_v1,D,AWT,awt14,bird,0,99,340,0.0001,po_random_5fold,random_50k,full_background_50k,ipp,primary,50000,,,standard_kan_ipp,True,633.6821870790009,606.1630991412941,,0.6798321678321678,0.378266144468354,0.4174609946063259,0.254977953244321,,,,,,False,,,497.5306396484375,23.542185538546235,"[1070.5693677640197, 1062.3766493712978, 1046.3031294152788, 1029.224518950401, 1012.3902291779407, 998.3135120742704, 985.2681220421654, 971.0223592562036, 955.8966624262748, 940.9806243705552, 926.0460819800121, 912.1614266107467, 900.0893207148673, 889.4456834433176, 880.0345311185238, 871.1544068738892, 862.8433025738333, 854.4985482679367, 846.3488875046788, 838.5256745655046, 830.6165640289215, 822.7097888137653, 815.332888925675, 808.5247634997359, 802.0376642212088, 795.4136070194008, 788.5374287402901, 781.8140704028862, 775.9556652080197, 771.5453008485334, 767.7261011148701, 763.1064696795555, 758.2155918752776, 753.2915451498291, 748.6132684145863, 744.8962216946339, 741.0749122834978, 736.8436921479307, 732.4825307595016, 728.8650017802684, 725.3288506392232, 721.5212619294344, 718.6267591781385, 714.9401775983077, 712.9417455380316, 710.6726088015625, 708.2603160465374, 705.6299004102151, 703.4727359270764, 700.995960954524, 699.3345775909627, 696.5056512307202, 694.1921976436739, 692.7546658474886, 690.2518235119497, 690.7921440645136, 688.0476800957605, 689.4365852491986, 688.9503655296992, 683.6015040582552, 683.5236779057087, 683.1812054155646, 678.9510900644065, 681.5055844431912, 679.3969325940627, 677.2912540544785, 677.7028020645097, 674.7922335271006, 673.557065815708, 673.3049975294143, 672.1346382335956, 670.5282106096483, 669.9056271796621, 668.7855328129372, 667.8761008587842, 667.813494946354, 666.3947034876135, 666.9474739133468, 665.589920962948, 664.704616762655, 662.9343771809376, 664.2584190332441, 663.2995211583516, 661.2928979728861, 660.9142100327593, 660.8867245677826, 660.1431847585794, 659.0600868600815, 658.1270211667917, 657.9484736114339, 656.9424198089447, 657.1143541373701, 656.1541512845034, 655.8173694190363, 654.6370509294798, 655.3377808309348, 653.8608314896283, 653.913146596878, 652.7760609459866, 652.5863218488852, 651.4729856095504, 652.1097083670604, 651.4057710353924, 649.8453841140711, 649.0931420273038, 650.1758573168748, 649.3461918667373, 647.6864207366699, 647.0066962237935, 647.7055990789403, 646.7004494444835, 646.0924284008299, 645.2292145320845, 645.5354194870913, 644.4076705121353, 644.6967311790106, 643.6226645966647, 643.7141285713728, 642.6331873357012, 642.9980331361678, 641.8473310619061, 642.2782678437522, 641.1758108389796, 641.2914275299593, 640.1345028907982, 641.1115063374492, 639.978839187599, 639.662980331443, 638.6908879170287, 639.7081038237455, 638.6604702693148, 638.2150128124366, 637.3777915372516, 638.2649563543132, 637.2704604518425, 636.9695189618346, 636.1539829686429, 636.9398282845635, 636.0458519025012, 635.6089330274402, 634.8224036105939, 635.8248739947254, 635.0096729876593, 634.1771810025473, 633.4243202413043, 634.8041886180697, 633.968189162896, 632.7919026565874, 631.976487941918, 634.0015122788789, 633.125339492377, 629.1983875513679, 628.1918068617873, 623.9477765218095, 620.1600443545598, 616.7085411391514, 614.1187279625243, 611.350438357809, 608.5371571620491, 606.1630991412941]",0.03,150.0,10.0,False,0.0,0.8827412587412587,-0.20290909090909093
methodological_closure_v1,D,AWT,awt15,bird,0,254,340,0.01,po_random_5fold,random_50k,full_background_50k,ipp,primary,50000,,,standard_kan_ipp,True,466.4024487869974,2051.897085849294,,0.7654650645304851,0.8032444311426525,0.465988088479735,0.4568129506069689,,,,,,False,,,172.5844268798828,22.52306095990137,"[2748.175137833036, 2732.010320808451, 2700.4047328093566, 2667.2512009331163, 2632.1224411300127, 2603.567460748921, 2578.7339439466336, 2552.385797305998, 2525.425385834326, 2500.9404823335353, 2479.3903778137374, 2459.9321501711142, 2442.667328910134, 2427.041906463368, 2413.8197042161523, 2404.1013709512567, 2396.8389543207377, 2389.458285613583, 2380.7261590197795, 2370.6542529135695, 2361.231940633543, 2352.7157218161433, 2344.085730214422, 2335.1716371313632, 2326.848364277075, 2318.976796843803, 2311.9441092298534, 2306.257764134938, 2301.159447179618, 2295.8440568716733, 2290.2935060699533, 2285.2668026208644, 2280.8834840862414, 2276.467518550928, 2271.6978715477517, 2266.705189089778, 2262.192637326017, 2257.5847191787593, 2251.615948045711, 2245.2451579143194, 2239.753073204025, 2235.156252396199, 2230.3490806670366, 2225.5542317109944, 2221.252026384217, 2217.4551070302527, 2213.763851853393, 2210.08486592572, 2206.0027399490755, 2201.489219337772, 2197.429193222883, 2193.901806212358, 2191.172680663588, 2188.4099306048442, 2185.5642331537333, 2182.48017040131, 2180.1463183412516, 2177.2653256723197, 2174.5774467916053, 2171.782231486665, 2169.1578306715724, 2166.6069093972396, 2164.426734102323, 2162.1299454696655, 2160.0712766610727, 2157.6866493138195, 2155.2123017402555, 2152.8000807913154, 2150.2638140036515, 2147.9248258678003, 2145.591395303623, 2143.034005273224, 2140.57127467605, 2138.8373569304263, 2135.6527817559127, 2134.3241295109474, 2131.326753816428, 2129.7971380701965, 2127.318799702796, 2125.419931029726, 2123.4225370864056, 2117.726215301845, 2098.065426131847, 2085.4852043913074, 2077.5237870687224, 2068.9831087300477, 2061.6036445417008, 2057.212111929089, 2054.3083211725416, 2051.897085849294]",0.03,80.0,10.0,False,0.0,0.8091158581812787,-0.04365079365079361
methodological_closure_v1,D,AWT,awt16,bird,0,144,340,0.1,po_random_5fold,random_50k,full_background_50k,ipp,primary,50000,,,standard_kan_ipp,True,460.66139922,1038.9619984155715,,0.6161684782608696,0.2323817845868781,0.2639557871141543,0.1397805287120115,,,,,,False,,,297.7702331542969,23.638766032244718,"[1557.5645385621056, 1548.1900761255042, 1527.8748822559483, 1506.9004005849047, 1483.5340939075095, 1464.193662108986, 1447.4063261234849, 1427.7760231624502, 1406.4555702456705, 1386.7341042846722, 1368.096033391254, 1350.8109358567804, 1335.392013508786, 1321.6990924263914, 1310.7477313032084, 1302.0300098021212, 1296.0637861881278, 1290.9981946909922, 1285.4442719862523, 1279.0580945950703, 1273.0842512022273, 1268.6728317440054, 1264.438561153162, 1259.5316233867222, 1254.5281566816868, 1250.4813893312755, 1247.2156827283118, 1243.733848732982, 1239.3319759413243, 1234.3445887744022, 1230.0106293196054, 1226.9338959865229, 1223.6887951966553, 1220.1474081368995, 1215.6759732859107, 1210.8585195800047, 1206.5464851146535, 1202.8057192418491, 1198.8517380943624, 1194.3383208488608, 1190.0092387259322, 1186.3389674198481, 1183.5857183058192, 1181.1565957165826, 1178.7331463265186, 1175.6982516324003, 1173.1014037164312, 1170.9884837098673, 1168.7986921768509, 1166.4475671057278, 1165.318418685174, 1162.7566775314442, 1164.1877930726525, 1161.1128321400777, 1162.191313796039, 1162.6256024315671, 1156.8123055688816, 1159.3644010874348, 1157.7212777524153, 1154.1104813161026, 1152.2553979212819, 1148.7519193426276, 1146.4928488680796, 1147.0744975342236, 1143.9449571110829, 1143.7373241251432, 1142.393241223182, 1138.4925524905373, 1137.5692434928928, 1136.0041675890882, 1134.1141147202597, 1134.013979064528, 1131.770997712926, 1131.3462940233746, 1129.9733482344277, 1126.9725706723045, 1125.7876076146886, 1124.9425619081185, 1122.8125309752488, 1124.6849324174818, 1123.8006535882394, 1118.1532062270708, 1107.008021758901, 1092.1298985930114, 1079.143196880416, 1070.399683007719, 1060.4565860888688, 1051.924159021555, 1044.4094681461956, 1038.9619984155715]",0.03,80.0,10.0,False,0.0,0.7377151268115941,-0.1215466485507245
methodological_closure_v1,D,AWT,awt17,bird,0,184,340,0.001,po_random_5fold,random_50k,full_background_50k,ipp,primary,50000,,,standard_kan_ipp,True,464.06649659300456,1463.233159510858,,0.7136946458563763,0.4744038996536417,0.4572726464671223,0.3277587784410228,,,,,,False,,,351.8868408203125,23.504809141132757,"[1990.851513206343, 1983.589912013016, 1967.1473436801355, 1946.3794000628047, 1923.328768445601, 1905.1091432002925, 1888.8587967984786, 1872.103592917166, 1855.3322748707028, 1839.3372580278349, 1825.196697614178, 1813.3448287605684, 1802.9850413974027, 1792.4749521771503, 1780.4530055930609, 1768.7429880515947, 1760.3132252669116, 1753.8655699808712, 1747.60713222924, 1741.7763622312837, 1737.7122752536072, 1734.9553534071065, 1731.3474756568362, 1726.6753337672283, 1721.2184575029416, 1715.3869033039343, 1710.4754289708478, 1706.8566896439, 1702.2784323217609, 1697.0990109286752, 1692.826707134447, 1688.443698760377, 1683.7590191848813, 1679.1504401889304, 1674.4235168810326, 1669.8786736745574, 1664.8826135348397, 1660.4209844436432, 1656.0123976238197, 1651.9146348233082, 1647.2862398185462, 1643.2264119473673, 1638.458980760736, 1633.210800094075, 1628.4474552968359, 1624.026583897234, 1620.3680691599727, 1616.2458815022344, 1612.6237763035253, 1608.3831093409376, 1603.9473829950748, 1600.272720549462, 1597.9312788615766, 1595.1262337061723, 1592.1704251825024, 1589.499400888769, 1585.5331122404316, 1584.4225847213963, 1580.3457339278127, 1582.22419199949, 1579.0523683566669, 1575.1812862318839, 1572.608430498475, 1572.35446742329, 1569.4483034532318, 1569.6001971360683, 1568.2101652381264, 1566.0652578056054, 1563.9045564851622, 1562.1093947296558, 1560.5980492181116, 1558.527930879987, 1556.1658801795481, 1558.7321224525347, 1555.6851728604397, 1553.4234523687155, 1551.7333800931099, 1551.1695505341502, 1548.839593866563, 1550.1496085070228, 1548.9699806339795, 1543.0564016663582, 1533.689263103462, 1521.9788613195894, 1507.238524100727, 1496.4721294491521, 1483.7692429854178, 1475.9299853297432, 1467.9680151104458, 1463.233159510858]",0.03,80.0,10.0,False,0.0,0.8130760722625047,-0.09938142640612835
methodological_closure_v1,D,AWT,awt18,bird,0,242,340,0.01,po_random_5fold,random_50k,full_background_50k,ipp,primary,50000,,,standard_kan_ipp,True,459.62016830500215,2079.8899142197256,,0.5967422962137283,0.4898181345911793,0.1787636016986636,0.1659632353973209,,,,,,False,,,112.33348846435548,22.68155984511855,"[2619.3674617193165, 2610.87859034181, 2597.6101931528633, 2582.2136674871863, 2565.9111877254713, 2550.489020661266, 2535.521506748315, 2521.1826973808184, 2507.7464660009095, 2496.318746381677, 2486.7436029756286, 2477.5294389403116, 2468.1350243115585, 2458.910424359919, 2449.5576213617883, 2440.2686672534787, 2431.2934188212807, 2422.262172730341, 2413.1633846926165, 2403.78883854088, 2394.344606744772, 2384.7281655061506, 2375.996269421237, 2367.3162434885285, 2357.953984010807, 2348.072375964217, 2337.374621747631, 2327.412684828051, 2319.1408587722426, 2312.785489453031, 2306.6074096280627, 2300.748606457157, 2295.069218436332, 2289.591155955546, 2284.7408871614325, 2281.253189272242, 2277.6281613956953, 2273.684994169967, 2269.45051339702, 2265.076742510557, 2260.558033306243, 2257.1890673518346, 2254.2450103526953, 2250.7592238515917, 2247.282103188298, 2243.652366563546, 2240.5924101995324, 2237.60958232634, 2234.5507222179813, 2231.3407720026316, 2228.117098163223, 2225.2935929010164, 2223.10375349545, 2220.1710232167125, 2217.5965941991462, 2214.8643630765755, 2212.278851067136, 2210.0655213819236, 2207.122345754885, 2204.7748075768645, 2201.9440405755886, 2199.9468626703274, 2196.936023712868, 2194.3563736569577, 2192.351112153653, 2189.4455669565523, 2187.7363731797254, 2184.46645030992, 2182.4405771159923, 2179.5281060065645, 2177.14768733937, 2174.7258851368247, 2171.6927194514146, 2169.5802284680744, 2166.4838132715317, 2164.3557035508325, 2162.1995372022816, 2158.8413465182102, 2157.739824993005, 2154.663376650249, 2152.454262653496, 2149.873406060951, 2137.836726459282, 2124.7546476586367, 2110.1719993077854, 2100.662067527154, 2093.92410338132, 2088.2031193428306, 2083.555893633378, 2079.8899142197256]",0.03,80.0,10.0,False,0.0,0.5242889504153033,0.072453345798425
methodological_closure_v1,D,AWT,awt19,bird,0,78,340,0.001,po_random_5fold,random_50k,full_background_50k,ipp,primary,50000,,,standard_kan_ipp,True,619.0212770819999,455.51960663154944,,0.6295289855072465,0.2750478121682991,0.2551131243567331,0.1665568823547843,,,,,,False,,,444.5192565917969,24.920934897362898,"[843.7628424747888, 840.2127549827605, 831.8622917407632, 821.8353530799723, 812.274523944368, 802.4222760645795, 793.1537142179541, 784.2559225039442, 774.8634168561978, 765.5690377791038, 756.8000101225512, 748.384386977214, 740.2427061537079, 732.2521300459601, 724.8640925235898, 718.4591957112497, 712.6337151897054, 707.1874045001794, 702.2259105292643, 697.5460892380231, 692.2837721213187, 686.5863685177851, 680.6298345136116, 674.849300646921, 670.0792872561177, 666.2029387326987, 662.2551158717304, 657.7854948202961, 653.0676088981369, 648.4595396462602, 644.041250436517, 639.66166242625, 635.2114417981293, 630.8306195015308, 626.3379480115296, 621.5975931873498, 616.7163124006222, 612.1306387221105, 608.6158452564927, 605.442173296617, 602.116114250866, 598.3855181102434, 594.5574232004536, 591.4256584903677, 588.1501355741965, 585.0098145549443, 583.0907517407908, 580.3065525769824, 578.7509138473606, 576.1625565621008, 574.7402509828263, 572.8015130777695, 570.6441403394938, 568.6454926463203, 567.2092329254547, 564.8581390532974, 562.8507236068828, 561.2777643490856, 558.8758450009053, 556.9167952874458, 555.9842726844767, 553.7633628200307, 553.371233065846, 552.4259814334752, 549.20705273124, 549.3592871577882, 546.3120676409571, 548.1944890942681, 546.9201448223403, 543.0678104833601, 543.6061782421192, 541.2877793320656, 538.6758521255397, 538.0560079257492, 535.2566611780893, 537.8439926496227, 535.811746791514, 532.7812925779476, 532.2266619612094, 530.4626220646131, 529.0966325812973, 527.5701219682919, 526.8830171818885, 524.9048359138677, 524.521950260898, 523.20787324858, 520.9815473823967, 522.2171360499874, 519.2418593103624, 521.8691503460789, 522.2476751811386, 518.077792490449, 516.3488895113097, 517.5994513210584, 514.5548807707708, 515.3320918621611, 515.3550005065937, 513.7751051469468, 512.1020138199614, 513.9809496268002, 511.80491163369874, 509.35490400128106, 508.3327549177355, 509.54934578946717, 508.42761399034515, 508.1807008547013, 507.39834157983165, 506.7792938348319, 505.48222326012547, 505.78340530620665, 504.75154092135654, 503.921211917846, 503.1456954004, 503.79481487775655, 502.35884061017674, 503.22019798936356, 502.09798056111794, 500.7674054938582, 499.7633442787649, 501.0279939715228, 499.8641893335239, 499.5240014381052, 498.8469979372784, 498.52576331082156, 497.5386056062284, 498.29757617699846, 497.2906871768879, 496.6583667911544, 495.5839199265064, 497.2719979036017, 496.2622760231774, 495.05305619510153, 494.3009469382554, 495.5592912980995, 494.440161992352, 494.13694598787845, 493.23885338778604, 493.8831007912288, 492.77948552948806, 493.0408584387112, 492.08068868120074, 492.3908589958995, 491.33629175447555, 491.8748406375692, 490.8233643705587, 491.3092127947433, 490.32415590237935, 490.45686290013066, 489.4966248801524, 490.18571539096433, 489.2281382837802, 486.22198930332513, 485.8350184343905, 481.00264515085365, 474.05332965576235, 469.61375724311273, 466.2301588968478, 461.89546017787546, 458.6276104871185, 455.51960663154944]",0.03,150.0,10.0,False,0.0,0.6829710144927537,-0.053442028985507206
methodological_closure_v1,D,AWT,awt20,bird,0,104,340,0.1,po_random_5fold,random_50k,full_background_50k,ipp,primary,50000,,,standard_kan_ipp,True,462.610321649001,690.37738543003,,0.5636538461538461,0.2870854541796491,0.147132856507803,0.0868746175428855,,,,,,False,,,269.7638244628906,24.250679830602863,"[1125.1575567020095, 1120.9986767972136, 1114.9274650166465, 1108.0271664481565, 1100.7536720826881, 1094.2693462248112, 1087.8769744751576, 1081.2625824278887, 1074.8542571962544, 1068.825203517629, 1062.738467547526, 1056.3112454231414, 1049.7858784246719, 1042.8561662085228, 1035.385315104475, 1028.1736658914353, 1021.2530623899628, 1013.8075620664621, 1006.3695580445925, 999.1887762463964, 991.850902428107, 984.7054870657382, 977.0218338825861, 969.0158885984655, 960.7887408309127, 952.5804591254248, 944.3640934907713, 936.0819682938463, 927.702075346319, 919.7793184834364, 912.9772645629636, 906.6653011198863, 900.1060839632887, 893.6398220004719, 887.869482243197, 882.6531080139154, 878.1244844603814, 874.2901780179019, 870.1665796489655, 865.673439240126, 860.9619976032764, 855.9549421440648, 851.071058428552, 846.2773391809626, 841.8561259376113, 837.7157726146946, 834.2697685947173, 830.9827686071641, 827.8084159143012, 825.3267102220857, 822.2307875281415, 819.03647549175, 816.2136788399353, 812.9380277377691, 810.5323896856647, 807.5835585405987, 804.443177315361, 803.3948486798587, 799.857410967495, 798.5803446827265, 796.3959400105211, 792.98801859461, 793.255871858265, 790.0500423647387, 789.740148168447, 786.8198127794036, 786.1651781824995, 784.4217702443818, 779.7013109164998, 779.896354874255, 775.896608150606, 778.4273687928085, 774.5499800634519, 777.971591473686, 777.1393824104327, 770.4168969403843, 771.1027022266389, 768.23786243712, 768.050949564707, 766.2170247770864, 764.5221557868477, 760.0648471291212, 751.4723269287871, 740.0840373755955, 727.7562829757348, 716.5511384272581, 708.0515543486422, 701.79487766552, 696.0598444415632, 690.37738543003]",0.03,80.0,10.0,False,0.0,0.4892307692307692,0.07442307692307687
methodological_closure_v1,D,AWT,awt21,plant,0,17,102,0.01,frozen_n_po_lt_30,random_50k,full_background_50k,ipp,primary,50000,,,standard_kan_ipp,True,940.7927656249958,48.92734383040335,,0.6067073170731707,0.2768283798617943,0.2536125554392798,0.1523256110875154,,,,,,False,,,157.63072204589844,25.116870675231954,"[183.97333862457037, 183.39082647350062, 182.1896877501979, 180.17214553074558, 177.836022798392, 173.29722586002123, 170.45139492444912, 167.16552338912697, 163.62525540926714, 160.07202562957636, 153.23074915753028, 149.8025428710279, 146.47069810226526, 143.35097593798653, 140.35056357539415, 134.80706578930167, 132.2969829757322, 129.96088886540443, 127.68699366099928, 125.38940214828614, 120.45948360189769, 117.87565680791448, 115.18516308433519, 112.37218970595548, 109.34862536475832, 103.38734636302479, 100.51711314847113, 97.60276309514224, 94.72721836809289, 91.8767924926059, 85.63881893150467, 82.5081893010136, 79.82167308416763, 77.229305278898, 75.38242332255795, 71.82491713898888, 69.73587662689421, 69.39490749412298, 68.46110105134136, 66.55770869699207, 65.26091030518445, 63.52314399709536, 64.58512287561769, 63.855369042981295, 61.84463811887752, 61.01908669059668, 59.79746658672034, 59.5151810841879, 58.584672119162946, 57.86841762797698, 57.06361363481335, 56.683283275535956, 56.35143360716224, 55.65357650166736, 55.2527412500295, 55.425548146895046, 57.33804809885884, 56.65236010846291, 55.69442515918584, 55.24737075658942, 54.501785450059245, 55.105257435730394, 53.71368933896891, 56.922280370835786, 56.96542599508365, 58.39553095482183, 57.17184856803035, 54.71175342369754, 54.9060967016946, 53.80129803303675, 55.6292921866293, 53.904038769617486, 54.698891855143025, 53.93296456750084, 53.46707219421309, 53.2465806180534, 53.03524744182496, 53.35196100454858, 53.38912890474543, 52.59741214809182, 52.86730150988499, 52.31411619522485, 52.751984843234936, 52.557080119549006, 53.20713593507408, 52.637502833883616, 52.48268922769414, 53.2535340262828, 52.639229056444535, 52.03479241495876, 52.84718264358925, 51.685374608707924, 54.81914840959712, 55.303286143587066, 54.171762871711216, 53.147250637307, 52.53448218760416, 52.84449236825059, 52.10201612776456, 55.393871256869666, 53.2651616119417, 53.70917075223644, 52.663119632278544, 52.483786419667304, 53.26863132555772, 52.6453046877423, 52.09048416753347, 52.48222590075328, 52.69985643636097, 52.08005701159131, 52.48298281044094, 52.19192015295066, 51.84699851222191, 51.65428087919915, 52.43047882206946, 53.326610496655505, 53.071674292408204, 53.944039287204895, 53.14438852538711, 53.55895578396858, 52.17131546027217, 53.98259113102379, 53.444620680619984, 53.002850203671414, 52.698302443341255, 52.145999091201055, 52.46482372094612, 52.56336892601342, 52.28075153981321, 52.5221580521639, 55.440913473111344, 55.78413813354897, 51.223787506446556, 57.232909237192246, 59.28409526548549, 54.704312948900004, 56.57531748568414, 53.401385891968644, 52.8392041643811, 53.3317477951971, 51.7481217045468, 51.95496629689968, 51.07547337488789, 52.443692039620046, 51.63670197063093, 52.17574695854369, 51.371659883765794, 52.12883135188035, 50.99571339217663, 51.79283598805748, 50.89171168476743, 50.82107335439522, 52.247607680684254, 51.35121291529804, 51.60834464132621, 51.73597934981441, 51.89177929602055, 51.975867360838244, 52.44219624812552, 51.397584280117535, 51.75035869459369, 51.20624170798162, 52.59594821274608, 51.881752115493484, 53.833225125436506, 52.13541053772119, 52.75146446853684, 51.516405299397924, 53.46991558065275, 52.72986754149447, 51.81512545890771, 51.368793838397174, 52.12574353820496, 52.8270576356754, 51.263253816808714, 51.674788914201926, 51.23753202863028, 51.464160711070754, 50.88072896697041, 52.150807189801974, 50.5601773007949, 51.81637087054546, 50.81027576091159, 52.363441000189276, 52.36560658183435, 51.970170149802485, 51.7483696505891, 52.03159007238084, 51.57445633820425, 49.84303923661083, 49.56766360098734, 49.44614205787775, 49.318306245642724, 49.1606854519195, 49.11970625468686, 49.008719360176116, 48.97372425447257, 48.96490061117289, 48.94987846494735, 48.927343830403345]",0.03,225.0,15.0,False,0.0,0.5878048780487806,0.01890243902439015
methodological_closure_v1,D,AWT,awt22,plant,0,9,102,0.01,frozen_n_po_lt_30,random_50k,full_background_50k,ipp,primary,50000,,,standard_kan_ipp,True,938.112300804998,19.817550829387063,,0.6104523495827845,0.4166047733226075,0.2247559303502654,0.1792164086478137,,,,,,False,,,19.94691276550293,25.08673846196608,"[97.39703761676411, 97.0287851986779, 96.19163458112645, 95.32974058378849, 94.25973866873154, 91.69013569933405, 89.99753498509077, 88.13876685486905, 86.24916819020962, 84.3294640578382, 80.38193849977738, 78.39851433224767, 76.41299966867807, 74.39865218755897, 72.24277473694809, 67.81832005410227, 65.41493817028538, 62.905478481642845, 60.27443045568906, 57.6343822778385, 52.334184908865666, 49.82641332040247, 47.18779682546973, 44.62282907982841, 42.27815840294098, 37.66402162979837, 35.597696783982, 33.64442937466066, 31.9322034001672, 30.42497946081726, 27.684147936162987, 26.831139420267828, 25.83238279710913, 25.158337282087103, 24.35143622557971, 23.684043189440693, 23.30896370539955, 23.202678311318067, 22.68103514481966, 22.818574024793943, 22.715053010468807, 22.152828827430813, 23.186202105200493, 23.008507199210374, 21.93870622561829, 22.980713058044596, 22.97151969470514, 22.37786797100451, 23.68084139040105, 23.515014567445856, 22.1212987050393, 22.105689843155655, 21.896686571736456, 22.133044876193903, 22.34164591082326, 22.175297689524157, 22.029850191976195, 21.251890538888677, 21.36054364671309, 22.021342518988263, 21.685360123929, 20.986687613314338, 21.10611600942816, 21.376733272425085, 21.187066004102263, 21.2501819486587, 20.782532505459436, 21.166642268361965, 20.89334800002368, 21.129404883632404, 20.927224509315632, 20.92458465336791, 21.192845117135292, 20.91851687046606, 21.21601024231806, 21.694382554844374, 21.66947263026528, 20.854457051683823, 21.586183776359707, 21.066690331049735, 21.43211747830694, 21.34252507379951, 21.274246253050865, 20.76465137161659, 21.89048734229187, 21.44191423986936, 21.410682209669872, 21.284141263296853, 21.270630119140865, 21.677542239719067, 21.334234219495766, 21.47313389122014, 20.75682906498328, 21.682459878980243, 21.01996930754466, 22.002259046541614, 21.87082604534717, 21.3499782191902, 21.438031247132333, 21.573001440025767, 21.33552665931721, 21.247120391764643, 20.604901439103205, 20.59242736666001, 20.81006057274847, 20.78365367585752, 20.546462713660624, 20.89727102824331, 20.861182920635276, 20.44791884373974, 20.38325510038912, 20.653723298628364, 20.37093496846055, 20.85018938630245, 21.13256789915316, 20.52219023776703, 20.8382112955163, 20.364996996806934, 20.893814604063774, 21.164020242454946, 20.471879475472104, 20.87368326332794, 20.932825449943714, 20.669038559203166, 20.39580937194037, 20.653047272868424, 20.919561497527866, 20.569000464991145, 20.718021291643154, 20.575815195404054, 20.4484909865884, 20.37512449809426, 20.619891374952953, 20.57023999707631, 20.453912592977005, 20.765353660462768, 20.32469607124001, 22.249144015824594, 22.36663827400998, 20.349873644743177, 21.809666778513026, 20.7927705134903, 21.09891853229029, 21.30532382797333, 21.011365285139735, 20.49247561746078, 21.05015424779372, 20.52218826729506, 20.5573710783898, 20.640361603708296, 20.630836585006644, 21.248889414112643, 20.982412364032722, 20.794318931788297, 20.9069674796643, 20.841359570537318, 20.67947826203052, 20.515694586583987, 20.30163537340846, 20.605423463725128, 20.270501445293455, 20.342544518759677, 20.424660734804807, 20.51247143884646, 20.184733499126715, 20.480451967870117, 20.359480347039966, 20.438067889692196, 20.345891852053633, 20.40995260383938, 20.231259597403454, 20.140973103841493, 20.115809898068303, 20.70759140551944, 20.31624410665654, 20.579958902018156, 20.42314284810411, 20.318498949068566, 20.34122924945361, 20.296525394554713, 20.21125694086672, 20.264538159366918, 20.28186774439325, 20.119901510292003, 20.20837342657728, 20.213790527190678, 20.420249453541974, 20.264807121514675, 20.47372558540152, 19.963339959233537, 19.895604856015957, 19.86168314125995, 19.851004394037133, 19.84231910718495, 19.83556022987889, 19.82586257189267, 19.823449433217252, 19.821756876751692, 19.820016227809052, 19.817550829387063]",0.03,225.0,15.0,False,0.0,0.7191480017566974,-0.10869565217391286
methodological_closure_v1,D,AWT,awt23,plant,0,56,102,1.0,po_random_5fold,random_50k,full_background_50k,ipp,primary,50000,,,standard_kan_ipp,True,613.263507872005,265.22231370347663,,0.5696366782006921,0.485017568605035,0.0877362481734214,0.1270960838941763,,,,,,False,,,569.1411743164062,26.26303334926949,"[605.7816916662247, 603.0718088853043, 598.4330295843994, 593.17441706689, 587.5503368408092, 582.270796569326, 577.2169458207608, 572.018882857967, 566.4558675768086, 561.1905917096664, 556.42928308383, 551.6016768997611, 546.773044675633, 542.0599985754811, 537.0740733815082, 531.7880377570914, 526.6577884889605, 521.4951447830243, 516.4710132227823, 511.2900189174398, 505.8152187257976, 500.14654116026554, 494.5138911280579, 489.06835127325337, 483.3626897721925, 477.481935288274, 471.54668965845076, 466.3880633841289, 461.52470155348107, 456.62301599978855, 451.61343974714765, 446.5942336975001, 441.80018634443076, 437.0871077419699, 432.69423800293924, 429.01775851314454, 425.5995493844004, 422.38551783571927, 418.89294277259097, 415.2425211991957, 411.36963265208556, 407.5711749777656, 404.141034456, 401.1505232793191, 398.1898208676281, 395.4685042854723, 392.59072423931485, 389.7546811326519, 386.90974929512845, 384.5660913247178, 381.7618265159955, 379.6244806330471, 376.8061626090945, 374.7075471149319, 372.38017185142104, 370.17048894078727, 368.144382605968, 366.08502055011996, 364.3177997710014, 362.109557637653, 361.0171079245014, 358.2743941281091, 357.05096482939547, 354.9521150786187, 353.3492658635333, 352.1110835797461, 350.0213255810967, 348.7550460528378, 347.04375520876204, 346.3151514482278, 344.33114119489426, 343.34587304468573, 341.7608095219569, 340.9089637901972, 338.9240456241749, 338.30988440597207, 336.23121829900464, 336.45781236583224, 333.9363025242004, 333.9152153151353, 332.1171138655553, 331.88082533778066, 330.373014798878, 329.64448003596823, 329.75547959885984, 326.0584488882869, 329.7626164509558, 326.26103953501973, 328.79974656610676, 329.59572378461627, 326.1138148216813, 324.3417645426583, 325.4113497658081, 325.00953081257984, 320.12421596063143, 323.9360948150443, 321.8927845557321, 320.6184492243743, 321.5380059766222, 319.54079446892285, 319.276743289268, 318.44302132698317, 317.53254081053325, 316.86903798600855, 317.7285310341348, 313.95627321761475, 318.8720799219126, 315.0505596531353, 320.18050879827746, 321.2045452375756, 315.31190209328946, 315.3708513514464, 313.95978707004116, 313.75035909444165, 312.58758517854614, 311.07210813032196, 313.69075647558327, 311.69408866838404, 314.77886234711, 313.25232593029176, 311.56411416729844, 310.8259014986149, 311.2720194803393, 308.77614816647576, 314.149422682555, 312.5615855149577, 309.2338851211461, 308.7853517606827, 307.984869293412, 307.07102437634603, 309.8437369057763, 307.5687627350628, 309.36510102687583, 309.1127663346116, 304.9011578287121, 305.14692076233484, 306.87118488249666, 304.16380640834427, 311.234642961061, 310.7765278630506, 302.7938618263212, 306.5918057521873, 301.95232848619906, 315.44137972786535, 318.4708398445797, 304.53243872340414, 311.0056514959711, 318.22775998798215, 306.849393327481, 308.8506140177582, 316.2631910981501, 298.72224845161816, 297.9339079564002, 292.51685186961845, 286.59211705381097, 281.83342343998726, 277.60671299165585, 273.2814024725252, 268.76525009351644, 265.22231370347663]",0.03,150.0,10.0,False,0.0,0.6561418685121108,-0.08650519031141868
methodological_closure_v1,D,AWT,awt24,plant,0,10,102,0.01,frozen_n_po_lt_30,random_50k,full_background_50k,ipp,primary,50000,,,standard_kan_ipp,True,946.7582113959944,23.778450230691583,,0.5037037037037037,0.304968731179215,-0.064492352005426,0.0515560211552513,,,,,,False,,,37.12746810913086,25.699560930531376,"[108.22821479826216, 107.49326082062126, 106.15823626841402, 104.56543853396502, 102.79265643631807, 98.71552390969552, 96.5176362290137, 94.24954201554885, 91.75946710616499, 89.10851811622574, 84.97136465416482, 83.01727542278351, 81.03933892296021, 79.10202332556763, 77.23222888500358, 73.35158260910933, 71.1044365302374, 68.66355237797505, 66.17027506224758, 63.644005630129755, 57.89627919208003, 54.90206038381804, 52.51767423779472, 50.31574408631221, 48.1322623222543, 43.6765393180868, 41.610664944524494, 39.803311652099104, 38.255817556218446, 36.51413394466761, 33.38403351964993, 32.631462011264325, 31.766498892570226, 30.88793049774259, 30.562682056668134, 29.972070201859736, 29.472683187588505, 29.455298540486183, 29.2708307095475, 29.19874650913659, 28.55514615140403, 28.784550043663486, 28.421078127951315, 28.616910947330734, 28.25327974061375, 27.943574984382963, 27.8573683794552, 27.608142662267877, 28.220032065134603, 28.226478807058957, 27.393362703754384, 28.55099182079281, 28.50528493803658, 27.771402766576667, 27.711557374476996, 27.60811437445365, 27.849806304457285, 27.189287918411427, 27.194376872848498, 27.67709116194677, 27.003766398038152, 26.64289663595419, 27.398324546149894, 27.419067592947293, 26.65176710303833, 27.63531040941141, 26.613635751975824, 27.27320664379552, 27.357858809987082, 26.627377810659723, 27.08446908842728, 26.92500660409182, 26.710717301608007, 27.11932790666414, 27.01748946189375, 26.658596531794235, 27.46694952880746, 28.19304268984417, 27.023661603205294, 28.591402516790005, 28.064146529880265, 27.922736704026644, 27.41014646233802, 26.57205524995931, 26.625852092287346, 26.906409924178142, 26.494731896683174, 26.477978203170686, 26.129286056207974, 27.711508201162978, 28.30637770909537, 27.771584249611582, 27.451543684446328, 26.933408021788438, 26.892822515916063, 26.046979634770484, 26.764882126413067, 26.66575474608957, 25.93332167140601, 26.99887248275491, 27.02724474848749, 26.639862685538045, 26.309023681529204, 27.076006910018275, 25.87443612660079, 28.128098115560213, 26.20110785790489, 28.622017986116266, 30.06867750192433, 27.234804936896317, 27.71163738385523, 26.625616012640243, 27.43597192643257, 28.496499308823964, 29.447365340110405, 25.78714858778331, 26.491014729499906, 26.16608804677853, 25.87530038148607, 26.936422136936066, 26.877065085196453, 26.20499771674165, 28.858733661413222, 27.961306421058758, 26.775530884389806, 25.72567057509849, 26.43684119513424, 26.78137091116552, 26.245285046967137, 26.987424911861574, 26.70435120070524, 26.178370535190275, 26.621819614152695, 26.351667420126613, 27.09662529149944, 26.56909301095505, 26.057749409781724, 26.702105798334216, 27.404085945911078, 26.11058272481942, 27.46334772781244, 26.21937110519148, 27.257457660478167, 27.302377058754715, 26.258784034221655, 27.078518477073146, 27.77102350722726, 26.68109760270236, 27.280234856127063, 27.146604034748886, 26.614191491938147, 26.087728870071857, 25.719713251053328, 26.642772780892912, 26.075112578867643, 27.055937266997386, 26.421567385509363, 25.8188241691121, 26.071340163287726, 26.039806459582458, 25.816820344333017, 25.89224844862121, 25.544964211887546, 25.959774982795736, 26.276100021275237, 25.976326881427326, 26.195257843898354, 25.567693451170967, 25.874601416084126, 25.951514690831896, 25.44974588129737, 26.17187745010555, 26.491536980048604, 25.622658243645095, 26.285145835992747, 26.00806289705927, 26.27864269644775, 27.002729815472357, 25.820961925099535, 26.325367382978953, 26.17260766062894, 25.41671897219281, 26.06808857889102, 25.32657986360289, 26.180616244045893, 26.32973420836089, 26.545453964932964, 25.547202104651767, 25.880737486480836, 25.026638371976677, 24.892911922700996, 24.76641543776824, 24.630462852454038, 24.457281025618585, 24.360073471785736, 24.149139790887595, 23.994162256005403, 23.858128517134382, 23.806613114100266, 23.778450230691586]",0.03,225.0,15.0,False,0.0,0.6399999999999999,-0.13629629629629625
methodological_closure_v1,D,AWT,awt25,plant,0,12,102,0.01,frozen_n_po_lt_30,random_50k,full_background_50k,ipp,primary,50000,,,standard_kan_ipp,True,946.1050170789968,30.72516981993593,,0.6025641025641025,0.2643811029431187,0.222469154461846,0.080314122434013,,,,,,False,,,67.05274200439453,26.52137015464409,"[129.96475658883497, 129.84483389939152, 128.92469981733825, 127.86126116348686, 126.65357035489741, 123.4153803761173, 121.44179237993615, 119.4384286969766, 117.29614317181203, 115.01732195172579, 110.33308680700053, 108.03493840485152, 105.8090764799559, 103.54199916266589, 101.22928132229697, 96.71161792976487, 94.49353295828294, 92.1958008258103, 89.74605303097698, 87.10319791332124, 81.60571599087504, 78.77634487471649, 75.99473057767773, 73.52472178412698, 71.34109511744276, 66.84450037360274, 64.64685226814709, 62.383584961098904, 60.12613800412647, 58.041915746395055, 53.96538881971835, 52.33640332634577, 50.74825959887836, 49.47525252857596, 48.290520012780114, 46.45483890097222, 45.445187426521265, 44.58397408112647, 44.121816887312846, 43.47544798233548, 42.522782825531976, 42.33428048772479, 41.57896758161681, 42.328815226499835, 41.554911071353295, 41.679951083534874, 40.9661785921194, 41.432639647933605, 40.501971283746265, 40.682959245049865, 39.90850509024309, 40.0426343034127, 39.728454925675386, 39.11093735238552, 39.8103477423114, 38.99127048249858, 38.83970844149189, 38.67869878858695, 38.859770275433235, 38.283772825988684, 38.875871861199265, 38.01968278774837, 38.23054099354718, 38.12568507538459, 37.531651227013185, 37.27166609292659, 37.493847522276404, 36.9704062573834, 37.20230500073864, 37.10744675346694, 36.79406373935755, 36.738469049358486, 36.23133153434155, 36.56380551101907, 35.72022981678792, 36.182660741857184, 36.71242904714014, 36.23357511964721, 36.09951155003378, 36.01886021899619, 35.59126047032113, 35.779133784176175, 35.35398307200449, 35.68938729663126, 35.43686227553597, 35.375651209617835, 35.34583482120409, 35.23167845707754, 35.12504893877399, 34.55669827004218, 34.46555521797501, 34.84411531692235, 35.02720716294705, 34.108513267642316, 36.42885639312035, 36.4180415524958, 36.26090877415523, 35.554596208359605, 34.24430165557249, 35.09835482850829, 34.090428528286424, 34.752757800321234, 34.23672839248828, 34.178983629144625, 34.17305435595547, 34.10699514600937, 34.1797590869146, 33.71680636857071, 34.13276262926988, 33.60775915281576, 33.732555876643175, 35.02519921193576, 34.834071828290554, 33.80734465173592, 33.5230267496014, 33.695253117683635, 34.80779423509494, 34.35926736244921, 34.20709564164548, 34.18016309415879, 33.502653204170166, 33.899837605399604, 33.40853178865946, 35.75916809028512, 35.5838798471693, 34.511982577102664, 33.40118459054576, 33.15192770389104, 33.56436168145495, 32.99200699083765, 35.29905899795428, 34.39519885780218, 35.613864359982465, 35.26231538888316, 33.45382218245047, 34.127026733064774, 33.611151948638444, 33.336627238524265, 33.28497857405681, 33.60571734743, 33.153824217136254, 35.43751920769771, 34.1622023438988, 34.792730414196484, 34.83295784340408, 37.76886296708072, 36.54362080243759, 37.733724839256254, 37.431978292488374, 36.98291567367372, 34.47438281306328, 33.730686432840756, 33.97198584171632, 33.42925031417122, 33.260683470972005, 32.96677185317435, 33.30682498200182, 32.93080498031661, 32.70521054734477, 33.07958430111895, 32.9577548350726, 35.12118909650895, 34.276681483066206, 34.76670933702583, 34.63383841363011, 34.54300322362871, 35.23138925723128, 34.094899078593166, 33.94998944737629, 33.38263395922972, 32.85195096618441, 32.94846525992794, 32.76212850347072, 34.42233848638215, 33.922000561252226, 33.848131985076485, 33.97408897516481, 33.33736824922325, 33.93996087709288, 33.992134714966724, 32.95773799270066, 33.839342949824584, 33.46087568100526, 33.52434568105735, 33.646284336800335, 32.918992391856506, 33.31507702915789, 33.209424528033225, 33.32816078238922, 32.15979413853346, 31.66596973375955, 31.42394196393158, 31.252209984513932, 31.169665213438034, 31.06422397261245, 30.89911409831494, 30.822124317079652, 30.779600453926683, 30.76244065117975, 30.725169819935935]",0.03,225.0,15.0,False,0.0,0.4663461538461538,0.13621794871794873
methodological_closure_v1,D,AWT,awt26,plant,2000,34,102,1.0,po_random_5fold,random_50k,full_background_50k,ipp,R2,50000,,,standard_kan_ipp,True,948.0430469690036,127.26872784757948,,0.342296511627907,0.1259186449269169,-0.3744338954942659,-0.1715243814240786,,,,,,True,,,24.16485023498535,26.41718018170072,"[368.01124326297526, 367.7340641499021, 367.44262413430073, 367.123965714452, 366.7730100813365, 365.98008317797513, 365.5516866669621, 365.11036225700644, 364.6560483423113, 364.1839441367074, 363.16210271525915, 362.6036397915482, 362.0110342984638, 361.3845057536242, 360.7253076191959, 359.3161192665469, 358.5699758654931, 357.7988479665779, 357.0046420593881, 356.18926666675276, 354.5034914086364, 353.6381143956947, 352.76130698558956, 351.8757336897118, 350.9838865196285, 349.1832044949858, 348.2705321369733, 347.34716776057746, 346.41213275828403, 345.46522748180246, 343.539506332484, 342.56394824869204, 341.581776801969, 340.593769448964, 339.6004736272438, 337.5985477942539, 336.5889624142574, 335.5726392780934, 334.54889193290177, 333.5169839192821, 331.42552302642025, 330.3648084893258, 329.29344927707683, 328.21091259551275, 327.1167561471039, 324.8960196190749, 323.77345140297854, 322.6468001469746, 321.51930755921353, 320.3935869264977, 318.14725983268715, 317.02102565306785, 315.88933345271795, 314.7502098373444, 313.60219561186983, 311.28069358074674, 310.1117277930079, 308.93992501976004, 307.7656316041673, 306.5885290601474, 304.22546976262566, 303.0392290936685, 301.84862613625694, 300.6521387454328, 299.44865978465583, 297.0201402856132, 295.7957235226164, 294.5644778440152, 293.3254463828092, 292.0769819769923, 289.5446836296847, 288.2563105597472, 286.9499488530581, 285.625025180437, 284.28332525447496, 281.56362079743457, 280.19220586608014, 278.8141567725595, 277.4291918034955, 276.0368869089386, 273.227266750777, 271.8065897575477, 270.3717323537341, 268.9238851798972, 267.4672773496118, 264.5566062621717, 263.12172659638867, 261.7039695490492, 260.300192219717, 258.90782914515745, 256.1515868514916, 254.78489287104568, 253.42374949554656, 252.06715846188774, 250.71496443879153, 248.0262407963719, 246.68940956138889, 245.35587850086915, 244.02432911826557, 242.69408487426253, 240.036302366284, 238.7087355723383, 237.38269147979716, 236.05861254800598, 234.73582232120268, 232.08604478640447, 230.75681764288194, 229.42598263315543, 228.09600205547753, 226.76955332605016, 224.1372732272643, 222.83598215673285, 221.54688208506926, 220.2704074778796, 219.00598618915956, 216.50888267931467, 215.27619590164124, 214.05552725779063, 212.84769659331542, 211.65299196832063, 209.30273049100057, 208.146110939034, 207.00060513020156, 205.86563655365094, 204.74118771425174, 202.5256525150894, 201.4357631739278, 200.35866552439919, 199.2965773000582, 198.25964433964893, 196.2777816507882, 195.2544649716379, 194.2869669746633, 193.35621519925022, 192.4505710359818, 190.60404040373305, 189.7144222303091, 188.85202329812472, 188.01251686386414, 187.1440661981096, 185.4543061879834, 184.64203290654274, 183.8553722812961, 183.04834207700887, 182.2441464227144, 180.68981506608196, 179.91915664312052, 179.15079156952999, 178.39035071461151, 177.65910596029062, 176.20446509921416, 175.48963760245067, 174.79243449029343, 174.0962511777488, 173.40324050349807, 172.03467352524848, 171.3641444501217, 170.69158703891478, 170.0028319235226, 169.31181332716113, 167.96043405658824, 167.23597365792025, 166.55288863906512, 165.8986058064337, 165.2906752218797, 164.1019160131712, 163.55814171095443, 163.05526605785414, 162.54135080927048, 162.0276924105807, 161.0758607873481, 160.59676868975714, 160.14958115369305, 159.7350818768964, 159.29206925512594, 158.47761714947546, 158.07639954531817, 157.68957497847921, 157.29990688368548, 156.9211290788112, 156.2132770730796, 155.84686486984597, 155.50881883377122, 155.1811285370853, 154.83039365676115, 154.1891865480391, 153.86610664284558, 153.55726937674814, 153.25856629003866, 145.5500679193666, 136.8960731781736, 135.70649930153294, 134.62224491823272, 133.86500633663562, 132.86750764513724, 130.3926466865792, 129.40219164250215, 128.58276468068394, 127.95000198928565, 127.26872784757948]",0.005,225.0,15.0,True,,0.7289244186046511,-0.3866279069767441
methodological_closure_v1,D,AWT,awt27,plant,1000,41,102,1.0,po_random_5fold,random_50k,full_background_50k,ipp,R1,50000,,,standard_kan_ipp,True,945.2971923400036,158.3876214459699,,0.5822222222222222,0.3184775286080398,0.1934212922583814,0.0508801802549335,,,,,,False,,,138.8406982421875,26.030629067039047,"[443.5179932109537, 442.8031043884377, 441.69302330404724, 440.2026542242482, 438.48362331616045, 434.79142651937434, 432.8769589731059, 430.8942858984676, 428.8404607010576, 426.7378884991157, 422.48276597966156, 420.33789848701946, 418.164633483362, 415.9551975079381, 413.71660492999246, 409.2375499411572, 407.0348516679686, 404.8522109122325, 402.66911523153885, 400.47257295812165, 396.0568707671432, 393.8565953627424, 391.6565269751725, 389.4450843269759, 387.2224221935593, 382.81838731340235, 380.6738985656319, 378.5597809346849, 376.45514916593095, 374.34491966893506, 370.06400915750083, 367.89503950703875, 365.72898487088, 363.5710083754946, 361.40898496772496, 357.03476137642957, 354.8208220053288, 352.5765812019597, 350.3074005405147, 348.0217753984603, 343.3147511610551, 340.84658303942643, 338.2941346475302, 335.68501538801655, 333.0471627098689, 327.63657804891943, 324.8683046744149, 322.0796142518592, 319.28596211336827, 316.4759365856863, 310.7385173658331, 307.7962687597526, 304.78770884359835, 301.67931225207775, 298.4504314993676, 291.634790417581, 288.07910652989835, 284.46804527192205, 280.84455588102975, 277.25338529102373, 270.3234339330296, 267.0057176379337, 263.7670365288177, 260.5977377439795, 257.4979500818473, 251.50028821205356, 248.60298469286113, 245.7753935872951, 243.02013806316705, 240.3388277797731, 235.19482162206984, 232.64471502547903, 230.1661861962141, 227.73101795304814, 225.40341696256363, 221.0993481131813, 219.09376800665697, 217.13937772189632, 215.1292453742886, 213.2122200016606, 209.68769276139878, 208.02137180512216, 206.47034135626504, 205.04323524067195, 203.5462315164225, 201.00294053867043, 199.78843338376942, 198.71106244406567, 197.65712924561646, 196.71599887805343, 194.82562901410455, 194.05230930811112, 193.11616762574525, 192.35925371232545, 191.6399636980682, 190.32218219855935, 189.35782583239998, 188.87308687143224, 188.12598539241893, 187.69211141828785, 186.77448276804103, 185.96192259685748, 185.93714710393735, 185.40956365937063, 184.68623800221914, 183.95713926817794, 183.43238266388508, 183.4214105940148, 182.82832528269074, 182.95624388054426, 181.84971265728348, 181.91177698905759, 181.4877914638502, 181.0405949408189, 181.04413055114975, 180.9303913206403, 180.9113099788671, 179.79462715420212, 180.67290838653417, 180.73629394489606, 179.33545910965242, 179.97794214380346, 179.87165261727566, 179.41584526873993, 178.7364467288737, 179.02827048152375, 178.5874575649541, 178.18885105504924, 178.53013735965663, 178.30054727186265, 177.7038856008427, 177.9891894170853, 177.74071580943288, 177.7920650528169, 177.67409118312497, 176.89021739615453, 177.29532496269883, 177.01266844554848, 177.0876729092683, 176.82549466267028, 176.55371658018336, 176.5865517731229, 176.3519419911486, 176.4813696891222, 176.37144104227113, 175.86545853145537, 176.20547959477284, 175.99427692110322, 175.75309640754153, 175.58158410390666, 175.5832926098842, 175.5050285745555, 175.3262363058313, 175.42101520386754, 175.217955119394, 175.10427143628812, 175.03362213739243, 174.87282698324088, 174.93419608087092, 174.747738796984, 174.60839535994563, 174.67537675892498, 174.52482157876662, 174.4502338214929, 174.300751135407, 174.19014043318202, 174.22829200459452, 174.05330593599098, 174.1056547553373, 173.95213249537252, 173.77787947502188, 173.80640548471285, 173.6395777485905, 173.6964862202144, 173.53862049447733, 173.35894613738685, 173.4708601039818, 173.30669858632635, 173.25698692796104, 173.0997833521088, 173.08797563519016, 172.964773991934, 172.81960083666104, 172.99808685028162, 172.82755227791432, 172.58118788757483, 172.76800317207048, 172.6066243952443, 172.48234772918016, 171.70190105398825, 165.81215030050458, 164.80823977643578, 163.81636219303698, 163.13919730354908, 162.48409857079622, 161.08065609680375, 160.4643762693609, 159.78593533943445, 159.20933749405555, 158.3876214459699]",0.01,225.0,15.0,False,1.0,0.748641975308642,-0.16641975308641976
methodological_closure_v1,D,AWT,awt28,plant,0,31,102,1.0,po_random_5fold,random_50k,full_background_50k,ipp,primary,50000,,,standard_kan_ipp,True,632.2284101620025,111.5879390075496,,0.5909090909090909,0.1876703196936605,0.1737322358254691,0.1027601664078528,,,,,,False,,,375.0403747558594,25.472532012594364,"[335.2426519891398, 332.01826232120345, 327.27810994506314, 322.9716817911819, 319.04006658832856, 314.9597971890721, 310.47711219947837, 305.97843664437266, 301.6712376117404, 297.22180379344326, 292.7619425400096, 288.4753904623152, 284.2454340201235, 280.1873592510771, 276.3262171519596, 272.47039886996686, 268.5779915288089, 264.4345712263786, 260.3230931943289, 256.3089416132727, 251.98300660524305, 247.58220389552176, 243.24476972300238, 239.00729776899274, 234.9184491355383, 230.80187571607317, 226.45532081911256, 221.93394863891814, 217.5732433157215, 213.55475625125067, 209.665681359895, 205.93205595036548, 202.3980648778187, 199.229172709557, 196.45940922960443, 193.62418072929293, 190.68416248500827, 187.78726401207967, 185.11829576951675, 182.43115037192888, 179.68132341829386, 176.94213835135528, 173.95541226901102, 171.35091742485608, 168.70870200618816, 166.17159515038995, 163.71010567699784, 161.33438416927527, 159.41143187404882, 157.65789991575164, 155.58695028982405, 154.7639794216604, 152.17635026190044, 151.72177659204536, 149.67785287397191, 151.85411274229625, 151.360463239707, 148.10826074139206, 148.77002452418512, 147.68689117958726, 145.7130602816043, 147.22052833543984, 144.92077008506803, 144.74486969375906, 144.0484576297174, 143.2285619853225, 142.6585305237799, 141.70855348205208, 141.7393195224434, 140.24884450169708, 141.03546413887415, 140.34745214092652, 138.88762257429835, 140.45312254931568, 138.8028585286191, 139.67805349106075, 139.51158042177047, 137.82560979098193, 139.50465949720424, 136.89371343047117, 140.01537453027044, 140.37355352318284, 136.31560367982752, 140.24001701963397, 140.49983337937135, 136.97679398175507, 137.75788542519183, 137.63511457198038, 135.13108438255972, 138.4925181450621, 137.33843102715755, 136.2049647830299, 135.80560318928696, 135.714007644694, 134.9909060964885, 133.8482764687158, 134.372284066348, 133.5975921026231, 133.3840723370562, 133.94869081426052, 132.00274628706237, 133.1898294263385, 133.19467237463593, 131.4256317138664, 132.15701653330794, 131.61625191092162, 131.44293616938472, 131.0635560675136, 130.87368259869677, 130.33547677239045, 130.35503468932808, 129.87451701118945, 129.35886471064194, 130.47539171094476, 128.69478049525645, 130.92535973295122, 131.74832662847697, 129.70316310043071, 129.39656219386094, 130.1740055975207, 128.2002910797008, 132.92140701494395, 131.75090401488356, 132.3823044520395, 131.666005748837, 130.09885068777373, 130.185430340645, 127.30996904786447, 130.23837744629657, 128.3755456729903, 131.34795459819006, 129.71201462822748, 131.5240048572704, 130.55978059304044, 128.27911384856347, 127.37994080058135, 128.33369045421753, 126.29979044176704, 131.5757289807913, 131.2950812698251, 127.62385184363629, 127.4780586966702, 127.06690810976536, 126.54429935847486, 125.88377928881212, 126.80401772141343, 125.05045260037205, 128.8047962836482, 128.02784399725985, 130.2570803241949, 128.40417069319565, 123.09838195071171, 122.23194878865338, 119.76951783339325, 116.64473289075484, 114.58021592706575, 113.39312168682628, 112.51589502070424, 112.05152133382379, 111.5879390075496]",0.03,150.0,10.0,False,0.0,0.8798701298701299,-0.288961038961039
methodological_closure_v1,D,AWT,awt29,plant,0,44,102,0.01,po_random_5fold,random_50k,full_background_50k,ipp,primary,50000,,,standard_kan_ipp,True,624.4798924200004,172.81678524869534,,0.5823754789272031,0.2078289166936071,0.140882902714056,0.1147393896598447,,,,,,False,,,397.17779541015625,25.943280361853308,"[475.84012649327093, 472.3682454918987, 466.44878169094534, 461.1412405115522, 455.904310548106, 450.2451607043207, 444.5286230971341, 439.1448243847528, 433.81198189491244, 428.26434449775047, 422.67596620551524, 417.3120036856223, 412.3543056634973, 407.6547241030974, 402.8181607401512, 397.7436512337497, 392.5947072869163, 387.45167511381925, 382.31583657862467, 377.24842974532464, 372.24593989028835, 367.28299209272967, 362.4443808411003, 357.84567002426553, 353.0209494384346, 347.8673935862582, 342.6529365434237, 337.299393006654, 331.6606228930582, 325.89993749067423, 320.580948614545, 315.5202889958549, 310.23639732157363, 305.2601829195517, 300.28250859799914, 295.40020578957257, 290.8910245374463, 286.74343154567174, 282.61407548102017, 278.68548450571365, 274.81703892779547, 272.07917792319483, 268.7570238317274, 266.15307321875133, 264.32224880780575, 262.2257595593023, 260.9715493778862, 258.5357752459477, 256.4090801019919, 254.0191554134553, 251.4580979381019, 248.88076342637513, 246.09916176589388, 244.62684440866855, 242.09267019269998, 239.32050983066196, 238.11367348097545, 235.6523217836962, 233.85246632042185, 231.9331724869829, 230.55606250352466, 229.8667618331299, 228.60020315211418, 227.19605498579241, 226.15832259603147, 224.68291854462475, 223.41716743311125, 222.51353932026745, 221.3510775267595, 221.50411204391608, 219.42653208785507, 219.3960598586576, 217.41290896910195, 220.56634252424178, 219.5221089884861, 217.00460060677813, 218.28737910112523, 214.60166188089005, 219.78618415613238, 220.20082125526034, 213.5557683432794, 218.7095786123345, 220.69620998619388, 211.65244447356127, 221.242098852352, 230.1464475150379, 221.36721483966676, 209.47656559132616, 227.48817700684853, 235.06791847346966, 220.25173286660583, 215.46237706818403, 218.23188636866632, 223.00145903035352, 216.0344743674963, 211.36359294386375, 215.39654245849545, 212.84758146888345, 208.92195360042538, 210.9416387676273, 208.8310544168166, 207.41643675240644, 209.1902481504728, 205.19684071050992, 212.68040880977094, 213.95657538587741, 212.02583071917087, 206.61349868791268, 213.23108278238968, 211.25338442869332, 207.91194465691518, 207.5378419819295, 208.4375064906148, 205.2901203039722, 209.4764850823058, 209.70765861791833, 204.3180572675167, 203.59841208372615, 206.4927577571482, 202.7237735068909, 212.27967555805253, 213.93175565552255, 204.95484230858779, 207.52071115889436, 206.1380562487323, 209.72014668452078, 204.0824343950904, 208.34608647109366, 209.77555046044716, 200.5132666463407, 206.7303132051835, 207.6386870420875, 203.8166542006872, 202.12740326341998, 204.02133095082445, 199.36565284584157, 204.47666145030053, 204.43710239307998, 199.71698255979658, 200.00941554037587, 200.58725904814247, 197.26460489626652, 201.37779816428, 198.52669345016798, 204.44876924566424, 203.93102554915092, 197.6538403820989, 201.37884714041277, 197.53270169109157, 201.2080815015886, 202.57545070570828, 193.9252923121524, 192.73464482725166, 186.66729756311247, 182.04137612153423, 178.8211074086503, 176.81593928006976, 175.28854650181805, 173.85400123821748, 172.81678524869534]",0.03,150.0,10.0,False,0.0,0.8375478927203065,-0.2551724137931034
methodological_closure_v1,D,AWT,awt30,plant,0,66,102,1.0,po_random_5fold,random_50k,full_background_50k,ipp,primary,50000,,,standard_kan_ipp,True,627.1046148559981,342.82116768557165,,0.5792709705753183,0.3993492743335387,0.1749041788166647,0.0871683980421035,,,,,,False,,,413.3688049316406,26.369473036432616,"[714.2334451822662, 712.2028235908887, 708.828904785655, 704.6126686879288, 700.053220669672, 695.0812957444774, 689.7913311277136, 684.3355600241234, 678.3696745519617, 672.30866296972, 666.8301434273965, 661.7350041071386, 656.8005286469231, 651.749797390159, 646.644066227279, 641.5831760580252, 636.2008256305973, 630.64943640319, 625.077122409179, 619.4526790058998, 613.3872653441974, 607.4755307725142, 602.0091382446145, 596.5327850067857, 590.8949206970716, 585.2188622384078, 579.5785268892046, 574.0073143004172, 568.5031687205369, 562.8650774538633, 557.159038622093, 551.7528596893582, 546.4482169666524, 541.4293729994316, 536.6898928933693, 531.8613971194, 526.7315290038778, 521.6810708797425, 517.0303063508962, 512.9921305958306, 509.1698151503987, 505.66419655820874, 502.4279326957261, 498.8212040841809, 495.67759204994087, 492.6706472580607, 489.7364929748796, 487.1493024954491, 484.0466824260579, 481.6097598682703, 478.6799231698555, 476.32292332096364, 473.00064222721784, 469.48021371944793, 466.56428569299334, 462.90282216226746, 459.492245765785, 456.59420329623515, 452.976709352346, 451.7734827051219, 448.1024987034062, 447.4854142190019, 443.5944672079802, 445.54942821205077, 444.08250936045863, 440.9018207583991, 439.20215820301433, 437.92103878531793, 436.2451740661104, 434.0810158545965, 432.65706239005596, 431.6689576055952, 429.7776979715446, 430.1873172817194, 427.73962727163655, 428.7586883313166, 426.899563751644, 423.2943280995749, 423.6520328832524, 420.42436133927987, 421.7493300757962, 419.84609441473134, 419.0617669044932, 418.151171452293, 417.0854697352127, 415.66567808047256, 414.46315113850966, 413.4328981437969, 412.22992878520506, 410.6945563210542, 411.6867565524648, 409.33121959447834, 410.86477574100155, 409.6634348078952, 407.14786103029616, 407.71077914358716, 404.4106504077617, 408.8444573026938, 406.08024170522276, 407.522356740897, 407.9699949765245, 403.1547324175613, 404.0690749374775, 401.7637907619693, 402.93300602116216, 401.37869857228895, 400.3720578765026, 401.1008891231654, 398.1323286364936, 400.19518483380875, 398.8394951920949, 397.23136604134174, 398.32744692834143, 395.4799128347955, 395.8464754249048, 397.8441675619513, 393.9071295775954, 398.56208196509226, 399.4529384445798, 395.6525112333933, 393.74696612485513, 395.55498842050815, 392.81776945451816, 392.3923946986681, 391.6269525990748, 391.06025479812064, 391.46999153999855, 390.21374218238515, 387.9980015427457, 392.3065028361785, 389.0024160473793, 393.4991596259477, 392.7084567298401, 391.3310698771445, 390.21372017001414, 389.177517805486, 387.5976894775368, 389.98894331503476, 386.76855921065476, 392.1239576351461, 390.7510078447359, 385.835696660498, 385.2413571224534, 386.54297935348274, 384.3095810767694, 387.37867313885306, 386.2796833114366, 384.70670284336535, 383.15897051597, 384.89811167845414, 383.91405552109677, 378.36325292342, 375.5433713696773, 369.5599607798921, 362.38153043487426, 356.81720473488417, 351.99422286567676, 348.7168916283427, 346.0512381107729, 342.82116768557165]",0.03,150.0,10.0,False,0.0,0.6104523495827844,-0.031181379007466092
methodological_closure_v1,D,AWT,awt31,plant,0,14,102,0.01,frozen_n_po_lt_30,random_50k,full_background_50k,ipp,primary,50000,,,standard_kan_ipp,True,931.552731568001,36.97976046208614,,0.6060483870967742,0.7126375079699899,0.1478152344657151,0.1907451250846042,,,,,,False,,,12.826094627380373,24.203289102843925,"[151.4284420205435, 150.89091567516525, 149.3372608445962, 148.0373782889588, 146.4323608943362, 142.74653237445682, 140.3719912339197, 137.88535597790894, 135.3530632721714, 132.49904377933157, 126.50290037683429, 123.30892121503, 119.883203244718, 116.3814768181963, 112.64146958356424, 105.10219465523988, 101.32614045573054, 97.62247187002549, 93.64807294961875, 89.71272471591746, 81.74317510425946, 77.87441819777146, 73.99142802877833, 70.07284146844849, 66.4145405943677, 59.82570266360434, 56.70702270124129, 53.96336559863483, 51.3165063192131, 49.02646016887833, 45.29224584759133, 43.75395338373823, 42.41351823437676, 41.34157305841345, 40.43020032238621, 39.346384130279674, 38.60653419961019, 38.87573964620696, 38.35187883815928, 38.27217815966988, 38.11112500099429, 37.85246880093493, 37.588449694295356, 38.16872457249677, 37.65642401846012, 37.50886253129517, 38.00251769600876, 37.57022240995539, 38.18359801416494, 37.70228914021168, 37.628592782373886, 38.080303895630536, 37.850731850280525, 37.57277786485844, 38.368675323171566, 37.322079693636915, 37.481376346722726, 37.41481471613622, 37.88671249665121, 37.545402443566324, 37.75777581037908, 37.302303600076776, 37.73419802253825, 37.5450198074641, 37.55801354761213, 37.678309703893056, 37.513095803288884, 37.3620089809743, 37.159450141505175, 37.48606264645132, 37.767523425945996, 37.350935376489446, 37.274963569207294, 37.214361759197345, 37.24585586596745, 37.2872187144726, 37.306397076132214, 37.357644165635236, 37.20220732452367, 37.58110163402156, 37.265648501560314, 37.56268098436012, 37.3188479858837, 37.389804673253195, 37.35831106775922, 37.20991813263289, 37.286686538576134, 37.21308170277769, 37.188990989703385, 37.36270420361531, 37.43397374147898, 37.21684705455753, 37.50685049215107, 37.21347222720213, 37.64212395168936, 37.514857458267, 37.13058749500056, 37.27856505243299, 37.49300389534182, 37.74382439315913, 37.38786343285602, 37.40753274175324, 37.287747717598485, 37.196378206845445, 37.42816545057726, 37.42795118785817, 37.35414492447639, 37.279816415850576, 37.31759122597938, 37.311232312780675, 37.18638155680274, 37.309520046132434, 37.26701032542229, 37.15661973379777, 37.33164872104791, 37.335592899362666, 37.14312374113167, 37.14814230226189, 37.21752215014303, 37.38146947323984, 37.17448579798495, 37.29593398761742, 37.19024527635428, 37.24406348682428, 37.13831370075599, 37.16169873462256, 37.40710222179521, 37.21703161021536, 37.719453247248104, 37.32878297043512, 37.660433091719504, 37.20730518681664, 37.34821789501217, 37.28971105143149, 37.52533212114554, 37.205376581977816, 37.313257803586374, 37.216602820052294, 37.53565273636389, 37.52647214332171, 37.24686764317644, 37.24172250970399, 37.38038480590091, 37.248013339353534, 37.23908190806838, 37.308397917690854, 37.16160562179901, 37.30777796225832, 37.10794429018814, 37.22509275112525, 37.25734983792628, 37.11751378325301, 37.35193651646802, 37.19810488296944, 37.12467255321515, 37.216131505456524, 37.16889192284699, 37.194582256213344, 37.532472285719074, 37.278033518481735, 37.59586201976718, 37.444002537976864, 37.2251233880468, 37.451205001129054, 37.43683105990954, 37.19004589003023, 37.19935741533453, 37.23180149104759, 37.08746934708404, 37.23987228179897, 37.19403040708208, 37.23181742732575, 37.10620165877949, 37.23427465786996, 37.14552239344293, 37.216209096138414, 37.4186493856991, 37.31132141529635, 37.292499972001636, 37.276880011034656, 37.36439425677175, 37.19836980337123, 37.333415751086925, 37.171850414762446, 37.20432601646996, 37.19683555431665, 37.33095058193326, 37.18069088829691, 37.124566414533, 37.024852781091326, 37.00466147530589, 37.00050636886255, 36.99572549574109, 36.989619513742895, 36.98739468367243, 36.983531591471724, 36.98228178775803, 36.98115446774472, 36.98062845134577, 36.97976046208614]",0.03,225.0,15.0,False,0.0,0.6987903225806452,-0.092741935483871
methodological_closure_v1,D,AWT,awt32,plant,0,74,102,0.0001,po_random_5fold,random_50k,full_background_50k,ipp,primary,50000,,,standard_kan_ipp,True,633.3669250630046,401.3812414702044,,0.5775862068965518,0.4864295900212301,0.196611570793892,0.1103552067302715,,,,,,False,,,679.2858276367188,25.65444892573957,"[800.7199984906579, 797.9691021036413, 792.4463579849133, 786.3547921608978, 779.9918543781, 773.390004458226, 767.0342766410145, 760.9444978820587, 754.8442930238941, 748.4167817693987, 742.4726149477076, 737.344407270173, 732.1962609672566, 727.0116627337036, 722.4539242963293, 718.1205090995866, 713.2065119268592, 708.1891130035076, 703.5376426739831, 698.929564805001, 694.626856995341, 690.3016403977788, 685.916382988638, 680.869255067221, 675.3048709938276, 669.4641353229425, 663.2726437012137, 656.820138885556, 650.2810192906677, 644.0988812394218, 638.2662303399346, 632.6384992152127, 626.8417065621563, 620.9415295842773, 614.6426081380666, 608.8911691765006, 603.4439330220438, 598.9710138936134, 594.550024720573, 590.168308908031, 584.8586712315555, 580.5814454425481, 575.1151063646132, 571.162519785618, 565.6971430127463, 562.8433109859494, 558.248638382567, 556.6266575279506, 552.064779030612, 549.4071927439245, 546.0858760459367, 542.4103097804315, 539.4425557520443, 537.5484995586115, 533.9388448002405, 533.1968790706444, 530.7200478831552, 527.0458663319915, 525.5270161828719, 523.2681088355334, 520.1185561439999, 520.5828197294068, 518.0628531300002, 514.8330977228164, 512.8063933715862, 511.6632771896725, 508.88457635054, 507.08690327323427, 504.67926676232963, 502.8437144286365, 500.4014265040867, 499.5716673943645, 497.7171286660346, 494.5673368869882, 492.3295305586369, 493.801969126365, 490.30502438585177, 489.3841306720316, 488.48372177270994, 484.8751959701405, 488.22550271580076, 486.89291521762215, 482.9270317186205, 481.5493440952189, 483.4628664326852, 479.41588658666797, 480.99437593954127, 481.47229684063643, 473.81048446232194, 474.4744863501609, 473.2401840992652, 471.4339484311191, 470.2446208426823, 471.3975293803139, 467.6269786106007, 476.91560849456147, 470.9930299047883, 473.6988355187303, 472.24947459680686, 468.32916361994063, 468.9992683177687, 464.00690007026515, 466.10359043432476, 462.0211900970358, 464.82503864083253, 461.5421138812167, 462.3247807359199, 461.43993571561856, 458.22696730096595, 458.1592253056926, 455.9677615029853, 454.84942883995626, 455.6439962318789, 452.6584921046855, 455.523460369063, 454.42787079069296, 449.6197036892339, 451.28563621082895, 448.58783951994076, 448.44955797743313, 447.43898544001735, 446.12792530140564, 444.6190550891306, 446.61308955947277, 443.55338581116723, 447.1336479858996, 447.23416735479094, 446.5414227632016, 445.11089704089295, 447.2370527421385, 445.26653784666814, 450.9061652746422, 447.4354983730065, 438.44287015764934, 439.2502312834892, 438.2270038117635, 435.2835294987229, 447.5732389709369, 443.3287042950187, 441.85326313265364, 441.45117620827415, 437.28904598142447, 435.00435827402293, 438.56368394303405, 435.59674650111265, 436.09703444246963, 435.1739269337405, 435.867099217323, 433.1307047143777, 436.91345333679305, 434.86543839647425, 427.7056967217465, 425.508818044935, 417.89878858824324, 413.7617074521137, 410.5133282027707, 407.7266615419062, 405.2869774051571, 403.1757066739708, 401.38124147020443]",0.03,150.0,10.0,False,0.0,0.5760188087774295,0.0015673981191223207
methodological_closure_v1,D,AWT,awt33,plant,0,18,102,0.01,frozen_n_po_lt_30,random_50k,full_background_50k,ipp,primary,50000,,,standard_kan_ipp,True,927.755056502996,54.81789518659698,,0.5860042735042735,0.3398268273463729,0.2212597867341073,0.107878333229501,,,,,,False,,,145.76173400878906,26.28297919391792,"[194.7803154397729, 194.2555681628243, 192.78508342074718, 191.1019057612999, 189.3334821526442, 185.2001785081571, 182.732387484712, 179.90910029737873, 176.82659350770163, 173.72606477266729, 167.1541299716133, 163.56626212316527, 160.04541588935598, 156.49932071306108, 152.87592443232214, 145.52068356879482, 141.85222360086473, 138.27666403882864, 134.5012935194493, 130.8144530578774, 124.22114938818856, 121.11492897673186, 118.06630101639213, 114.99078214187674, 112.01578880737428, 106.44264870864338, 103.5484754764239, 100.74068097667427, 98.02471551328111, 95.65937347877, 90.78336584160631, 88.16650517978529, 85.75469652271046, 83.71729194633272, 81.43171210908864, 77.90712217809583, 76.77328121382632, 75.35946064367518, 75.19837311373325, 74.04487602811234, 72.55980612978749, 71.96968610443236, 71.32817666991616, 70.80546996991943, 70.13534941007327, 69.30180678638162, 68.62249636753863, 68.65539798032975, 68.32863577104585, 68.07355939806115, 67.68069984565238, 66.79397618270703, 67.02864226848467, 66.52897912860334, 66.16463690225092, 66.08473095734024, 65.73454604895724, 66.0645989190032, 65.41070819839116, 67.06350147873579, 65.3434613985573, 65.60050155435512, 64.39326409086381, 63.98506195104484, 65.84314232117, 64.8647606387478, 65.22779850442188, 63.8200062432801, 66.82396681951454, 66.10568750583205, 64.9405479568825, 65.01122466726865, 64.51243148733553, 64.72666832257806, 64.69247266168304, 63.87962025352946, 64.44392282925752, 63.54427303455868, 63.7633881512682, 63.67917079110399, 63.18442848751894, 64.36845709390319, 63.694359990085985, 63.684452238037544, 64.00673627473886, 63.09318639176045, 62.53854343122557, 63.291824162224444, 62.21570493553283, 66.05847250142118, 65.4791837671566, 63.99713307513986, 64.73500484991563, 63.09181031013233, 65.58052091868893, 65.678299975846, 63.66620652620721, 63.689326956975215, 64.2842358874138, 62.64118396107853, 62.45934520145591, 64.65755333557507, 64.56700926829113, 63.18834618517675, 63.76927640218101, 63.1102800744662, 62.186560340909594, 63.0114921005125, 62.85277576756373, 61.72754103430274, 61.69162800926372, 62.32780976392788, 61.76744221666222, 62.70553730580855, 62.72807823749896, 62.616234568676745, 61.448409603969424, 63.286661539196636, 63.480111909874324, 61.115063742783136, 62.19081759893009, 61.916970844425045, 62.78957035019351, 61.47479496311783, 61.890573276383556, 61.57679303455524, 61.15090651907776, 62.928980057614865, 60.8420799183823, 64.11938776377404, 63.050017993938496, 62.081112695217776, 63.035753764211975, 63.077945483568975, 62.07246113233175, 63.33898779337481, 61.335477734134194, 61.764910978741256, 61.94768942571601, 61.02727149383238, 61.41545921050422, 61.07600347556464, 61.45959746827924, 61.35521183229747, 60.633653139675985, 60.8030027676718, 60.9391242569308, 61.01037374171566, 60.76774077018202, 60.08899319802447, 60.972572644793566, 60.05322853555362, 60.12744974424349, 60.8799730053528, 60.02526768243028, 61.48622834388748, 60.579763827692226, 60.24313579113705, 61.87657033687694, 61.572267870642634, 61.06292366322529, 63.141095606686676, 63.45252987324153, 61.95983675219454, 60.97608544711724, 61.01809579361462, 61.43399792174035, 61.2544308132219, 61.044730764161734, 60.07785939312414, 61.387510739200415, 62.13082122372323, 62.13600371058663, 60.196135130833994, 59.63441937707507, 60.992007800194536, 62.524641712009284, 62.8277766337802, 60.573584421240575, 60.54098516117123, 60.50521918546882, 59.44121424362062, 62.02337402710096, 61.00170733065891, 60.85694551063724, 60.579106704292364, 60.254874180983606, 60.816726370447334, 59.97663760650171, 58.8031886777956, 58.39960321626122, 57.94138773872907, 57.4265211066214, 56.923454166926575, 56.44046380674466, 55.646867648260276, 55.432313430591485, 55.187114290959805, 55.04488070423597, 54.81789518659698]",0.03,225.0,15.0,False,0.0,0.5833333333333333,0.0026709401709402725
methodological_closure_v1,D,AWT,awt34,plant,0,28,102,0.01,frozen_n_po_lt_30,random_50k,full_background_50k,ipp,primary,50000,,,standard_kan_ipp,True,951.9681913960012,97.29617948548078,,0.7402298850574712,0.3513223590538843,0.4929138747807,0.3150219856864431,,,,,,False,,,198.13784790039065,26.99103105775565,"[303.0076353093171, 302.8030752108106, 300.4508460828689, 296.6652584618648, 293.24306248856226, 286.9333039162099, 283.18005306348823, 279.154408818263, 274.80251801746266, 270.4285614508136, 261.8297584781416, 257.67196723606247, 253.54781265613204, 249.4867321050857, 245.29905078963293, 236.7672796761762, 232.59030432952733, 228.2270107059815, 223.91418341996493, 219.65988205266086, 211.42983534329622, 207.46364475271173, 203.66633903650714, 199.7707264471608, 196.06577591226883, 188.62697759893615, 185.29367772860758, 182.20434212641746, 179.92868503382346, 177.372135461829, 173.08126149939247, 170.6940827848376, 169.36670718472394, 166.83014615745378, 165.69039589571392, 164.28810973198935, 163.38399053434122, 159.65939854502116, 159.43940622924129, 157.3650015739411, 156.6125633193716, 153.5032755516013, 153.38475653765988, 152.69343560684862, 152.94459618237047, 149.40028017720286, 148.12443673201878, 147.61237810104143, 145.89176977079114, 144.89227502476655, 143.22502431124582, 144.19567946965535, 142.823143696357, 142.8315898315357, 142.37526642363815, 140.68572511687287, 138.65801442394866, 139.6703697177188, 138.8844466725317, 137.3963075779917, 136.70743854297848, 135.15117686906572, 136.35353499242316, 136.08487278259057, 133.78822576758674, 133.6061167622703, 132.37028186439568, 134.00482433862496, 134.11693212068604, 131.72018216099866, 130.96152118274452, 131.37932678281794, 130.88970437068673, 130.5181737867461, 129.42301539716019, 130.15432140470858, 128.18413316331097, 128.6185640726193, 126.94725798183181, 128.93200546972687, 131.07708105021942, 131.24279130919345, 126.266767102612, 128.94056944874333, 128.41083485167658, 127.23608977630417, 124.85460593427597, 127.03357848625538, 125.76899437439852, 124.64491076864543, 123.85659044804733, 124.8086864674758, 125.19028375404197, 122.2564406613657, 122.76389526213451, 121.39980633381775, 124.19754127856916, 124.96242234584177, 122.97101105113104, 121.54270756231863, 122.0164462531475, 121.26480541329512, 122.63282235507111, 121.17694152968929, 122.23896198663353, 120.54192687594868, 120.20328347911253, 119.65101118963695, 120.07435793011034, 118.51833449427582, 122.27027654698165, 119.48461899361786, 118.8219058118168, 119.44868544764618, 119.07520541784655, 119.24696583202982, 119.19375902031116, 118.24888755606956, 119.24775443086801, 118.96610608873388, 117.37400306132388, 119.1128182841921, 118.75646743601129, 118.08253845854043, 117.30258668370487, 117.25766864731384, 118.30064092127192, 117.20673673868608, 118.1417378690118, 117.66478674560993, 115.83116574908355, 117.79341003584813, 117.44267110630895, 116.47225013630283, 115.70671385611972, 116.43502882075741, 116.07726072658673, 115.2362120113483, 117.0128445532815, 116.24000322601486, 115.52788811298366, 115.99291086473234, 115.34400335755669, 114.60181695268989, 114.12990186355674, 114.64963950062246, 115.47034090996931, 115.25485866413561, 115.08831484846345, 114.28237131431706, 113.615851527769, 115.88779899304112, 114.82657950279831, 113.39501543616399, 113.55560102711482, 113.1369192845045, 113.96353564004761, 113.2472934216755, 113.4530160209783, 112.74750963575114, 112.54739876190989, 113.59037598992053, 112.90551287670371, 112.98281230524894, 112.1567316976763, 112.33101155666145, 112.52359374403149, 111.53224789507706, 112.80098012324159, 112.31221233182369, 111.44233269421474, 111.966114450362, 111.6546549737654, 111.25676641460679, 110.66117206302398, 111.7646384495162, 110.3925405309741, 110.04969410527438, 111.77416427780808, 111.31779249298555, 109.65928552490875, 111.3092124456724, 110.74319664355608, 110.11553355442587, 109.45917894455572, 110.39217482794454, 109.65708247277482, 108.99992032495425, 110.65305090407605, 107.56639624198655, 105.7456644732446, 104.34723164937368, 103.25483133703736, 102.12412158506726, 101.08319312530952, 99.43971404925956, 98.84678775463358, 98.40788679317667, 97.99923936680376, 97.29617948548078]",0.03,225.0,15.0,False,0.0,0.8390804597701149,-0.09885057471264369
methodological_closure_v1,D,AWT,awt35,plant,2000,44,102,1.0,po_random_5fold,random_50k,full_background_50k,ipp,R2,50000,,,standard_kan_ipp,True,927.8856133869996,172.69790701791,,0.5611538461538461,0.5729345122252079,0.1008361709770321,0.1026316648906557,,,,,,True,,,38.52037811279297,26.12581914320239,"[476.24023002848156, 475.97112001169967, 475.69620947984265, 475.3888405038771, 475.0373821756075, 474.17819862923096, 473.674770955669, 473.1337938413662, 472.5658224155326, 471.97863458806574, 470.75567934928864, 470.1178193456153, 469.46068975249807, 468.7844718583659, 468.09062062982986, 466.660276434531, 465.9285694256565, 465.1868083072453, 464.4334607458362, 463.6652023507218, 462.0713965151186, 461.2431827492914, 460.39517414777623, 459.5295228583782, 458.6485214042651, 456.84642820353673, 455.9260315756907, 454.99198002893206, 454.04317091666354, 453.0785140274317, 451.1000467158127, 450.08711211518073, 449.05905896797196, 448.0155037620669, 446.9553994580286, 444.7819556199551, 443.6680800987022, 442.53654936089754, 441.3880480846562, 440.22346136072605, 437.85113370955156, 436.6466564340033, 435.4325181657883, 434.2106925961189, 432.98274035389977, 430.51177218995673, 429.2686790469841, 428.0197925091843, 426.7649743224709, 425.50479825486417, 422.9703653063211, 421.69630360472894, 420.41784109690275, 419.13481442602654, 417.8465492751912, 415.25000579352053, 413.9391122628986, 412.61778742495557, 411.28480820465137, 409.9395554582479, 407.21227224359063, 405.830661332294, 404.4369838074351, 403.0312055822718, 401.6137039698341, 398.74690295587885, 397.30000888383495, 395.8459732679333, 394.38624896738526, 392.92210873470276, 389.98495697943946, 388.5144638578561, 387.04505303206605, 385.57853013097576, 384.116379338816, 381.20933164921206, 379.76524136638, 378.32728110846176, 376.89510894355516, 375.46859039951397, 372.63273187729794, 371.2241889554685, 369.82297575358075, 368.4301271986527, 367.0466750720941, 364.3106845734472, 362.95821032333254, 361.6149994946593, 360.2795909482022, 358.9502952960059, 356.30235865342047, 354.98090506858364, 353.65997727271815, 352.33924229883974, 351.0187294251894, 348.37766653152244, 347.0556845576458, 345.73131354989505, 344.40355248310345, 343.0715196113595, 340.39085608389445, 339.040494544768, 337.682829233707, 336.3178254433615, 334.9458810547246, 332.1841641569886, 330.7956381144565, 329.402209807558, 328.0032770254529, 326.59763033198345, 323.7606559555956, 322.32837955283435, 320.8878697786199, 319.4400055928637, 317.9845655818464, 315.04381075090066, 313.55894739871746, 312.08323656328946, 310.59554243992835, 309.0611345607709, 306.136230654877, 304.67198709401123, 303.25484000869994, 301.90096430089056, 300.5518985881459, 297.9013170650249, 296.5990124080521, 295.2786093463687, 293.9683483924549, 292.67328337741304, 290.08598500832466, 288.80555779375936, 287.54255653378584, 286.29858368343855, 285.07221000043523, 282.6770419616585, 281.5071962896578, 280.35087466001823, 279.2020524892487, 278.05208957453834, 275.7590238826864, 274.61752021285196, 273.49236221896706, 272.40716751367603, 271.2984795912991, 269.1555854097626, 268.1218494296309, 267.0976392370723, 266.0847021915201, 265.0954729242763, 263.14892104584754, 262.189300244697, 261.2503239062854, 260.34623047530175, 259.4252065000083, 257.63287862827576, 256.8035711879479, 255.915954249071, 255.05175592331307, 254.21313675235467, 252.5170943954978, 251.65862909321652, 250.82259769154552, 250.02141584208906, 249.21343722328194, 247.69132416062908, 246.94202358779242, 246.20697313550468, 245.50020034682524, 244.80305962707575, 243.39644496502444, 242.7497761542841, 242.05630006359434, 241.3765272343057, 240.7230818394606, 239.383525146675, 238.73371039677548, 238.0833891579373, 237.41574253667815, 236.7808697261785, 235.52888438711776, 234.92127389791847, 234.32791861117076, 233.7238983853797, 233.12598628535062, 231.96894549424962, 231.3959118701758, 230.84789976846622, 230.30940419555589, 217.78682949174603, 200.35366339615655, 195.1922793489823, 189.97275562159075, 187.3963175275764, 183.89689708314813, 178.57456432838273, 176.55405058952724, 175.20905662048406, 174.22932553977964, 172.69790701791]",0.005,225.0,15.0,False,2.0,0.6896153846153845,-0.1284615384615384
methodological_closure_v1,D,AWT,awt36,plant,0,56,102,0.1,po_random_5fold,random_50k,full_background_50k,ipp,primary,50000,,,standard_kan_ipp,True,621.0134805619964,297.22284483157705,,0.6628219915417147,0.6204298147003331,0.3394548238311525,0.2763357242251128,,,,,,False,,,517.9866333007812,25.66990120486458,"[605.8712950069742, 603.3152947604552, 598.6103935568256, 593.1013801153623, 586.4339855481996, 579.700084676063, 573.0832785776865, 566.7222814082352, 560.2521237496524, 554.0131289969861, 548.4072641242133, 543.4650611871945, 539.0552315011876, 534.6854841247205, 530.0157977074839, 525.0677864991139, 520.060546940847, 514.6120530357881, 508.69475099977257, 502.7610984713673, 497.38470094859673, 492.5693487511223, 487.8685665738514, 483.2397405748821, 478.603798316266, 473.6162274015056, 468.3639280002723, 462.9997578217015, 458.14627653193554, 453.7609979749457, 449.3305455257987, 445.1354719568914, 441.2368918329241, 437.67188572035013, 433.98443627296547, 430.0083248319801, 425.7851431345787, 421.7335790291517, 417.6144615160129, 413.5509461171949, 410.01372989066334, 407.06578428369056, 404.3246761733227, 401.38139948009484, 398.3884272754298, 395.14340406120573, 391.4901832324646, 388.16140637651705, 385.5176767894682, 382.9103574217338, 380.5345274302593, 377.4963382592689, 375.46014154826065, 372.73302541621723, 370.5120068477628, 368.41139276519766, 366.02434186965303, 364.966745540919, 362.03704592371764, 360.6086689319522, 358.36942416148787, 356.82363044111537, 355.73383323215006, 353.2230065966775, 352.83608242701615, 350.3504436425481, 351.99173391178266, 348.68657839951794, 354.89843270622407, 354.7466499292458, 348.9383954127654, 348.10984660880376, 348.11015154133185, 345.4716090173597, 347.1099041803064, 343.15631496613094, 348.16822066039697, 346.9168328423352, 341.77234009603484, 341.6988208709508, 341.90659522056524, 340.11401901625317, 340.6983611681733, 339.88603868491464, 338.9139017653357, 339.1509725220653, 337.0890747613749, 339.21094595740357, 337.9683034405712, 338.18757672658455, 337.8280730407309, 338.26757054473904, 335.36363641288966, 340.07469963925746, 339.14869732079643, 335.8237362482898, 335.41904034244516, 335.8777684102343, 333.9135073788495, 334.7477445607232, 334.2801817937964, 333.2825399974363, 332.5251376326236, 335.40713483896633, 333.050539776112, 333.9983549814447, 333.3154026296203, 331.7736137082954, 330.46606378233787, 332.9418752002543, 330.9980859499114, 332.6759529198498, 331.94931789190497, 330.7257058814509, 329.9696448351864, 330.85888338341647, 328.7740179973538, 332.0370798453543, 331.094359306263, 327.89024620169323, 327.3476627173189, 330.2788869813597, 328.5724993934734, 329.5958557421337, 329.00475621420753, 327.6865972680709, 326.79947687428154, 328.8545525790978, 326.7506226868608, 328.9172947514036, 328.1495899513985, 325.7032261665858, 324.7422819209261, 329.8237938627971, 329.2591425430415, 324.53902344917924, 324.42944833412054, 327.14016843103917, 325.05543811165484, 327.328844751626, 326.7255187816994, 323.7609650267199, 322.64667202338796, 328.8022480762211, 327.645484202558, 322.96075986307596, 322.97476982765727, 325.03809844691597, 322.6196915181276, 327.029452450546, 326.5798405453818, 319.53667745365254, 318.3308147921868, 314.5264105663279, 311.36859470026843, 308.4269091288207, 305.6687595460902, 302.99384391603115, 299.59895114649936, 297.22284483157705]",0.03,150.0,10.0,False,0.0,0.3760092272202998,0.28681276432141495
methodological_closure_v1,D,AWT,awt37,plant,2000,28,102,0.01,frozen_n_po_lt_30,random_50k,full_background_50k,ipp,R2,50000,,,standard_kan_ipp,True,1376.840659196001,96.10741833269712,,0.5734861845972957,0.3899669164495548,0.1726878903671193,0.1594111335783824,,,,,,True,,,39.71799850463867,26.93460697649987,"[303.02041804201514, 302.63923375944324, 301.7796461873383, 300.7278458636673, 299.5136259885859, 298.8608409763984, 297.48134176759334, 296.0266966726532, 294.52878922142025, 292.9931083986117, 292.2081062810022, 290.6019985522793, 288.95503711128373, 287.2791019143987, 285.58354589854036, 284.7302442905254, 283.01612846738834, 281.29604069670654, 279.57151741073534, 277.8408306590465, 276.9730904667401, 275.2339560093034, 273.4932825833874, 271.7576298747632, 270.0339344776462, 269.17910284671774, 267.4893219669823, 265.8329266288018, 264.21967820154043, 262.6615610892055, 261.9063525611444, 260.44730784698123, 259.05454470207917, 257.715678636676, 256.41397972124025, 255.7716689120671, 254.49325966340328, 253.2088780532753, 251.90209038973225, 250.56279112144423, 249.87946011089602, 248.4831136210562, 247.03897764152697, 245.54156995112012, 243.9809565536041, 243.17268560147534, 241.4905543160763, 239.70991403507168, 237.82582195415227, 235.85655797465506, 234.85018012641783, 232.8081808684164, 230.73418610626172, 228.63125275866955, 226.5061546723949, 225.43853876874076, 223.29604819729826, 221.13453673212442, 218.92912895735256, 216.64797463564295, 215.46212792480452, 212.96381947682949, 210.34712168791293, 207.80838854397595, 205.43143827034584, 204.25478787861906, 201.89046469524604, 199.53884543482974, 197.23612969906225, 194.9897534537982, 193.87489540262496, 191.66056398346214, 189.5007357877358, 187.3829735789516, 185.28881060451928, 184.2576167408752, 182.21833599326675, 180.20679705819964, 178.21688997335988, 176.22995519665815, 175.23902750989134, 173.2645550686498, 171.3050790333381, 169.35222870791753, 167.3948671507252, 166.4255143589693, 164.5414050785747, 162.74226934381176, 160.98231142192174, 159.24416922635714, 158.38557932234713, 156.68802789110376, 155.0084991574568, 153.3507181802118, 151.7053399425239, 150.8865532608157, 149.2566176415423, 147.64699285849397, 146.11210760202172, 144.60064902469853, 143.89625045970627, 142.52615898053423, 141.22819283583829, 140.00773658191986, 138.82465731665715, 138.2709496750201, 137.178072140163, 136.13026702843362, 135.11562561340654, 134.13403651884107, 133.65493177003813, 132.73155337756066, 131.84735985176826, 130.97917386804932, 130.16141953225753, 129.74124776809333, 128.9686983615122, 128.1733925568531, 127.45000080026009, 126.70403123842985, 126.3640446432981, 125.66038686243063, 124.98699296299652, 124.34055134452392, 123.71175797831417, 123.3943953714499, 122.79172656209124, 122.19346947015677, 121.60441790225862, 121.05309978894091, 120.75051580782026, 120.20535469715523, 119.70877623301136, 119.22313968571497, 118.77468106831941, 118.5825253524759, 118.15595926009453, 117.74451450976089, 117.3688859666695, 117.04731347410667, 116.8424130404935, 116.50638290230887, 116.22900567586306, 115.93139494624411, 115.6328771012571, 115.47447682209405, 115.23718959482943, 114.96149464904794, 114.71039844837237, 114.47383456855164, 114.36920637479562, 114.14015327416627, 113.93615541352345, 113.75340087033749, 113.57068394939307, 113.47582029305866, 113.30884610153852, 113.16214180370312, 112.98397852795932, 112.81536659661006, 112.74304195363449, 112.59346014679902, 112.45530043551393, 112.31182273774303, 112.18490676549523, 112.13112228017285, 111.99737011570475, 111.87791361955998, 111.76101814806184, 111.65348414208839, 111.60970042668637, 111.50226308194756, 111.39547515823692, 111.29037752788489, 111.1949028565998, 111.12820792447243, 111.03091094919587, 110.93910992419028, 110.84846995278588, 110.75277790017704, 110.71783464895938, 110.62969384259382, 110.54522054890994, 110.45982854548424, 110.36599423906543, 110.34028891675534, 110.2660582278943, 110.18715021725465, 109.95505172298061, 106.45947627750498, 106.01266986978463, 105.25800802954214, 104.24145134459673, 103.24135362915163, 102.01545186162517, 101.20114187790499, 99.712293039909, 98.08650420931453, 96.89814502992564, 96.10741833269711]",0.005,337.0,22.0,False,2.0,0.829512051734274,-0.2560258671369783
methodological_closure_v1,D,AWT,awt38,plant,0,42,102,1.0,po_random_5fold,random_50k,full_background_50k,ipp,primary,50000,,,standard_kan_ipp,True,633.638161490002,173.28388015085437,,0.5770348837209303,0.3848726191698262,0.1952282973696575,0.1722633758343369,,,,,,False,,,334.1430053710937,25.558434841682875,"[454.2672579501558, 450.72288513247645, 445.96142714266404, 441.4058257658463, 437.1344254883029, 432.886920566989, 428.35454234329376, 423.5534310855196, 418.446741379742, 413.3881962937181, 408.49401559197315, 403.87472573634045, 399.6922098006179, 395.4437320238587, 390.7041858127341, 385.7769167736897, 380.7550867512951, 375.77510732464805, 370.88043578259584, 365.65642326300053, 360.53182943136784, 355.36012858249575, 350.1179440087664, 344.90159398950027, 339.70911815924484, 334.44802255931523, 328.88078106619054, 322.8684230573929, 316.9431843908365, 311.31592068345844, 305.8131519048039, 300.5071989123381, 295.24785386654145, 289.9498785043107, 285.8063829449754, 282.36288396855764, 278.36861194345505, 273.92684564124465, 269.9066335894889, 266.80430936069536, 263.7789501222711, 260.6829344530861, 257.8728713237436, 255.26268161963293, 252.9526659294257, 250.2419915399033, 247.888753764285, 246.3853428667667, 244.0089917235838, 242.51183157534152, 239.64911980974517, 239.12368542341798, 236.2199790181063, 236.19736270490984, 233.75829151129616, 233.81023581371105, 232.2667537064747, 230.6940953990105, 229.59027022502394, 228.35321142131068, 227.3799487323601, 226.29497326589623, 226.12974581703796, 223.70510594475581, 224.89386803318203, 222.2358402267662, 225.7527843722659, 226.29269568833536, 221.4270395563364, 222.10875471786352, 220.5865631777543, 220.14172986263125, 219.1075080953563, 218.55934312356044, 218.851731738766, 215.66774643606857, 219.14430764794582, 218.7428359679448, 215.04286132661372, 216.7436059253059, 214.96472527133258, 214.07938256168114, 214.53879017867501, 211.9668871875979, 214.987649065125, 215.1533235885014, 212.7880033379381, 211.50481320805443, 212.75628878735174, 210.55103776144935, 212.4516384499512, 210.21985571065807, 214.25769585863006, 212.8727203715015, 210.23998115015837, 210.02548013988755, 211.8300166220889, 210.26460631051177, 207.99518328410724, 208.64629961952454, 208.47775993313175, 205.42829581505015, 209.73237074775312, 210.52225760570335, 205.6572722726515, 205.55643859371216, 206.39244115748502, 204.89872866490938, 203.81009766277342, 204.90552582641317, 202.5549218353277, 203.13213650006122, 204.01475303381986, 202.69097343314496, 200.73145661143906, 202.41877620818607, 200.89999443777614, 201.40067216197355, 201.27338270237507, 198.93092788398914, 201.53773342452084, 199.49872879355888, 201.9870621113462, 200.36923161767345, 201.63424700255823, 201.22872178020918, 200.1020940936664, 199.53886327007365, 198.01824780314791, 200.39119090093368, 196.7811649285697, 206.14503783509736, 206.58843528974538, 200.23408213518275, 200.69634831966525, 199.8821269367089, 197.26106236554105, 198.63097305622136, 196.3712926272494, 197.17019144180315, 197.74545018799998, 194.79182043479534, 195.483420406351, 193.49186954361025, 196.2412880717788, 193.786397720754, 198.39458418121885, 196.84473011196025, 196.97814732674343, 196.96289162660804, 196.87530466025927, 190.33339483577717, 188.92317399044543, 184.74318428362406, 181.44267328929723, 178.96381700092394, 177.42175780927315, 175.69180618056978, 174.10340888063564, 173.28388015085437]",0.03,150.0,10.0,False,0.0,0.8263081395348837,-0.24927325581395343
methodological_closure_v1,D,AWT,awt39,plant,0,20,102,0.01,frozen_n_po_lt_30,random_50k,full_background_50k,ipp,primary,50000,,,standard_kan_ipp,True,941.3529652940052,60.0455475841836,,0.5549107142857143,0.4527494812984308,0.1055861303359952,0.1151370028181711,,,,,,False,,,74.81265258789062,25.50551537865181,"[216.34456144382807, 214.69796722054718, 212.4056829474996, 210.05293752945397, 207.7083821048632, 202.33714103026654, 199.45883076001164, 196.63357722085118, 193.70196835546474, 190.57873663969696, 184.38960675267168, 180.9777535121196, 177.3933202672388, 173.74121457401347, 169.99800761881096, 161.9474174475933, 157.79165397765493, 153.3726874107066, 148.70131710975528, 143.78684494456473, 133.72308907999889, 128.94011331273754, 124.29591526832557, 119.88707761617184, 115.9325713173164, 107.97411592821425, 104.38667864109922, 100.81605190473643, 97.42394506060266, 94.59618722114814, 88.91538562091462, 86.68164679647786, 84.77542483614708, 82.27370955844206, 81.44066089266485, 78.87547456506417, 77.497175841321, 75.09284047995152, 74.3365089576629, 73.22859707987939, 71.63615765417018, 71.32376802528637, 71.30753016700169, 70.1278634331645, 70.722820201323, 69.22516814459176, 69.48190656605429, 69.8176746007042, 69.18222206239658, 68.28292342270346, 68.71878456694878, 67.76490197919408, 68.0744494694924, 67.66511439335596, 67.63934004493161, 67.0208807447065, 67.25215266642985, 67.13250442910842, 66.63562580850515, 67.04247090638681, 67.10256125219968, 66.43097231988351, 66.43155528008496, 66.82394016543469, 66.24309901420278, 66.09200020137168, 66.24553865962025, 66.11475802262066, 65.66801757487646, 66.1509161084888, 65.286363406713, 66.27669886394942, 66.4594687592205, 65.81506890993643, 65.48303194808217, 65.1368807276848, 65.60381028488574, 65.20357048792042, 65.24940668695768, 65.32959455703943, 65.20623249266559, 65.01559712145362, 65.01800214464832, 64.66945041796771, 64.66486729881073, 64.22181084881123, 65.02761947035748, 64.6307443511589, 64.60434768856703, 64.8280898506042, 64.74573970958821, 64.76434535926612, 64.48457586161052, 64.67899078256279, 64.23545181790303, 66.15848204690323, 65.31910555481473, 66.41804721492122, 66.0537282494818, 65.89835290367867, 66.0511960986654, 65.56420074694182, 66.01495310380135, 65.96650826072883, 64.61715337679881, 64.81896399058112, 66.07955020011553, 65.79412897017282, 64.09109175331189, 65.27637056652306, 65.13378553995834, 65.27184135406694, 64.64023727038055, 64.28263560178057, 64.37602924773265, 64.02948398732995, 64.89502151374845, 64.77344064996463, 64.00477008957516, 65.26693161676044, 65.18763748605598, 64.86593144497444, 64.87804682525554, 64.54114243936004, 64.55852233360777, 64.74846895369846, 64.13406081707846, 64.60132402249401, 64.47319316315512, 64.53780957410974, 64.58369695840315, 63.845035793358555, 64.93915400317867, 64.8443679489461, 63.85272891200397, 63.7612120218679, 63.30947889210902, 65.19406662552082, 64.77962754332057, 65.43333334772004, 65.94029981927281, 65.28446645477761, 65.31757579868368, 64.20793130771698, 65.76034898056882, 63.95477160765939, 64.1951227504037, 63.795544778403304, 63.91070071607077, 63.41595314186143, 64.19968297655548, 63.140453132373814, 64.6801931160703, 64.37562737015942, 63.90201053223196, 64.36741294380705, 63.41447533951704, 65.56290227186466, 65.49511824477578, 64.05252803591831, 63.886599982792205, 63.68860951388117, 62.953355954203865, 64.19398520710479, 63.43220457100322, 64.25828995105911, 63.34231330216134, 63.452774638508224, 63.54035856102402, 63.44687598663417, 63.33987872077024, 62.97774186049024, 63.374353136847695, 63.273680281180106, 62.980951728787204, 62.99719265025593, 62.966461542340284, 62.69759668095438, 62.541256267875745, 63.35973208144645, 64.25194953937266, 63.96270446553904, 63.40207996727947, 63.65172166335657, 62.49177464966195, 63.226728397322596, 63.15405882403572, 62.778425797754345, 62.639069732258776, 61.920681716836796, 61.63790851473957, 61.28786455542664, 61.03720054797186, 60.77937421777873, 60.573797142284356, 60.252294036341965, 60.16725531412263, 60.11392577836672, 60.08872521849614, 60.045547584183595]",0.03,225.0,15.0,False,0.0,0.8053571428571428,-0.2504464285714285
methodological_closure_v1,D,AWT,awt40,plant,2000,57,102,0.1,po_random_5fold,random_50k,full_background_50k,ipp,R2,50000,,,standard_kan_ipp,True,939.946738454004,255.9803655513468,,0.4650856389986824,0.4021684592146604,-0.1214994584298672,-0.0244241478933749,,,,,,True,,,58.56895065307617,26.24943236690959,"[616.8269172290103, 616.4169683109218, 615.9706077129073, 615.4665445486877, 614.8941020586751, 613.5583362896316, 612.8216478537548, 612.0566114995094, 611.268632954397, 610.4589497663026, 608.7739057119068, 607.89832343373, 607.002839909519, 606.0904963359094, 605.1642549823973, 603.2786545827902, 602.3208644131038, 601.3521679240888, 600.3706175241691, 599.3738074690302, 597.3255257621014, 596.271010879149, 595.1958874934608, 594.1009868727372, 592.9874851743507, 590.709837836579, 589.5478540069123, 588.3718364864689, 587.1832804641401, 585.9841638978315, 583.5620302521017, 582.3409223226208, 581.1128119017508, 579.8773762426093, 578.634483136862, 576.1274299754585, 574.8650596291645, 573.5986931652114, 572.3300483142957, 571.0606587248193, 568.5222050077706, 567.2524151502782, 565.9810911273504, 564.7072301234517, 563.4295337853032, 560.8538708030443, 559.549361504364, 558.2277739062547, 556.8839664582266, 555.5131026705224, 552.6771487132046, 551.2094841748998, 549.7090061242317, 548.1769397527327, 546.6152047976041, 543.4150989438773, 541.7851159781624, 540.1418411076318, 538.4896134734079, 536.831320202281, 533.501807600456, 531.8307077458905, 530.1544269470046, 528.4724097186813, 526.784337209126, 523.3879564959869, 521.6780042882639, 519.9584444429951, 518.2275136061652, 516.4829128592315, 512.9411706092968, 511.13837930338207, 509.3106726215188, 507.45700624345915, 505.57949874942966, 501.7799366138243, 499.87941651365827, 497.9968441056962, 496.1439473717165, 494.3224778193572, 490.74767375719705, 488.97887025849593, 487.2114296323443, 485.43650830874486, 483.6462601783887, 479.99720204179016, 478.1314259666025, 476.2448813665292, 474.35074148186067, 472.45779428296714, 468.6535926392073, 466.72550944038204, 464.7862135495455, 462.8503372934706, 460.9253739179204, 457.1204610456939, 455.2594200095428, 453.4361358778225, 451.6455189247924, 449.8817188858271, 446.45128753939747, 444.7849364666752, 443.13878813240274, 441.50656657173636, 439.8872532119641, 436.68033156902084, 435.08827780284906, 433.50049283072485, 431.9128605413705, 430.32181364080174, 427.12226381194733, 425.50565596560386, 423.87047334032917, 422.2138307249316, 420.53488374477104, 417.1202427780336, 415.40283194671883, 413.69647542670526, 412.0121139897072, 410.35619606178625, 407.1253660041506, 405.54786368700695, 404.00168353304963, 402.490875477816, 401.014938946233, 398.15715492814115, 396.7916951981216, 395.48967982182097, 394.1260034816244, 392.82052016851964, 390.34581302079704, 389.08717540596086, 387.854230557409, 386.65579935570287, 385.48728628674206, 383.0904529495127, 381.91654265023834, 380.76294485313383, 379.62245674503424, 378.4490044579726, 376.194174507895, 375.0553135783838, 373.93499622112455, 372.8359391366732, 371.73118402705455, 369.52730334204153, 368.4691410001754, 367.4047147253501, 366.3613305811107, 365.3436317663136, 363.28054696228924, 362.2542444503191, 361.2011232046869, 360.1099108587825, 359.02718785622903, 356.7466424607326, 355.60877303229086, 354.4837467146428, 353.2659133211716, 352.11876228941117, 349.8191766980939, 348.702772813201, 347.68348922322997, 346.6108252762761, 345.5993608893367, 343.72439407382274, 342.83040220745556, 341.9507069787964, 341.099885829628, 340.27768720958943, 338.66968935283836, 337.91726974011027, 337.13463270898745, 336.3485563697753, 335.6296428326833, 334.1592659452038, 333.46037951879686, 332.7954161153339, 332.0745094753179, 331.4170749756389, 330.1142440688591, 329.5219950185544, 328.91346160279505, 328.26156500258753, 327.6842787820208, 326.481500370938, 325.90808014885414, 325.3651396303832, 324.738454701448, 309.63969338489517, 295.7432225824486, 288.94168701504225, 284.15957128359315, 279.05495965884063, 274.89979622512755, 267.5395034056595, 264.184201531528, 261.33684830770346, 259.30437219265707, 255.98036555134678]",0.005,225.0,15.0,True,,0.7659200702678963,-0.30083443126921394
methodological_closure_v1,D,CAN,can01,bird,1000,16,14571,0.01,frozen_n_po_lt_30,random_50k,full_background_50k,ipp,R1,50000,,,standard_kan_ipp,True,1263.0130447400006,44.416319231354,,0.5247316147379207,0.0170747155025277,0.0336623867724014,0.0082713692176403,,,,,,False,,,31.06600273360236,25.020131001751604,"[173.04779799364997, 172.6829508926103, 171.59018384229626, 170.1679179693263, 168.76928423320703, 168.07538772193186, 166.61318764416242, 164.97308045191224, 163.15462336286862, 161.23121178629484, 160.25579211743553, 158.27830361938692, 156.2144942150368, 154.05766093919777, 151.835755367016, 150.70735472583638, 148.44214798592623, 146.19501409756182, 143.90897642185044, 141.58148779002204, 140.42344477187987, 138.1207464232362, 135.79711326202317, 133.42821909429446, 130.97469228302847, 129.69948283471157, 127.0298502054257, 124.14537260995293, 121.07785296164512, 118.14127235643684, 116.67496689470109, 113.59971632443721, 110.43094152799475, 107.21981143568048, 104.00603596698161, 102.37186917023159, 99.04089678359671, 95.63442534504966, 92.19873292253452, 88.88784660949484, 87.31657939124744, 84.2708392001739, 81.32695363661462, 78.63436858698111, 76.09154413230537, 74.87401621444218, 72.5675108895208, 70.39883344744801, 68.3536611107789, 66.51121384838251, 65.66545383711275, 64.12478857404903, 62.72548419136989, 61.520316262752765, 60.412706135360565, 59.92098062384618, 58.97274288628397, 58.16044390221712, 57.39264302220272, 56.71224050289395, 56.415171997229415, 55.81320073757106, 55.26098691324018, 54.76565190424157, 54.33041779732953, 54.11773215966865, 53.71707396610792, 53.34795957847418, 53.03814935011881, 52.7653936118598, 52.56473933272307, 52.27845382147661, 52.0261462959109, 51.86289570988181, 51.643761845534065, 51.50562628896097, 51.292723628289984, 51.10714068440204, 50.899236878616684, 50.83983083445409, 50.64872231417813, 50.649195073530066, 50.4266109656036, 50.305887609653986, 50.18344065000611, 50.15272452156866, 50.15149565555004, 50.067398332317566, 49.920712242891945, 49.67410476464228, 49.7378872469975, 49.62562977001285, 49.57322180536735, 49.39190747469605, 49.41787069083403, 49.26261075532637, 49.3492294668579, 49.133949535168355, 49.11280379849706, 48.97255918621297, 48.97197821960997, 48.91961750098304, 48.78232359352949, 48.7895270736777, 48.7953231775534, 48.74710469700538, 48.62016077518281, 48.73133169871473, 48.55512392020388, 48.5718796729809, 48.449020551512156, 48.40339049539809, 48.70421804721796, 48.339251920055965, 48.32635624068758, 48.425467404050465, 48.203673766158715, 48.2495786043028, 48.38765117499298, 48.25134165624102, 48.18914678661549, 48.02275881925478, 48.16199181542925, 47.97668247983492, 47.98449677734761, 48.07905805542171, 47.9037043396993, 48.03651641902314, 47.853523518416175, 47.92833682779302, 47.83955848974729, 47.790462006110204, 47.75494944943178, 47.7340007984157, 47.72169434231694, 47.704443314303695, 47.72451329215182, 47.63309550122357, 47.68219598836376, 47.56656191251503, 47.51990989609232, 47.58104199405454, 47.45337747061535, 47.53668222875104, 47.394039492500205, 47.53170201412141, 47.37386775206142, 47.45045746780996, 47.338912664548666, 47.36746126418722, 47.326168032646045, 47.270541040171906, 47.26502917359837, 47.21295670024863, 47.22220004926252, 47.178374060455255, 47.20836487096563, 47.12419671135728, 47.13618154316343, 47.09793345699781, 47.077442586845244, 47.042264104182784, 47.026240751493496, 47.00458335725445, 46.9849739372854, 46.95713359868075, 46.959946928066174, 46.91814715882497, 46.9060887290147, 46.90475772680787, 46.866257493723225, 46.83347027455307, 46.80493713675024, 46.776677139796895, 46.744799599664255, 46.7706514810333, 46.72940915669722, 46.711661169896495, 46.666437364605294, 46.6764792361354, 46.62793501676078, 46.560874520665735, 46.54949622311683, 46.49346610250122, 46.53678364201185, 46.45860574407582, 46.53329033242335, 46.3943199732664, 46.277789602877135, 45.606682112001536, 45.336321432262395, 44.81229797034817, 44.66988145577518, 44.56530749207453, 44.50924220914125, 44.482085882775216, 44.4469232470861, 44.433331155910565, 44.42221742092402, 44.416319231353995]",0.01,337.0,22.0,False,1.0,0.6695720388184682,-0.14484042408054743
methodological_closure_v1,D,CAN,can02,bird,0,740,14571,0.0001,po_random_5fold,random_50k,full_background_50k,ipp,primary,50000,,,standard_kan_ipp,True,413.5826158060008,5851.319503652007,,0.6911677391963156,0.2769849454001759,0.4029539586012095,0.2516528847972116,,,,,,False,,,326.9197771857476,20.00185833979685,"[7993.908741066489, 7866.912713356726, 7681.455486330197, 7472.164300988119, 7267.553433424089, 7081.858599307494, 6911.137426034391, 6752.091754286583, 6611.566352049317, 6494.848759883717, 6396.879674887128, 6315.209093558834, 6254.5994995897, 6212.758352418668, 6177.175226741444, 6143.947291413674, 6124.200704747043, 6112.40087580677, 6097.164408470041, 6081.475756639905, 6069.524101506662, 6058.645135213793, 6048.739656701804, 6042.81849333353, 6036.957542799665, 6034.520483019812, 6030.137127386492, 6023.431386948126, 6017.320280758241, 6010.94590958848, 6004.4194571843955, 5998.706614351243, 5994.493707725122, 5990.105303859671, 5985.323318394074, 5979.249068601258, 5974.692254875196, 5969.675173557106, 5965.760761606626, 5961.970276926785, 5958.363212549404, 5955.636997610544, 5952.225040091602, 5948.802867214456, 5945.823780600468, 5942.8939469150255, 5939.242607181861, 5936.140592022172, 5933.088191072883, 5930.9332956119615, 5928.379023532615, 5926.527294123118, 5924.786333978899, 5922.266337426565, 5919.916909805585, 5917.892486740929, 5915.8681826923485, 5913.777505085875, 5912.225830941573, 5910.409327927157, 5908.672114592537, 5907.755381540514, 5905.707068894776, 5904.582623673075, 5902.975046817673, 5900.716327883247, 5900.445591521918, 5897.605172930124, 5899.150162131013, 5896.129517007046, 5900.039195183537, 5900.16963206102, 5891.692364728278, 5904.986302368192, 5915.239974286351, 5901.477531682258, 5890.444552849358, 5894.253305926368, 5889.816284685596, 5889.617842690002, 5892.16281460481, 5883.763550849909, 5879.00280418035, 5872.8552627677855, 5866.378829228821, 5862.291188143661, 5858.700667339917, 5856.132081202958, 5853.66108266899, 5851.319503652007]",0.03,80.0,10.0,False,0.0,0.707400322859681,-0.01623258366336544
methodological_closure_v1,D,CAN,can03,bird,0,165,14571,1.0,po_random_5fold,random_50k,full_background_50k,ipp,primary,50000,,,standard_kan_ipp,True,413.9782919489953,1308.1903319910978,,0.4955644583906542,0.0532459312099225,0.0367029566733854,-0.002342920345139,,,,,,False,,,81.3182566938942,22.45333537423209,"[1782.9030722664013, 1769.116586846485, 1746.9929945618806, 1721.8498364462403, 1697.0365427152688, 1675.3745521860383, 1657.6094824684249, 1643.2213343272874, 1631.6721933751505, 1621.8159740526908, 1613.144083209805, 1605.83530926932, 1599.5879492537829, 1593.5812267698864, 1587.1038281788015, 1579.987628358956, 1572.33178936569, 1564.3264436095983, 1556.4629241939306, 1549.2965459804586, 1542.614455454012, 1535.4827592026925, 1528.3996010580765, 1522.152152467503, 1516.3456227550048, 1510.7785971088474, 1505.3006803527235, 1500.115545734987, 1495.7709443324115, 1492.1982328308068, 1488.662589234331, 1484.7804327580911, 1480.4128272364076, 1475.599694741414, 1470.8649711236226, 1466.5292873865667, 1462.26517357335, 1458.2170464976643, 1454.717619182811, 1451.7909317604408, 1449.1010104410514, 1446.2804400809305, 1443.0584870594028, 1439.357819222592, 1435.5949921603722, 1432.0501695417718, 1428.8025345432702, 1425.5615226620266, 1422.2763087065912, 1419.1948415722254, 1416.510281120728, 1413.7577469833154, 1410.6669721285432, 1407.5679676454142, 1405.0388425019196, 1403.0282208982785, 1401.0774179298114, 1398.8547806448307, 1396.2878859494015, 1393.3913765065886, 1390.3683266848025, 1388.0369192958044, 1386.0946107711934, 1384.676512557645, 1382.9328025891089, 1380.6119466255957, 1378.7007277024995, 1376.9304013814042, 1375.0883570212136, 1373.6608225815612, 1371.7708176882522, 1369.9589007070906, 1368.5475014032404, 1366.4892162121043, 1365.2845479814252, 1363.8080573804182, 1362.0199659517918, 1361.0302697731681, 1359.3593960117623, 1358.1799121169595, 1357.7176105123708, 1354.7691359727323, 1346.529430697201, 1337.3771998303669, 1332.107039373744, 1326.6915967945567, 1322.5533441513091, 1316.6339846071992, 1312.9181535852717, 1308.1903319910978]",0.03,80.0,10.0,False,0.0,0.4602677818619858,0.035296676528668414
methodological_closure_v1,D,CAN,can04,bird,0,42,14571,0.0001,po_random_5fold,random_50k,full_background_50k,ipp,primary,50000,,,standard_kan_ipp,True,559.3953181319957,166.58757395642488,,0.5039842365626195,0.072764077990332,0.0538576124239473,0.0134340386371891,,,,,,False,,,248.20196988546525,23.79445918483188,"[453.3973501331356, 449.03048116983246, 441.89970713997576, 434.0279457779176, 425.7107061419529, 417.5925261765551, 409.636921783623, 401.8888613878599, 394.9334018068256, 388.81417069137416, 383.1020059370789, 377.84194793751055, 373.34699747048364, 369.2469300103486, 365.4405140370442, 362.23056365348253, 359.3773560596818, 356.7121554338392, 354.23116985310077, 351.5160362697217, 348.6664139191852, 345.71397976456694, 342.6080785406876, 339.57508601944147, 336.06314675923034, 332.3657355717343, 328.5091773043592, 324.88307359854383, 321.3014199771398, 317.9862695726456, 314.5610439995094, 311.1378192293343, 307.53464705496157, 303.6114495643375, 299.41428365043794, 294.84076788742607, 290.24187875820337, 286.1090441184578, 282.90405759619125, 279.41032642592467, 275.95154619951234, 272.75132166756913, 269.6868136817557, 266.7499688160924, 263.347293858966, 259.9060988057082, 256.9107111226681, 254.05040504686937, 251.24649806448423, 248.19557575849177, 244.88973822340262, 242.0738529600688, 239.36252148880337, 237.43892537236684, 235.46518869129577, 233.02729289461377, 230.85982570425602, 228.35640188822998, 226.4596340508731, 224.4318929313192, 222.62703140915778, 221.0046436783434, 219.10368254211622, 217.4799802487895, 215.71926050464867, 214.65869881453202, 213.04118069552985, 212.422042401232, 210.72673387637158, 210.3613495177744, 208.54623635026513, 209.84467221805008, 207.79336827461762, 208.52213568668833, 207.90973301872148, 205.28709375666935, 205.9474611767762, 204.70591069969382, 202.5820873937125, 202.78103331166025, 200.80504933825247, 200.5904343539564, 200.15359073655355, 199.4084864366014, 199.04160181538907, 197.66062366395008, 198.3006740137818, 197.72147103540283, 197.28115398409543, 196.21026955676626, 196.53815639983972, 195.06920481077188, 197.44786754894062, 196.8320846342141, 194.58849200196588, 196.13412909563093, 194.25606748344387, 196.26658145234177, 196.67519087580172, 194.19381807723462, 193.3930792501437, 195.41261333803385, 192.21477470638627, 196.41656452458167, 197.4680505528568, 191.71629461431195, 194.3076754208205, 195.66706211843345, 192.6229296136197, 191.12492467983014, 192.56123316175064, 189.38285425572005, 196.71437468145726, 199.1077522941714, 192.2138188676893, 193.77695829124207, 196.2236667638519, 193.64389504646064, 191.6055779823524, 193.09041191269563, 191.70485050756622, 191.35469894024217, 191.67026342220913, 189.1057101967911, 190.59952565672359, 190.99186433296535, 188.16675593632402, 189.574203633969, 188.63517581744205, 189.67724246418774, 189.38835348108847, 188.85324507151438, 188.15716490725478, 188.46390405401758, 187.140208280665, 186.5778794181518, 188.42793579123702, 187.40678227460086, 187.98736711788382, 187.36009832419754, 188.5202401595861, 187.1039362955501, 188.04207746006, 187.38197508978405, 187.5710887967996, 186.56136682987653, 186.7294275738533, 186.96683692279322, 185.72508935083366, 186.47231366360162, 184.95181692883548, 183.79097796126055, 182.4584389658438, 177.80008195249744, 174.76722384651777, 172.89257801561098, 171.03722022988055, 168.88664372133073, 167.4566781302346, 166.58757395642488]",0.03,150.0,10.0,False,0.0,0.4427758107214311,0.06120842584118841
methodological_closure_v1,D,CAN,can05,bird,0,138,14571,1.0,po_random_5fold,random_50k,full_background_50k,ipp,primary,50000,,,standard_kan_ipp,True,411.0028751549981,948.7295784456104,,0.5871564030022349,0.0723572278348093,0.2062797051679241,0.0695062172744356,,,,,,False,,,128.79691541835453,21.93391619192135,"[1488.8681591114646, 1468.7759483546731, 1438.3384969026788, 1403.294843488665, 1367.9665098932849, 1337.2763853758015, 1310.3931028594247, 1285.520439544938, 1262.8351975686342, 1242.3420053070247, 1224.30529003021, 1210.379273668876, 1200.159710093456, 1192.7128623269637, 1186.9796975389165, 1182.3586594050557, 1178.1919788078628, 1173.09248086631, 1167.10350318549, 1161.009212903929, 1155.4673819797663, 1150.3791868437386, 1145.4864561921245, 1140.6906949142242, 1135.9099275377096, 1131.066726806359, 1126.2821606255957, 1121.9737032028868, 1118.129641752673, 1114.4737957151478, 1110.4942071291596, 1106.0245494740348, 1101.2753168122422, 1096.9508888718046, 1092.8274494150426, 1088.672082441833, 1084.6328716113157, 1080.7691697751445, 1077.101016164597, 1073.6815621930898, 1070.5516990644828, 1067.6820914539467, 1065.308774014375, 1063.4946034773843, 1061.4605887325365, 1059.2807057071866, 1057.3157358620742, 1055.5926293635284, 1053.9161952024551, 1052.08059883306, 1050.189086134378, 1048.2570065619082, 1046.2039658309989, 1043.9635965074046, 1041.9150718065548, 1039.8934484216709, 1037.8080002954866, 1035.6823808485954, 1033.8187266498046, 1031.6947483853737, 1030.1235731997251, 1028.2058420456797, 1026.117011646812, 1024.4154145255945, 1022.457218355576, 1020.7688379250654, 1018.8438110846562, 1017.1628478342037, 1015.6015393371669, 1013.9185754554339, 1012.4556211957658, 1010.6770525958777, 1009.1322086492162, 1007.7118802401466, 1006.0286078324954, 1005.2122108571846, 1003.1155360957089, 1002.3367414866685, 1000.1946045640875, 999.439537625299, 997.5040402882748, 994.114609363218, 984.6155282986557, 978.2948189057056, 971.7179559447612, 965.3796030556827, 960.769292115929, 956.6678497184777, 952.7529889635473, 948.7295784456103]",0.03,80.0,10.0,False,0.0,0.6301468390841719,-0.04299043608193698
methodological_closure_v1,D,CAN,can06,bird,0,27,14571,0.01,frozen_n_po_lt_30,random_50k,full_background_50k,ipp,primary,50000,,,standard_kan_ipp,True,837.3277697469966,90.42154919751545,,0.819384264686388,0.0184245141205556,0.7040675568927839,0.0781490274924696,,,,,,False,,,264.95151953697354,24.82380213164692,"[290.92299303259244, 285.99965853314825, 279.5036752414423, 271.6690613318012, 263.2223927379888, 247.76227210266683, 240.11383083383757, 232.3694898160097, 224.73220314594212, 217.64991865034278, 206.4157122344448, 202.4448712354382, 199.38257541943864, 196.93720259877477, 194.7725260077253, 190.85013403908155, 189.12834375265604, 187.6039688342917, 186.14737898849177, 184.59215587181868, 180.7402264848237, 178.91466969387625, 177.10018873549961, 175.14214253710168, 173.1503885968056, 168.75257843571686, 166.24417287273343, 163.56293147885202, 161.22794024429473, 158.71695956065713, 154.665638683735, 152.62848558608502, 150.33778577363782, 147.86782325693122, 145.81637093413525, 141.91924247648294, 139.82102859455676, 138.26166065874446, 136.73857069178413, 135.50131807743577, 132.71023940956175, 131.6058952004587, 130.86553312501462, 129.70713458256535, 129.02853114345587, 127.34877908584726, 126.98495696656396, 126.01264419453776, 126.35139107074691, 126.10358029371875, 124.96432285210432, 124.47766448899284, 123.85017690300673, 123.40682081834342, 122.63979600353339, 121.43030933863143, 121.44973327827006, 120.89941389891364, 120.22521055853176, 120.19313164467424, 119.54047920735783, 118.93402377277694, 118.37790214302736, 117.94760760606427, 117.74244518468367, 117.11016102830283, 116.55375265831229, 116.74001323436235, 116.0487997668442, 116.02554113196965, 114.6505546316858, 114.15135114062232, 114.78740296876677, 114.02195035481873, 113.74335941553521, 112.8441521483961, 112.49341001476708, 112.59681025845669, 112.13025469748402, 111.6525152964074, 111.26399258820383, 110.58186628516556, 110.79863950101259, 110.45884310242887, 109.6519836249016, 109.41506500594294, 109.02622866487981, 108.42616396772698, 107.96217668566125, 108.97786766642756, 107.97035122824488, 107.62330520706904, 107.184915368235, 106.70864743270198, 107.48264690393196, 106.60524149373944, 106.39447148275137, 106.68557789883812, 106.37357478219147, 105.7604118186559, 105.89355956211307, 106.50581496031029, 107.0637742023047, 105.12345621664161, 107.74349205192105, 105.39124141242061, 105.64368420758696, 105.65736066839852, 104.21732516962169, 105.44880645085324, 103.72273451646916, 104.45040549203419, 103.82203216543873, 103.42316562535675, 104.41156476369, 104.95057018814317, 104.30573309562973, 104.49752296905497, 104.3416560578519, 102.97794343920214, 108.49496267307468, 102.9914978103036, 106.1255403017785, 106.37751416203106, 102.56791410859594, 105.8595858137816, 103.1312672945475, 103.52847832013202, 103.08668944440404, 103.16036441377175, 102.35166255568997, 102.70667072748724, 101.78452703443975, 102.13365242543031, 102.66782253912196, 101.78707036273171, 101.73802796527637, 100.39972271846449, 102.58050621027155, 103.0040331354226, 103.60263173910782, 104.34722610604331, 103.022066307457, 101.4674637637435, 100.96183860060097, 100.22569936443716, 104.37902051310692, 106.2593966671002, 104.00839659020704, 102.67965775297068, 102.09762473350948, 102.32583501280496, 99.27645220869478, 104.28111466293508, 107.64308252635084, 102.60942192111149, 102.21396067095422, 103.12309325259416, 101.89801696768144, 101.85952322940547, 104.54896533974987, 104.71898716883474, 99.87432880817721, 100.73339657483409, 102.29256771027555, 103.3893748081228, 105.5331450530948, 103.45746412267, 100.18465182857408, 102.63442825330294, 101.24176882543838, 100.90671150293234, 100.58765914993364, 101.36705390356009, 100.29897543669426, 100.877185099236, 100.1383948099377, 98.79037742428808, 99.06764568334265, 99.35206232386302, 97.90059343721246, 102.33990980658639, 101.0251779636478, 102.18192710733524, 102.89126834841537, 99.04293228329605, 99.90667670958345, 101.25113473039575, 99.19285995998396, 97.07113945821865, 96.29979842162905, 95.43913094490017, 94.14085832325576, 92.9445380020106, 92.40457932718205, 91.3390552029345, 91.13902736067384, 90.91265176315639, 90.65399324535977, 90.42154919751543]",0.03,225.0,15.0,False,0.0,0.8883708447808446,-0.06898658009445657
methodological_closure_v1,D,CAN,can07,bird,0,221,14571,1.0,po_random_5fold,random_50k,full_background_50k,ipp,primary,50000,,,standard_kan_ipp,True,417.5857664129944,1580.8580044328871,,0.6511913303948702,0.0333537507740908,0.3149183542080389,0.0847064412474667,,,,,,False,,,162.01064332301772,20.97042464473974,"[2384.8435706692567, 2347.7702356664904, 2297.2255910505064, 2237.619393709015, 2175.9937583149667, 2119.918153853405, 2069.2917013883357, 2021.8229829414354, 1978.8679341761845, 1943.6008483482694, 1914.9758386783196, 1890.0555393205848, 1869.4993447537395, 1853.512941305239, 1840.1911154327854, 1828.2036504167245, 1818.868410076633, 1811.0121913412559, 1802.4952780485683, 1793.5302280550416, 1785.6096342998196, 1779.4995766726834, 1774.6483363600996, 1769.46384843709, 1763.5803333471786, 1758.2008531819774, 1753.7016204687977, 1749.0392818796968, 1743.2813512648866, 1738.80267954261, 1734.792615637863, 1729.834176870104, 1725.405453089098, 1721.3695451134051, 1717.6925464435017, 1713.5828116169014, 1709.3013368440302, 1704.9046105389227, 1701.120260514746, 1697.265826473096, 1694.2966204005613, 1691.3336583495466, 1688.5682081418527, 1686.3727030726327, 1683.5313705999636, 1680.3540997233533, 1677.5577705201358, 1674.2880831757961, 1671.724372221338, 1669.8218398326883, 1667.7114980058282, 1665.2634852632073, 1663.6614341893464, 1661.3193241381025, 1659.0497990501194, 1658.6294980463033, 1656.4734123294809, 1657.7428126565796, 1656.0752415218108, 1653.5044255413784, 1652.910939618522, 1651.2858301676101, 1650.0967612736968, 1649.504321673045, 1647.9222910582218, 1649.4532307780096, 1647.7103822870326, 1646.7430294474964, 1646.0568012442025, 1645.1509079993177, 1644.1006442166715, 1643.355440819378, 1643.167505304853, 1641.03112671941, 1644.532745059476, 1642.9447167260896, 1640.5152674339997, 1640.0643806670957, 1639.9639281626262, 1638.9330078533746, 1639.2555568410305, 1635.827389762072, 1628.138469446146, 1621.4898835616352, 1612.683917051388, 1606.3295618849459, 1600.0088474143288, 1593.3057738097432, 1586.7122073005464, 1580.8580044328871]",0.03,80.0,10.0,False,0.0,0.6587635887045915,-0.0075722583097213025
methodological_closure_v1,D,CAN,can08,bird,0,322,14571,0.0001,po_random_5fold,random_50k,full_background_50k,ipp,primary,50000,,,standard_kan_ipp,True,421.0309949799994,2425.8676253511358,,0.5423411867140462,0.1931714110011072,0.0900146368232246,0.0777519890814368,,,,,,False,,,147.6541430957405,21.3651757167368,"[3476.3581937763715, 3421.7996845921502, 3344.457756200512, 3260.045172054449, 3179.1519207435545, 3105.8112544112296, 3039.654190789465, 2979.537521856189, 2926.7716265122654, 2882.7622964316292, 2846.061194780507, 2814.9160799984634, 2789.2604567091607, 2765.2266211615365, 2737.0572972276927, 2711.698216897627, 2699.297058814347, 2691.823438457351, 2684.3958720181467, 2675.4381833702187, 2664.781510779466, 2653.9396325788884, 2644.4490238861945, 2636.7929122802843, 2629.889142017655, 2622.9727673771094, 2617.546444115801, 2612.5221394791993, 2607.7621859043165, 2603.202386594006, 2598.225041381576, 2594.370911063518, 2590.8991426799644, 2586.647633704665, 2582.528244599122, 2577.854844329412, 2573.9116766476877, 2570.137494104567, 2566.8253283704603, 2562.829586068866, 2559.9575278021975, 2556.6931038792904, 2554.133884527241, 2550.9098749652576, 2548.327656270189, 2545.14291631464, 2542.9468585312634, 2539.827418740407, 2536.7019334917627, 2534.121905918514, 2530.761028622081, 2528.368624005534, 2524.7608447351545, 2522.6865618661304, 2518.74809225005, 2518.3215013661707, 2515.47213234152, 2513.5866904597833, 2512.4932668451825, 2510.18872141716, 2508.655767207964, 2506.8772238336533, 2504.8689778980943, 2502.9242967660443, 2501.5660822311725, 2499.298607792043, 2498.4618756968657, 2496.7216499747733, 2494.522177891835, 2493.9483200952386, 2491.7056337891268, 2490.585422966396, 2489.157587134197, 2487.4237931545817, 2486.2661616457635, 2484.6471331948505, 2483.5645346849997, 2481.7425151666644, 2480.4209318132125, 2479.9688764133007, 2477.679774715462, 2474.063185067434, 2461.338481700238, 2452.395579868403, 2447.339380636601, 2442.6827845175835, 2438.1254062594207, 2432.9861357364675, 2428.648779428411, 2425.8676253511353]",0.03,80.0,10.0,False,0.0,0.5380771319149483,0.0042640547990978606
methodological_closure_v1,D,CAN,can09,bird,0,119,14571,0.1,po_random_5fold,random_50k,full_background_50k,ipp,primary,50000,,,standard_kan_ipp,True,410.9326381580031,769.7291339047324,,0.7200524248628064,0.0235990421732328,0.4963753696967837,0.0781892826185348,,,,,,False,,,306.9956067041908,20.62009956275037,"[1283.8845067708664, 1264.537397504519, 1237.4864883311452, 1205.968466358909, 1172.9290161663173, 1142.4179098034795, 1114.5926483575715, 1088.1292408377988, 1063.8163434740502, 1042.9956883524744, 1025.0511036564196, 1009.6687485961922, 997.3834434295217, 987.54140351104, 978.7905502370471, 971.7504659261773, 966.8076149506384, 962.3655442542104, 957.8384291515471, 953.39102953506, 949.0516757008539, 945.2959579180883, 941.5971939671055, 937.2767271970531, 932.9577652574003, 928.9861022621238, 924.7871817440747, 920.6729122076537, 916.369056954507, 911.6784578277021, 907.1122964128402, 902.2980035501948, 897.4128400933855, 893.0124240295861, 889.045865149231, 885.1693703823605, 881.1558561640061, 877.2800780543258, 873.8888522449832, 871.1671284039247, 868.5101332578469, 865.5098694633352, 862.1852243800703, 859.260154226873, 856.4768287221418, 853.8905959906938, 851.4800632512217, 848.6618159048725, 845.9250406543968, 843.3003794477064, 840.5452407778756, 838.0587524847862, 836.3612283752808, 834.5408218072004, 832.7634718804459, 831.3577883411576, 829.8580651958382, 828.2758890209055, 826.7869336662351, 825.2234123677957, 824.0320780149816, 821.9912683907847, 820.5235288383184, 818.6910398689141, 817.0732400671322, 815.1134333122872, 813.7726232411271, 812.0454571375976, 810.0653446803819, 808.7634583120656, 807.1008154639702, 806.2322860829759, 803.9521846494912, 804.4464814641029, 802.4343078294423, 802.807884133532, 802.9064476567527, 801.0200554957479, 799.0293895744541, 801.1756603161168, 800.3439063544048, 795.943879000745, 793.7179434392579, 790.921633674119, 787.3411973263088, 781.7327488284076, 777.7160101020257, 774.3423534699247, 771.9279844017194, 769.7291339047324]",0.03,80.0,10.0,False,0.0,0.6999085375200553,0.020143887342751077
methodological_closure_v1,D,CAN,can10,bird,0,234,14571,0.0001,po_random_5fold,random_50k,full_background_50k,ipp,primary,50000,,,standard_kan_ipp,True,421.5455634819955,1707.449303543342,,0.6386889287368904,0.1123043248330514,0.2724962945754431,0.1440898570763333,,,,,,False,,,179.59744419892988,20.96662980637596,"[2526.067331236915, 2484.8156714384454, 2425.7750236696047, 2360.1132822231284, 2295.7301728639945, 2236.877617325251, 2183.2184941853943, 2133.6497241052325, 2089.981495900287, 2054.490515404496, 2026.665116397081, 2004.3194018016848, 1986.488668173422, 1972.3395339808224, 1956.7067869237433, 1935.697592489497, 1917.256438634508, 1908.306880167878, 1899.2923964158008, 1891.1077268621036, 1884.442848485001, 1876.9153040691738, 1870.2014816130252, 1867.6233347798486, 1863.1680479261183, 1857.28734743263, 1853.587552270606, 1848.0775043130225, 1843.3614571765365, 1839.4949222537145, 1835.3829711900407, 1831.797382748641, 1828.7631721809998, 1825.9980322012182, 1823.7531781686248, 1821.469429672155, 1818.3905508640341, 1815.9805167620214, 1813.1010393010017, 1810.8971356506067, 1808.494423975224, 1806.2850426798313, 1804.0895772818596, 1802.22635112338, 1800.7043721218154, 1799.0270277033499, 1797.1935457242123, 1795.2135871324763, 1793.3668425871567, 1791.4509935035542, 1789.42047558111, 1787.6206182941444, 1785.7901185005776, 1783.9697899379114, 1782.13849290539, 1780.2883541406507, 1779.61176257183, 1777.2977613332175, 1779.5319807742662, 1778.9483612252811, 1774.027980434073, 1777.3911285490149, 1778.1745650441956, 1773.4615314132523, 1773.2008415628216, 1774.024903890056, 1772.7013191435165, 1771.193764058726, 1768.7389382897131, 1771.0421073082605, 1769.8567972693222, 1766.1568782394988, 1766.0645235073637, 1765.0690638516264, 1763.6072708628246, 1764.7404138049988, 1763.8689716952474, 1762.5157977338642, 1761.24250075275, 1762.036729221536, 1761.087158432487, 1758.3306008427796, 1754.8035875791209, 1749.2762444997854, 1740.9090078379224, 1732.6925048308144, 1727.0292869629318, 1720.0919488586214, 1713.955416131616, 1707.449303543342]",0.03,80.0,10.0,False,0.0,0.6772134244556307,-0.03852449571874028
methodological_closure_v1,D,CAN,can11,bird,0,478,14571,1.0,po_random_5fold,random_50k,full_background_50k,ipp,primary,50000,,,standard_kan_ipp,True,410.0414820590013,3806.248536245351,,0.5715901513517058,0.3409952114572805,0.1573693524729122,0.1322533299923404,,,,,,False,,,398.41453645405375,19.317467824070537,"[5162.891816894915, 5084.038697009654, 4972.0821764400225, 4848.306803212283, 4730.271262675101, 4626.627935664111, 4534.2161235474505, 4450.921678566929, 4379.08388985207, 4320.354971916524, 4272.0977094392, 4231.129764306241, 4200.379203682145, 4171.362066866929, 4136.239383072982, 4108.374164212658, 4089.524646094629, 4071.598046617893, 4055.6207073893015, 4041.01345600146, 4029.0801436919896, 4022.618540078448, 4018.4273367909295, 4012.0602604125397, 4005.09795668126, 3998.692745336262, 3991.8960043188877, 3985.6934863274046, 3981.33892944463, 3976.2906485223116, 3971.8655110476684, 3968.0775455612647, 3963.7103705625827, 3959.7294521900003, 3955.266431514755, 3951.020886396995, 3947.5050263185526, 3943.2026985675984, 3940.5738999388145, 3937.128824570906, 3934.1030952722813, 3930.170271970679, 3928.4712707149365, 3923.795018294825, 3923.1000715442747, 3921.2158000187724, 3916.491684418059, 3914.5938453333674, 3912.6139112801025, 3909.6273609568566, 3910.3032156601184, 3908.069999719138, 3903.4303898463, 3901.410934179944, 3899.9595008969072, 3896.402641022765, 3898.0244946758658, 3896.869399198602, 3891.225904824669, 3890.067857067309, 3888.319258361967, 3884.845243278141, 3883.995064055734, 3882.438471158719, 3879.5974719863507, 3877.4392185929387, 3877.3005430689573, 3873.2246958277474, 3875.715905800476, 3875.5761455862707, 3867.257889158397, 3876.2360377486275, 3882.137641131695, 3871.5833337565227, 3866.817147911656, 3868.587270303319, 3862.502390767108, 3865.8575960495446, 3868.7030737360683, 3856.509778662483, 3856.8287346444395, 3850.4638896653523, 3842.3743890406276, 3834.666395543448, 3828.9470242430307, 3823.3533885029474, 3817.11270625854, 3813.1222706441617, 3809.8124607556288, 3806.248536245351]",0.03,80.0,10.0,False,0.0,0.6012407888317085,-0.02965063748000274
methodological_closure_v1,D,CAN,can12,bird,0,312,14571,0.001,po_random_5fold,random_50k,full_background_50k,ipp,primary,50000,,,standard_kan_ipp,True,409.2373846449991,2730.667956336779,,0.5264289007470817,0.152582057117909,0.0640612759751368,0.0324932924153473,,,,,,False,,,354.9027766876966,20.96198009550572,"[3374.46825277781, 3349.006519340963, 3316.108159189484, 3280.1893947114786, 3242.6572384295537, 3207.214536611693, 3177.210107005516, 3152.9559668266875, 3132.895700656837, 3115.772135813051, 3100.994785365584, 3086.9705139968505, 3072.8580371235794, 3062.2630888391077, 3055.5838760358884, 3048.3192846996344, 3040.0596665240623, 3032.2344600427955, 3025.4966040056606, 3018.984083729801, 3011.766394570285, 3003.9175550224713, 2996.6310859544215, 2991.719142408885, 2987.952934748885, 2982.9263078686654, 2976.618122567759, 2971.0519609187454, 2966.5786319298522, 2960.832219739821, 2954.019282520427, 2948.384926944747, 2942.8540425804777, 2936.9965097945515, 2932.331554273935, 2926.9242358192605, 2921.6035682565885, 2917.412919862469, 2913.0904011625485, 2909.6084396367705, 2905.749742700702, 2902.241427592875, 2897.903364064372, 2893.915431017184, 2889.4952276001463, 2886.019587318267, 2882.5533772425993, 2879.9301749153606, 2877.03052584961, 2873.8278182150925, 2870.6318268293553, 2866.4095485100893, 2862.895649128929, 2858.6570040054216, 2856.217726965274, 2853.2058093657847, 2850.890337033242, 2848.6783850436927, 2845.792244498765, 2842.897280431822, 2840.3620282054367, 2837.5021825958443, 2835.8714265899375, 2833.450233824118, 2832.9238014704383, 2831.225287045739, 2828.4350388900957, 2827.050752687618, 2824.90698967415, 2823.415344479229, 2821.8802763198796, 2820.673748212507, 2818.740841980059, 2818.6473864646573, 2815.8818898025675, 2816.707232100703, 2816.279823349622, 2811.294610834359, 2815.2768688618257, 2815.9737897307364, 2808.8462696677884, 2803.842325068298, 2791.2824233977794, 2781.0597081006395, 2770.3047451747257, 2759.6938872558476, 2751.605108966659, 2743.00886199228, 2736.254386725052, 2730.667956336779]",0.03,80.0,10.0,False,0.0,0.511525718437191,0.014903182309890739
methodological_closure_v1,D,CAN,can13,bird,0,39,14571,1.0,po_random_5fold,random_50k,full_background_50k,ipp,primary,50000,,,standard_kan_ipp,True,576.5719698819958,167.29267685205858,,0.5056618050515957,0.0498953524807341,-0.0181877284392361,0.0034600041925931,,,,,,False,,,324.3511104587799,24.1647775297079,"[421.09861385313275, 415.6127425040007, 409.07732170124467, 402.9831906873439, 397.00275328969855, 390.81377872293217, 384.6364675817929, 378.7918430634765, 373.5793887538646, 369.02866576061353, 364.905452390908, 361.3791443057757, 358.5135058980368, 355.31262915261516, 351.2170508103032, 346.9840686435049, 342.9837943752106, 338.7744696527605, 334.6114712750739, 330.7687751374508, 327.134653640077, 323.86653529601716, 321.15460946116644, 318.62012827569936, 316.1585062269445, 313.5298006990869, 310.42109596311946, 306.89977952753026, 303.02834354223563, 299.35452139471613, 296.22854794091813, 293.51564166600724, 290.8176391124841, 288.11541526694475, 285.5964418151734, 283.1965681689073, 280.72437542058617, 278.22759023336084, 275.6631207649268, 273.14193650717243, 270.75027288916925, 268.62156925240316, 266.53822425261234, 264.2531330800515, 261.8364166385089, 259.7127733249679, 258.2071863748542, 256.55927739389324, 254.92037295757575, 253.2662864483554, 251.47666038775031, 249.84409753645983, 248.78189393453866, 246.94278186982223, 245.5473519192538, 244.17323740751698, 243.20152177512315, 241.37205659323536, 240.18048757161068, 238.53757986464356, 238.17050109927155, 236.3306021499317, 237.96529132116805, 237.8078830977042, 235.86252177552387, 234.35886975059714, 233.36478400700295, 232.71422383257715, 231.3155875906871, 230.51986556092263, 230.4701541069743, 229.122476065816, 230.4722438600836, 229.61360907634395, 227.07809488817364, 226.64706287526084, 226.31201494088359, 225.350636562562, 224.50065602483835, 223.63552303483056, 223.80923206535977, 222.43322715429483, 224.55671033960138, 224.42323537364845, 221.4764489777601, 222.19650345862118, 221.53421820454267, 221.23543159518235, 220.09236401029509, 219.25858821927085, 219.16448102928126, 218.70282323505208, 217.3160406367507, 218.72114766888507, 218.44478400592035, 216.24918655754374, 216.1645375353938, 215.89760718003575, 215.22333084995051, 213.80849805793565, 214.27485406460158, 212.02206956580468, 216.11706863509033, 215.66991316106635, 211.53332533581636, 212.04917889040908, 211.4762284086513, 211.11898223126363, 210.13667710739668, 209.78124025650962, 208.95989311561834, 208.40795824321498, 207.9650276176367, 207.20162593544953, 206.19021581744997, 207.89351421617204, 206.1175326785321, 207.8402924268995, 206.8688081759797, 204.64638086476285, 204.41233940176176, 204.0800118375371, 202.2613904942143, 205.24917535566684, 203.0988751897599, 203.17615831930257, 203.33338812916557, 201.18500097640532, 200.50937274667953, 201.09417283003188, 200.11661504387413, 201.27872996052014, 200.7885303230975, 200.2985246634821, 199.68333508748617, 198.99620873334754, 198.2236903797022, 199.12795499605417, 198.602501226839, 197.616907373441, 197.09708065977048, 196.49849494204955, 195.77552600236552, 197.76874670464866, 197.4053626067018, 195.37461548894387, 195.86466947182555, 194.09699235150774, 196.79887977502023, 195.35211969304302, 195.18854741394514, 192.0080337229085, 187.51810875029918, 182.159800650153, 178.81366413951886, 175.66603390796297, 173.21404183274305, 171.37109210189226, 169.2337262667223, 167.29267685205858]",0.03,150.0,10.0,False,0.0,0.3582614514438328,0.14740035360776294
methodological_closure_v1,D,CAN,can14,bird,0,18,14571,0.01,frozen_n_po_lt_30,random_50k,full_background_50k,ipp,primary,50000,,,standard_kan_ipp,True,855.9973348929998,52.333952624253946,,0.5001031155176063,0.0275364176286951,-0.0024982095216586,0.0027670934729845,,,,,,False,,,119.56728530795937,25.405741396539387,"[194.44547077663066, 192.85869603895267, 190.90912623476333, 188.67488291272912, 185.9657079891486, 180.40604389702548, 177.72430211489925, 174.90933637615566, 171.827441523232, 168.4975566789801, 161.52338968663614, 158.194977063567, 155.05275025169902, 152.0601788768496, 149.2118218117854, 143.65822737879728, 140.95193030955375, 138.34960961816134, 135.61395849936682, 132.6699489113185, 126.73211397301553, 123.65100081877917, 120.40277603007186, 117.32863503383709, 114.62631476446411, 109.61335091525162, 107.2101647186666, 104.73511170077418, 102.33506041293724, 99.98668116652938, 95.77340930433967, 93.86465155266578, 92.1481776803465, 90.42585437253457, 88.69023676327377, 85.61819095423942, 84.06792586777686, 82.97305301602955, 81.52131075796872, 80.4295256503799, 78.21263883406773, 77.25443751909, 76.46104940396408, 75.32106904265832, 74.5272406668987, 73.06138149395416, 72.14281472730647, 71.73942609552522, 70.80935879898078, 70.49739807728585, 69.21912057091473, 68.44621170531086, 68.36367906784177, 67.54601342577783, 67.09485624179094, 66.46865726890547, 65.83253331121378, 66.15990228211471, 65.05566111232363, 66.6678976531874, 65.85758945214337, 65.6708218653981, 64.68371472549312, 64.78574529209216, 63.86536037336922, 63.68449964240524, 64.01830144983599, 63.3629488874608, 63.95786118325452, 64.09068950425791, 63.04563158734358, 62.343120957371745, 62.934524002488494, 62.819131802333914, 62.649329803978425, 62.59671780015598, 62.517012840815376, 62.20534899972081, 61.59692514805725, 62.475268830262856, 62.073951218972745, 62.09426928201442, 61.21096581423946, 62.15639936700848, 61.23387884036363, 62.63600360419036, 61.53253497716614, 61.565844447377735, 61.44378114615567, 61.255456187313705, 61.15368677550381, 60.557359414012396, 61.08870222819767, 60.292433727799875, 62.00749871695073, 60.25813729552985, 61.55501697491484, 61.13719446594365, 60.74912150333681, 61.016496535001764, 61.45991975115109, 61.97124697296019, 61.1704560350599, 60.263919637641706, 61.088647325629964, 61.399778991697524, 61.41279720159949, 61.84559256641863, 60.95709858478592, 61.573040726654874, 60.723871494347605, 60.594026181464145, 60.66153688572706, 60.156028905572875, 61.36539710979599, 59.98305844737238, 59.80819799580609, 60.76308562688135, 60.081684957788376, 60.62880364617511, 59.8057710917245, 59.54408095683101, 60.37534173704878, 60.09267844484118, 59.83311114974984, 59.65878218362975, 59.2988851130117, 60.30100294385769, 59.73141236730078, 59.67115882370356, 59.639599825667496, 59.317507123008646, 59.93147335283917, 59.725603127840955, 59.09583220924333, 59.253202843430486, 58.968495397604414, 59.74290449350487, 59.57944493953191, 59.129707917472984, 58.88625640608629, 58.54455783294873, 59.78414913845342, 59.7470294431477, 58.56838983007743, 58.62188541138646, 58.435581215190176, 59.177218036240056, 58.582347922415686, 60.032931906228264, 58.78587706542514, 59.01857150389347, 58.55174335666112, 58.23680283747533, 58.79372096481379, 59.12663061903779, 58.482271413018374, 59.20385975122139, 59.55950692609103, 58.26299475532712, 59.7745311958386, 58.65690485659838, 58.93859828451033, 58.71072782779552, 58.212937351283124, 58.93377972517964, 57.97371111889732, 58.919574591385114, 58.93344570598862, 58.11663359623005, 58.25571469877146, 58.11935494592063, 57.73864385566047, 58.18615206297501, 58.12844519128672, 57.8695083098095, 57.997102024372154, 57.43151804961379, 57.51718482757842, 58.17597334029761, 57.06824945161403, 59.1108234956687, 58.27729405077551, 59.09627194960415, 58.575116656122255, 58.54234362633719, 58.93813039385647, 58.75279041358631, 57.63691555419237, 56.71920615196532, 56.323284001947314, 55.75858608939756, 55.104868199363416, 54.21690635659097, 53.8117298970696, 52.95879655706126, 52.7397930201802, 52.61645231611122, 52.502252688903575, 52.333952624253946]",0.03,225.0,15.0,False,0.0,0.3017324994707501,0.19837061604685624
methodological_closure_v1,D,CAN,can15,bird,0,721,14571,0.1,po_random_5fold,random_50k,full_background_50k,ipp,primary,50000,,,standard_kan_ipp,True,419.1069620240014,6165.197496471442,,0.6441645562915425,0.2801888123638822,0.3050623768071443,0.204446049328403,,,,,,False,,,257.36029414246696,19.448822146463364,"[7793.512225764874, 7693.938775097925, 7552.1428918326155, 7389.993824639952, 7228.255291723597, 7092.269810507644, 6978.7299246326975, 6880.949862791966, 6802.2580842817415, 6744.5043843177, 6701.081598477521, 6668.299096434428, 6643.014314572849, 6619.490673860066, 6596.270968989366, 6570.635129275267, 6541.510218713375, 6518.487343023641, 6505.658629841364, 6498.610080277359, 6485.82711232077, 6467.806192809856, 6453.213010124753, 6439.362352268668, 6424.7339597371565, 6412.341192423721, 6403.039098693168, 6392.767923896726, 6382.500720376604, 6374.526345098002, 6365.936391000047, 6359.223971828649, 6354.441070687008, 6348.494381806061, 6343.389347191513, 6337.398622669554, 6333.032691405106, 6329.861139928934, 6325.76091227723, 6321.706798522631, 6316.768039675777, 6313.459862036998, 6309.730044013513, 6306.6323684014715, 6304.276588430926, 6300.833885681257, 6300.321564815741, 6296.945417642081, 6295.759169865979, 6293.671944252323, 6291.6153123570075, 6289.224041559968, 6287.637950699564, 6284.993880284723, 6283.926208070464, 6281.225784261251, 6278.643698442825, 6276.653945310838, 6273.859226405399, 6271.203346207548, 6271.25615003939, 6268.205379934842, 6266.786714090886, 6265.50599969798, 6261.706500326297, 6259.418610161909, 6260.362832627196, 6257.46257254919, 6255.460579339326, 6253.756135799287, 6251.86637122135, 6249.082281688823, 6249.43810405278, 6246.775890565437, 6244.842812542455, 6243.185865689083, 6241.471332707638, 6239.2261212540825, 6239.595866045651, 6237.588657612563, 6234.986734416098, 6232.785218694856, 6226.300135175818, 6215.978178170221, 6204.814359053457, 6195.0477876192635, 6185.271401694296, 6179.668054770826, 6173.65575249627, 6165.197496471442]",0.03,80.0,10.0,False,0.0,0.6958828287282062,-0.051718272436663715
methodological_closure_v1,D,CAN,can16,bird,0,57,14571,1.0,po_random_5fold,random_50k,full_background_50k,ipp,primary,50000,,,standard_kan_ipp,True,570.679695494,306.95929279414105,,0.5640600233540085,0.0275831636342139,0.1758096537548596,0.0326836810622118,,,,,,False,,,493.30639131869566,24.25455329570956,"[616.4279462389022, 610.7714098466682, 603.7808836092225, 596.4600507340865, 588.3378375066337, 580.4297672758818, 573.4220707914784, 566.9361300409693, 560.4826873335709, 554.0832114705215, 547.9469045999083, 542.1267355956169, 536.5868367615811, 531.2761377625878, 526.2253924574613, 521.4142777931605, 516.7799503207438, 512.2980164460198, 507.9632238711151, 503.64794562799773, 499.417307950085, 495.4425240505789, 491.4422552611214, 487.2105306769622, 482.8833744719235, 478.8071834887498, 475.2621596819898, 471.4410886027905, 467.05012664624047, 462.325832577212, 457.7097233245317, 453.6510076567989, 450.09291251894626, 446.678690139956, 442.8846747411644, 439.14621532166973, 435.6099679712243, 432.37917917331384, 429.26710719574766, 426.37739536565454, 423.7976456006043, 421.3562129010718, 418.81845655713096, 416.27446207315234, 414.08785870281673, 412.28168878800676, 410.8415591825026, 408.89209612011945, 407.0295423531716, 404.89317107308415, 403.0155051984734, 401.5717591193412, 400.0378341772803, 398.29258525309103, 396.47747158347, 394.57620137494627, 392.7285560342452, 391.2889978358481, 390.1034109824026, 388.4099532426749, 386.92502156113727, 385.8553615533271, 384.0528600137761, 383.340610201232, 381.66929925241607, 379.9492588052623, 378.80927331747444, 377.75605496946287, 376.05595085848984, 375.4751334042564, 374.3861508383471, 372.89128852986704, 372.4094222336382, 371.84918659159086, 370.1166731999174, 369.79175961714606, 369.2594118883315, 367.78943146978577, 366.72135614436405, 365.87018980994907, 364.940775128453, 363.18907687276595, 362.40204349975363, 361.31785582172563, 360.2095840058045, 359.6425401744805, 358.5527228140388, 357.4542408652013, 356.74483033547193, 355.7938853262918, 354.8958584323649, 354.75148521806636, 353.62981732167793, 353.07201915826244, 352.15555302931114, 352.2300508183148, 350.27078670647467, 351.8157792987682, 349.8467930268913, 352.7751418699536, 351.6229164055972, 348.9671624670024, 350.10340550501127, 347.1264119708866, 349.54557699988374, 349.52429219254947, 345.4607460390385, 347.96370970176946, 345.58849098434206, 350.18844677229976, 351.48626368093704, 344.7951401124698, 347.05110188130266, 348.1605935838101, 342.8997062338247, 348.93726310119695, 351.5983729072928, 343.8959959022007, 347.13401056313324, 352.5615443660636, 344.8184891295622, 343.5542272299868, 347.6489242737547, 341.6267944745901, 345.0154545951457, 348.8953020450766, 341.19764530192464, 344.70122221386015, 349.91189937750727, 342.32065017998207, 341.3098247984145, 345.2133737605077, 339.3402315210665, 343.78113032976154, 349.2296625332145, 340.99566903157296, 340.52522741452043, 344.72994185191186, 338.6679843014783, 341.4020988413485, 345.5248831691897, 338.4920303192242, 340.68759881294676, 345.80683389658464, 338.81751244849414, 338.70574938635684, 342.5235134489749, 336.4711037816171, 341.29769250114185, 347.05118106685035, 339.0108629285072, 334.34453237315614, 332.71531641286026, 327.81031747353074, 322.6834191216524, 318.80571629865847, 315.42623234606395, 311.92326433513574, 309.0384209679561, 306.95929279414105]",0.03,150.0,10.0,False,0.0,0.5023306279386758,0.06172939541533273
methodological_closure_v1,D,CAN,can17,bird,0,313,14571,0.001,po_random_5fold,random_50k,full_background_50k,ipp,primary,50000,,,standard_kan_ipp,True,409.1150239110066,2631.6167619650687,,0.4695176256145823,0.1795520004509979,-0.058857004188258,-0.0567554985399998,,,,,,False,,,259.36866166350643,20.611637483881776,"[3381.6464077920696, 3346.391552900925, 3294.4043618473775, 3235.257173854175, 3174.340865723486, 3119.8934050665694, 3074.5478808239613, 3037.6533994988417, 3009.780382998827, 2990.528246147489, 2977.680614253601, 2967.9740935618283, 2958.0170503545696, 2947.076602172587, 2936.5506893412144, 2926.5684825165345, 2915.1135955068585, 2902.1724856683063, 2890.171263204962, 2879.6698736491267, 2868.7100204170024, 2858.891512171259, 2850.6733650698166, 2843.3204155618487, 2836.413317453538, 2830.1855122199513, 2822.751545565331, 2814.7253675633388, 2805.771173129864, 2797.392662855056, 2790.454884456507, 2784.4513556007037, 2778.24530415879, 2772.878135275443, 2767.635383199477, 2763.3276007543445, 2759.0433361402443, 2755.2396656145725, 2751.5950942091836, 2748.817738606312, 2745.982420508461, 2742.966367096777, 2739.825888830371, 2737.3062412432355, 2735.130824340516, 2732.993013471898, 2730.214387507232, 2728.6184998750086, 2726.741486485876, 2725.5313954789076, 2723.2289721610787, 2721.094926085036, 2720.1412723502376, 2718.536447798841, 2718.4162805640067, 2716.2405537025365, 2717.1676254811114, 2716.304229540416, 2712.531768299208, 2713.204912883291, 2710.6202260100345, 2709.283432455361, 2708.3841840635664, 2706.0639927955003, 2705.5077391961972, 2703.7267944592577, 2703.1253576332006, 2701.8101230095776, 2700.544237856505, 2699.606991954898, 2698.11175355324, 2697.5890139093526, 2695.8496017358725, 2696.437832343324, 2695.322565718697, 2693.7482490544853, 2692.589745591722, 2692.515370897076, 2690.2042922149913, 2692.60534757701, 2690.792100515897, 2686.9551897880447, 2679.668795565639, 2669.8870683414016, 2662.259303684054, 2653.2504953054486, 2645.9511590000875, 2640.874818911985, 2636.5682158333652, 2631.6167619650687]",0.03,80.0,10.0,False,0.0,0.3872319258161708,0.08228569979841155
methodological_closure_v1,D,CAN,can18,bird,0,612,14571,0.01,po_random_5fold,random_50k,full_background_50k,ipp,primary,50000,,,standard_kan_ipp,True,417.87954536199686,4946.263638325382,,0.7349703234178379,0.180356842234934,0.5114446239375847,0.1962346728950375,,,,,,False,,,96.57627465875986,20.212775292716277,"[6612.262551356174, 6501.874032047103, 6352.687446706574, 6189.770062948636, 6032.904613271939, 5891.197521388727, 5764.184059728365, 5649.971276163133, 5552.553413044594, 5475.75237415391, 5418.966661982499, 5377.675769961418, 5347.972560622788, 5322.06183915799, 5285.020744518502, 5249.837889817785, 5232.064336162484, 5211.65978892091, 5195.113948300436, 5185.99491993683, 5175.0198717904605, 5165.180967661034, 5157.918662578281, 5147.762096629349, 5137.015105751557, 5126.768848122108, 5116.748950661923, 5109.037031341425, 5102.376248183443, 5096.284451896112, 5089.18416562326, 5082.036337046138, 5075.5355802571585, 5070.6403383031875, 5067.4131011777745, 5064.2130387750785, 5060.571000962794, 5056.594124743593, 5052.865673115651, 5049.636380587724, 5046.358576893498, 5043.219167791555, 5040.296571827044, 5037.377784084177, 5034.587717097617, 5031.807352054347, 5029.1815157168, 5026.594255821361, 5024.034880179027, 5021.005061711448, 5018.182495221504, 5015.949001707166, 5014.355835389019, 5012.983295385747, 5011.472771077395, 5009.81281099248, 5008.462864020871, 5007.072422640802, 5005.595976850399, 5004.067255151477, 5002.655163321685, 5000.819079314261, 4999.159502845067, 4997.056893911641, 4995.690463328384, 4993.508382564083, 4991.987142525324, 4990.279833268039, 4989.0750782377345, 4987.512882873743, 4986.286762278374, 4985.24226622468, 4984.004353135441, 4982.711104515293, 4981.646636551978, 4980.46916860528, 4979.714677209342, 4978.210693050586, 4977.254876737387, 4976.215080197303, 4975.177149817024, 4973.736337990657, 4968.521449880617, 4962.387356546305, 4959.7621636988815, 4957.3497929893, 4955.035551660239, 4952.605593235818, 4949.793668194338, 4946.263638325382]",0.03,80.0,10.0,False,0.0,0.7924747422872936,-0.05750441886945579
methodological_closure_v1,D,CAN,can19,bird,0,109,14571,0.1,po_random_5fold,random_50k,full_background_50k,ipp,primary,50000,,,standard_kan_ipp,True,408.1825356800037,705.1899600508809,,0.5672604317041314,0.00184240417514,0.0001334154684861,0.0096160420375349,,,,,,False,,,140.7145535443621,21.56390887252912,"[1176.5012700740976, 1159.8168550567739, 1136.9288579029492, 1109.5872549196743, 1079.9853539175963, 1052.8510519272083, 1028.5923566894753, 1006.055303584606, 985.890474253295, 968.6947208642431, 954.1630041965592, 941.9486235373802, 931.7489624912779, 922.8143811055627, 914.9677742877777, 908.6978660779188, 903.5748802789803, 898.3640805944228, 892.6005819629293, 886.777445914944, 881.0893571932792, 875.2704858512428, 869.7561407453733, 864.599092369153, 859.0212281112911, 853.5611195648829, 848.9338261378492, 844.159809086819, 839.6693042827599, 834.959509736212, 830.2522056013464, 826.0650995784068, 822.1522619999291, 818.3995198237844, 814.8103740009088, 811.4451119255713, 808.3960435977161, 805.9767677677455, 803.6861481867641, 801.9932184870312, 799.8833186148184, 797.6333908440772, 795.5810534408151, 792.8985417570718, 791.1173344539924, 788.1807363823781, 787.3795413233271, 785.1353832866284, 782.9262116269117, 782.0765053236779, 779.8913167818225, 778.7561208364677, 777.5203507355328, 775.4124702373343, 774.8767078139068, 773.1832928072912, 772.4100200457697, 771.5750287087023, 769.9769743240906, 768.8369481617456, 767.6859541672952, 765.937067643719, 764.5367913741325, 763.307213397853, 761.5388270852578, 759.6492583408212, 758.59462070109, 755.9758529546929, 756.931037148847, 753.7737163650947, 753.1352250407123, 752.8131980687922, 749.2308079065148, 749.8920157184389, 747.2345200737873, 747.0581721467526, 745.3035487538149, 744.2140265189544, 742.594083818325, 742.8564939691773, 741.7713587671708, 738.7992049288315, 731.7447570546107, 726.3038850018352, 719.8326478170674, 716.0951856911051, 712.9345552148072, 709.1367308483004, 707.4528384008034, 705.1899600508809]",0.03,80.0,10.0,False,0.0,0.5015080428954424,0.06575238880868906
methodological_closure_v1,D,CAN,can20,bird,0,380,14571,0.001,po_random_5fold,random_50k,full_background_50k,ipp,primary,50000,,,standard_kan_ipp,True,413.2001337230031,3278.0438710111857,,0.5822785447470678,0.0800910262008176,0.2140915880126196,0.0487263303529861,,,,,,False,,,290.4509091924733,21.185934852661926,"[4107.471754113565, 4072.4801860463263, 4020.848065164379, 3962.7110672491, 3902.023560441291, 3845.6744742665705, 3797.73080749708, 3758.9517298113997, 3729.1459527459774, 3706.6565937057985, 3689.104752200052, 3673.799651308347, 3658.5494732977954, 3642.6257580949555, 3626.854046387404, 3612.1424079959475, 3599.257748499725, 3586.5945102533205, 3573.57475738212, 3561.530685378998, 3551.5337304624236, 3543.532367627082, 3536.550221578336, 3529.687337407877, 3522.972698966172, 3516.58310361696, 3511.0951356956116, 3506.293161796263, 3501.151921593144, 3495.685785289925, 3490.741146967541, 3486.342675881859, 3482.1203748934277, 3477.8061118744013, 3473.1462880071263, 3468.4639644121517, 3463.8527401693436, 3459.181662011253, 3454.606008101136, 3450.5468200234423, 3447.13684844763, 3444.053530955066, 3440.9856817133614, 3438.1057777029705, 3435.311023056064, 3431.89404094955, 3428.1096561981835, 3425.064372504551, 3422.1460611761113, 3419.2367679352037, 3416.100899127288, 3413.2736742494512, 3410.953314204015, 3408.5707068695556, 3405.9739087580115, 3403.933507923619, 3401.480580257463, 3398.810457593085, 3396.19588495954, 3392.961179210376, 3390.2974190898567, 3387.8315011108443, 3385.0940533325092, 3382.5395154884245, 3380.0438407314227, 3377.274310123622, 3374.514737340183, 3372.196318924385, 3370.209024654479, 3368.2617022019513, 3366.6814368299665, 3364.428084874299, 3362.6197415305455, 3360.463840758891, 3358.5025679319715, 3357.377765020089, 3355.2301977775464, 3355.5142573347184, 3352.7354927300994, 3355.9924308719505, 3356.398631942744, 3348.6680977588103, 3343.8354332353715, 3335.6868320282224, 3323.014643969718, 3314.5940715305333, 3304.2603080524177, 3294.130452250264, 3285.250622115396, 3278.0438710111857]",0.03,80.0,10.0,False,0.0,0.6007668865100315,-0.018488341762963767
methodological_closure_v1,D,NSW,nsw01,ba,2000,26,570,0.01,frozen_n_po_lt_30,random_50k,full_background_50k,ipp,R2,50000,,,standard_kan_ipp,True,1754.8186748279986,84.7461192023587,,0.5515925925925925,0.2577568866203971,0.1389985863676821,0.0791488273570922,,,,,,True,,,32.94840598535832,26.20097351558572,"[281.5958916656614, 280.72856103955945, 278.8250983971064, 276.4995356500442, 273.9894275169089, 272.75884099729626, 270.46303607219244, 268.40354651866335, 266.4704573030286, 264.5215979806756, 263.5148361949477, 261.4222048341178, 259.2320730507793, 256.96206319537566, 254.62717561134855, 253.43853387087793, 251.0239022363976, 248.57001077865593, 246.0919806557927, 243.59054969615158, 242.32587453514466, 239.7596047988773, 237.15024080495022, 234.51784183149826, 231.87578597084976, 230.55115444496064, 227.89148714912938, 225.21822876598245, 222.5345792941538, 219.8457818698838, 218.502252620794, 215.81851030880983, 213.13365199304764, 210.44848449982626, 207.7765095987974, 206.45002950768037, 203.82085233577078, 201.22362067567553, 198.644163551866, 196.06241396961013, 194.7643525568637, 192.1482735120648, 189.51356142586917, 186.88082319542903, 184.2826982514025, 183.0022500425836, 180.45809113057382, 177.9066926695884, 175.33280825385748, 172.74286360307005, 171.4460425274209, 168.8541112709459, 166.2575016570001, 163.65109633842468, 161.0393795734269, 159.73419773580946, 157.1267198621497, 154.51620804587125, 151.8906879493837, 149.24658028722078, 147.9213331758359, 145.27501216930807, 142.63808540520452, 140.01213633640702, 137.40657881055435, 136.1146810544824, 133.55470430867803, 131.03109057070643, 128.5539755360388, 126.1352309393149, 124.95327825390159, 122.65576542369921, 120.48742769481296, 118.40185304775684, 116.48632162543835, 115.52633877986223, 113.75286074253376, 112.05533670279327, 110.46345595726356, 108.94900746418264, 108.22955212453628, 106.87861010960764, 105.59544611119793, 104.3957448212086, 103.2979198365943, 102.76691588695675, 101.77293931344336, 100.84750175180935, 99.9853837341398, 99.22851741470872, 98.84268651201933, 98.13387682730482, 97.52183617535309, 96.92945536020414, 96.41208431997428, 96.1531946265096, 95.72179054578795, 95.26971498665344, 94.87402198839754, 94.55886635262195, 94.36784248270114, 94.0551661750754, 93.78567130503583, 93.52416307997873, 93.4549371471596, 93.2202572221245, 93.02320879994244, 92.98579988901606, 92.7695415881181, 92.57623457112595, 92.52624377512828, 92.39631402624362, 92.28608875768673, 92.096959989243, 92.03514820955706, 91.85334791830041, 92.15711801185046, 92.05334742043254, 91.99806432180743, 91.76623421405844, 91.71323643952968, 91.55144819985688, 91.45914048735733, 91.24563395901332, 91.18304823582706, 91.23277765044907, 91.01687380359046, 91.03906428225818, 90.88713978017067, 90.78136420169237, 90.71477740508173, 90.60765795430135, 90.50892141453824, 90.4142962546013, 90.28736576230924, 90.19928484367534, 90.0886179889942, 90.11696379767655, 89.97502031538599, 89.80301938282086, 89.77072894461804, 89.67519088961546, 89.5880609646739, 89.44405410353622, 89.39230006283262, 89.34594973991348, 89.23785923610842, 89.19195308529459, 89.09245733866182, 89.0266940308188, 88.95147272097955, 88.94309397036193, 88.83446158668183, 88.74140524997735, 88.69635696462946, 88.61740416824763, 88.5935529003092, 88.53160109486373, 88.46881681866402, 88.46721831538585, 88.4795091343788, 88.30767014784264, 88.29785164538458, 88.20698499086076, 88.10514000221137, 88.16400439049679, 88.1167255433462, 88.06572669412604, 87.99588015373715, 87.95633703615796, 87.93174357051883, 87.87533464264438, 87.8170110710152, 87.79938920896619, 87.74337596802783, 87.77262660575208, 87.70921158536969, 87.6756086275762, 87.6455490522706, 87.59134149682123, 87.56344227580995, 87.54903021250233, 87.49038526098802, 87.47970153521366, 87.42752032444245, 87.44875445440401, 87.3949190211111, 87.37195131549296, 86.9765243953826, 84.96709032743453, 84.85340990392734, 84.78044058142835, 84.7679167277742, 84.75953192074914, 84.75783520436624, 84.75498626935122, 84.7522177609009, 84.75085567905218, 84.74756441632432, 84.7461192023587]",0.005,337.0,22.0,False,2.0,0.699462962962963,-0.14787037037037043
methodological_closure_v1,D,NSW,nsw02,ba,0,6,570,0.01,frozen_n_po_lt_30,random_50k,full_background_50k,ipp,primary,50000,,,standard_kan_ipp,True,1123.2972152270013,10.773807479263375,,0.6635131231429514,0.2943158115965296,0.371410082878223,0.2220382432310241,,,,,,False,,,0.0099721226482628,24.04561592669975,"[65.00949252838969, 64.74839070023418, 63.84763103852081, 62.9627135764178, 61.69191401583583, 58.73727273434142, 57.123915513211784, 55.39351780799026, 53.442231480874106, 51.38501635117557, 46.98897592801953, 44.9317909455162, 42.871527335762366, 40.918146069048554, 38.805431269665114, 34.63002828186718, 32.469021244491145, 30.50393496707919, 28.382777181205523, 26.168992212418217, 21.747426261571132, 19.65917658948134, 17.69711575500903, 15.917247670034982, 14.406137735926764, 12.478809595714056, 11.889730104034442, 11.529096820161746, 11.31190089294942, 11.1468320462896, 10.966901314022106, 10.94031480572875, 10.904779668999161, 10.870906762076352, 10.857637288641062, 11.066645945852107, 10.867536219872667, 10.89676954583505, 10.858936496666585, 10.930163613964448, 11.13256493650654, 11.0592771494864, 11.180993682706058, 10.987812461795693, 11.21412473110226, 11.041454278231376, 10.862211679185306, 11.011883584036982, 10.836442593956114, 11.676172592716979, 11.010215407136172, 11.148731244876993, 11.192065154982766, 11.264355226672606, 11.470230576190325, 11.73316339369614, 11.431990971018443, 10.832592314834086, 10.882780902188106, 10.925766778179602, 10.944297348804092, 10.986456282206507, 10.90557706317273, 11.010450382048807, 10.84795308604814, 10.961862557505532, 10.88675815840344, 10.839704862096799, 10.997695062603583, 10.933704173464099, 10.922799743450732, 10.859018682256947, 10.824944889282891, 10.852282994243708, 10.831226536208996, 10.828597753977547, 10.828792053010078, 10.868712573317097, 10.799095218353871, 10.817215713525252, 10.80755558107515, 10.812252220800897, 10.847393806160165, 10.791312245353923, 10.83908044624116, 10.80863859622575, 10.817874934511023, 10.799720919137675, 10.800264820628659, 10.796598122735443, 10.799179548804087, 10.793804541972994, 10.788640654474367, 10.794335195048617, 10.791683403625642, 10.790347449691698, 10.79185001466266, 10.79101356463334, 10.788767329298278, 10.789990210441738, 10.78870067577648, 10.787767010264938, 10.788228645014845, 10.788535701887302, 10.787754042690668, 10.786852249337112, 10.787247783797222, 10.78672197773035, 10.786235022517483, 10.786094494607479, 10.78624906198413, 10.785679410864843, 10.78547335259555, 10.785505482949535, 10.785651135198075, 10.785046412776959, 10.78508685573627, 10.785037570980286, 10.784902353319012, 10.78476156746968, 10.784638507727566, 10.784563082171855, 10.784480626908023, 10.784412942832814, 10.784335366228543, 10.784182729686341, 10.784156724021217, 10.784085445377109, 10.78399626839515, 10.783933811675425, 10.783858846863845, 10.783783290089326, 10.783709739035709, 10.78366961124367, 10.78362797755026, 10.783512823536574, 10.783464114467373, 10.783421448061334, 10.783375806579576, 10.783327543813055, 10.783235764567669, 10.783192122773618, 10.783146973221012, 10.78310343398167, 10.783062597007598, 10.782978487046536, 10.782941342393675, 10.782897527235203, 10.782857052088072, 10.782821448559538, 10.782739825824024, 10.782704839685712, 10.782667771747606, 10.782628917939679, 10.782591184906462, 10.782518366817676, 10.782482515177222, 10.782445969072318, 10.782410331488984, 10.782375070297459, 10.782304367744642, 10.782269860935031, 10.782235527868975, 10.782201262099317, 10.782166753243496, 10.782099956188882, 10.782066211351292, 10.782033089082775, 10.782000514191001, 10.781967626866392, 10.781903003694662, 10.781870746686344, 10.781839013114908, 10.781807282636812, 10.781775744355151, 10.781713476536794, 10.781682371900834, 10.781651757088852, 10.781621202505068, 10.78159069490703, 10.781530463377502, 10.781500546992952, 10.781470781165808, 10.781441220100268, 10.781411781687758, 10.78135337097188, 10.781324406347403, 10.781295592699474, 10.781266887999317, 10.77921765677623, 10.7789094780044, 10.778794838369448, 10.778535935287685, 10.777856905066587, 10.777523852629965, 10.776604991617814, 10.775721519870068, 10.774712017263727, 10.774024904645648, 10.773807479263377]",0.03,225.0,15.0,False,0.0,0.6402174810168373,0.023295642126114124
methodological_closure_v1,D,NSW,nsw03,ba,0,12,570,0.01,frozen_n_po_lt_30,random_50k,full_background_50k,ipp,primary,50000,,,standard_kan_ipp,True,1099.2834146930036,29.855266299550035,,0.6532223089600139,0.0765493612158961,0.284622909867942,0.0927623094905319,,,,,,False,,,14.78291532780095,26.63526416614745,"[129.75885303561725, 128.37817917037032, 126.16407989822629, 123.90492753384171, 121.56189875582197, 115.983786595417, 112.81807570085387, 109.39777049476331, 105.65724702825261, 101.85044553271287, 94.45216444058148, 90.76085603706638, 87.34067634264592, 84.23974485127115, 81.21352543643894, 75.60072656798854, 72.9787337914636, 70.32263732283477, 67.4991098038017, 64.77213070387728, 58.999388462184996, 56.100205667848535, 53.15670648159274, 50.33099107828944, 47.76609332295638, 43.03228856517206, 41.20629437118933, 39.63654054451037, 38.36260641816057, 37.16860588036633, 35.2734602988995, 34.60299627836507, 33.84601967051452, 33.61775388613228, 32.781585258436415, 32.1434305129558, 31.926321070420613, 32.13366695192637, 31.452779751055683, 32.13231520559902, 33.252511727494344, 32.50852535525382, 32.41977701981154, 32.77604717409066, 31.764609201282386, 31.30327541253973, 30.959304334265408, 31.280292707851054, 30.89909311499572, 31.11826450439812, 30.668729436814957, 31.00777576296919, 30.67160022142885, 31.083195407385627, 31.490488043574125, 33.12701064301555, 32.14159264498613, 32.88116026016959, 32.46162903648429, 31.695008972388422, 31.17286184277867, 31.399138000567298, 30.627189211643564, 31.070985368948804, 30.920138069591374, 31.183374019601946, 30.662776896909875, 31.450154941660998, 30.685361256751566, 31.18697208004549, 31.128313308186037, 31.59547025682393, 31.14784066960244, 30.76887815265862, 31.317523604683107, 30.636311410058862, 31.124713907944603, 30.814319389387713, 30.99569594865355, 30.83204363415564, 30.795619065653828, 31.184880726477076, 30.85324885312827, 31.02642621194544, 30.984970765412104, 30.658371547929505, 30.96935291487214, 30.45155698069053, 30.53378483203172, 30.711429562222502, 30.19460945226951, 30.999437192401604, 30.849463131014446, 30.539701353800687, 30.900709350348528, 31.120011798572474, 30.964841674584257, 30.661775796851327, 30.767095916333357, 30.505105089711776, 30.179868657310017, 30.595826901670176, 30.465083929259734, 30.25879235301604, 30.281340033971585, 30.47666573036067, 30.27111501364815, 30.32252816290441, 30.55177315322988, 30.18966434812348, 31.51099736133291, 30.49412338923614, 30.820300972251864, 31.11341076057938, 30.5484537724463, 30.56745502309143, 30.218930909251593, 30.87798264004027, 30.60735311854557, 32.007604671063845, 31.245135967678383, 30.886775931426723, 30.93832204073581, 31.02503271523778, 30.669069269781573, 30.745654014096008, 30.48772509363734, 30.812188873632486, 30.442075504821034, 30.486174950771566, 30.474127191190895, 30.17932621188929, 30.753271581903142, 30.46947407605806, 30.777819127269666, 30.27194466906877, 30.61116495979779, 30.452767924886206, 30.412678788616876, 30.16931782537376, 30.477201322620754, 30.568793769352396, 30.286716503212332, 30.31894899294497, 30.286625138024984, 30.39186209726596, 30.371164897610026, 30.14483460281656, 30.322490835692587, 30.33503942343753, 30.189290934593256, 30.128191770073222, 30.006832034742747, 30.168325755423794, 30.012102959852953, 30.444394528437712, 30.284958762798226, 30.313279150668055, 30.123002710331733, 30.005711056814146, 30.230707325769252, 30.15727924812514, 29.998672882186764, 30.220612487812062, 30.18625750805405, 30.09397775286188, 30.132604527480584, 30.098682785810542, 30.024775220240617, 30.150518158302134, 30.403080233469858, 30.177461700122656, 30.049603636085997, 29.977981581573996, 30.206307649613883, 30.07535279455517, 30.0948104378106, 29.99240419682138, 30.14843610018307, 30.068219229903022, 30.017358416446214, 29.965843267269605, 29.946730678290205, 29.967636803237948, 30.032173574639952, 30.19457279074577, 30.067116721517444, 30.18512693627285, 30.08792577833886, 29.899855543099996, 29.874908881070915, 29.869271730263733, 29.864825116201345, 29.86231746191346, 29.86015570917948, 29.858027269255942, 29.857128757613953, 29.856031199684296, 29.8555624106385, 29.855266299550035]",0.03,225.0,15.0,False,0.0,0.6614623991673172,-0.008240090207303319
methodological_closure_v1,D,NSW,nsw04,ba,0,49,570,0.0001,po_random_5fold,random_50k,full_background_50k,ipp,primary,50000,,,standard_kan_ipp,True,730.1220652849952,212.972728719606,,0.6911589008363201,0.1336105073600737,0.4561471349828385,0.1448025758560966,,,,,,False,,,193.0530163253353,27.000637665888355,"[529.5596184745082, 517.5606163272214, 503.47950534036937, 490.34797193062303, 478.1242789860416, 465.700192306825, 452.69070772774165, 439.1753203992237, 425.68174927961627, 412.8378949261585, 400.1331136637852, 388.259795317655, 377.3204287686485, 367.63158811700185, 359.525394472667, 352.40964825509826, 346.07420409551224, 340.0567182186608, 334.1297260094134, 328.4104638113483, 322.7805901016046, 317.44433522387044, 313.2453942490205, 309.5832716511577, 306.4913820252888, 303.767769626016, 300.6361491120779, 297.1723829036881, 294.35421963865707, 291.02517219034445, 288.80403434458213, 285.34387487841883, 283.4662611987968, 281.4170803166107, 279.5459733460694, 279.1132531505317, 275.87824520361823, 275.9920841647237, 272.4704510929096, 272.8516477568817, 270.97387111099465, 268.8330887270912, 269.3651586507477, 265.9742414673038, 268.93494810981014, 268.10141744856685, 264.77810320805, 265.25334573389847, 262.9959788375831, 262.97088265519494, 262.5658378470791, 260.7840141992019, 258.7786443901652, 257.91204293204174, 257.88482550537003, 256.65173522540806, 258.7158067829669, 257.30430773675715, 258.2959583956509, 256.92672723706596, 257.8920370396013, 256.605994021018, 256.2597012274658, 254.51519929595875, 258.6024470678766, 256.06657469354315, 254.65434573873335, 254.07703316650571, 252.09649044640705, 251.35101642859377, 255.04602507278148, 254.15959261995158, 252.61971359946233, 252.34699235037135, 252.8146118122416, 250.8365663219547, 251.9295215042118, 251.62057153582148, 249.28805915007743, 248.40192384555584, 251.12246197719875, 250.583799291478, 247.92164324569376, 247.50356754983315, 248.98379684617268, 247.91355848554429, 248.65252044711985, 247.1615816292166, 249.5517637859147, 248.5041541341378, 246.6762094968705, 246.28833192053253, 247.3929433806471, 245.56876128819633, 247.86402832155335, 247.04938642051314, 244.94386601235456, 244.02344459956691, 247.0971634188153, 246.42840187280865, 243.7335385515107, 243.4133109874164, 245.08849430926537, 244.18246408157333, 244.50741062064088, 243.69375559775517, 243.69466941649205, 242.988529201758, 243.51441159075242, 242.85869364943272, 242.95645523169546, 242.75341137281137, 241.95002586258576, 241.45439594913935, 241.90508385479043, 241.06963397975727, 241.80953199045877, 241.15027521343546, 240.44489655414728, 239.83006465506188, 241.36750811043464, 239.8264137662081, 240.9193218556778, 240.3780253793797, 238.9642528334789, 238.38682635952884, 240.00338530423235, 239.14743510904887, 239.16748574864098, 238.96161674400878, 237.87685962704833, 237.675928066687, 237.98323174332987, 237.13962402373988, 238.1171834382488, 237.90329157406424, 236.4126624483032, 235.94019444698657, 237.97378860498247, 236.675292213967, 237.75953398823745, 237.60275952462317, 235.00705491664505, 234.95735907633625, 236.78945269057553, 235.31312506791073, 236.91200621530635, 236.27079547567047, 234.38151093062953, 233.32124048395397, 236.52823530196196, 231.37418767536246, 230.18558347466075, 227.13751853512707, 224.03370504503712, 221.70022509445354, 218.81612664193761, 215.95678215130653, 214.4568850570102, 212.972728719606]",0.03,150.0,10.0,False,0.0,0.8520011947431302,-0.16084229390681004
methodological_closure_v1,D,NSW,nsw05,ba,0,22,570,0.01,frozen_n_po_lt_30,random_50k,full_background_50k,ipp,primary,50000,,,standard_kan_ipp,True,1097.2656357679953,68.67443432715163,,0.43,0.0624075920308255,-0.2421365075324019,-0.0652213203074826,,,,,,False,,,100.62423850143549,28.82427751346213,"[238.10717400814264, 236.60229406833992, 234.31293589488092, 231.5252628800494, 228.49705418765785, 222.27816129159365, 218.59118153374297, 214.49087225618976, 210.59421699728728, 206.41808412929248, 197.73920574079995, 193.27893038962168, 188.8018723949075, 184.24177470004986, 179.5833122246606, 168.71920274531274, 163.04797409689172, 157.61404191756955, 152.2566983947426, 146.66603541547994, 136.16881509245206, 131.67018306937243, 127.36811357444753, 123.27932267721063, 119.39544602213084, 112.95924710426999, 110.78216411137991, 108.59305885499663, 106.98402731746461, 105.05428034525328, 102.0122139169509, 100.36652104182124, 100.0059792367976, 98.6930853995173, 97.95288393813303, 96.68318706436798, 94.95993949148009, 95.51591782431122, 94.74331139408861, 93.27261692610422, 92.19962249403218, 96.70133303242086, 97.40186908194892, 94.12117178448307, 92.9948897057548, 92.24774479021909, 91.6751438215827, 90.55037968211475, 92.26867874296184, 90.93579091235434, 90.80045149034093, 92.15381352183493, 92.2405847727217, 90.68695397364819, 90.08506867030923, 89.44659684507876, 90.74645818212774, 90.01449664743433, 89.59427160694275, 91.18737694537673, 90.76589512975178, 90.72652737652146, 89.69866369323886, 89.9463554584227, 88.14103318969264, 90.56160325712045, 90.2047357186001, 89.05703052241076, 88.42534745352222, 89.50634643744982, 90.20539184775835, 90.18822437594564, 88.23538967302461, 88.47045214265063, 88.28216936306148, 88.67669098269822, 87.58484458442628, 87.9220498496792, 88.55462629973093, 86.83015202065744, 88.97385522048333, 88.11280348577695, 88.5372806982451, 86.87366306026867, 88.18727200802626, 88.28636149957102, 88.62195281455867, 87.58607728754323, 86.80083673112718, 85.93563952693712, 86.3741457939787, 87.00712598581684, 87.88924239007775, 85.43959980693631, 88.92060843082322, 87.43398077912632, 87.08463170264119, 87.75710790775396, 86.94426241236626, 88.00038025899727, 87.1063043161619, 85.89221605803114, 86.6195481539147, 86.2912159171401, 86.50525218549622, 87.3999856778611, 87.41785620900826, 84.99789754266695, 85.45904186110485, 85.36355492065013, 84.93835054992184, 84.69831867644035, 84.75331758969178, 84.55090465302943, 84.98867718310332, 84.56621136520961, 84.84240372723114, 84.26791504453804, 84.6996417054306, 83.18417802377623, 86.98964752682046, 83.86527794529552, 84.42097547020427, 85.30922146280214, 83.37866232794931, 84.79452029472276, 83.17236477312913, 84.28257531609789, 85.0112343397224, 83.66999313697501, 84.29789134009319, 84.04141409802311, 83.3002932791462, 82.72688620310532, 82.508325841947, 83.1444080507585, 82.42435784969447, 81.9145204054217, 82.55316988244968, 81.66097448870033, 81.47797252956369, 83.23153950284464, 83.46143078561275, 81.5548444753313, 82.50885502482122, 82.21506192568731, 81.080257305769, 81.92114142834606, 81.8192155739541, 80.61312903467388, 81.69334081079012, 81.667583250569, 80.88207142551335, 81.1477215769654, 80.39328464378113, 81.27178412887648, 79.9408024565888, 81.19903186031235, 81.53460306088921, 79.74575404740979, 81.77532076087489, 81.30694763072846, 79.65916445896522, 82.00499491264875, 81.67296739230615, 82.61029347056613, 81.7772789721133, 82.23567854646481, 81.36848885710691, 83.44120711573498, 81.04884492542453, 80.41298489650698, 81.40872963036395, 81.54124644182632, 80.92686947597164, 79.70250899538618, 79.90026360744119, 79.42186925933886, 80.25078777119471, 78.95716455782835, 80.65431940145419, 78.45617834040151, 80.76072716387243, 80.59957448039108, 79.76880375490063, 78.5322161176413, 78.45165789032231, 78.46808012855506, 79.8870628592406, 77.13116293324377, 75.3447718689326, 73.69605492938867, 72.02643985490062, 71.03613591071132, 70.27807672697094, 69.47915096200917, 69.22706872649611, 69.07453568720248, 68.88775631808186, 68.67443432715163]",0.03,225.0,15.0,False,0.0,0.5593867924528302,-0.1293867924528302
methodological_closure_v1,D,NSW,nsw06,ba,0,44,570,1.0,po_random_5fold,random_50k,full_background_50k,ipp,primary,50000,,,standard_kan_ipp,True,742.9872109579956,183.3202618145799,,0.5195045063811468,0.3635326118841955,0.023208609502867,0.0428695724038047,,,,,,False,,,168.6057558554879,26.85318767627328,"[475.819350513428, 465.5892821703533, 453.69421969294217, 443.22797567084575, 433.6155306786026, 423.65391471727435, 413.2408103765103, 402.81949845332707, 392.6031880029706, 382.97508200612407, 373.9224833106142, 365.69315541435543, 357.94708555526404, 350.54859418984967, 343.7817753017851, 337.113553814791, 330.2233734325062, 323.4300979657838, 316.9363532457665, 310.7622344334404, 304.67675121790666, 298.22108473669937, 292.04854667077154, 286.7577254915102, 282.50644921361726, 278.85099583848705, 275.34187698770404, 271.7362724889792, 268.49346245599367, 265.1306168480237, 261.7994339727959, 258.5424873604611, 255.66867111975523, 252.74194224210328, 250.3623625863928, 248.12427885584344, 245.75669240899907, 243.1915305113584, 241.20370004297266, 239.42288143997828, 236.7415996515342, 234.75219661366623, 232.5431440765016, 230.63452133430928, 229.50207564732264, 227.95333363619667, 227.3358083110256, 225.44320964556658, 223.98247313350905, 222.49733578802406, 221.23631778182013, 219.95728815929286, 218.77789949319225, 217.6334020159189, 217.545531250316, 215.3400889435855, 215.5196215918032, 213.98975059000927, 212.52037171479085, 212.80733874592764, 210.95126836540763, 213.40929979919474, 211.17768969430438, 213.69999302708092, 212.73722422074084, 210.29462358177912, 210.21489978085384, 209.244129199797, 206.4515899214643, 207.87385761229748, 205.94821478598018, 206.36232878500877, 204.73682446767376, 206.53294307986002, 206.31419223146966, 203.45263239912586, 203.75470050544172, 202.48553158457378, 205.385338755679, 204.06405055317381, 202.38030603056745, 202.89479937488935, 201.42898457805754, 202.36954318739788, 200.76734698217265, 204.63953511444225, 204.59965046028674, 203.451842161829, 201.7192335415096, 202.55184507404414, 201.2386385036206, 201.56767467166497, 200.92774261306994, 200.04094351606741, 200.03242384997327, 199.27486654235994, 199.03955180719467, 200.6970051616799, 199.65235017434037, 197.8687761741614, 199.16972349207887, 199.85391970442956, 198.9255795126071, 200.37223771015462, 197.97688401550994, 201.46004886375104, 200.50190106242005, 201.89909245190177, 199.92685061469206, 201.02149825145906, 200.52659652699805, 198.0087086391563, 199.4471128564708, 197.17201174906594, 196.79393133210857, 199.56238088767506, 197.44175892390356, 198.16856824541057, 198.8002421327127, 199.83644066105464, 196.5635530203983, 200.69934560555245, 200.9936027573346, 199.11886366341753, 198.76290544947943, 195.83066758180263, 201.1227409096797, 198.97192597383528, 199.21859103427343, 199.88829095824892, 196.78339207746106, 201.2814141370228, 197.6580085738552, 201.58949700837232, 203.38304178370237, 198.27516882137326, 198.59574372815624, 197.45696765895235, 196.8311475849302, 196.5821830472045, 195.40144383476766, 195.49093371263316, 196.29008257836261, 195.79604085576517, 195.8493553963707, 194.91351136440355, 195.72111170349567, 195.4040908936926, 194.47516105486972, 194.45512896737034, 196.75465865950108, 192.70341299964198, 192.139059172089, 190.41509970312924, 188.81691271721024, 187.17185353167727, 185.69618776224368, 184.87993875996634, 183.91138815934298, 183.3202618145799]",0.03,150.0,10.0,False,0.0,0.4766626393922981,0.042841866988848676
methodological_closure_v1,D,NSW,nsw07,ba,0,28,570,0.01,frozen_n_po_lt_30,random_50k,full_background_50k,ipp,primary,50000,,,standard_kan_ipp,True,1111.008330263001,94.15341752672867,,0.657578638091946,0.1718211976581113,0.4080882734158482,0.1686890419364065,,,,,,False,,,94.1070246010512,28.08966891765129,"[303.2346876138601, 301.0462999122272, 296.2531722084155, 291.9222359096907, 287.3843827780288, 277.6475269196429, 272.34209013950533, 266.6766310001941, 261.0237649945135, 255.63595408984642, 245.4437875770989, 240.6611529528622, 235.8362709834222, 230.73040025329558, 225.43406004764083, 216.7070624098899, 212.5213921901314, 208.10570977056625, 203.54088834153345, 198.80105066940476, 188.77919419711407, 183.80051639173908, 178.75408202119337, 174.04138885739147, 169.29532086022843, 159.60422443392636, 155.59693121965378, 151.91167397390413, 148.2451895712855, 144.68163898277675, 139.31230426705284, 137.521737501085, 134.95148585127757, 133.0834596894571, 131.11569898592987, 129.10550246860666, 127.53464999932947, 127.38350772750502, 125.2779342664692, 125.18900722656987, 122.61063847921076, 123.93775371810683, 122.4384550732386, 121.65652058795779, 121.31104101848479, 119.6983542342813, 118.22867795711919, 117.76842462145066, 117.49385700857457, 116.15788933867864, 114.3639256755652, 118.0432508298461, 118.5039400192392, 114.91737278049409, 114.23641183052325, 112.56247311501079, 113.21703517279131, 113.30998213596375, 111.2547674964736, 112.2963709043596, 111.30816872006896, 110.96682836857839, 109.94716884469943, 109.54909233026974, 110.29416761158468, 110.31088560347233, 110.19779888897214, 109.42806288059224, 108.12730982247211, 108.69883813083354, 107.48118257261798, 106.84187236624548, 107.73929751733526, 107.38621974971186, 107.624202186959, 107.92675475306037, 108.36391982829923, 106.67842889641227, 107.08890479525564, 105.14420100032301, 106.11836282793453, 106.43702978233517, 106.11871059644771, 104.41958718810247, 105.03614820746641, 105.32152674880476, 103.27830267972743, 104.95912996667157, 104.77979254174818, 106.31378294193641, 103.48747893517431, 103.91767067168922, 103.33882867526172, 104.8090924416462, 103.10199382993108, 105.90722730622606, 104.74548569058246, 104.31083206886629, 105.04531692716023, 102.37536362839279, 107.62814147447864, 103.81948808264092, 104.52139828987062, 102.40031270656478, 103.79218935313635, 103.62380287717792, 103.66606082595744, 102.34288423861533, 102.9849926638353, 101.06551140293212, 105.45432212141674, 102.59177776281302, 103.56972216412193, 104.11409107680967, 102.29437174253034, 102.43167176827589, 101.70842968294444, 102.41137825012947, 102.21010154673236, 100.77976957142073, 101.06051582830457, 102.8356874036378, 102.8584196350224, 102.35312217825789, 101.33887661716318, 101.61401393711392, 102.60201944521224, 101.71121036892538, 101.34357460303968, 100.34784328295407, 100.89604157548197, 101.39632170951641, 100.88165526265418, 100.64376531313656, 100.12381423765659, 99.69310093116832, 101.40346549502797, 100.65017654432164, 100.32502687147053, 100.6874836128681, 99.9440433437176, 99.27868777736093, 99.98994846571419, 99.85118109107559, 98.82364706650529, 98.54854458944277, 99.28560500143162, 98.73500549200163, 98.93283026023481, 98.5266006075251, 98.27860551417935, 98.14899539313353, 98.46363632917327, 97.99140948918068, 98.62281304596168, 97.71965222481137, 98.11809603287402, 97.63713478724148, 98.39945709700909, 97.51416077905841, 97.98583347010116, 97.66712842462519, 97.87240956798972, 97.99278075646963, 97.67258678687881, 97.57089020280847, 97.1129799406701, 97.19158327722617, 97.10153042034706, 97.24957295515033, 96.64857565575657, 97.75789739556723, 97.14481377103714, 96.82648769185201, 98.16224073175326, 97.84831386610439, 97.71560420508763, 98.70811632061276, 96.68002229417242, 100.637785969494, 98.02907803326464, 97.97866204890188, 99.37501703682054, 98.41607871892313, 98.84882631301413, 98.67151102571603, 98.66694813095164, 97.36843720461657, 97.04828408058506, 95.8275304141536, 95.35761682401633, 95.0977558347035, 94.80421628958143, 94.62927366173876, 94.49962112241258, 94.34472410716369, 94.2672244881889, 94.21940811708016, 94.18072936523687, 94.15341752672869]",0.03,225.0,15.0,False,0.0,0.7640425164189423,-0.10646387832699622
methodological_closure_v1,D,NSW,nsw08,db,0,129,702,1.0,po_random_5fold,random_50k,full_background_50k,ipp,primary,50000,,,standard_kan_ipp,True,542.7395255090014,781.6635540960451,,0.7719941348973607,0.1136172994759774,0.6205196524958787,0.1917295975786301,,,,,,False,,,177.52160127483816,26.384779176810017,"[1394.2539462621667, 1372.5937564664657, 1336.8845249880296, 1305.2849730935532, 1276.401777876779, 1246.6135617004072, 1218.752419552507, 1190.8436850312316, 1164.0655678809364, 1138.6673603306174, 1116.4955665435948, 1097.1072013267883, 1080.3843484780332, 1065.893058425215, 1053.8808794556278, 1045.0867577344852, 1037.1559389060867, 1029.834539433964, 1023.5774820515799, 1015.9030364501772, 1007.8259441681486, 1001.5131821342056, 995.084456275055, 987.9631259399038, 981.9220540757949, 974.6211600880929, 969.0301381911398, 962.6365074253517, 957.7455202560369, 952.5099978466471, 947.6072544451607, 943.0198723806232, 938.7293951406615, 934.4815320159589, 930.2282325013635, 925.1352104755351, 921.4079305363919, 918.0582643285252, 914.2948049372413, 910.9024067543492, 907.81164035931, 904.9612848343404, 902.6608973462877, 899.553561018317, 896.8302533089692, 894.7093165126521, 892.1032366250267, 889.9473196338938, 886.6453806749795, 884.3622966640809, 882.2173355704181, 879.7639575935597, 878.166040771336, 874.6211284740756, 873.8061041892446, 870.2250239931758, 868.3420584539322, 866.1247103035978, 863.8057170708873, 861.3420675853874, 862.515895389981, 858.0242091376422, 859.5575865933444, 858.5526987976504, 853.4339617331336, 857.4851246253643, 853.1439202243495, 854.5670303651132, 853.3224164400463, 849.5713821466949, 848.293595324509, 849.1057576277666, 845.831196187552, 845.9932023472863, 845.3814490724473, 842.0568663931698, 841.3613618246316, 839.7990036775464, 839.2137928707161, 836.4084646694455, 839.9324117360617, 833.529620759121, 827.9062314395259, 817.8863643717643, 807.6868397273461, 799.1353337798936, 793.3006359927922, 789.7778878956319, 785.7537941385874, 781.6635540960451]",0.03,80.0,10.0,False,0.0,0.8504398826979472,-0.07844574780058655
methodological_closure_v1,D,NSW,nsw09,db,0,426,702,1.0,po_random_5fold,random_50k,full_background_50k,ipp,primary,50000,,,standard_kan_ipp,True,539.9821613649983,3782.565001361108,,0.5954909090909092,0.1353232057716173,0.1724518982415909,0.1088961663323853,,,,,,False,,,228.65084486860303,25.090901452250648,"[4616.310029204534, 4589.315237040433, 4545.427575140257, 4505.01302591279, 4458.47424074524, 4414.294926884715, 4374.510742504307, 4336.098489360305, 4303.57849738057, 4281.064800975954, 4263.278297065206, 4247.3798842074475, 4233.33682214858, 4220.449085098411, 4208.106139781958, 4196.891463678915, 4187.740803745016, 4178.786471684302, 4169.87771258267, 4160.479341858974, 4150.6931495177305, 4140.743645821524, 4131.087030695825, 4120.954456798172, 4110.544420930426, 4100.8781224210825, 4092.494349067466, 4084.1641330857124, 4075.419934823062, 4067.5308828871366, 4060.057864117209, 4052.501913596437, 4044.8840121727426, 4038.0843780471605, 4032.0412458198907, 4025.8455295549447, 4019.7204414656794, 4013.904972853894, 4007.0399146247128, 4001.2755953927494, 3995.2437708485663, 3990.3723374666606, 3984.564534298083, 3978.9838325195383, 3974.2995575264385, 3968.590574816501, 3964.432422056655, 3959.9349881907156, 3954.6203967331544, 3949.671760745256, 3947.066834795705, 3941.1699357148236, 3944.0426263281015, 3937.564716529066, 3936.233803466096, 3934.6445254095174, 3925.3720070859586, 3924.2901559832326, 3917.9163774257845, 3920.164179889159, 3913.4936956851943, 3911.341467171424, 3909.8670515199155, 3903.1589263574747, 3901.055518049322, 3900.6532060582454, 3894.670777265555, 3900.666003489251, 3898.5421296358604, 3886.5841718825454, 3884.4637440658535, 3881.9027153230077, 3878.151421031976, 3877.637172757414, 3872.3903212705286, 3875.953275115304, 3871.110832581844, 3868.578123578108, 3866.9302750430793, 3861.1141780615712, 3866.6872902214495, 3855.327175952755, 3845.812076191814, 3832.6483269501505, 3824.72208345014, 3816.379579690419, 3807.512917534212, 3797.9908997628954, 3788.689598400135, 3782.565001361108]",0.03,80.0,10.0,False,0.0,0.5636571428571429,0.031833766233766325
methodological_closure_v1,D,NSW,nsw10,db,0,65,702,1.0,po_random_5fold,random_50k,full_background_50k,ipp,primary,50000,,,standard_kan_ipp,True,746.2837855870021,282.43543149358186,,0.6954022988505747,0.2343903613265211,0.4210556629013078,0.1530842312080155,,,,,,False,,,554.9561329133454,26.799302486199046,"[703.7819521344442, 691.529402753519, 671.9039476067958, 654.6663460888716, 638.2411644830495, 620.7602177846636, 603.5716408806626, 585.6795352558096, 566.8555855004352, 548.152678206964, 530.5431709810781, 513.9885706915142, 498.6412094649131, 484.72358366323823, 472.7174990791275, 462.8878569177082, 454.0140311376823, 445.6167131860523, 437.94831986479375, 431.0920042111041, 424.6616081033171, 418.93255814614, 413.35749979996245, 407.9532819990492, 402.9021508079237, 399.02996618164326, 394.8353125651006, 390.48274493427664, 385.6923025589725, 381.55388600175075, 378.410196377924, 374.9973280728871, 371.75835962718423, 367.4917887461161, 363.6671538042247, 361.1101585751733, 358.57865607917677, 355.6025250646865, 353.1423951248844, 350.79056670077074, 347.76512772514246, 344.72795524324624, 342.7428429129019, 340.80151973887354, 339.36716181709636, 338.43858165424905, 336.36870792057556, 334.691500337908, 332.72268601694793, 330.55469710855755, 330.4037354602743, 327.91065176362497, 328.3080078032333, 324.34087241214854, 328.43839667573405, 328.07435127559, 323.70087152356365, 328.0204005436847, 328.6919419339598, 320.66884681828157, 322.531535817721, 323.9906098355835, 317.8283021558556, 323.88070046863044, 328.6012304184505, 319.2207661649306, 317.25831968196775, 320.843478580101, 316.3561595912472, 313.83406071628605, 313.99006724336135, 312.0733144720245, 312.6703465267681, 311.8728089316198, 310.2080239275645, 311.8993450757863, 309.3870127514764, 311.26248557038394, 312.5113129679387, 308.6842685141382, 310.10475690532377, 309.374868998888, 307.1657388180255, 307.85001855346565, 305.4571522059632, 309.37718224712165, 309.100187189714, 306.2767917344743, 305.79252873292864, 306.23581991849636, 303.43694935487287, 305.032634608494, 303.1249629394747, 303.97421845937686, 302.2584918214148, 304.57742337027736, 303.8228770874669, 303.0951472989641, 304.6163668006052, 302.4795309528648, 302.18626330214835, 302.204981694104, 301.6801423809809, 299.559786648719, 302.57718745209354, 302.20480101648764, 300.5289152801924, 301.28255132232175, 299.5057978618852, 299.67249562316067, 300.0438726579493, 299.45482807051417, 299.14223118167337, 298.7860830478269, 297.5808924521095, 299.95062367552435, 297.3194727622798, 303.77159927000594, 305.0046364692234, 301.31993652624357, 298.18680969971734, 301.22673103572964, 298.6404315168036, 300.3000052569067, 300.490152509117, 299.7555134594981, 298.760547476396, 298.4838118117995, 296.7312493035042, 299.8164966014544, 300.13631442314664, 300.05289014992223, 298.09956441671534, 300.22615639693976, 298.70971044846993, 295.9969373406375, 295.43578245527885, 299.3861848502086, 298.91598142058984, 297.14342611834184, 296.55796098500394, 297.15240095594936, 296.2283986817254, 295.8610907490994, 295.21591453650484, 295.69780884893186, 294.6328052092775, 298.36965803196307, 295.5946113915013, 299.11446928909237, 299.86271247904017, 291.8402692521726, 291.4335795108606, 288.7203514112438, 286.2674991923125, 284.3885957910126, 283.7690138997944, 283.2094367214628, 282.79554014691996, 282.43543149358186]",0.03,150.0,10.0,False,0.0,0.9633620689655172,-0.26795977011494254
methodological_closure_v1,D,NSW,nsw11,db,0,48,702,1.0,po_random_5fold,random_50k,full_background_50k,ipp,primary,50000,,,standard_kan_ipp,True,729.1831633870024,189.79947626784735,,0.6296524620482391,0.0623899813082888,0.3713216034231242,0.0801060910926553,,,,,,False,,,236.35010719158169,27.75159460043188,"[520.0045333861907, 517.2777360171604, 509.6940663451709, 502.263812341654, 495.6090458418649, 486.8493537861909, 476.3793267206584, 466.31520419073536, 456.15076704332637, 445.11176742055017, 434.53713601598594, 424.92912039552317, 414.8924748784678, 405.8607968312083, 397.7398496610579, 389.16662303866286, 382.134261955086, 375.00500316650135, 369.3200574776454, 363.05429861761104, 357.7654717676545, 351.93007935859765, 346.6559384868981, 341.0321695510729, 334.9689249733134, 328.7035628152766, 322.92154563564543, 317.5121984334491, 313.2978728095328, 309.4093188789794, 305.6392135981084, 302.5026958100026, 299.6290507616776, 296.56781758539, 292.9414504194671, 290.1407984112938, 287.42393723778446, 284.57184448552096, 282.1676300711339, 279.09654177296125, 277.42033356368006, 275.1332324730973, 273.1669891708153, 270.8492902681347, 267.65180395758875, 265.59161002851937, 262.77422495003026, 260.70912046520266, 257.87029204043137, 255.95228196295864, 254.17768008610702, 252.01616625005357, 250.30105899299093, 248.28491767010559, 245.69423226443092, 244.30657369550528, 242.9120261890806, 239.72490681725293, 238.52087978769543, 236.13010935585595, 237.70107035473438, 235.05904555489226, 235.25840523385264, 234.75883700392876, 231.72039251785313, 234.89476748914922, 234.48841590047633, 230.74477190157302, 228.576331937183, 232.12982508546233, 228.79719554664996, 229.25302508794266, 229.15755636182664, 230.1077954414882, 226.9019990211734, 226.8166004108645, 225.49702920331742, 225.61315638513915, 223.4113691043097, 226.11027602921214, 225.23153108991372, 222.66932837066744, 222.53963411015752, 222.7959313221121, 221.2957318287844, 220.64716599468105, 220.2212931631852, 219.56232691514208, 218.25896889000023, 221.19026167431622, 218.99971843404828, 220.40369906520226, 218.77597652200214, 219.71401172219987, 218.299960478469, 217.54543267560518, 216.76140503826338, 217.3132137953378, 216.69522709811713, 216.4705784067231, 215.64820164002185, 216.7242297840933, 215.3343766181708, 216.32581328153307, 215.11831899980186, 214.7035009611943, 213.50238091934744, 214.98961851267757, 213.63990119921033, 214.87424429623724, 214.7098163771973, 212.56567331681256, 211.866456488414, 213.13319773521866, 211.81136969535012, 212.92413815303283, 211.424573867488, 213.35213680914913, 213.12337419593104, 210.5558368493777, 211.21916264837418, 209.74188285234854, 210.19427398397028, 210.06570511378982, 208.14125201081413, 212.66446106936837, 209.27973306524206, 213.52895840623378, 214.5845249126915, 209.31853135951496, 214.9749826839761, 216.35006533360735, 208.47864675418117, 211.88305926976406, 211.4156679756935, 208.05463926616622, 210.5956834721187, 207.6210186144651, 207.52436742922683, 207.8327867292955, 205.16492686688818, 208.0245949048064, 205.96722241172526, 207.90696281851964, 206.38538513665085, 205.8153989147727, 206.8985079192147, 204.2355942914436, 205.0458826205344, 204.89125532955308, 204.1761011654562, 202.13843430334154, 201.42644701697628, 198.2748056821871, 195.73323782350397, 194.22839451861046, 192.44479240324668, 191.4466604612805, 190.49235948490517, 189.79947626784738]",0.03,150.0,10.0,False,0.0,0.6247977190413809,0.004854743006858175
methodological_closure_v1,D,NSW,nsw12,db,0,139,702,0.1,po_random_5fold,random_50k,full_background_50k,ipp,primary,50000,,,standard_kan_ipp,True,538.9350074159956,910.7413682084892,,0.6887791495198903,0.1088160738580254,0.4618753562440233,0.1386392416572888,,,,,,False,,,354.4253381911417,26.01525283104439,"[1503.6978313097027, 1491.2670740144506, 1472.21469992181, 1450.113621149819, 1426.292859125553, 1405.1423858281528, 1383.7024619077533, 1362.595795029051, 1343.6344527407612, 1325.1984266202776, 1307.8856514991044, 1292.6791549274997, 1279.5751814741272, 1267.5165187930108, 1255.9578553772571, 1245.2601782010295, 1234.339617337145, 1223.7823961156726, 1214.9015839749538, 1206.6388765380516, 1198.638323596404, 1189.973423677217, 1181.8340542077872, 1174.0546616146921, 1167.7875297287887, 1161.467957330858, 1154.8429544306646, 1147.4156039396544, 1140.9851440234515, 1134.4024361322413, 1127.5473937792108, 1121.304453805213, 1114.9590376995084, 1108.5396561445564, 1101.6805471388202, 1096.2274831709947, 1091.057819815858, 1086.5547804363714, 1081.8600952350464, 1077.4761441841836, 1073.9103680720264, 1069.0875965940145, 1064.0352739939551, 1060.1987087936116, 1055.5047687314986, 1054.2007999780021, 1047.8174379498641, 1051.5030832743719, 1045.3248238316646, 1040.815876211926, 1040.2336471018818, 1033.3854002635353, 1033.5317220083027, 1029.3442327991313, 1027.8280222304566, 1024.5558272251315, 1021.354987774518, 1020.136076823789, 1015.6433614498343, 1016.7858778617019, 1011.2224723826721, 1021.373792400462, 1022.0592475889747, 1007.3336839657813, 1014.9999069465657, 1017.1948346604555, 1008.6263848564533, 1005.4416472719093, 1009.2068372190373, 1006.0671436557757, 999.0741704182229, 1004.1295028208049, 995.3468611698682, 1005.3589968781023, 1006.8942772646451, 993.2337784623702, 998.7183344954242, 999.4576650053751, 992.709131994972, 991.2344607418357, 992.5819518152746, 983.4155044956648, 976.8672531380063, 963.262858037646, 950.261573049023, 937.0550695894926, 927.3297083178314, 921.915649079107, 915.3414074078005, 910.7413682084893]",0.03,80.0,10.0,False,0.0,0.6378600823045268,0.050919067215363434
methodological_closure_v1,D,NSW,nsw13,db,0,155,702,1.0,po_random_5fold,random_50k,full_background_50k,ipp,primary,50000,,,standard_kan_ipp,True,537.2036889260053,964.4155075696242,,0.7571048744460858,0.1349565330340465,0.6047623851339523,0.188773594578753,,,,,,False,,,422.7133363409608,26.31331705939473,"[1677.1572505358893, 1656.6446185944565, 1629.4800252163361, 1600.8315582042821, 1571.0326913957676, 1542.160979833027, 1512.8162933186197, 1483.213237416939, 1455.3563210956422, 1429.3277766915962, 1405.088959887919, 1382.410869304137, 1362.097782388323, 1345.066804897784, 1329.1533630474883, 1313.2437514402914, 1298.338564074699, 1284.9807581861483, 1272.1925949646654, 1260.7734382025103, 1250.0691320119583, 1239.6883590903535, 1231.5052430224707, 1223.7322326314124, 1216.9595352993038, 1209.8479667997171, 1202.8531646365523, 1195.9121330980536, 1188.9935635218628, 1181.2308381146702, 1174.252165949615, 1167.0795875252638, 1159.658673983316, 1153.0270491582926, 1147.452893567869, 1141.3519461085157, 1136.0808589109017, 1131.226329689792, 1126.1835083718106, 1121.085305753311, 1115.7882385952173, 1111.17371075861, 1106.9634767270622, 1103.4259801759663, 1098.1258872098708, 1093.574278170045, 1090.3362541023707, 1086.0673583281352, 1083.083124751031, 1079.2833749214697, 1076.0503271991263, 1072.9879221586748, 1070.1431137196785, 1068.475548324667, 1065.8963075256386, 1064.2262904071747, 1060.2611801982246, 1059.3043447948878, 1056.6412132574196, 1054.6296615388974, 1052.620295763281, 1051.8372620537955, 1049.5365411184137, 1047.7227509077509, 1045.8413738030958, 1044.948285414415, 1042.3307955453079, 1041.9065211727752, 1039.1990035131644, 1038.226039782335, 1035.262368776098, 1035.6418104840186, 1031.7680349319357, 1033.1686083201569, 1029.0115160046762, 1029.0637549942305, 1025.5166111542305, 1026.5947035987078, 1023.0403936521254, 1024.9234126056922, 1020.5905949096806, 1018.2622489397495, 1008.2187607766309, 998.7444853317405, 992.6976000623108, 987.6583858052878, 980.585669974608, 973.0958099050591, 968.8150950507571, 964.4155075696242]",0.03,80.0,10.0,False,0.0,0.7725849335302807,-0.01548005908419492
methodological_closure_v1,D,NSW,nsw14,db,0,315,702,0.01,po_random_5fold,random_50k,full_background_50k,ipp,primary,50000,,,standard_kan_ipp,True,543.6720931200034,2559.969289487086,,0.6389593690083927,0.288500120343662,0.2940439166520336,0.1899149594090935,,,,,,False,,,391.1108992958905,25.481403033750063,"[3408.81361560854, 3369.588721340253, 3311.5648915421084, 3261.250211904781, 3219.8799830960256, 3177.0980847818464, 3134.546747794552, 3095.181453835872, 3060.326589379468, 3030.672629201423, 3004.041746847432, 2979.7436845752454, 2957.718816481815, 2938.326040943833, 2919.9456431783533, 2902.5021354314904, 2886.858528759173, 2874.215138623801, 2863.5867166321245, 2854.4006647914885, 2845.8908518866374, 2837.9550478743076, 2830.3422457966185, 2823.3154504756567, 2815.629946781937, 2808.3065308467617, 2801.2747155222723, 2794.977527864306, 2789.0216776626157, 2784.211056681533, 2778.9767450560744, 2773.6294690574796, 2767.962890180229, 2762.025233322753, 2756.399723111883, 2750.7596035158117, 2745.475409521862, 2739.652594788528, 2733.720874177255, 2727.988728261034, 2723.64635264303, 2718.6612041338453, 2714.7677773296296, 2711.0540750320097, 2706.1327113033885, 2703.3403200368275, 2699.000467004652, 2696.026575636394, 2691.5496841028043, 2689.4679076412526, 2684.7519366148877, 2684.890322821934, 2679.3924493090617, 2678.5349765268206, 2676.842205791326, 2670.8804998679548, 2672.1085861895494, 2668.081265369002, 2666.318895632311, 2666.4373412467153, 2659.696515643503, 2667.707277870798, 2664.3685618684012, 2658.8963337608075, 2657.813493684491, 2658.206706556075, 2653.672371185887, 2655.588590536062, 2654.010152050665, 2647.4442525181444, 2646.2207475652563, 2646.8425161509354, 2643.724458452756, 2646.6046997268254, 2645.3466149001697, 2643.0257490238187, 2641.5776651410138, 2641.734392350451, 2638.569614723552, 2639.0184896137785, 2637.2442367057597, 2630.1059967994497, 2620.533773721075, 2610.5251291738514, 2603.9861469251864, 2596.3654547310284, 2587.2208353203687, 2575.5575738397415, 2567.5664370046534, 2559.969289487086]",0.03,80.0,10.0,False,0.0,0.657478100136623,-0.018518731128230326
methodological_closure_v1,D,NSW,nsw15,db,0,236,702,0.01,po_random_5fold,random_50k,full_background_50k,ipp,primary,50000,,,standard_kan_ipp,True,534.8902798880008,1751.9433510141744,,0.732114523217771,0.3293094561254378,0.4894524851665787,0.3016665911917671,,,,,,False,,,192.0917027865193,25.904897913850263,"[2555.417224542961, 2532.59359537425, 2488.4756979037106, 2451.714782285238, 2412.060413223761, 2374.352602103507, 2335.914059612296, 2297.489412474347, 2261.7211590606485, 2230.0705570844166, 2202.4524088527405, 2180.853801414117, 2163.9825348542886, 2148.194002685041, 2133.033387846794, 2118.4347614782077, 2104.395471427309, 2091.9604712716773, 2081.368534564377, 2070.83365267828, 2060.5578064191386, 2051.660735434394, 2043.0923069625305, 2034.0962712183436, 2025.357866763745, 2017.5678524240834, 2011.7426625027747, 2006.8026234945894, 2001.1700966043093, 1994.833033195195, 1988.058154888466, 1981.9354623923032, 1976.834685802531, 1972.4898827024049, 1968.124169282596, 1963.7513507335611, 1958.2244519620995, 1952.471218614017, 1948.0603657687914, 1944.2656413000618, 1940.3221432271514, 1937.4801077847198, 1933.7131557637908, 1929.897016652364, 1925.25198668219, 1921.8951201331229, 1917.3457635271568, 1913.1472438440985, 1908.912751018673, 1905.995905087413, 1901.4843290549802, 1898.2627595674187, 1894.8397702894881, 1890.9085571165394, 1888.292981918134, 1884.4410646931226, 1881.2687494753472, 1877.5185642054553, 1874.258558762262, 1870.0888990590995, 1866.7676057233534, 1863.3478540117403, 1859.2940447288377, 1857.8007047468745, 1853.015075476087, 1851.259840530127, 1847.267449562386, 1846.2578216762786, 1841.222021460258, 1846.849927168223, 1843.3587979461195, 1837.458622132275, 1840.1097912763369, 1834.221653081064, 1840.0718131215574, 1841.299383451816, 1831.2498701097427, 1834.3054662246843, 1832.9357466068243, 1826.8949705818807, 1828.217191164363, 1822.181491254412, 1816.416830651222, 1807.1304340892848, 1797.1050437194285, 1789.9871265634154, 1782.2332475687144, 1772.7701796232145, 1759.8444549665294, 1751.9433510141744]",0.03,80.0,10.0,False,0.0,0.7884493870845445,-0.056334863866773444
methodological_closure_v1,D,NSW,nsw16,nb,0,120,1137,1.0,po_random_5fold,random_50k,full_background_50k,ipp,primary,50000,,,standard_kan_ipp,True,540.0228898810019,756.9755407110787,,0.5628737459723375,0.1580479437638771,0.168747484026391,0.0722964547783734,,,,,,False,,,230.1703343401504,26.635825443439057,"[1299.207366650759, 1295.5351068749671, 1282.1801378154662, 1268.0798210888581, 1253.6552653696701, 1236.9236079579316, 1219.040643723439, 1201.0958840839978, 1184.5363517733356, 1169.7547173197413, 1156.748328019233, 1145.5828738231014, 1136.427511153825, 1129.1221742744983, 1121.9786770105663, 1114.3321496165613, 1106.9317528705635, 1100.1116175143122, 1093.9386242373528, 1087.7792946142226, 1081.7087147565446, 1075.254074852093, 1068.5172391932074, 1061.422509971586, 1054.5748736960902, 1047.8770506690432, 1040.8138077159745, 1033.4278814684324, 1026.5079276796378, 1020.1258637882314, 1013.6576019307912, 1007.1182609875345, 1000.9744122581337, 995.577662208873, 989.8955931410685, 983.7675784730772, 977.1931698124909, 970.7672079852871, 964.5120639729653, 957.9171085111025, 951.5386376853745, 945.4166759640384, 938.9027248052366, 933.7093616898151, 928.9051099666824, 924.0008018071171, 918.7004440566983, 913.8398413244466, 909.0408473278543, 904.2308084522394, 901.4078989672886, 896.8689609974272, 892.8021551101575, 890.9825104222441, 886.0789555553225, 884.8651908678046, 880.6320529245392, 879.5900120472145, 874.6963608214436, 876.4184184752116, 873.7645571216145, 868.5165257614688, 867.0871262038074, 863.1433519036049, 862.1996239807783, 858.6897859679477, 856.7507573983331, 853.5695867633304, 850.454209417796, 850.6452407477186, 846.6691981214725, 846.582905925398, 842.6805647324189, 845.7556711709682, 841.6535669338085, 839.5439757508906, 838.9025211586626, 832.9374201034251, 837.1764232251052, 830.8180856738318, 842.1686118832096, 825.629742662573, 820.3007683299293, 809.2102275857336, 796.1100723003992, 785.3728881128275, 775.592910611866, 766.8688008474799, 762.6373568525227, 756.9755407110787]",0.03,80.0,10.0,False,0.0,0.6365465520395097,-0.07367280606717219
methodological_closure_v1,D,NSW,nsw17,nb,0,148,1137,0.1,po_random_5fold,random_50k,full_background_50k,ipp,primary,50000,,,standard_kan_ipp,True,540.5445171550018,1056.307058990876,,0.506330285681734,0.1230091100696441,0.0002174015747921,0.0029940142493586,,,,,,False,,,364.1833772098138,25.67550823887308,"[1602.4341665360398, 1598.5223359187055, 1583.3306000809034, 1567.58106207148, 1551.259537995054, 1533.6223140303323, 1515.7552128174527, 1499.0487571563506, 1483.5379087925446, 1469.639894752101, 1457.3410746182597, 1446.3855995807953, 1436.8448687684804, 1428.6569237155823, 1421.9486290651816, 1415.266255854494, 1407.640099325453, 1400.538634169098, 1394.941653161348, 1389.228148185055, 1382.8496352906072, 1376.1942336701097, 1368.859848910102, 1361.6433927686119, 1354.8898272323413, 1347.8141856163372, 1340.9909581724223, 1334.2129625276411, 1327.662701483015, 1320.9955759989227, 1314.0775561848416, 1307.0213536935182, 1299.9417919592993, 1293.2137108670283, 1286.3637024167863, 1279.7925437509425, 1274.2501908240777, 1269.0304439877953, 1264.021746008773, 1258.4130001217015, 1253.3952315087001, 1248.8848523351483, 1244.155673947159, 1239.214040462543, 1234.6893014185841, 1230.518501924776, 1226.8154341885881, 1223.3428530426795, 1220.233647550209, 1216.0882751890897, 1211.7023544052233, 1207.79801218181, 1202.734300042215, 1198.004429417082, 1195.7414023313481, 1190.8858744407637, 1193.4454372983448, 1189.4457711764421, 1185.2429014242036, 1185.467999253568, 1181.0508431596645, 1177.0443761879474, 1177.9964400125732, 1173.4961917425105, 1169.8430337856023, 1166.814999519691, 1165.0489557872559, 1162.1960599578176, 1160.263379816498, 1157.8623653619159, 1155.6747107075173, 1153.378903274179, 1152.4102327594476, 1149.5094625716147, 1149.1421247947555, 1146.386596232694, 1145.1305481205436, 1142.2660593114338, 1142.6044977026702, 1140.1007238020904, 1139.0244631578848, 1134.1883760185642, 1124.7471272112427, 1112.4998675537238, 1103.5953395194251, 1093.4710017331977, 1084.482240315575, 1073.208499745052, 1064.3181258150892, 1056.307058990876]",0.03,80.0,10.0,False,0.0,0.5078185080748525,-0.0014882223931185212
methodological_closure_v1,D,NSW,nsw18,ot,2000,69,2075,0.1,po_random_5fold,random_50k,full_background_50k,ipp,R2,50000,,,standard_kan_ipp,True,1163.166725135001,339.8169289383599,,0.5308173477898248,0.2560998184828079,0.0781393935696155,0.0510118803194695,,,,,,True,,,127.59998699327718,27.04713647016651,"[747.0115044679058, 746.3911378682138, 745.7693569172287, 745.0998962712865, 744.3571461634439, 742.6310538020672, 741.6611782829156, 740.633120529676, 739.550325713244, 738.4111025005354, 735.9407685528766, 734.6050089100877, 733.2123878922838, 731.7776532651313, 730.3142414975872, 727.339794814711, 725.8408683618957, 724.3332073200958, 722.8083003353036, 721.2580940630714, 718.100881856434, 716.52600067492, 714.9661743701992, 713.4104375050999, 711.8411171743855, 708.6513443511313, 707.0562409092539, 705.4728686430999, 703.8952262366626, 702.3140205774049, 699.1410978188818, 697.5584491153605, 695.9782928876838, 694.3982842184989, 692.8182464590418, 689.6513851352241, 688.0607019833858, 686.4698632362008, 684.8813515715246, 683.2897930602901, 680.082796482841, 678.4705817363387, 676.84633311547, 675.2023002668639, 673.5375118495253, 670.1435408578857, 668.4100317888052, 666.6514708279823, 664.8667469861883, 663.0567285922083, 659.3616601324723, 657.4713135250369, 655.5526950553887, 653.6053799392425, 651.6290885421037, 647.6028234236303, 645.5563795091792, 643.4880128826586, 641.396556402238, 639.2823359980417, 634.9835743095641, 632.8017854674438, 630.6018364910738, 628.384930107931, 626.1534625302533, 621.6547067620189, 619.38980925617, 617.1152723400681, 614.8311784778573, 612.5380785079302, 607.9295862920685, 605.6151580029093, 603.2939341435613, 600.965764937947, 598.6312872309786, 593.9536072921898, 591.6179374204645, 589.2887699656875, 586.968786879739, 584.6600375370238, 580.0811916490061, 577.8118895289008, 575.5557438008594, 573.3117782712267, 571.0792530638405, 566.6463157985721, 564.4447725286949, 562.2528924398447, 560.0708943252201, 557.8991123208024, 553.5890047409359, 551.4513063831174, 549.3243274783925, 547.2064916487001, 545.0959218498564, 540.8901031014241, 538.792322008288, 536.6966857469804, 534.6024167836396, 532.5089074658653, 528.3480205180232, 526.3217701336669, 524.2515441737517, 522.1860490193084, 520.1982710239134, 516.2082749052065, 514.2576931615795, 512.3387612713798, 510.3917705082456, 508.484673700331, 504.7439032911763, 502.88058202633806, 501.0537968831994, 499.2390790324632, 497.41836024401294, 493.88611134284764, 492.1309476442518, 490.40984396568587, 488.71122437328444, 487.006675441996, 483.69602656081645, 482.0709222548006, 480.40162085830616, 478.77420161535616, 477.17768876210994, 473.9818031416288, 472.391107765381, 470.8117673580076, 469.23904246068184, 467.6928928335477, 464.59691723149405, 463.06062356522534, 461.53917083340843, 460.03337895651066, 458.5781096759856, 455.64838901845144, 454.27440862010764, 452.8955495799886, 451.54798951791133, 450.2766868411139, 447.69588142990557, 446.45384900788207, 445.31530433631065, 444.07645782359896, 442.87478900729775, 440.6726690800569, 439.50041149702344, 438.40166353858245, 437.35497242354967, 436.29385944687544, 434.20527398316034, 433.23708753403923, 432.1704903431343, 431.2606425412206, 430.26092955604287, 428.38572088034425, 427.42649637085225, 426.49539977885854, 425.64153691042515, 424.75336675277316, 422.9824962374349, 422.16290906142837, 421.2504581436249, 420.4765725198387, 419.6642381853866, 417.99832162566406, 417.2588643885158, 416.3974855252757, 415.7191104232685, 414.8651037021889, 413.530726736855, 412.6286501022774, 412.1303744157825, 411.1705081437408, 410.60355700016146, 409.0502331363623, 408.5307418651826, 407.69345802809676, 407.0911592624718, 406.53366748786516, 405.30685016053405, 404.55465698869517, 404.00321103123537, 403.4788128598631, 402.8050529870855, 401.863404296155, 401.145648742217, 400.9776258516697, 400.14710960608636, 396.8114836240612, 380.2479902943662, 374.82226804387864, 370.1696456834884, 365.8447705851876, 359.2104437228185, 352.17490265049395, 349.1054001349752, 346.03005839290233, 344.12832917463686, 339.8169289383599]",0.005,225.0,15.0,True,,0.7380191826522102,-0.20720183486238541
methodological_closure_v1,D,NSW,nsw19,ot,0,47,2075,1.0,po_random_5fold,random_50k,full_background_50k,ipp,primary,50000,,,standard_kan_ipp,True,760.0010892450009,218.5513521392265,,0.7503523608174771,0.022208963256815,0.5245866049588254,0.0703867107214233,,,,,,False,,,518.9953292091145,28.056930253204104,"[508.2843480171373, 502.3753054658714, 493.96331386038423, 486.1902596052045, 477.72706208535055, 468.8707087792374, 460.3458384646773, 451.9179592427546, 444.6992339614797, 439.08947506809733, 435.01318564441715, 431.73905221884604, 428.92557376083977, 426.10935174734595, 422.88190690154653, 419.8745504895949, 416.80295424890596, 413.698896155926, 410.62153102884844, 407.51761211191626, 404.553657937975, 401.8746171027499, 399.18857050824704, 396.68596889024445, 394.1139429751485, 391.3934871340485, 388.03208472460165, 384.19899654406055, 380.1593425689864, 376.0264575572699, 372.3607186796326, 368.8413176000553, 365.4661141631045, 362.32919685806297, 359.32319528029836, 356.37373434322177, 353.3305188503853, 350.28375458089835, 347.46388396826035, 344.8088594080841, 342.01873037777983, 339.3331184779003, 337.1169283871482, 334.60058798862156, 332.310485491203, 330.2094290791912, 327.459714909626, 324.99752861485064, 322.6052834007136, 320.47006801220715, 317.5551865409501, 316.1526215880855, 312.61040989202075, 312.50121001283503, 308.1517157033001, 309.9388798746188, 309.67388915797324, 302.3846841370638, 308.52407170123274, 312.6667429618356, 303.17434527092473, 298.446930769958, 303.23305534686153, 302.0905404974201, 293.8686211475109, 300.4736379713309, 305.8780376964843, 298.37736510574183, 290.1451837346192, 293.77805783891256, 298.60756203002455, 290.71145287794644, 287.13745394007924, 289.735023584478, 289.9344240989264, 282.95535545564854, 290.63772152539883, 296.52636524765, 292.36696270212747, 284.8432656803591, 280.90257008414534, 287.68610468721585, 285.4421361003088, 278.6960612872161, 279.46130882111316, 280.528276455911, 277.98316013033707, 276.1173823568516, 278.11660992122796, 275.8988859784713, 274.0002199941058, 277.03343891156163, 275.80769074646554, 274.98584420234096, 272.55006371254484, 279.16980583783436, 277.12014572035133, 271.4991604018288, 272.6611560206508, 271.5922662182731, 270.54832114977205, 271.06924909001003, 269.5448590387251, 272.33010538860333, 270.4946381534621, 269.9571874466821, 270.56591825321414, 267.841898546623, 268.0668362593883, 266.85432624614265, 266.4341188517823, 267.17390437873775, 265.8719042645519, 269.9805494180014, 269.3954726275689, 264.5725028265744, 267.3240240285365, 262.0832367453913, 264.48366683231103, 261.17183570026305, 268.7082069069638, 267.7965925529094, 263.3281286523182, 263.56288566469107, 261.0714158570842, 262.46343018413046, 259.3940416231137, 263.1559990286547, 258.0984702627238, 270.9034537950428, 274.5735837323625, 260.14130030511313, 272.03572178769053, 279.740946744167, 266.32780940143897, 265.92865262183847, 266.3610660987756, 258.54839794422094, 265.10798635155214, 261.12385803163653, 263.8052192387652, 262.22141931206255, 256.29209656969664, 259.142580370303, 255.4422297189451, 261.84902187275185, 261.6108226281149, 256.95678671277057, 256.67967067869836, 258.30464050878123, 256.85996314160565, 250.5136101118873, 248.42215802827323, 243.0978256897155, 239.0819527405624, 234.20035622808047, 229.87116146906305, 226.06191568908986, 222.04322124331227, 218.55135213922654]",0.03,150.0,10.0,False,0.0,0.9574964763918252,-0.2071441155743481
methodological_closure_v1,D,NSW,nsw20,ot,0,18,2075,0.01,frozen_n_po_lt_30,random_50k,full_background_50k,ipp,primary,50000,,,standard_kan_ipp,True,1153.1920262679996,52.08053099218053,,0.8494814736227887,0.095283293421546,0.7413631806238821,0.1668533053140696,,,,,,False,,,84.47959127930736,27.182269301922005,"[195.01939078244018, 194.12952759293182, 191.7653339937643, 189.20333864030195, 185.96888349517187, 177.8863789984247, 173.08013029652136, 167.574837801935, 161.922043874079, 156.75865614504573, 147.33427107097415, 143.19673922771244, 139.12065439910342, 135.19377229387166, 131.90837667570145, 125.96775208846921, 122.90377541742787, 119.60776894591626, 116.33969535030504, 112.9439499327545, 105.99096762367022, 102.4472671342051, 98.7788641557589, 95.1773224039501, 91.5600801020272, 84.83994362366332, 81.65372015302458, 78.25286750243458, 75.36441148245963, 72.91071353832687, 69.25052872736026, 67.61848180656696, 66.59405870647475, 65.44539033603387, 64.71375922354291, 63.15068282091428, 62.48006925251753, 61.89307452149046, 61.08792958728674, 61.164895042958634, 60.03485609906159, 59.49556397739807, 59.38004342945777, 58.50656750038707, 59.319246857193384, 58.77796287845246, 58.64648068850849, 57.8543738608407, 58.599237485126345, 58.205708026248764, 57.79252575662745, 58.47864568655316, 57.49927129893066, 57.857182099871586, 57.99173965997076, 56.89196987940101, 56.88578144206105, 56.37234315713641, 56.58888833941901, 57.24397404174435, 56.49379141472582, 56.17419152498955, 56.979445837524366, 56.03232645531696, 56.82435152290209, 56.88326520507377, 56.840688661585624, 56.20027860301073, 55.992756438514455, 56.463337658045184, 56.61264976245154, 55.9798563519274, 56.3731733055851, 56.10615045638408, 55.65649166100365, 55.514630035251244, 55.17604470441261, 55.682803543653044, 54.97321561633899, 56.66865850157109, 55.580096326875456, 56.920072712401826, 55.9068531919483, 56.222479279779336, 55.70777218147757, 56.31452970451358, 55.69413742409878, 55.53855268792408, 55.413341551166624, 54.88806500760082, 55.25757438043867, 54.67635455858324, 54.59498687424502, 54.301161764316035, 54.88693572007274, 54.59047551471368, 54.40472506002536, 54.67020574331237, 54.643611341838, 53.94192870873938, 54.00920788823492, 54.06337088426181, 54.33973960876645, 53.71839951291364, 54.081160565792466, 54.45291006201384, 53.5828226427268, 55.35454324584514, 54.98592534910536, 54.69628839659102, 54.81438939949402, 53.90983536736536, 54.061141229583825, 54.15516297060489, 53.71102878102365, 53.69733274286682, 54.26679567655249, 53.52008329405764, 53.89328497062982, 53.35400614112773, 54.02948493422256, 54.776108410606696, 54.39368967684997, 54.04423209836, 53.76971510541094, 53.73286693028202, 54.13852915532066, 54.046490598750324, 54.381823379120085, 53.602249407636556, 54.49568097410075, 55.02232461169402, 54.68075738072803, 54.30903698688921, 54.32827107396032, 53.3629727781212, 54.55084040979761, 53.58302963959885, 55.15531592291107, 56.019044992817186, 53.540722172292206, 54.36875280679088, 53.76671806640173, 54.54651694039999, 54.20078844984336, 53.65482308228384, 53.36887150982664, 53.791112439578676, 53.198483995003265, 53.088591827151454, 53.3416160286731, 53.08432898151696, 54.005933495470785, 53.186786263393515, 54.50496211595254, 53.933399390647644, 53.95796744025777, 54.28277579099317, 53.72961423562095, 54.05038134681297, 53.0209649685458, 53.36431050239509, 53.0192102610229, 53.272091211447524, 53.2117490712474, 53.04226599438824, 53.52983763771093, 53.38735830414656, 53.08535675254893, 53.061573071286276, 53.27663380402816, 53.16754370859675, 52.95838111963459, 53.34290120883835, 53.02308497790366, 53.23258072490773, 52.812815683624706, 53.08295018422735, 53.10366266411939, 52.76430704961934, 53.6891827221216, 53.439509706365556, 52.84937613474667, 54.750834315911675, 54.9060058766138, 53.351490150739, 52.76919481977867, 53.89552483796719, 53.249850319907836, 52.42188275999899, 52.27542279149274, 52.20500421980081, 52.16069488107798, 52.13720721722425, 52.11720143271686, 52.09353994964114, 52.09063768009474, 52.08733948171988, 52.08616870039547, 52.08053099218053]",0.03,225.0,15.0,False,0.0,0.8021908070975784,0.0472906665252103
methodological_closure_v1,D,NSW,nsw21,ot,1000,37,2075,0.0001,po_random_5fold,random_50k,full_background_50k,ipp,R1,50000,,,standard_kan_ipp,True,1173.773745350998,134.94408463925453,,0.6947038845255784,0.0682527561180979,0.4905360551867419,0.1228966056683106,,,,,,False,,,109.57828247497486,28.049588309759034,"[400.56204879235463, 399.5877035209748, 398.7103609254886, 397.67177299836754, 396.440908402645, 393.5905563624046, 392.08580644020344, 390.52253851611033, 388.86923452815086, 387.08038232865573, 383.09390570326354, 380.99094281932736, 378.84748504461817, 376.6380647984586, 374.3509261340731, 369.7537954005995, 367.5522225984497, 365.3834126333066, 363.2122757314841, 361.0352586012193, 356.6627902367717, 354.4763044821328, 352.3227759629774, 350.20995214620706, 348.0812824654896, 343.4969363241328, 341.0591591624544, 338.6219249200868, 336.2419365041282, 333.9072798498427, 329.23337777733025, 326.9116276242942, 324.6703465614272, 322.49556541148485, 320.2923174198594, 315.8697480483287, 313.69405460645373, 311.4941395398275, 309.2421386613357, 306.962948642869, 302.3981321784764, 300.0245628638925, 297.5916149915434, 295.09071666028143, 292.50324483097614, 287.14478407829233, 284.4035096693087, 281.5965595584704, 278.75694741022403, 275.89015975800294, 270.09369423300234, 267.22551583152455, 264.37169752532236, 261.54102801335534, 258.7390499934416, 253.1458532610232, 250.37464189300584, 247.6048737398854, 244.86223752947367, 242.13867396961564, 236.7549717480716, 234.10920670545596, 231.55268591440668, 229.0551061675912, 226.54706812871976, 221.79130868526195, 219.29059662966867, 216.86861678370954, 214.53009798726586, 212.15044058069427, 207.66831108623614, 205.6638855355616, 203.63103106185935, 201.78751298556253, 200.02586626000627, 196.6708507994347, 194.92784021074326, 193.26653297772307, 191.6443985141288, 190.03298952611362, 187.07308583315339, 185.61370609315497, 184.32412647358925, 183.19237838105312, 181.91238037459502, 179.83449321521167, 178.65084882788733, 177.65035168716844, 176.80039729368204, 175.6819431126548, 173.90106587645255, 173.44185652293208, 172.29010735561542, 172.19723747961677, 171.24331837336834, 169.95945470607046, 169.15558298561896, 168.4440495686966, 167.80662778539778, 167.04560415363227, 166.25040208746768, 165.29032424124262, 165.2842693111275, 164.4711769917381, 164.66698573024172, 163.6988441155594, 163.01799468768905, 162.57310984207825, 162.16216733383368, 162.4964530830403, 161.15402042108587, 160.9660968020095, 160.86991043201388, 160.44838898262483, 160.7338298320428, 159.51224940409142, 159.30071433940074, 159.84020695924175, 159.3792384056283, 159.0293097369197, 158.56222185934027, 158.17383563477813, 158.7170849688159, 158.44108043703716, 157.67429314078763, 158.18841890272793, 157.95211402422427, 156.9846703047923, 156.87444270908114, 157.06774625563455, 156.88806247056442, 156.7114283394415, 156.12906593971465, 155.88694112229223, 156.53327644068597, 155.5798434154226, 155.41370417527784, 155.72557003467938, 155.41854014466062, 155.29320401109385, 154.85079330211897, 154.64418939775413, 155.0779249211541, 154.83359882709328, 154.34092773127378, 154.4209327365324, 154.19057852331983, 153.95634695009815, 153.80918480127733, 153.76069909881016, 153.58010206205574, 153.38486268866774, 153.2858901325689, 153.12387904488963, 153.07307602793406, 152.9189820727919, 152.74609153191017, 152.5673428377255, 152.39102378743715, 152.46193950602625, 152.18414843265728, 151.99902865771733, 152.02113058104652, 151.83439396350383, 151.77361441572413, 151.62954982951447, 151.45988600575555, 151.34121817146476, 151.15934730872223, 151.22150233065003, 150.99245555394322, 150.76978256793097, 150.8460999297703, 150.67131436743387, 150.5759605756032, 150.478062291124, 150.25135320850944, 150.2843268514592, 150.03233383364105, 150.1339100068149, 149.86405820656685, 149.6524365194206, 149.79361071835558, 149.53629780107534, 149.63869387218003, 149.45150128538234, 149.27822510026033, 149.1938131134151, 148.96865846965832, 148.5399419964426, 143.188725464281, 141.19788301504042, 139.35764637121773, 138.6127400933602, 137.9607903480196, 136.8264407311363, 136.46188770141381, 136.08143409651643, 135.55843142400147, 134.94408463925453]",0.01,225.0,15.0,False,1.0,0.8817837684851058,-0.18707988395952735
methodological_closure_v1,D,NSW,nsw22,ot,0,17,2075,0.01,frozen_n_po_lt_30,random_50k,full_background_50k,ipp,primary,50000,,,standard_kan_ipp,True,1133.0830551020044,48.91399016164154,,0.9123300970873786,0.1206759033363698,0.7970541370685115,0.1729162978403131,,,,,,False,,,18.091295849985183,27.241429526841145,"[183.63967189142653, 180.9727227273133, 177.28971780309135, 173.8832196234901, 170.06796410412238, 162.4863521893782, 158.70950987603715, 155.00850127813007, 151.54824148569497, 148.25564475880205, 142.28572684456174, 139.52563228728872, 136.78326899196506, 134.07908476833893, 131.16975207959808, 124.69090679266519, 121.25929528379936, 117.80413933509472, 114.38657415786905, 110.95790833458356, 104.27411412301804, 101.07404356640093, 97.68864452787909, 94.32424429045442, 91.13524313355657, 85.05054670556743, 82.23778383743769, 79.56879067727418, 77.40922617356131, 75.07783500594357, 71.60064390624436, 69.59706754286924, 68.29676109816783, 66.14946391313426, 65.71685435685397, 63.38088401679826, 62.550703571739774, 60.469541448427975, 60.25328681983539, 58.886167801311615, 58.946410880198165, 57.943016553895454, 58.07233060156003, 57.0109616152654, 56.27685208935562, 55.34247100261698, 57.48819638610929, 57.40623068639748, 57.25709709057623, 55.91466267054376, 56.02178180636632, 54.55144583987352, 54.52016080333369, 54.07612819116257, 55.273817157056314, 55.22855111288586, 55.97186812605645, 53.20080719191698, 55.12427825207053, 54.80241823287699, 53.62912426420436, 53.069717375759375, 52.74819966740495, 52.95177111227661, 52.97204829651731, 52.75883239140717, 52.0597933089307, 52.581112079628255, 52.78610055009978, 51.62364803740154, 51.7127547815018, 52.58664632191492, 52.03298785947019, 52.642862825478566, 51.772509316582315, 51.367683937162724, 51.422225976492925, 51.15522055831111, 51.09056789221679, 51.02092167442446, 50.58672707633248, 51.34867937219629, 50.63151975978545, 51.4572570532132, 51.28244243412943, 51.11701754418095, 51.07530427319868, 50.8905205459402, 51.06301155360142, 50.49648751334856, 51.512362065380145, 52.338209419553785, 52.07143586779469, 50.66336467797042, 51.01775338282043, 50.22560169570247, 52.07440117498674, 50.84802345481926, 53.8248318150553, 54.35375221918975, 57.83536548806439, 60.65316768724678, 54.87877469081014, 53.24206191072503, 53.79465478765065, 52.35834458192402, 51.96283748360809, 51.572793387113684, 51.08587513545454, 51.16168176276226, 51.455534588163964, 52.592750139513264, 51.76620833825405, 51.03435337403053, 51.395896083961425, 50.613750941641584, 50.32913763716402, 51.14520122758358, 50.61610098780687, 52.02594044697261, 50.740793272123746, 51.07035132094588, 50.73864388863083, 50.24868830015657, 50.77267705082606, 51.552554202963286, 51.19880750108972, 51.16504754404032, 50.58789502317511, 50.864282483223725, 50.21803289084901, 50.625544446071544, 50.12339330438857, 50.681760145040734, 50.10324512559086, 51.373837133382025, 50.802592119483705, 50.876287028339156, 49.799027785737756, 51.353299147958865, 50.145979498050465, 50.17405083041656, 50.098950366887166, 49.84449241366716, 50.92273838628212, 50.67665903204078, 50.70575480228604, 50.82938214542551, 50.18847270300679, 50.649060703087095, 51.16578556463694, 50.793082997562486, 50.657336723269005, 50.76483467349963, 50.85097450390765, 50.45310747334465, 50.08564128482959, 50.67792725359636, 50.359170992688405, 50.124496776156086, 49.86408504888679, 51.78994343196462, 51.89219001632736, 50.31409172416602, 50.48056035284128, 50.52374837112736, 50.202452746406784, 50.11422719928376, 49.95441406332119, 50.187491983091014, 50.04218177157155, 50.19728405648059, 49.682074064048514, 50.22310607753205, 49.93430484817538, 50.30891125235751, 50.043374830434544, 50.26912630524289, 49.79987216924267, 49.764073929212195, 49.96578294403891, 49.83489625434974, 49.72673483371755, 50.003145194752015, 49.93944671509817, 49.63246786390076, 49.792662623895865, 49.49879986520656, 49.54680665349283, 49.26098435903838, 49.092049240350825, 49.04047040527932, 49.00699323702522, 48.9850610020758, 48.96522972704339, 48.93690977046615, 48.9323596857793, 48.92880888236479, 48.92315372589761, 48.91399016164154]",0.03,225.0,15.0,False,0.0,0.8930097087378641,0.01932038834951444
methodological_closure_v1,D,NSW,nsw23,ot,0,60,2075,1.0,po_random_5fold,random_50k,full_background_50k,ipp,primary,50000,,,standard_kan_ipp,True,770.9986364700017,288.10569153570765,,0.5684652560083594,0.2879928683497251,0.1571293525348984,0.1014610523449116,,,,,,False,,,586.9311620063062,27.87373426056645,"[648.3562877366328, 639.9520227742084, 630.8576259547435, 622.8692346790922, 615.8135478184118, 608.4771702779565, 601.9648543790008, 596.0356987761437, 591.2992122991275, 586.7906883729014, 582.609536881098, 578.4584223556765, 574.1874840046121, 569.5093593570848, 564.493115582227, 559.5452671985025, 554.361017939224, 549.0461474147053, 543.7939790615764, 538.8333601970902, 533.8465656444226, 528.8059074672859, 523.4481880712434, 518.030493540204, 512.7656165031483, 507.7040912592922, 502.64074340361327, 497.437476809896, 492.4564292161163, 487.700950022796, 482.69215844590786, 477.5075968464313, 473.0716890046567, 468.36919140626816, 464.0441597322868, 460.4339174999984, 457.28807815309614, 454.6299408435826, 451.16329110840394, 448.3742182696244, 445.53990656998695, 442.55453517002337, 439.55357412908205, 436.05516709676095, 432.9252538145444, 429.953300569517, 426.29352732126955, 424.09388641761905, 419.8624879946852, 418.76788931496895, 413.601941990598, 416.7585658920442, 413.63080367606716, 406.2100914373996, 407.15693494683757, 402.8578829509811, 403.057374410497, 401.75455151341845, 397.03203601718076, 395.45749516805535, 393.7408254259442, 391.2736923680275, 391.75257731122025, 388.3639119408745, 390.6953333024859, 390.2439739947031, 384.8976687432561, 386.6818633023556, 383.2482709289712, 381.2839869235676, 381.6422120729267, 377.28400228487936, 379.5288448929641, 377.7292878440064, 372.99298437507707, 374.4978757669639, 370.85818402802397, 373.0809743170762, 372.81996134790904, 369.0104163610444, 367.03988896291935, 367.6839638801259, 363.0314301643593, 367.5942087807483, 364.40073436112993, 371.1969887089072, 372.13520082076786, 358.9163866517144, 373.467021048917, 377.71427785657124, 361.12696288011864, 370.7219733470551, 381.17071338536505, 366.6162672329967, 362.42945010914156, 365.59418340939766, 362.47070718259874, 360.9993775528467, 357.4125277264805, 356.1854617150841, 357.0401611253068, 349.87281609065906, 362.50483790038913, 363.2207776345491, 351.74465208493524, 355.5995096740973, 355.5401522586137, 348.7399800444879, 350.62502865870835, 349.08355681220223, 346.75241921002447, 346.9758817317363, 346.16303555340517, 344.99196291117573, 346.3678542287396, 341.90015926183514, 353.27901293057374, 353.08546587317574, 349.05260900479453, 345.23555309434283, 347.2070958959115, 347.14956570199837, 340.7638056654114, 345.55043741958247, 343.3095488876697, 342.51730310069706, 340.1658103618916, 346.10304498928093, 343.61103802623325, 337.4576104229625, 340.17916555932925, 335.1750261385192, 343.60945692998735, 340.2705213714343, 342.15521068059746, 340.2185079800673, 338.1607854555459, 337.522877430074, 335.54378161294864, 335.34385995539697, 335.5163352611839, 332.6470969822302, 336.88147915001105, 333.3322570850505, 336.76604063601894, 336.8448821108891, 331.7390099647697, 332.9088614252356, 330.6779951112462, 333.4304922752563, 328.62340480068707, 326.3571069124582, 323.0151654065374, 315.81379989155573, 307.9783709593505, 303.09845905468353, 297.72140755979655, 294.17516227876666, 290.8102530128938, 288.10569153570765]",0.03,150.0,10.0,False,0.0,0.7770657001044932,-0.20860044409613376
methodological_closure_v1,D,NSW,nsw24,ot,0,68,2075,1.0,po_random_5fold,random_50k,full_background_50k,ipp,primary,50000,,,standard_kan_ipp,True,772.9225630660003,370.6895371728298,,0.5077311291472191,0.1011553875069699,0.0702677082160261,0.0086783127248387,,,,,,False,,,948.6298472889188,27.35535720805919,"[735.6493124135676, 730.8752739505611, 723.5479042921557, 717.3084823228486, 711.5972981176417, 705.6287901272746, 700.044977256177, 695.136753965602, 690.391711941925, 686.7007202678559, 683.0872956833907, 679.0674363330239, 674.5659079967198, 669.6089893284866, 664.7148404528062, 659.8479052232749, 655.7167436866179, 651.8630193350148, 648.0373969160721, 643.827797786249, 639.4005825784682, 635.0353141959863, 630.2677146316468, 625.0350874362479, 619.2141924417613, 612.8890887094898, 606.4776354831782, 600.2812199147636, 594.4528017784447, 588.9633072288874, 583.637294676282, 577.9701313167927, 571.9980941961456, 565.869101283395, 560.0433167907778, 554.9458857690034, 549.7322939042284, 544.2152339071554, 538.1374582669547, 532.5701257524004, 527.4182723835202, 522.6911169013334, 518.1704224871795, 513.8301854006368, 509.76072703182285, 505.7644736682127, 502.31035649136277, 498.4618535795758, 495.29732808590694, 492.4246005443909, 489.8538567437533, 487.2557851558403, 484.36543687454673, 482.05298671342007, 478.65791856880395, 476.3929825488275, 474.14681692229635, 472.20336287215673, 470.3058438831588, 468.58452597992596, 467.0887479430327, 465.2422070992819, 463.74693661932344, 462.1890668689007, 461.01818246439336, 459.3447211704321, 457.9894077380425, 456.4966368682671, 455.2472487351306, 453.9424882910096, 452.46975955368805, 451.16076155635096, 450.00554429054523, 449.13098779900827, 447.5834027638912, 446.94983275159325, 445.5535768059157, 444.7679771826282, 443.11208839019855, 443.37340581207536, 440.617184613966, 442.0472617276075, 438.18583943083286, 452.12456630805787, 451.0848736556564, 435.9925476348811, 451.0734649587549, 459.6591106739955, 445.56276881886055, 444.1569224648524, 449.3851176589349, 439.2228797227666, 441.2047326150017, 445.5321193800143, 433.2060385293747, 435.7733086527421, 443.5777226421262, 432.6073641437134, 434.46690211043534, 440.38713997650007, 432.2087669924164, 434.89685745160057, 440.16408073148546, 430.49157057830513, 432.8238038936379, 437.6502793372334, 429.1373750913106, 427.5005701488497, 430.68874375555157, 423.3444940487153, 432.29436372579164, 439.48472729688723, 431.87828338142447, 421.70497443088175, 426.5299022507209, 425.03079614170787, 422.90685621128506, 423.4974644806039, 422.74831429150424, 423.56427034811685, 419.428080368655, 427.3955991076074, 426.2648203597305, 425.0480441156856, 421.869846207579, 425.07124970177375, 423.5971889672271, 417.8439928272101, 418.93614450891215, 416.42946024470143, 416.3474675571798, 417.7762012887027, 413.69673171028757, 416.13442358082136, 415.6373065559949, 413.23807588447073, 418.2051576812131, 416.8516139313231, 415.2040110231113, 414.1068459198639, 413.7090445368839, 411.5259250456548, 413.20186400870443, 411.41581424537947, 416.39595698940036, 413.3429144618835, 413.09242346401584, 415.76548988430324, 407.5374592212123, 423.86885137414987, 425.2406965402456, 404.77945925633196, 403.77487626579284, 397.9564374430177, 390.55634767474976, 384.68102297564104, 379.8282947875558, 376.6619072109078, 373.66077838616235, 370.6895371728298]",0.03,150.0,10.0,False,0.0,0.5854476582438554,-0.07771652909663629
methodological_closure_v1,D,NSW,nsw25,ot,1000,23,2075,0.01,frozen_n_po_lt_30,random_50k,full_background_50k,ipp,R1,50000,,,standard_kan_ipp,True,1746.1242728880025,72.17632735174688,,0.6010806216610005,0.0676878992186754,0.2404029291852174,0.0779110172381166,,,,,,False,,,59.18512466720711,27.29904417181314,"[248.92349728381475, 248.23913036943202, 247.11500913807177, 245.47155499614433, 243.4789944022476, 242.4916367996905, 240.32509548687437, 237.81725764426224, 235.17793056431688, 232.29648635010673, 230.75597835033383, 227.71805349142554, 224.75755687548855, 221.70742266521327, 218.6955080637202, 217.18644360187, 214.0821727968545, 210.92160344754026, 207.69401559906353, 204.5202024741558, 203.00363536201382, 200.04506610313774, 197.0598818792362, 193.98073886348917, 190.77875651435932, 189.11248610111846, 185.57640426923294, 181.6042216260288, 177.4232092239962, 173.38930965345716, 171.3085222243893, 167.15325038826526, 163.11027355061856, 159.03444415633572, 154.80464194288578, 152.68520451156783, 148.5227434576516, 144.61269556982523, 140.9474518291601, 137.407169919849, 135.66211737101023, 132.12104791916462, 128.7013067620744, 125.35454917897768, 122.14507795662976, 120.64873437623467, 117.69702900797556, 114.93363199097824, 112.13378862140078, 109.5294030461689, 108.28805664640944, 105.93129030138397, 103.66903516488483, 101.52646834276177, 99.42324393780855, 98.47329282066008, 96.57256242382343, 94.87406945800548, 93.36080888973841, 91.92169125692983, 91.24282958426676, 89.96115674316862, 88.84649081958035, 87.95448552489843, 87.08647289557429, 86.61421491904771, 85.77035981109174, 85.13867792781723, 84.48236114139729, 83.81693593134115, 83.76003432849689, 83.28291757711943, 83.15533018961887, 82.17017038764747, 82.7536540192661, 81.96592922948845, 81.91668162331244, 81.40159556579302, 81.24539087577207, 81.02343190602622, 80.82044224924957, 80.54062326753602, 80.50223533762467, 80.23325310898275, 80.08253443348744, 80.19236883689277, 79.92485190416579, 79.68383722107157, 79.61263741598137, 79.7258129280956, 79.65462710776427, 79.36816594554273, 79.2641802016484, 79.10966924966472, 78.8488228606544, 79.06842000834152, 78.94423460161067, 78.67065879634492, 78.5775236285619, 78.49810167661587, 78.51564164542054, 78.42377824887501, 78.18526223521299, 78.36639520351041, 78.28824228744678, 78.14238347456461, 78.06127312272999, 78.02732231077358, 78.02472178405338, 78.02418693302668, 77.93367561841059, 77.72521661112953, 77.69106819455699, 77.5387006078476, 77.45253832717204, 77.57997588050652, 77.46484506385775, 77.48247206494621, 77.33796129282636, 77.25958963346639, 77.21059511552819, 77.23991091369055, 77.04364961883743, 77.08433080815173, 76.90655340630293, 76.99447157375185, 76.8723475084294, 76.92939720995602, 76.83271767277915, 76.71691574442279, 76.62149079866685, 76.70287281918219, 76.53012098272053, 76.65646342015519, 76.75748024634426, 76.33454035001425, 77.23173835375046, 76.39467183052864, 76.69421909698043, 77.0231772874926, 76.57490088737127, 76.33895701900917, 76.35210732524526, 76.35923425412297, 76.27380452489552, 76.09164526478105, 76.06564054344437, 76.19519890920627, 76.34403542452263, 76.13122510108548, 76.23597522125453, 76.15314366149298, 76.11336725695999, 76.02477777043075, 75.91380737043255, 75.86587539481735, 75.79733271659174, 75.84737601265084, 75.86398331031376, 75.74219967412678, 75.77333875088404, 75.87710251597943, 75.62054829998753, 75.64606921486181, 75.61168347395663, 75.56847527741009, 75.42640817943516, 75.50483862758385, 75.39961799427634, 75.32635718125864, 75.487732307227, 75.37036178905618, 75.33974828020627, 75.30607204945841, 75.32131983497, 75.23280990192772, 75.16982318810133, 75.13426191353908, 75.07975665423305, 75.07573531093372, 75.10305811814803, 75.079583108666, 75.03002189085824, 75.00038596531873, 74.9488996633728, 74.89315959693403, 74.85725228573672, 74.84023394399412, 74.58858512514274, 73.54824642806011, 72.9181478879012, 72.43752226203578, 72.2728817487981, 72.23726960644282, 72.20643715561789, 72.19993449873498, 72.1900371791375, 72.18396044805294, 72.17910599286805, 72.17632735174688]",0.01,337.0,22.0,False,1.0,0.6480925784592613,-0.04701195679826076
methodological_closure_v1,D,NSW,nsw26,ou,2000,10,1309,0.01,frozen_n_po_lt_30,random_50k,full_background_50k,ipp,R2,50000,,,standard_kan_ipp,True,1665.9208000870058,23.051948785427467,,0.6008338819398727,0.0095860797573814,0.2092382981635249,0.0169372035555181,,,,,,True,,,1.0774030168135351,24.632060640338427,"[108.26297569917884, 108.01037959528864, 107.43422342055914, 106.71027134713658, 105.89428771961342, 105.48400985515897, 104.70733942635964, 103.99835729193745, 103.31548622729163, 102.62141691213243, 102.2663857291209, 101.53802786563281, 100.77304359493111, 99.95324197415239, 99.07522537125993, 98.61767881939464, 97.67355306061465, 96.69926925809328, 95.69436364564854, 94.65664570652112, 94.12910155106117, 93.06514812269724, 91.98781495933697, 90.88994739637654, 89.77423743486607, 89.21362944413616, 88.0924375522621, 86.96619012623239, 85.82957031296921, 84.68807784667031, 84.11704655162066, 82.97710262938678, 81.8378960777701, 80.68971060855581, 79.5198917940488, 78.9250868249097, 77.71639280070615, 76.48955896238215, 75.25932314186689, 74.0384528471639, 73.42730657693657, 72.19667769776589, 70.9579054914037, 69.71922393205655, 68.49090469066246, 67.8825670172149, 66.67728666302467, 65.48573228810052, 64.30478427081624, 63.12733066387694, 62.53733824436543, 61.35286753233141, 60.16339158113247, 58.971088319691795, 57.77814449967707, 57.181777745777666, 55.989346255119024, 54.797291436030044, 53.60535339476838, 52.414491249441824, 51.82023431842805, 50.63634320356835, 49.46213555947918, 48.30104091522808, 47.15668713572002, 46.59219760811467, 45.48193946270459, 44.399669849468125, 43.347540531466095, 42.325895165664555, 41.826123699893685, 40.84768293049325, 39.896079878268466, 38.970086981657204, 38.06982339564744, 37.629873238905496, 36.77229962089446, 35.94694587295908, 35.15631705092836, 34.40293529775165, 34.04331435241683, 33.37197199356064, 32.704205585599986, 32.1073471071669, 31.523458957955423, 31.257743289153154, 30.722936582186787, 30.233383586314908, 29.760259469180937, 29.318859691829044, 29.10869234893268, 28.692120927833127, 28.32262540431788, 27.953451567677337, 27.611835857906478, 27.451383801868733, 27.16473554390807, 26.86629176473799, 26.626727214968735, 26.363269072306917, 26.25779901633203, 26.038910731849604, 25.86201302419221, 25.665967168844148, 25.51144955839511, 25.42276843484386, 25.290292589336588, 25.151039250301995, 25.022210270141922, 24.920876453130845, 24.855746878553177, 24.76845300056396, 24.670983951483677, 24.574597869820256, 24.507983676332145, 24.456456800828427, 24.40295463149833, 24.31593487973223, 24.278031101378737, 24.20441207492068, 24.176942145976586, 24.11391450306917, 24.06191941050257, 24.022600748559693, 23.974730029671285, 24.024684077497064, 24.01519370584852, 23.92787019268578, 23.93123651529278, 23.91495427854833, 23.939267146604372, 23.837663001865074, 23.834495381626418, 23.822266395410093, 23.771900867262342, 23.830927326669524, 23.740547698500148, 23.77927233727489, 23.749971840947453, 23.711961901055755, 23.69476640287822, 23.74102999139602, 23.67656340093158, 23.67708954022099, 23.697198660685206, 23.645414861372938, 23.681018249215228, 23.652441379139777, 23.617530048697898, 23.666664987514377, 23.66020392217608, 23.592007036263908, 23.58767667395751, 23.635868127509944, 23.575944516543956, 23.568480712164597, 23.559649891998728, 23.528810893575677, 23.5303538083663, 23.510080299867134, 23.519087817859912, 23.490297280586013, 23.491468770885152, 23.485248440906684, 23.465898069329935, 23.462933751270693, 23.44977828756608, 23.44120058259572, 23.436612245435626, 23.422848682593404, 23.42161320751844, 23.411475697911065, 23.40436823923303, 23.394506355128335, 23.38442727489572, 23.384032530895638, 23.378122878254658, 23.368493694932408, 23.360462804991386, 23.353019058419157, 23.35509054384402, 23.345602398465097, 23.336802960769848, 23.329941133837906, 23.337745575592685, 23.31878322278668, 23.31602051483383, 23.30871478705147, 23.278310484484177, 23.060558108216533, 23.055043348204478, 23.053551889233397, 23.052626700468156, 23.052379100559126, 23.052170536114854, 23.05211670493811, 23.052071261403754, 23.052024532638722, 23.05198010384426, 23.051948785427467]",0.005,337.0,22.0,False,2.0,0.7949308755760369,-0.19409699363616417
methodological_closure_v1,D,NSW,nsw27,ou,0,23,1309,0.01,frozen_n_po_lt_30,random_50k,full_background_50k,ipp,primary,50000,,,standard_kan_ipp,True,1175.0812044689956,72.31808681165194,,0.501635975863504,0.3426742668500021,0.0116574808646775,-0.0086137464240497,,,,,,False,,,59.706921545439,29.217346315063576,"[248.8806005123181, 245.88073365877466, 241.57903563998713, 237.70950578391438, 233.914481145316, 225.0912418610095, 221.02323867081418, 216.8683164724584, 212.51512866256024, 208.1913954575084, 200.55779720275754, 196.66673536532457, 192.33591950745392, 187.76440595324704, 183.1176404854172, 174.00716658494298, 168.96723191348954, 163.71113456937152, 158.4039545398455, 153.17896388462583, 142.93805559491133, 138.00127079245632, 133.30458834399903, 128.9255234013596, 124.91990065432836, 117.48219972068256, 114.0888198028759, 111.18273629476558, 108.50868389961215, 106.31718733583766, 102.97680356864214, 101.36953137523815, 100.10449648418673, 99.8213632373038, 98.4988393701278, 96.95008124686822, 97.39707241831152, 96.46228531039566, 96.45499674710135, 96.46101876931044, 95.33382745588779, 95.29491857557855, 95.08581976230292, 94.45986269550264, 94.91201014255854, 94.82213349169578, 94.4954065209027, 93.7078828243746, 93.6654983648777, 94.08659348581814, 92.9674547721436, 94.58573891066206, 93.03695099593311, 94.87159001800472, 94.38022588844545, 93.79666547446801, 94.02032036089236, 93.98467146822443, 92.63921763395045, 92.6256121138187, 91.78086153916988, 92.96512819975752, 92.77473212091023, 91.61007535152808, 92.57686484496962, 91.29349166355846, 92.47828838946552, 92.1341765215416, 91.90034449527337, 91.51578815529957, 91.60953125013532, 91.04573544767251, 91.56537817161382, 90.88522630026519, 91.38008456404046, 90.5884475418382, 91.07875346765391, 90.62308310836305, 90.43891015112156, 90.86347136783931, 89.94231075287654, 90.64711781187226, 90.06026151807067, 90.02264004544621, 90.0865785801013, 89.8914991479782, 89.94118359380668, 89.13594001493465, 89.72464129343194, 89.72620423213, 89.38428238420573, 89.69449853985672, 89.0361291982459, 89.30464518218791, 88.92319715893699, 89.37202596090538, 89.45592608811499, 88.9192075772924, 89.08481374514203, 88.78182761761644, 88.33609759745192, 88.56157361040891, 88.62005694267863, 88.29491362981797, 88.00251016170729, 87.82959592824342, 87.49528911395133, 87.94137583495102, 87.42409987513388, 87.42859516912768, 86.95716560699647, 87.45700685897773, 87.23077276596847, 87.44282884092088, 87.01872801312096, 87.34961524941527, 86.56436629456933, 87.12722370826124, 87.22556330286235, 86.63396450539544, 86.31280261893103, 85.70234546277688, 86.25185637207599, 85.69036795949283, 86.27624364744247, 85.669996995635, 85.39098548480457, 85.47270288093523, 85.4322951457683, 85.12327914089171, 84.84510211548604, 84.54511466775305, 84.71592899441917, 84.74729126055409, 84.28750498974223, 84.3651236875925, 83.76254047172526, 83.43487790722413, 83.6008640135799, 83.9620981232897, 83.26590801069129, 83.04991477907224, 82.78411070322933, 83.18093730802545, 82.6140297996877, 82.20470837551346, 81.90836405226808, 82.09274494032401, 81.61898179719164, 81.7233419067725, 81.38588404244604, 80.98825990917875, 80.96134421101333, 80.78717350671528, 80.4304751105075, 79.94735554178595, 81.56622691235451, 80.70473866260733, 80.7923090485911, 80.84197315129873, 79.78078557644497, 79.11321495626896, 79.27879125399896, 79.50987890415422, 79.03073372164592, 78.72948378841613, 78.74249113518768, 78.83170592979035, 78.27911176888136, 78.93778477948668, 78.40699272294455, 77.9651090679963, 78.74686609672378, 77.68441060154194, 78.79568290563415, 78.00099950069418, 77.58992894874677, 78.03706613564422, 77.71009556479649, 77.1950382833934, 77.03526325856306, 77.30919825108526, 77.14921732863942, 76.61381097734075, 77.72110296248239, 78.74171590957211, 78.37199791176178, 76.90005279560579, 76.40036483677663, 75.80304345525187, 74.56269331706021, 73.97967232880977, 73.42215974075768, 73.11483558501686, 72.86491448905058, 72.55396776236736, 72.49220120312289, 72.4264944869251, 72.39596263660415, 72.31808681165194]",0.03,225.0,15.0,False,0.0,0.5411620890553475,-0.039526113191843515
methodological_closure_v1,D,NSW,nsw28,ou,0,53,1309,1.0,po_random_5fold,random_50k,full_background_50k,ipp,primary,50000,,,standard_kan_ipp,True,788.6243798190044,227.30763535302617,,0.5326786974592221,0.4233079469994015,0.0479070813173898,0.0595789209234566,,,,,,False,,,497.1298225737946,27.71249899552565,"[573.8333256490967, 572.0815170218527, 568.3669161341296, 564.859814841586, 560.4977707768687, 555.3120282748812, 549.9666602703907, 544.4994606669504, 539.3745148224561, 534.793484107834, 530.287493224463, 525.8544241633386, 521.6943256346086, 518.3173578103707, 514.7123921569336, 510.2392391950525, 505.21364505824744, 500.1270528900429, 495.03942097964614, 489.7399091199279, 484.27992612911004, 478.98419097857044, 473.9624881033632, 468.74540863538374, 463.1485844504723, 457.34181740603526, 451.4333620610639, 445.37623388605255, 439.4828897537848, 433.7419668266534, 428.06117097724143, 422.38732983687703, 416.65057160146984, 410.6972216503329, 404.5939370021303, 398.70272366885183, 392.9248325690803, 387.41256007140294, 382.59727163384224, 378.0549469722006, 373.9358653102566, 369.7120453828948, 364.9943025779189, 360.50557477480834, 356.5813456737575, 352.7037350430511, 349.5289614156667, 346.33220427483434, 343.21489229161295, 340.2889281915832, 336.5374541630171, 333.6627704197229, 331.23837315378256, 328.7010890900829, 327.0053164163395, 323.2760664957637, 322.2512294759729, 318.0788170529014, 319.46007889840945, 315.5287234892238, 315.7504258455989, 313.8763290475848, 309.64359381818946, 309.79655606265, 305.50471053550126, 312.34166349658284, 311.3730971196599, 300.7595206336882, 303.43449237898903, 299.611544565079, 298.85392321757905, 297.2002338089467, 293.2686136601591, 291.82529456520393, 292.988738090519, 290.3873242633321, 292.0024559520606, 291.1081061944252, 287.1273991570217, 287.0183766740088, 285.65026229556827, 284.2223355435876, 285.1000227389867, 282.34286526651744, 288.6714171023792, 288.650703536654, 280.1384616656868, 285.23780668928254, 283.2295309112183, 281.50175286681275, 281.8826423462377, 278.051962599447, 280.31047158764187, 277.7523119289252, 277.65877379633025, 277.36594600065035, 273.65028931139443, 277.06807727219245, 276.56077446092826, 275.14716832413256, 273.1207231853503, 272.47745512255557, 273.66724119518796, 270.71470488400945, 271.23453250187254, 271.88832392560397, 268.8936566955755, 268.56644637418185, 269.3820141029165, 266.6228943166434, 269.10575482764966, 267.5901606538217, 270.47861541891194, 268.3338072219848, 270.1766144101786, 269.149592682936, 266.1168202025592, 265.6127942936379, 263.1291151556773, 262.2409690370158, 263.89413580363885, 261.86629578766997, 263.28762470135274, 260.9141182546532, 264.7593973024982, 264.12957153250994, 259.9076238748978, 261.6310433352342, 258.0433066576165, 261.58512770789747, 258.443612489653, 263.633799747871, 260.71374396819334, 262.835994139551, 261.91454173121247, 256.49829499752497, 260.4697217501264, 256.274926148019, 264.0233143671335, 261.12238800635356, 266.22770496960015, 265.09304121472104, 263.6711318180841, 260.0071813253545, 258.5637366302302, 255.74625703289274, 260.00363615276996, 260.6517789392204, 261.6023013522715, 259.1347062165685, 257.4400713696014, 250.863851233371, 248.72036514795982, 244.95290647965368, 240.29720199692574, 235.33049688198264, 233.056489896742, 230.9976652941719, 228.8957558146333, 227.30763535302617]",0.03,150.0,10.0,False,0.0,0.6800722435696361,-0.147393546110414
methodological_closure_v1,D,NSW,nsw29,ou,0,12,1309,0.01,frozen_n_po_lt_30,random_50k,full_background_50k,ipp,primary,50000,,,standard_kan_ipp,True,1185.3716406499952,29.893230005836557,,0.647689129873483,0.0596458243525141,0.307031684655717,0.0726863889452598,,,,,,False,,,101.24692695646829,28.391855409845927,"[129.76956868617464, 127.9030310457157, 125.59064745084906, 123.60350264013286, 121.64364019031716, 116.99825418196438, 114.56898911713104, 112.11665190890217, 109.58193051303685, 106.99101882955203, 102.04048595001738, 99.80335468041719, 97.51526960122153, 94.86571022428171, 91.87407256918488, 85.80524407475717, 82.923323121381, 80.05198096800498, 77.07530235873551, 74.08512395359155, 68.75618120154137, 66.58196246075255, 64.52482565384469, 62.467416720190194, 60.677219218457815, 57.57108917510895, 56.821027057240705, 55.85181516245454, 55.382542846077314, 54.70120496099323, 52.908807416027685, 52.866727119800316, 51.68374741824743, 52.16111248375074, 50.85797447194365, 50.62723562017632, 50.21241263244467, 49.48899373676775, 48.64052980842292, 48.95938271351598, 47.95092035706686, 47.38817814172518, 46.760578318969664, 46.71130261020697, 46.36573876042909, 46.250814391147216, 45.53088067606134, 45.493179030334694, 45.37585554624471, 44.543646005406686, 45.072900921222626, 46.81157117054391, 45.68492277106988, 44.42706658451046, 44.43951564832185, 43.19366135791561, 43.94593350589305, 43.81206888867914, 43.34273646808269, 42.56545623807879, 43.16469317305381, 42.745390803340726, 41.99386062942979, 42.33006044798049, 42.086791837578616, 41.856240111843896, 40.87282086863038, 41.06947142391958, 40.576689669134616, 40.74083058417836, 39.95233843332167, 39.764242682028936, 39.45568411768324, 39.62051689660648, 39.06585705587695, 39.2011398786549, 39.13283612277067, 38.15979923073363, 38.47948115925188, 38.07230745213784, 37.79718485507344, 38.11024836766729, 37.83912526315441, 37.16920790440714, 37.19550673801131, 37.32390573851386, 36.8217765305758, 36.51373356283389, 36.04149185102172, 36.67485901401042, 36.486969729132646, 36.05729173401342, 36.45207090230296, 35.666705282173204, 37.373001674149975, 37.26486056209524, 36.90015246929178, 34.74286356462953, 36.69897653529275, 36.99378269657026, 36.19980436685825, 37.34324083365573, 36.48235363604628, 37.60477963910569, 36.79960087068509, 35.288804452412236, 35.45777846916551, 34.6125559889502, 34.43579427698306, 35.10916369403776, 36.74487251255404, 36.951697741948266, 35.74170259594154, 34.175140831223175, 35.19380933812263, 34.99919270408564, 35.70818290343101, 34.54800556323075, 34.27846307299129, 35.70725090522962, 34.26656645173498, 33.52516490120079, 33.51114298186583, 33.88620958762868, 33.64849831109239, 33.03315102883104, 33.65322986181377, 33.92673248578391, 32.85872600195726, 33.51393437417013, 33.954063445059205, 34.35522034481211, 33.99793800553802, 33.28145454199949, 33.712558863338295, 33.6646492994073, 33.21344777710922, 32.2529591423057, 33.09825043066293, 33.29430650345509, 33.12712661650875, 32.607141748852584, 32.35842797861637, 33.110734370980886, 32.28673623510074, 32.263991603389655, 31.733177710292473, 32.28476987021874, 32.37697653639204, 31.95306731042388, 32.599456201120255, 31.899704248072574, 31.63414976778728, 32.683426725211476, 31.924609863905825, 33.37405329810435, 32.74901239901349, 32.70466066928453, 32.19632586396675, 33.47990556690475, 31.85845355182964, 31.614543446176366, 32.03093715089538, 31.804727413442414, 31.535995779137405, 31.847394835753988, 34.21603408380332, 33.79116862440149, 34.116251215786455, 33.32962900110992, 31.41975062698446, 32.94505651465427, 33.92385545984227, 32.46131467822973, 32.692468465148245, 32.77489281725818, 31.763344927457997, 31.6113514624981, 32.13869743800024, 31.475383650224337, 32.994969645897726, 32.07052247494498, 32.175710507787514, 31.910395262745773, 31.185544093314224, 32.24904343932684, 33.124937914696446, 32.509817084205764, 31.724936020956832, 30.588962370938376, 30.314158073357017, 30.186016431126486, 30.061665045744608, 30.01511366712639, 29.98161612851272, 29.95554825012382, 29.94024375340171, 29.928952013922526, 29.912330906651142, 29.893230005836553]",0.03,225.0,15.0,False,0.0,0.8461571563817885,-0.19846802650830542
methodological_closure_v1,D,NSW,nsw30,ou,2000,2,1309,0.01,skipped_n_po_lt_5,random_50k,full_background_50k,ipp,R2,0,,,standard_kan_ipp,False,0.0,,n_po<5,,,,,,,,,,True,,,,,,0.005,,,True,,,
methodological_closure_v1,D,NSW,nsw31,ou,0,24,1309,0.01,frozen_n_po_lt_30,random_50k,full_background_50k,ipp,primary,50000,,,standard_kan_ipp,True,1174.5616399349965,82.25703170360221,,0.4697036193179696,0.4753705444745713,-0.05511030451995,-0.0574199206721702,,,,,,False,,,99.64606216014576,29.943705894252258,"[259.5932394684105, 258.54739401392067, 255.73558930715535, 253.04089119464464, 249.8298549409539, 242.33970355269975, 238.169800641988, 234.20443972639612, 230.63503885414687, 226.59737821346926, 219.31688257280723, 216.01701751433671, 212.60997606447515, 209.0101591103272, 205.14333296107264, 197.52092265628178, 193.95030111285152, 190.54720972959004, 187.39011175697456, 183.98887260643136, 177.03319555256698, 173.93517511976768, 170.5981949293962, 167.6019079002841, 164.61095851052568, 158.0535661763812, 154.87580220806547, 152.23138474270004, 149.48462276955522, 147.2944282761279, 143.21283990001115, 141.18431511731538, 139.27398875042908, 137.2719893875144, 135.31026412310837, 131.64352902234762, 129.88913099288268, 128.503379192453, 126.68121240974553, 125.48126052261419, 122.78472917867684, 121.95066665591098, 120.53815844002328, 120.13329880644544, 118.36778243300067, 117.27652193973677, 117.31694644849524, 116.80730896190362, 116.83485342121722, 115.9802251014632, 115.45914686276035, 113.84341918316325, 113.3900228466792, 112.81963914446789, 112.10564715312876, 111.49481099069702, 111.66397475312517, 111.41524105094024, 110.01153090357094, 112.32209639189797, 111.18904918612718, 111.1290968408266, 109.19983016910467, 110.39224723423298, 109.0496991123426, 109.3791904497634, 109.67242138531132, 108.06699095105792, 109.0368256014899, 107.85520726186304, 107.74941409044241, 106.56979771014713, 109.3933556787958, 108.65057340088752, 106.7103321947223, 106.92501374906092, 106.07473938429119, 105.92140749691154, 106.25384952351298, 104.99806155552824, 107.9319010334089, 105.98571795973102, 106.86150845170575, 105.78272815306609, 104.83312929302633, 104.91734381491301, 105.06537736109672, 103.80045170879526, 106.72142122584434, 104.78313689679874, 107.05357599232399, 104.54057040442405, 105.4468801867065, 105.63554932609912, 103.80439501863094, 104.50506454724467, 103.78299970585965, 103.03293566429049, 102.81802346852419, 102.65683695253496, 101.6158692769561, 104.91275008111543, 104.4995459635321, 101.70047318815314, 101.82723105427306, 101.2464106890201, 103.17418712341366, 102.72782735421333, 101.31281155903662, 102.5892954414185, 102.12608507801745, 101.60168508518642, 100.29681977966708, 102.18836673089072, 100.53877400715214, 104.1800651310558, 100.66148511959739, 100.84634618770686, 100.91746936903219, 100.84547914432419, 101.34746970383964, 99.83725638292762, 100.90844836546714, 99.47098415487197, 101.43579090429601, 102.82616945831882, 101.89842557885358, 101.204982152635, 101.68265705077081, 101.62219856285394, 101.63918218845409, 101.83421849259919, 100.9534637017152, 100.30850446495195, 102.33681517599055, 102.73897970398328, 102.44780932153621, 100.04948881582685, 98.93912753712313, 100.10784885350327, 100.76025019733191, 99.74302649788234, 100.92271197204848, 100.5971949277304, 100.38857927131248, 98.83416294628935, 99.97121119313015, 98.7021440109968, 98.50821246604728, 97.61820164326573, 98.56612335752524, 99.23425983567428, 99.98996979736202, 97.88223998817216, 100.27543366710907, 99.93655811401678, 99.31499810345939, 99.06632139965808, 98.17482249527269, 101.15464474702247, 100.35431967947899, 100.13576167272859, 97.86814987955671, 97.69691059764973, 97.89670908441852, 100.6995359788485, 101.06551393776063, 99.36702411350777, 100.97121815071738, 97.44688449075126, 97.95308806915514, 99.42845648426348, 99.31009685788418, 96.61280962521002, 97.73711841721851, 98.35503746754438, 99.17698523634733, 97.16783539239634, 97.20774470306638, 96.37710335421903, 96.84144217132942, 96.51483301304081, 95.58542665776662, 95.63389150884858, 96.5344036775727, 95.13725911025035, 96.82070441815343, 95.68314920474197, 100.1299281038781, 93.81358962418595, 92.73014890555349, 91.64973175814468, 90.69898023068161, 89.46205933140851, 88.65436210004526, 86.11548708315723, 85.2335525977159, 84.11520164312032, 83.36981609125684, 82.25703170360221]",0.03,225.0,15.0,False,0.0,0.5643838942217906,-0.09468027490382097
methodological_closure_v1,D,NSW,nsw32,ou,0,28,1309,0.01,frozen_n_po_lt_30,random_50k,full_background_50k,ipp,primary,50000,,,standard_kan_ipp,True,1171.289308389998,94.14803003832826,,0.5703185703185704,0.0322928612588188,0.1990205612671054,0.040842953654232,,,,,,False,,,88.08893558320128,27.132980850370107,"[302.97709377080713, 301.381499047562, 297.45995261238744, 293.590630342075, 289.11203402479026, 278.15682382660424, 272.6921534644373, 267.06610282370696, 261.90076520580425, 256.72732064396916, 247.40523090063172, 242.66194952437306, 238.09870593143788, 233.5014157912593, 228.91964730659058, 219.6580787204455, 214.95877174071586, 210.17074028212824, 205.19196842538778, 200.5386462964271, 190.32582890343588, 185.11022400414552, 179.88021396630373, 174.51147295681895, 168.98796082107202, 157.83487629394529, 152.79134702246517, 147.9585405777097, 143.20523970848348, 138.74135340355338, 132.0545538253984, 129.23553510533253, 126.61534497998215, 124.15159739859408, 121.74587873395667, 117.86141567612144, 115.96849161423741, 114.8931453070401, 113.3398875125113, 113.04652364227813, 111.41577121510274, 110.77151841241947, 109.74425860166588, 109.47318278291542, 108.40272435152181, 108.04894731840068, 107.38128232210067, 106.77395721016627, 106.95130674123041, 105.88712914375573, 105.81772693909434, 105.25568131646838, 104.23770527946405, 105.8331915999272, 104.87861253790537, 104.68567385948106, 104.33342102704516, 103.52026785769179, 104.1277606303489, 103.01438020516596, 103.25547612317595, 103.27808864768616, 103.11827139724448, 102.43149697830219, 102.20798116541191, 102.02730508899468, 102.42769043634809, 103.58999268379193, 101.72703202482256, 102.6562802088312, 102.42172950970796, 102.01386083603329, 101.94732452746486, 101.23149086454328, 102.01569739288604, 100.7492542603469, 101.20364413769512, 102.15907840934982, 100.57436203017114, 102.09114861469112, 102.92329978133803, 101.48839186308652, 102.83866476800692, 102.71597299110736, 101.4328182544826, 100.35206082911523, 101.6540177241533, 100.9273130581665, 100.19908013153042, 100.0517651170755, 100.22788685748485, 100.39336038070279, 100.00589504486686, 99.1012183523192, 99.40802977310356, 99.14043001493317, 99.8846984945335, 99.00309331031923, 100.42563713807645, 99.09422657561906, 102.3681520584853, 102.62701854362413, 101.27922248497805, 100.85180152222225, 100.81463276751131, 100.87573157403085, 99.11846392097057, 102.02862665675234, 101.04266421545766, 100.14202469234799, 99.69835436826233, 99.9189281126368, 99.20245535219655, 99.47089636330531, 99.21758217209177, 99.594546671781, 98.71871714154483, 98.03796851896531, 99.54828957330335, 98.42582821992289, 98.70749473395078, 99.86507450571561, 99.52214988659813, 98.69305184643976, 99.68337502361585, 100.23419324932506, 99.76370330960088, 99.98416405648187, 99.8121375601826, 99.06582502383243, 98.29991709775716, 100.01510459280844, 99.4193258245043, 99.8095090911222, 99.27423317120599, 99.24254896008357, 98.46615944695624, 98.28469725078034, 97.63407904892158, 99.76334845329926, 98.50881947438184, 98.91455634783217, 97.78685872604456, 99.20722810356847, 98.89776695352877, 98.71061469023073, 98.89202468851447, 98.14958925054407, 98.62175360298835, 98.40565045728391, 98.46671314276492, 97.57069488513423, 99.4916770202896, 99.03812455526125, 98.41927147225245, 98.34733791207016, 97.39990077327839, 99.83177172522356, 98.35245454027609, 101.54374696118025, 99.43601389203168, 99.07517537000477, 99.35975392353252, 98.47719819136701, 99.7554954319316, 99.43718881590299, 98.54745046587206, 99.50414568263996, 99.82165748099509, 98.30437139070266, 98.33656953638688, 98.69870036248693, 97.19740615159074, 99.55473848000709, 99.65696069839797, 99.23924940477941, 99.84060166684894, 100.48639942909043, 99.3181072217412, 99.47075150658337, 99.17014047024651, 97.61920950253386, 99.9452477976443, 99.40226943832774, 98.2121218641376, 97.62427348596445, 98.15026814026126, 96.87948131068941, 99.14340713219912, 95.98653691758582, 95.48660342022534, 95.13107471092293, 94.87338081777689, 94.61860809233082, 94.50063741961117, 94.30711830934375, 94.27494495040636, 94.20089395241715, 94.18765895843528, 94.14803003832826]",0.03,225.0,15.0,False,0.0,0.7088719361446635,-0.13855336582609312
methodological_closure_v1,D,NSW,nsw33,ou,0,15,1309,0.01,frozen_n_po_lt_30,random_50k,full_background_50k,ipp,primary,50000,,,standard_kan_ipp,True,1163.1926894310018,41.605043651669234,,0.4395221722648329,0.3568910963338621,-0.1087886317281555,-0.0908895368179022,,,,,,False,,,40.51001854791087,31.553271981342156,"[162.31217579467526, 161.0623813722378, 159.2350251826077, 157.21236766451693, 154.88787812684882, 148.87650862848955, 145.60755586584065, 142.28582509529164, 138.91430835552563, 135.79763890549208, 129.5529910059438, 126.47065454449317, 123.43234809270851, 120.44563532953633, 117.51015789168581, 111.64609465422592, 108.56473021864404, 105.33517176002805, 102.04699434944808, 98.81608898152786, 91.71489803042186, 88.18758935350932, 84.79163342123131, 81.4074784352826, 78.41884411520604, 72.9680876423602, 70.42758754430747, 68.23102754872502, 66.00619891204305, 64.36406805410573, 62.14780629501029, 62.145223463581, 60.89755713310744, 61.187896001836826, 60.685759463039304, 59.78699126187599, 59.62711719498103, 59.14975152343703, 59.61114673486995, 59.22004656700772, 59.25123522264765, 58.516219835482005, 58.89650536799047, 58.37836421361049, 58.481702668131604, 58.08199395738875, 58.37757298273619, 57.757311540991104, 58.27208986154308, 58.49881252257287, 58.00008225797247, 57.59312189785666, 58.01175151989571, 57.590486898246134, 57.52046391109572, 57.79047209061446, 57.22623586943276, 58.773095841973024, 58.37899142441494, 58.29312480472389, 57.04080164616623, 57.488223232794866, 57.56016995781047, 57.54289202756359, 56.81823341946308, 56.99682206126639, 56.75966699442161, 56.975650727696944, 57.032242503610426, 56.45452072487593, 56.534297176587216, 56.37696360300453, 56.038450499404846, 56.227182203880396, 56.03876611862876, 55.890913484944306, 55.52782520541312, 56.10982781062602, 55.65126757074425, 55.82631919584346, 55.86451704313005, 55.83979146688291, 55.55801606454518, 55.46234562274433, 55.65093488592416, 55.08888244905024, 55.330297312006415, 55.184574281773784, 54.806519256089395, 54.686628328978344, 54.58752047784097, 54.62263358042034, 54.48333854773331, 54.53530810219437, 54.1468298352158, 54.17803502945423, 54.02440210933711, 53.896601065632865, 54.19073007663024, 53.84936879476329, 53.72484106998317, 54.09166606647953, 53.62468670398381, 53.396063056870744, 53.85587029701958, 53.20107393438224, 53.368750519315036, 53.34085619102943, 53.22398577701432, 52.97907473536249, 52.912113963897944, 52.85960319735037, 52.77139306243485, 52.55623322539086, 52.8812456808959, 53.10459819971818, 52.674563442598554, 52.543395784839156, 52.39779017875194, 52.41368019216879, 52.04080812729288, 52.371073219045016, 51.912186133480674, 52.47742472129419, 52.72250597266114, 52.64082391204113, 52.13684590243361, 52.37734943942887, 51.55517540955266, 51.50430625819681, 51.40154573235693, 51.45457962799171, 51.88972830247051, 51.12381666375734, 51.54717786205998, 51.20204678371006, 51.288957467093134, 51.18831718948226, 50.7652004723422, 50.57805586854357, 50.41349347317417, 50.71604706122318, 50.20205897465119, 50.45025481401907, 50.255733563855514, 49.97497262839255, 49.94797566360151, 49.63956504192017, 49.52707162243381, 49.66813698972571, 49.19893500719415, 49.260105707746895, 49.04497690815564, 49.555648149426716, 49.13235132075422, 49.04164394214728, 48.77659264987672, 49.18589436457743, 48.886487889443266, 49.009562951440806, 48.73132430619005, 48.630085942206904, 48.40592471493536, 48.303636498182605, 48.289003340239056, 48.01194002663455, 47.9330244031922, 47.805531419789666, 47.914275516319435, 47.78590987844098, 47.54564846655396, 47.457867176991776, 47.91086533347392, 47.437342620102356, 47.96964437868849, 47.39881317457783, 47.639513028523176, 47.85845541996151, 47.218898189932716, 47.251534088860936, 47.47682983743251, 47.144786746669304, 48.08052340061633, 47.48413140988964, 48.260569482951816, 47.221980379152676, 47.85796573589956, 47.324560237171156, 48.27840905932633, 46.535050160916064, 46.11835709090656, 45.803627866747185, 45.48264202366787, 44.87942323434549, 44.520579891938, 43.55898399612208, 43.149784982729265, 42.67459538366839, 42.18363143373945, 41.605043651669234]",0.03,225.0,15.0,False,0.0,0.5027770431102883,-0.06325487084545534
methodological_closure_v1,D,NSW,nsw34,rt,0,6,1036,0.01,frozen_n_po_lt_30,random_50k,full_background_50k,ipp,primary,50000,,,standard_kan_ipp,True,1158.9729383509984,10.77977953794209,,0.5380327827224134,0.3597072783549949,0.082555616477392,0.0637681159753236,,,,,,False,,,0.4015309143578381,25.400998204379583,"[64.84741548138848, 63.955434557114785, 62.57980739666422, 61.22444979034126, 59.84493021954171, 56.683856534965436, 55.1084261305471, 53.44341840419283, 51.74580867260037, 50.0307125260388, 46.54665545660018, 44.73584077276613, 42.978523427194325, 41.18978781236912, 39.30329469640753, 35.255976838022775, 33.14939773268719, 30.95101443959344, 28.653115988859586, 26.50303496120278, 22.425619544366445, 20.345573182868698, 18.481010592162626, 16.954072711768966, 15.634754014358956, 13.553689464477362, 12.937520027457463, 12.351084439488421, 11.964405774949078, 11.84730923421992, 12.259581189144912, 11.811362985883553, 11.361223923759267, 11.590953983906859, 11.446449412870695, 11.012330347342052, 12.136029130448412, 11.900949135508064, 13.116360533706358, 13.260026511138776, 11.090240401948979, 12.634376586621185, 13.785648530848448, 12.358462672528843, 12.280086181702792, 11.430885882591808, 11.135189816832957, 11.549021655778018, 11.349369706740921, 10.936303433349421, 11.68410839194979, 11.516474071394759, 11.21542481702122, 12.163189350861003, 12.020114345297474, 12.260180645031296, 11.229195783605467, 12.91509493248805, 12.364491460958384, 11.061258324501596, 11.894607841901761, 12.051888672465944, 12.152753027018987, 11.171113479134409, 11.01136784998863, 11.017715558348844, 12.748423871512214, 12.872224254588481, 11.280647202332094, 11.76126229142821, 11.128649339521758, 11.859431201787606, 11.208832045515694, 11.50556893961951, 11.329740497311771, 11.151952131802528, 10.961034021014182, 11.29275091300666, 11.005449140396584, 11.440776374273355, 11.064372018159357, 10.84672649554235, 11.119208004835869, 10.993137474475368, 11.02128017604684, 10.899666641570997, 10.882950500664597, 10.973876697080485, 11.098937882731338, 10.874615460924327, 10.88070527134148, 10.820897032803357, 10.950936164959073, 10.887585115768807, 11.205387699278898, 10.909639640941899, 10.989721469629458, 10.919528883880984, 11.206299492876482, 10.927019310500519, 11.079591516549844, 12.07101328189927, 12.52603034159857, 11.256982339550625, 12.262229373476309, 11.575898110602242, 11.530600410262386, 11.34680447680737, 11.360636398793957, 11.351099038957111, 10.935346176099587, 10.95048335798973, 10.834779370740305, 11.088166810465427, 10.918039983457602, 11.576542371850788, 11.127710593905912, 10.923818495416342, 11.082751766694074, 10.846433129976353, 10.819274315495942, 10.900155702264248, 10.852274274649325, 10.870247938486248, 10.84309533508567, 10.819207069496047, 10.815339139087705, 10.818600985336943, 10.833041545149309, 10.86696944699316, 10.836767017014996, 10.825905758738296, 10.831907373586084, 10.865302779613145, 10.817102355260833, 10.824853338779358, 10.825539862279529, 10.82105029116535, 10.813666704804598, 10.80963326967292, 10.805698005245377, 10.806622156601058, 10.808363388315941, 10.80784829482471, 10.808389718833897, 10.800878813189538, 10.80156203724536, 10.80113192779982, 10.800000397935161, 10.798680788913803, 10.796542319843528, 10.795388743622663, 10.795522343614621, 10.794362468259704, 10.79360300805761, 10.793154824582377, 10.792625878567508, 10.791751360858346, 10.791875611644063, 10.79185759644304, 10.79071850145202, 10.790986598343805, 10.790036361763487, 10.790261539077628, 10.790035483643347, 10.789530604687343, 10.789088150436937, 10.789462077924432, 10.789224511037068, 10.789129170663074, 10.788296845880865, 10.78831177563705, 10.788196449868162, 10.788346764435339, 10.788542377017446, 10.788456870308368, 10.788048064909507, 10.787985450721731, 10.787750356024333, 10.787441443648875, 10.787047884514937, 10.786911104547007, 10.786793898897301, 10.786678530281904, 10.786625036781674, 10.786505473430836, 10.786517449826516, 10.786600862014929, 10.787010825412773, 10.78589601047297, 10.781713650777174, 10.781438713371914, 10.78062767128238, 10.780369275902679, 10.780286207158602, 10.779937219427463, 10.779878718905566, 10.779836958218812, 10.779808473106032, 10.77977953794209]",0.03,225.0,15.0,False,0.0,0.5483530342851581,-0.010320251562744742
methodological_closure_v1,D,NSW,nsw35,rt,0,6,1036,0.01,frozen_n_po_lt_30,random_50k,full_background_50k,ipp,primary,50000,,,standard_kan_ipp,True,1184.503156423998,10.780832138619422,,0.6104509810635894,0.0410296033921047,0.2307966031725904,0.0619452930437535,,,,,,False,,,0.5271665400824637,25.549912589127945,"[64.93197043902364, 64.42568835726114, 63.25598788910939, 62.41767158183741, 61.21692703964227, 57.96835116990069, 56.24652053459513, 54.351265704118205, 52.30710343626041, 50.26491813432112, 46.17224820527506, 44.29275122677109, 42.42682984239914, 40.462081274091055, 38.67242858672597, 35.221384629985906, 33.414078237810855, 31.601736226717975, 29.6673596040433, 27.70493779815032, 23.8062603226343, 21.943073248664522, 20.23112379757615, 18.775891846431094, 17.487661435182233, 15.440682986707447, 14.655171511630236, 13.897077011830996, 13.24508481149297, 12.872644132606126, 12.21070694119708, 11.77728877603999, 11.799037503216901, 11.414764272599644, 11.533524740688906, 11.331532891801515, 11.114882568115096, 11.27431676312481, 11.364153828654718, 11.126879548022048, 11.470865537841187, 11.645169843730772, 11.405196581810294, 11.541298710960668, 11.486828128715691, 11.922499286385445, 11.619364624079369, 11.227316989904105, 11.665421547263772, 11.153171504433805, 11.330486986665951, 11.038797848420398, 11.87102529556359, 12.368701897032832, 11.146770339562096, 12.47076342002977, 11.333459408102927, 12.468677137490086, 13.310492670514936, 12.995846482606872, 13.251398891910712, 13.366824377829069, 11.894228930697322, 12.132077902784928, 11.203183214122888, 13.49740957009971, 11.438168435879867, 11.78994173267524, 12.19588410981876, 12.616254723538583, 13.284869653818056, 12.166614009954857, 11.600178515012756, 11.916533007138355, 11.109299230606526, 11.362529005716354, 11.862722815759708, 12.163706766318466, 11.697874137020346, 11.653020982121776, 12.581947003786611, 12.40575727871319, 11.3475045897607, 11.618594108718211, 11.198507465208573, 10.954943836371354, 11.163553604145322, 11.036945014465976, 11.268036700084425, 11.070790624499734, 11.13328115472222, 11.183416943444529, 11.125096016791103, 11.243878346175844, 11.265612773904019, 11.256045478786477, 10.911812882717607, 11.57596782497525, 11.401706323565834, 11.335563722793342, 11.126781793909181, 11.361279466314597, 11.075174105923175, 12.117368889152637, 12.290912224669174, 11.39616874705448, 11.32353157914331, 11.110539596897686, 11.071818725765358, 11.033339128520886, 10.947277879899609, 11.318660238464519, 11.100166095516702, 11.196350584166929, 11.254617447846352, 11.263878905114407, 11.010524893387313, 11.449880882084448, 11.408473405477809, 11.0518353740589, 11.035044339143242, 10.965975348977599, 10.97610928461373, 10.842523031780026, 10.858015709159822, 11.31437073511974, 11.016147087993069, 11.45251559860314, 11.118289302809604, 11.611199585631669, 10.879976494137482, 10.915817170811689, 10.868020251716793, 11.061759616756149, 11.00104437165657, 11.12259227457025, 10.89506132482484, 11.174306183912677, 10.922059330405396, 11.667068786615312, 11.288619805816856, 11.417720588060245, 11.32181445266452, 10.907160506093037, 11.43235436801652, 10.979227266786939, 11.123050579231514, 11.016077900074247, 11.008807992512008, 11.02727936970836, 10.984403294294518, 10.840472764120772, 11.042642877912728, 10.968824179822576, 10.826905452818334, 10.848495710600883, 10.96266337246443, 10.835008994222513, 10.831457454107673, 10.817311143236033, 10.8160887495122, 10.822850854187518, 10.818358327619507, 10.824318199603548, 10.816680101106753, 10.810713315116605, 10.816124028249842, 10.842740781534134, 10.86046604467954, 10.808025122105155, 10.831741164898569, 10.808627163768145, 10.811697722639096, 10.811928401836736, 10.806115090363866, 10.800301712633432, 10.806073665378532, 10.79931879845953, 10.80396392439715, 10.801142934198959, 10.801161284700584, 10.798011590707151, 10.80101979491297, 10.796322361591852, 10.796526408003952, 10.795550662761693, 10.79456113778653, 10.794042834545342, 10.794352731138616, 10.79218180547225, 10.787545611787687, 10.78477126547106, 10.782570561209155, 10.78183515783994, 10.78153240680686, 10.781281087564665, 10.781179425119914, 10.78109539803938, 10.781012392331725, 10.780832138619422]",0.03,225.0,15.0,False,0.0,0.4396123685922679,0.17083861247132154
methodological_closure_v1,D,NSW,nsw36,rt,0,7,1036,0.01,frozen_n_po_lt_30,random_50k,full_background_50k,ipp,primary,50000,,,standard_kan_ipp,True,1175.0758935760025,13.777405832958326,,0.9214620431115276,0.4739159551227707,0.8715888054055556,0.4293527134514008,,,,,,False,,,4.373111906955411,26.826536118539625,"[75.6664251399457, 74.52170937939013, 72.51507774157392, 70.62272132794868, 68.5897101554129, 64.4330867291833, 62.23049291899962, 60.16219677933545, 58.26142501353927, 56.311200207914155, 52.95961859201283, 51.514082322720945, 49.94936631218811, 48.48928889791314, 46.96956738307198, 44.02200100994562, 42.3065468070032, 40.50933443003455, 38.59740915470772, 36.558901448100855, 32.223699600453905, 30.10516181639959, 27.995897294142658, 25.986629358602155, 24.161401313352087, 21.092251562270203, 19.755886821421427, 18.685963437750143, 17.824063793434405, 17.391955612021906, 16.648815267957815, 16.13528954362872, 16.523150457919673, 16.549516894575575, 15.56099135939525, 16.13243616163383, 15.251458317776054, 15.450774282132183, 15.698055262006584, 15.37844273827946, 15.714997880810182, 15.547409699105168, 15.890669860631283, 15.473255906409673, 14.961187117099582, 15.199132734431283, 14.914769432090836, 15.409049965560019, 15.188012519840647, 14.847698359425891, 15.709241830698641, 15.690843485287047, 15.334521990808456, 15.758908688951118, 15.428347857723898, 15.410313255028864, 15.100112597829064, 16.06788562679909, 16.292939666561356, 15.695075171792727, 14.978098995563043, 14.72076190671114, 14.758351977522256, 15.230908083576214, 15.017234080891463, 14.952472700967567, 14.97025506895905, 14.727159532900588, 14.986873478801968, 15.198810199044171, 14.89344118355919, 14.725900628905944, 14.810426030459428, 14.875439250453933, 14.687808415309943, 14.73736283388477, 14.742724834116329, 14.665495122911384, 14.725153013794623, 14.662630490251935, 14.6963343286523, 14.590998645541736, 14.662311712240133, 14.581191536051547, 14.602765853977711, 14.542030824785272, 14.611741897908013, 14.56906746594607, 14.552747691927912, 14.554703987695389, 14.574715594357098, 14.536205934089413, 14.781635464073593, 14.690612259037147, 14.859831852935109, 14.736764276601335, 14.581517580445439, 14.984516194396265, 14.809718870596315, 15.054963707290462, 15.309566481231428, 15.224843277634932, 14.73969487129994, 14.930694131966295, 14.860457239793691, 15.099785570826466, 14.884620282999673, 14.951831735635482, 14.588655998960615, 14.993118109912977, 14.824077768743335, 15.045347292199965, 14.724356691232703, 14.744144107642272, 14.638178740698207, 14.508543323032967, 14.663651714153982, 14.631549066135632, 14.523753337924035, 14.87898656166438, 14.588746207983828, 14.532996370113981, 14.873052011964482, 14.69204124419411, 14.950005931085057, 15.433338232897896, 15.320895317278362, 14.983424887579075, 14.91602397922671, 15.390805970719207, 14.604826219042584, 15.186048632198773, 15.359612279093996, 14.995870175889918, 14.935401233628902, 14.821360351143685, 14.89059876270601, 14.653965661336823, 15.135605060176632, 14.588436681843792, 15.611795062995707, 15.697919529417996, 15.705285477456936, 14.487943845435028, 14.96416036321294, 15.760733812465336, 15.535490360195027, 15.228135344797462, 15.005044035820054, 14.960152354585317, 14.912609898904948, 14.557133314895157, 15.12644703693079, 14.91660773423733, 15.31883357620937, 14.696055854914114, 14.662980456319664, 15.551484230491823, 15.147957889788616, 14.675044279301504, 14.635206499391943, 14.467730586502881, 15.107272638271912, 15.003492031218205, 14.66046409149124, 14.873842986495443, 14.492513663413389, 14.822158005561466, 14.60708895713625, 14.866559903334352, 15.11454239992959, 14.905834967979354, 14.961373949887859, 14.779867272065779, 14.58405983141336, 14.546168067843292, 14.580719628419589, 14.482326057469344, 14.531040017957011, 14.713288085321773, 14.885765461613625, 14.94766804085969, 14.60931868689507, 14.713710946337441, 14.692458936155631, 14.70154814910893, 14.763304170687013, 14.589021079242428, 14.631018086519934, 14.377856724002813, 14.285661876971442, 14.263486398337756, 14.165945924311007, 14.112688541866577, 14.079392729072408, 13.935988814781142, 13.87770740674272, 13.841439484418808, 13.803889926724588, 13.777405832958326]",0.03,225.0,15.0,False,0.0,0.8745235863792565,0.04693845673227104
methodological_closure_v1,D,NSW,nsw37,rt,0,6,1036,0.01,frozen_n_po_lt_30,random_50k,full_background_50k,ipp,primary,50000,,,standard_kan_ipp,True,1190.1273193930028,10.79622671907234,,0.5425120951816746,0.211170253055666,0.1116925277781506,0.0453416741080937,,,,,,False,,,25.0893752308742,27.60452866740645,"[64.87446327816092, 64.17853005870558, 62.72605093264647, 61.408989039162, 59.790834836232, 56.68609479236347, 55.05860076500138, 53.26181296774914, 51.60302941090876, 50.00135906125045, 46.87751569688291, 45.39667671482545, 43.80319796222936, 42.32037321730816, 40.84634467989234, 37.91775230210512, 36.52536846160093, 35.26997298414466, 33.84358808039605, 32.34260062237275, 28.87554155283762, 27.25158513218, 25.87800005052842, 24.307807275661634, 23.026379647242727, 21.299385522677003, 20.966601323856594, 20.105877322094425, 19.827890052565355, 19.917826198182347, 20.29598603749054, 19.415663054565798, 19.937067168570366, 19.583079597778802, 19.4474635365966, 20.140021531589174, 19.902509608073917, 18.445163239385067, 18.737774134613126, 19.52133245367715, 18.33386365191647, 17.848680777981528, 17.703485340178407, 17.90904013581558, 17.484196568360463, 17.47958143326508, 17.143169701256447, 17.816503232188175, 16.948255256816594, 18.31155858663776, 17.3235691797862, 17.286791151189863, 16.624102870088503, 17.53103911551731, 17.649883914029235, 16.858699717386145, 16.82993523489492, 16.50297571614231, 16.186042142202986, 16.312383633612985, 16.118035438792553, 15.830411463016253, 16.126074425656196, 15.914454784621228, 15.988078246177908, 15.383591715303819, 16.074649813690474, 16.22787608340492, 15.457171808057717, 16.130248292009554, 15.127292983352508, 15.485088002956187, 15.794570627419455, 15.57876083030783, 15.149825186798092, 14.788265113863723, 14.785155054743834, 15.26643009550438, 14.6700161028645, 14.728839161389072, 14.20766106661627, 14.171278972087471, 14.255838779095686, 14.256016817649183, 13.931151330232446, 13.959217459150562, 13.453252986496715, 13.998515615578485, 13.98399050099843, 13.69796932694163, 13.243987465203706, 13.014992575232373, 13.150325496516112, 13.06224699903238, 12.973761505271563, 12.629262979420828, 12.279778026997871, 12.26311582942305, 12.335961666951482, 12.13408366613699, 11.783450939905656, 11.863998484322893, 11.69875444642095, 11.631969767828062, 11.61103413444579, 11.791037468769627, 11.974883198289394, 11.766451872612407, 12.35662037937377, 11.977208489466356, 11.903212076568927, 11.38723723909374, 11.663970876800942, 11.311411411584283, 11.31540847740354, 11.197546857841251, 11.19681988421727, 11.459631367155705, 11.155397433153256, 11.563433092169817, 11.68265594136903, 11.243435622532344, 11.352356337255719, 11.136115691924104, 11.662016423945351, 11.20608662744608, 11.47203857454105, 11.141373791867942, 11.423987122092132, 11.33809567258246, 11.111742001180597, 11.496918275352057, 11.265631235465717, 11.434091716090444, 11.193788107505405, 11.736448749006177, 11.160656374861798, 11.563702316704122, 11.463146900124741, 11.229883322710425, 11.191401673282433, 12.074085169890399, 11.789571122829958, 12.376090746478198, 12.324905665699548, 11.589743865591846, 11.280505721177672, 11.624012403475335, 11.524029833191749, 11.022717137907206, 11.036925681442392, 11.185997630756944, 11.06451787420627, 11.021318764545512, 11.168502629613432, 12.030085859196703, 11.71613321732397, 11.555865108106557, 11.293997531827591, 11.484943935067319, 11.265129266743655, 11.141841821081503, 11.785495425368373, 11.395018979960764, 11.193547564644703, 11.35155704170516, 11.069960891538377, 11.532167137864846, 11.273933199658947, 11.582597614012203, 11.31571265441207, 11.07317394890576, 11.327525759349381, 11.533558812754016, 11.186029587711511, 11.447069138935271, 11.25208822691993, 11.980977471162916, 11.59972870813561, 11.568667617466525, 11.226501104596881, 10.973470852908886, 11.89312320167636, 12.041034528020367, 11.637006455234232, 11.44253579341486, 11.00324571709496, 11.408121908091934, 11.030749019499213, 10.88925769637232, 10.848078327852802, 10.839709128494688, 10.829129490431608, 10.819670290211887, 10.811139347757724, 10.802420397099084, 10.800422636176444, 10.79853619390842, 10.797968880991906, 10.79622671907234]",0.03,225.0,15.0,False,0.0,0.5653201520537126,-0.022808056872037907
methodological_closure_v1,D,NSW,nsw38,rt,2000,9,1036,0.01,frozen_n_po_lt_30,random_50k,full_background_50k,ipp,R2,50000,,,standard_kan_ipp,True,1671.7155187089957,19.80197480279083,,0.4329560215253293,0.0697529173147337,-0.20903527731747,-0.0639285859074338,,,,,,True,,,0.3128982420971287,24.866156719270087,"[97.23707982678934, 96.98142023691413, 96.35125031476824, 95.59059318732125, 94.7781284932638, 94.36809669183504, 93.54464316073387, 92.72643189871641, 91.92051297847027, 91.10982287276416, 90.69618967450928, 89.84644990740995, 88.96956542093969, 88.07028499750143, 87.1485923757224, 86.68010999864475, 85.73132002314641, 84.76868684225342, 83.79270167759988, 82.80795280537754, 82.31385438000017, 81.32317939406771, 80.32985160269722, 79.33597925309907, 78.34094932830519, 77.84182895904297, 76.8388454258642, 75.83056374581493, 74.81946545303185, 73.80758998402699, 73.30240754725553, 72.29609069659033, 71.29680887442689, 70.30591662545245, 69.32523820917847, 68.83854654740736, 67.8707717619558, 66.90780462340834, 65.94441184863784, 64.97538953592233, 64.4871375231683, 63.4989824766222, 62.49137227720747, 61.462180168951626, 60.41415590442494, 59.88438457357681, 58.8162938691402, 57.73986908953948, 56.657805614905925, 55.571390590356444, 55.02716220005933, 53.93869599268882, 52.85334437311801, 51.772393721294556, 50.694091280031266, 50.155443902442755, 49.07807432221283, 48.000154064278114, 46.92416055303426, 45.85352542950697, 45.321103007390796, 44.263956393409984, 43.22044476435632, 42.19436230110655, 41.19853907211271, 40.70733242178673, 39.72630530398855, 38.768315037554146, 37.836064924265514, 36.91505780772478, 36.45750903285598, 35.56202034255563, 34.679378512479, 33.817065518011425, 32.98295203800304, 32.57823094611612, 31.765416944725395, 30.99379918755992, 30.240047052887547, 29.507616522945707, 29.1549058491345, 28.4598603906395, 27.79628702623856, 27.157017527123056, 26.550895215656315, 26.258394574512387, 25.701327816538793, 25.181804649686217, 24.696431393919237, 24.244074070384507, 24.034300475841984, 23.638362886949064, 23.269110045392534, 22.93487865384718, 22.62687063560436, 22.483591101038083, 22.217164387841663, 21.978531059058596, 21.76229241328005, 21.567366921097943, 21.479909156078474, 21.318624706138515, 21.176083770865436, 21.05181527712602, 20.94357039708305, 20.89339712194294, 20.804313324195327, 20.726041785791896, 20.65703390292134, 20.59618860570537, 20.568584865150946, 20.517884178536008, 20.472776981330597, 20.432487889492304, 20.396335176378255, 20.379537694810566, 20.348581925652827, 20.320544032212116, 20.29504772854017, 20.271788465487095, 20.26090822274992, 20.240532668735007, 20.221811639691257, 20.204559170930395, 20.1886062629332, 20.181068633911483, 20.1668167142254, 20.15354788512556, 20.141167813027696, 20.12959348293795, 20.124088044316416, 20.1135804182081, 20.103704171179153, 20.094405141372462, 20.08563442913961, 20.081431857288724, 20.073370426129973, 20.06573440296217, 20.05849038488101, 20.051608379685415, 20.04829450193712, 20.041905962436566, 20.0358163257362, 20.030004965793115, 20.02445266020787, 20.021768134463546, 20.01657216568064, 20.011594838691387, 20.006822057814375, 20.0022412608106, 20.00001914540568, 19.99570488359114, 19.99155548482709, 19.98756131571661, 19.983713902463204, 19.981842468112728, 19.97820015934481, 19.97468541094375, 19.971291701701343, 19.9680127816391, 19.966414556196938, 19.96329713578452, 19.960280730056834, 19.957360731262767, 19.95453246130631, 19.953151358349423, 19.95045279815154, 19.947835825381528, 19.94529685614627, 19.942832409240427, 19.94162711529507, 19.939268457221637, 19.936976747176995, 19.934748979456295, 19.932582728617675, 19.931521883940032, 19.929443112631652, 19.927419947480207, 19.925450062880685, 19.923531375699522, 19.922590759176956, 19.92074536541985, 19.918946573536363, 19.91719278321191, 19.915482227298444, 19.914642669279722, 19.91299421957174, 19.911385355049383, 19.814123937250784, 19.80291896316598, 19.802888173508514, 19.80280622068097, 19.802779033341093, 19.802745071877016, 19.802674846794524, 19.802558381986774, 19.802429353068515, 19.802331302841406, 19.802168946867276, 19.80197480279083]",0.005,337.0,22.0,False,2.0,0.5263808993628998,-0.09342487783757047
methodological_closure_v1,D,NSW,nsw39,rt,0,16,1036,0.01,frozen_n_po_lt_30,random_50k,full_background_50k,ipp,primary,50000,,,standard_kan_ipp,True,1183.5645658079957,44.42490245336403,,0.5115996396228467,0.411501253120606,0.0242033148377325,0.0201880591086499,,,,,,False,,,39.832412379658194,27.80266119139665,"[172.99630129835967, 171.78686394054458, 169.6393083535414, 167.72583777607497, 165.69792245961935, 161.21601321724037, 158.65800203902128, 156.0157703580805, 153.35048567704084, 150.8781392189344, 145.83477408619387, 143.09939201345722, 140.22750254425625, 137.36023887679033, 134.50880992191338, 129.03409551955562, 126.32961971961153, 123.30057739034562, 119.96066423565607, 116.64980294575126, 110.72889923075768, 107.71283759872473, 104.7832929285776, 102.03243829194356, 99.28174651801307, 93.72442535857462, 91.53358423790182, 89.51460211380495, 87.60516888415643, 85.68182432516116, 81.55364341958452, 79.80555085865892, 77.9613344019558, 76.31449365861015, 74.94790610809551, 72.5483387611385, 70.70704032813522, 70.50203976662479, 69.11274695896326, 67.85166547272435, 66.71130288988118, 64.87616905469602, 65.39500646440575, 64.6493320967486, 63.132510865767905, 62.02127523468903, 61.800885056453524, 60.975257909930704, 60.52946743978127, 60.569736361623995, 59.90162158085681, 59.06483302181431, 58.849247729578614, 58.36981282114894, 58.737604636335725, 57.59116826886214, 58.441011611518654, 58.01392148490234, 57.18930934625415, 57.21189307698484, 56.34694861237047, 56.97384426132439, 56.011327316283094, 56.08825784297396, 56.18546665252658, 55.16549267023383, 54.70230899128015, 55.165900946588266, 54.95748292544513, 54.67447730394845, 54.39154615489746, 54.03836872170299, 53.54944199609741, 53.392697070888794, 53.80455978268111, 52.93288539698528, 54.31741224488609, 52.49584603879867, 58.17872060379422, 57.96501993241961, 56.30368848520504, 54.515244629929306, 53.765992753588066, 53.58201475257561, 53.144998323699994, 53.21772885593129, 52.314790272302716, 52.981979946488025, 52.14673214452112, 51.61922157460494, 52.675677036520554, 51.27516749048201, 52.827774841321656, 52.45113608723941, 51.680314510882134, 51.321894376607375, 52.13016593663543, 51.20122735329836, 52.81058172347084, 52.07822332247732, 50.48918889309115, 49.52582354531645, 49.945561367257966, 49.475826773526194, 50.08270844563876, 48.69169018434744, 49.92281072582315, 48.53363004740304, 51.528297835310774, 51.88829887602056, 52.02343021115636, 51.45102573615688, 50.33422445472376, 49.80618396140916, 49.57900338245304, 48.869070968661894, 49.44785920527386, 48.36252445038665, 49.09704133814444, 48.981395403875545, 49.150570591839205, 48.42941809955925, 48.69701644886546, 48.56114802442401, 47.64817035087671, 48.78290037267941, 47.795263857424395, 49.282151970971995, 48.558939976270395, 48.011113634700806, 47.47029485988708, 48.28045850418486, 47.65562951419947, 48.021363937168836, 47.21088889344539, 46.95465926522272, 47.36050834689138, 46.68570313090861, 47.079805800346946, 47.16532618577826, 46.53067556193589, 46.428014196320646, 45.94577569890147, 46.58383610966217, 46.17613745453883, 47.016093328391925, 46.222143944381486, 46.321669527216116, 46.063858102238164, 46.479945160213354, 46.11752231393499, 45.856632154819486, 46.15888497504284, 45.97124868847291, 45.830900346717534, 45.66739804279465, 45.57087590564362, 45.568276813891785, 45.48866033400834, 45.39060682924197, 45.338659893263966, 46.306659339122675, 45.9029633720604, 45.34021969969409, 46.49044041135435, 45.52203941778703, 51.60042642376511, 54.612303599111506, 50.927906422088824, 46.552336469069395, 47.50511744520664, 46.8192329804807, 46.80174864769748, 45.98906445560037, 48.25108150749422, 47.99379562557433, 46.99207598212158, 46.83023195389885, 46.30382865766495, 46.51957238773243, 46.43469718790431, 45.42358913328084, 46.52994768896372, 46.51792695880067, 45.90955454506406, 45.89290706871464, 45.59552543765315, 45.319977651832694, 45.38017463176193, 44.79499352116102, 44.65939602128107, 44.6016818973659, 44.55041699479752, 44.526316524406504, 44.48611806070884, 44.45550336707352, 44.44442528310072, 44.43916582600196, 44.43278703004471, 44.42490245336403]",0.03,225.0,15.0,False,0.0,0.5215721453314073,-0.009972505708560564
methodological_closure_v1,D,NSW,nsw40,rt,0,14,1036,0.01,frozen_n_po_lt_30,random_50k,full_background_50k,ipp,primary,50000,,,standard_kan_ipp,True,1166.5675325010016,36.99688778692836,,0.6350604625518941,0.4578731733495991,0.2765485147131316,0.2186127291883996,,,,,,False,,,32.55334260164718,27.617151227442932,"[151.50211161221839, 150.36076077326535, 148.07213727130343, 145.61843107940192, 143.00342947603028, 137.2110068894805, 134.1934166225442, 131.0579983478404, 127.92012047735552, 124.81969631561776, 118.94386381861186, 116.04266984536979, 113.09630588733673, 110.12531930836276, 107.11662442156911, 100.57441645704677, 97.0607851348345, 93.41865557594096, 89.65680504937885, 85.78654960220894, 77.58420437314399, 73.8382920421374, 69.99211411631991, 66.43002548320503, 63.139818030855565, 57.14798577919295, 54.61247552750969, 52.7161144238604, 50.27482873789503, 49.04561598502308, 46.370289581252415, 45.30828872442123, 44.224891850601516, 44.294996697312165, 43.55071116107234, 43.09385866549203, 43.220134954180594, 42.27611014916836, 42.70730155367822, 42.43683576098032, 42.50214850886384, 41.72939150236475, 41.11013424479689, 42.15081791370733, 41.94014350143596, 41.1977966390531, 41.08201719231501, 40.888141348558705, 40.661253572417344, 40.38889754104331, 40.15939293041846, 42.27665698019316, 42.079262902121314, 42.34525795693834, 41.290253595861685, 40.87316828637016, 40.207433290328204, 42.137040647138114, 41.60448449433927, 41.585998528518004, 40.719301534773905, 40.04608353783255, 40.581999234978035, 41.14146411128227, 40.883964062210055, 41.043403607781315, 40.883825892804005, 41.100637533861345, 40.58108948003986, 40.2962603441113, 39.802129183819005, 40.2405980166523, 39.85085871646586, 39.80303917557199, 39.32301162176241, 40.1047352070922, 39.699616513816295, 39.86631699879846, 39.46575000263922, 39.470340170268805, 39.322322074862925, 39.275760535214765, 39.32848061715871, 39.21108076616294, 40.11844111636814, 39.966576062391226, 39.430847755928404, 40.29526227677402, 39.80829570538833, 40.06566359078263, 39.98382804913944, 39.99912253695211, 39.93008982875548, 40.09967136391056, 39.4120874626051, 39.397846832142875, 39.10048007772306, 39.3935335289716, 39.14298078163169, 38.90432992312028, 39.04768940757277, 39.297075419472, 38.86519721594653, 39.007742110127985, 39.137921913892605, 38.50383792358476, 39.4461972551302, 38.902159480283245, 38.84871507895807, 38.719574555419435, 39.20718430547477, 38.873106089406726, 38.29884605587957, 38.876456848151406, 38.77488752300388, 38.69812351551348, 38.47976502385022, 38.55880251861325, 38.33103283251919, 38.52771064002061, 38.41922879937069, 38.2408074037258, 38.16417509195903, 38.434724256564586, 37.981837822568025, 38.3422281819857, 38.511212770778634, 38.09478991247285, 38.6714006617622, 38.74323423409679, 38.219569216523055, 38.431799654173446, 38.16725817996761, 38.38502967859086, 38.21877689646162, 38.34908333633849, 37.9234385995025, 38.26152695656306, 37.9502997233773, 38.02842260050469, 38.06616995858428, 37.857785039469306, 37.89278946307082, 38.01137386396786, 37.89215763702576, 37.79285653103887, 37.9642276402933, 37.69553191470123, 37.85562920848149, 37.79177379346546, 37.80323400048708, 37.68111642257565, 37.65899418442022, 37.700121918800214, 37.63950695544096, 37.57142374574524, 37.731876519708116, 37.587751167318594, 37.50912617464116, 37.7333137252292, 37.833340925297016, 37.639927563698755, 38.360665067658225, 37.87721805491869, 39.19020118633656, 39.26465391300061, 39.03666324990188, 38.56954044721124, 37.9324696033987, 38.83997377875277, 39.641688603243495, 39.50290133304474, 40.466596323655416, 39.763110256146966, 38.86119165787503, 38.277083165603415, 37.915129566107005, 38.07210586993236, 38.360391748765146, 37.466819590809365, 38.08596795579256, 38.61940893577555, 38.09714242401665, 38.24009528431748, 38.18501510854308, 38.00431621741536, 38.06092587337032, 37.84083227282066, 37.75361121127182, 37.309088755491445, 37.17090066648081, 37.132621941541814, 37.08093891320801, 37.04839998413608, 37.030992929862315, 37.01381627288804, 37.00934770938899, 37.0075135682867, 37.00458278193596, 36.99688778692836]",0.03,225.0,15.0,False,0.0,0.659270170299083,-0.02420970774718889
methodological_closure_v1,D,NSW,nsw41,ru,0,5,909,0.01,frozen_n_po_lt_30,random_50k,full_background_50k,ipp,primary,50000,,,standard_kan_ipp,True,1160.0429275139977,8.08033207559632,,0.5897716287104391,0.237919222174555,0.2002695844458293,0.1221897399174844,,,,,,False,,,0.0333522011213578,26.142755002939243,"[54.16418932744768, 53.47109415597095, 52.135904791163725, 50.99211308349978, 49.644208215530526, 46.75132749581603, 45.157877942559786, 43.407966731027905, 41.61545195106512, 39.72668414691178, 36.16993013835161, 34.48430601393953, 32.85146391557474, 31.236729827941616, 29.814572917639815, 27.19069942515405, 25.796307766750633, 24.403178089353172, 22.98127335478665, 21.370693277686698, 17.840611953103693, 16.10518329799489, 14.42634541537714, 12.81763243689743, 11.454520514143494, 9.68635294250577, 9.111958150577147, 8.77961692899556, 8.54965008483104, 8.421645783800551, 8.273311326586185, 8.230503329647835, 8.199112407982856, 8.176828428096927, 8.156662521371702, 8.132503683582245, 8.125799239432975, 8.117280809217341, 8.110177561357393, 8.10814370083376, 8.13733623515462, 8.151912200264912, 8.177528994675335, 8.19582833807693, 8.103475903829677, 8.177699055236573, 8.154245064661273, 8.14635705479892, 8.471454569339329, 8.152337531067289, 10.014803027163353, 10.061967831384424, 9.630955433472042, 8.76845885312125, 10.167925582312957, 9.320636569419225, 8.38027289928509, 9.842236280717987, 9.530535407486804, 8.293502679768674, 9.107617664294157, 8.534753432468637, 10.42429387856614, 9.286993993270327, 12.474325805398186, 9.699164511871261, 10.836545056881619, 8.738546634382029, 11.94428858925468, 12.26352505382754, 10.355084785744314, 10.087646281457411, 10.751699530583265, 10.95461134594259, 9.805622371287715, 9.490999446141448, 8.85534461242878, 8.879789836854137, 8.51163733804696, 8.422331291590107, 9.028720633941944, 8.71075563763706, 8.711830646269044, 8.932585641671027, 8.442249920363382, 8.474299017487795, 8.54815504608777, 8.596970972740746, 8.272575798036188, 8.247926781205628, 8.488169118431315, 8.295274162793321, 8.369406488438207, 8.432658008066808, 8.360759577773667, 8.317828772859126, 9.022956359304224, 8.837347783909555, 8.29937248070303, 8.432836644271328, 8.700658007982467, 8.566206010915904, 8.490833769335675, 8.459008343945372, 8.206831918975938, 8.48696603925877, 8.391933545801354, 8.5275599221938, 8.390432814825909, 8.183034100306557, 8.318275976985364, 8.25689345809142, 8.172928531976938, 8.289327038221789, 8.389544277076347, 8.21403449551173, 8.351870228205714, 8.36523534288061, 8.204018937025374, 8.188807513729278, 8.2155386514074, 8.350837501341156, 8.25499471808303, 8.195675818420067, 8.194520183290619, 8.18742264192335, 8.152435950046742, 8.150677067823985, 8.151463596393748, 8.134587935748394, 8.141885261314748, 8.183105227701006, 8.123718625383761, 8.130047389272585, 8.124216950890915, 8.117154972857303, 8.122221025998055, 8.112515439560285, 8.10937790544796, 8.11297983026206, 8.109925836550207, 8.112154126357662, 8.111167980489588, 8.108715521911073, 8.106022411686954, 8.105548276727715, 8.10282598230063, 8.101402461599351, 8.101186477612366, 8.100801476726106, 8.099895212385391, 8.099398335037325, 8.098746230175232, 8.098147118056055, 8.097755790202324, 8.097135504826458, 8.096749007871322, 8.096340215034019, 8.095908415447463, 8.095491395944393, 8.094967804242522, 8.09469418600801, 8.094349130181607, 8.094181953103815, 8.094058845980188, 8.093538805996237, 8.093286860709174, 8.093099274506905, 8.092884002831722, 8.092601222294617, 8.092240952398537, 8.092033131601617, 8.091818794397582, 8.091644772915535, 8.091477124229073, 8.091146826308865, 8.090979988327991, 8.090810958578182, 8.090663245212566, 8.090523580731986, 8.09021956076521, 8.090088439015444, 8.08996243929493, 8.089829594457985, 8.089697188261445, 8.089450445441402, 8.089330648038949, 8.089209927275322, 8.089089632491866, 8.086014335468528, 8.082226927090632, 8.082198390431978, 8.082043946975586, 8.081924947333729, 8.081819127430386, 8.081547891098994, 8.0814688390783, 8.081408803832852, 8.081006588158207, 8.08033207559632]",0.03,225.0,15.0,False,0.0,0.589993502274204,-0.0002218735637649072
methodological_closure_v1,D,NSW,nsw42,ru,0,11,909,0.01,frozen_n_po_lt_30,random_50k,full_background_50k,ipp,primary,50000,,,standard_kan_ipp,True,1145.689478335,26.41554014052748,,0.7593922651933702,0.0151292754243996,0.3648189920942585,0.0560621922050148,,,,,,False,,,21.76295587181829,26.287199236866226,"[118.82326592951277, 116.27852189063083, 113.3174995072279, 110.31503965148401, 107.30823968508653, 100.7639946912911, 97.46493127664041, 94.06980008440796, 90.68438809541352, 87.3189361923528, 80.88833966444871, 77.94334325687169, 75.05454099003543, 72.17050455070233, 69.30975674279341, 63.075126374163446, 59.78390100570449, 56.357214837660095, 53.032863904955754, 49.854012046301044, 44.288848779568205, 41.97601960123054, 39.88200913476498, 37.99304787851706, 36.293220145002564, 33.70670165183579, 32.846850241606674, 32.07843930288281, 31.31566370444354, 30.367419941702682, 29.43855895980627, 29.088052577007527, 29.093461024014715, 28.781702619273503, 28.583074621205903, 28.492891755003495, 28.427297186215807, 28.91935119609086, 28.040103348226094, 29.514333593981178, 29.045287725336166, 28.59800955180424, 28.48384315689152, 28.6790017255154, 28.28939532967337, 28.047654138987077, 28.28755138279967, 27.996409420244778, 27.81169017406614, 27.785687732366046, 27.52732529665747, 27.708550459655882, 28.227730597500234, 27.773976679692517, 27.565453897216102, 27.771664300477322, 27.557420490407445, 27.204993379239458, 27.76582673227706, 27.40526342228795, 27.674215431235528, 27.429253251208927, 27.47253709572063, 27.810496150710076, 27.896283236806312, 27.439371472377076, 27.79654917684286, 27.7479754037117, 27.052110680196993, 27.70720740011755, 27.418300478591654, 27.356606167974476, 27.45473257169384, 27.373906043739918, 27.38639922165342, 27.151751070088967, 27.34124960578504, 27.071443441360334, 27.573120356067417, 27.38082436920795, 27.478394997121132, 27.03032367041432, 27.86662821816727, 28.003137993835058, 27.15203586446631, 27.70373822535484, 27.538013363694958, 27.0249036113734, 28.707334624610034, 28.7787311372592, 27.58072128975506, 27.507311989735147, 27.5311115117395, 26.970352533616552, 28.069029023106513, 27.171410786796468, 28.044250208096532, 27.506290021513873, 27.105915036584918, 27.455091958483376, 28.0475920055881, 28.085790646187238, 27.685966561571718, 27.72564091877017, 27.211345024543306, 27.78496432523422, 27.143517236909137, 27.29229378138438, 26.866836307997207, 27.08826154623647, 27.19303184141252, 28.24855523274282, 27.82611902222751, 27.89087919658873, 28.11080650806398, 27.284637298095284, 27.35607904933144, 27.206109455997375, 26.81082531462876, 27.490664977593262, 27.978873641756, 28.268226924188255, 27.874065406597982, 27.807416047487667, 27.403286295769814, 27.12283123523345, 27.03547016036935, 26.98358386972855, 27.049889614487856, 27.14176870633235, 26.930807157285482, 27.420263906999022, 27.02323729025009, 27.088234965578284, 26.867089413452533, 27.569143354249235, 28.779393901843115, 28.585538684090526, 27.131376079980722, 26.95309326748297, 27.223152632573097, 26.86061566193208, 28.158907440530683, 28.17083222803506, 26.92319967260033, 26.84397323911934, 27.162606909140774, 27.01078360501899, 26.858359043134833, 26.840539275531025, 26.7110298297594, 27.037503138925167, 26.7202404606265, 27.74456260860265, 27.4454977439645, 27.064193079349852, 27.871599875707563, 27.863308135381278, 28.313730095622116, 27.842787396526013, 27.91907431824458, 26.980312688116744, 26.770845982893192, 27.585570998049878, 27.493857372300184, 28.19789921346203, 28.184060180476827, 27.397950130931115, 27.218940156749337, 28.00881661992352, 27.40296383414938, 27.327254709310157, 27.02530575145117, 27.167939336307562, 26.9283870825254, 26.683022210283852, 27.02225996834525, 26.82169308419887, 27.355293586300434, 27.129510411688774, 27.133980566082535, 26.700895705685323, 27.756624846359887, 27.594158717784673, 27.208840797643926, 27.2959790938402, 27.104570995178264, 26.883377339976846, 26.827266896138617, 26.54238352637752, 26.499139426481637, 26.471871793700384, 26.44887094487376, 26.441105251172978, 26.432320932045, 26.423336524052182, 26.42131108094005, 26.41919702739011, 26.41737856066103, 26.415540140527476]",0.03,225.0,15.0,False,0.0,0.9707182320441988,-0.2113259668508286
methodological_closure_v1,D,NSW,nsw43,ru,1000,42,909,0.1,po_random_5fold,random_50k,full_background_50k,ipp,R1,50000,,,standard_kan_ipp,True,1151.7321666070056,171.87916757679145,,0.5393217893217893,0.2846689046176234,0.0939478270115136,0.059483391154314,,,,,,False,,,133.57246432419362,27.28961843777626,"[453.7606888303444, 451.5175754537585, 449.21689067426735, 446.93788384397794, 444.72552435334705, 440.5916438079585, 438.72296457405196, 436.88978773328284, 434.97972290867386, 432.9559081597247, 428.5940812033131, 426.24458717493354, 423.7609179216417, 421.1477833683014, 418.45545571528305, 413.2187880599873, 410.74767336495364, 408.3041508224339, 405.8642631812251, 403.4368870815317, 398.6028885873619, 396.1838611480365, 393.7797177251086, 391.4136209341318, 389.09809648129175, 384.5785449896262, 382.3525713099456, 380.13544137165667, 377.9100537649957, 375.6559280825177, 371.0012595708085, 368.5715660390483, 366.0764785723605, 363.5124519540951, 360.86697425972824, 355.27028458675295, 352.31024976316024, 349.2690953216151, 346.17444707498015, 343.03852227279606, 336.5684701512361, 333.1785471647752, 329.70879920676083, 326.2398315762217, 322.86272970097724, 316.37896958880094, 313.1929636472584, 310.03669265791854, 306.92242687375057, 303.85037505610404, 297.701357325803, 294.55490398902566, 291.3509176830492, 288.10071034145324, 284.8185686659285, 278.28135318509817, 275.11721281571334, 272.0878808125487, 269.22027761087435, 266.31242555063073, 260.73417162931173, 258.06611543755633, 255.3964293868884, 252.7820231420298, 250.23986064833863, 245.4057247257859, 243.1064686300402, 240.95621520218756, 238.91694239422802, 236.87003289915552, 233.19646214326883, 231.4541778192683, 229.7986467440947, 228.3382927890101, 226.72025448614644, 223.843351931438, 222.2794843910399, 220.92813230987346, 219.93429553114964, 218.55469654129627, 216.43168947085545, 215.68115822965214, 214.37714620293454, 214.2134703885251, 213.0920430240615, 211.76966931387034, 210.64257543140224, 210.04172569441403, 209.57121918603903, 208.78952089239525, 207.80580843354363, 207.52372943196227, 207.23314327756256, 206.22916049413712, 206.88380796179686, 205.47826855296148, 205.07679737413326, 204.99383974772263, 204.190272910148, 204.2970319287041, 203.82582261772396, 203.41935361915563, 203.21829818592133, 202.85108885911563, 202.6448616625679, 202.01221232650718, 201.72012321746598, 201.53564262660024, 201.0255432361872, 201.86345950328814, 200.79397036551075, 200.8293659446622, 200.50957439132114, 200.4772628825854, 199.7751941927277, 199.77633046119166, 200.00728566154427, 199.72802985614408, 199.3538920717481, 199.39628945619233, 199.10645956032525, 198.71581011333248, 198.39418610659817, 198.39231585296324, 198.00729952127259, 197.45210024008335, 198.393178455603, 197.75241482972777, 197.88624579641908, 197.8493482430196, 196.96616428550564, 197.02419616371728, 196.66126984762866, 197.07544016816354, 196.95225703868533, 196.25008982744902, 196.36250674057453, 195.84395249632112, 196.47758443546624, 196.33481463773768, 195.35555514005517, 195.42086688080448, 195.01450710030534, 195.86148928286798, 195.6713047505661, 194.9044902982026, 194.69551175720744, 194.38352363094222, 194.52458974079994, 194.138947167593, 194.44954608843523, 193.86835827372784, 193.93265308124614, 193.65668051820646, 193.6286827910691, 193.29710527530727, 193.08717471596893, 192.89800581966242, 193.00208414541487, 192.581541023806, 192.4909798849476, 192.28464093448923, 191.94893925084548, 193.1950011489889, 192.65182034956132, 192.13728047036284, 192.1988944188934, 191.6303317019141, 192.02664031294918, 191.6727463359952, 191.32331890352117, 191.42537147994554, 191.11573855714218, 190.9884163115764, 190.72137951009924, 190.56258058656235, 190.9254619835906, 190.67935815945873, 190.3267667151144, 190.2112860215372, 190.02224734469135, 190.3621034889874, 190.2491743615078, 189.7301082758107, 189.58291766040062, 189.5676394499074, 189.759463168013, 189.6016179752474, 189.35958125472717, 188.60455862496588, 182.17594438354465, 180.6589770923858, 179.0861613469695, 177.7994682344428, 176.66525771483128, 174.5177800072489, 173.791392624143, 173.2155551964229, 172.7227931591898, 171.87916757679145]",0.01,225.0,15.0,False,1.0,0.6877371599593821,-0.1484153706375928
methodological_closure_v1,D,NSW,nsw44,ru,0,16,909,0.01,frozen_n_po_lt_30,random_50k,full_background_50k,ipp,primary,50000,,,standard_kan_ipp,True,1139.7795673049986,44.51603748551777,,0.9619753086419752,0.281157028842214,0.8102466710758378,0.2131766601039883,,,,,,False,,,64.13509525016323,27.401938452015926,"[172.74973861088742, 170.19959808739353, 166.52584880235278, 162.96507203533895, 158.6517004192676, 150.03859756931053, 145.3765524555318, 141.12157015801859, 136.86056591980451, 132.7574408341492, 125.61274253470043, 122.49405597338662, 119.66211533378429, 116.9435600177194, 114.210937604874, 108.83765558370509, 106.13246465415239, 103.48839023165164, 100.63621137409834, 97.65844420936219, 91.68272662853035, 89.03892949496357, 86.37152899054351, 83.9151308540908, 81.86882628301106, 77.97789260848467, 76.20938367109515, 74.30108687026026, 72.59179334747559, 70.64522916042569, 67.5532270811667, 66.02978408416635, 65.28697011874166, 64.6401962380536, 63.76768986649978, 62.833866826268476, 61.53969409825591, 61.46798169011524, 60.40963824026164, 59.7280244319872, 58.6705940195594, 58.14913380442685, 58.51249229986503, 57.861982090794776, 57.87764501684152, 57.82559518289618, 57.14121248657244, 56.70511937802008, 56.216780611900454, 57.2764159809215, 56.39810174606636, 55.50497522054249, 55.720986652699224, 55.08615931981622, 55.83483713711696, 57.02421769795428, 57.10056767873209, 54.60179901480754, 54.7020495987545, 55.148968249218214, 54.10393461824591, 53.98150730591413, 54.393484954596644, 53.53399753470462, 53.42008298686339, 53.39137068660401, 53.80412989496969, 53.08355679172887, 53.0663834257099, 53.02085526481786, 53.055006895146654, 52.0210831329912, 53.54906868049355, 53.022662682971315, 52.184744444480586, 52.02204519872667, 52.77189098318213, 51.336601328257736, 52.515918322797525, 52.13996504014691, 51.36353273354216, 51.77337707784604, 51.678604598379216, 52.118851358258475, 51.291269328742565, 51.33167239661237, 50.51203122912468, 52.463657304566055, 51.284918208096116, 52.51923785176551, 53.276379503396306, 53.014876169875386, 53.6592900549158, 52.516818596417714, 50.58410595257947, 50.73312408783168, 51.376753870253836, 51.494502668238894, 50.819551011678016, 49.90988542302659, 49.94951055424887, 49.73124472457041, 50.058119101670165, 50.33804331932021, 50.09492475730839, 49.41057774600784, 52.78519852135356, 52.999610077137845, 51.53843942519952, 50.28458609915163, 52.52392978221909, 50.476190934263194, 51.93530976441815, 51.920546694631035, 48.95642176590703, 56.21185687097303, 52.30601786245526, 51.584467110056856, 52.66875384370674, 51.308412942109385, 50.055387828311794, 51.77615636011605, 50.313697979683084, 50.45115953783549, 51.007484130236435, 50.14453667558317, 50.464466835500076, 49.28249757453054, 48.51805922705457, 51.04068567245181, 49.10508978286282, 51.51088139824655, 49.971762956873924, 50.136339270389875, 48.818845600940804, 51.32877316104385, 48.92158969268194, 51.54711934820277, 51.41528785735146, 50.849980909621905, 49.1246346204202, 50.14724942366244, 51.39794067304008, 49.18530416728468, 48.92858982333431, 49.60333456769241, 49.725966574946604, 48.37168250912861, 49.59740001156592, 50.14726375679139, 48.25484874641353, 51.02028506936476, 50.95559262507918, 49.448464200756426, 49.570196088269654, 48.41839940334368, 48.72830404281975, 47.9015829333393, 47.76434019390436, 47.943800714744405, 48.3697666107396, 47.802074668148336, 47.41780715669386, 48.59020422401243, 48.67062724728107, 47.9604653243306, 47.51658592885544, 47.331860557581734, 47.824959725458406, 47.71818506045659, 48.12830253272731, 48.01685208184262, 47.105592538593214, 47.919753766402074, 47.34453265094761, 47.26703431966853, 48.39015952509928, 47.27778658268506, 49.62765363737958, 50.277090841689706, 48.9376340936144, 48.88520426381802, 47.69585409958991, 47.212622826853455, 48.1686140831374, 47.47957520156602, 47.88211568532519, 47.52340974992162, 47.59173579773331, 46.27859832219071, 45.923779687666524, 45.67942337959938, 45.335482697364114, 45.095155632201546, 44.95068304615933, 44.70342783088071, 44.64688579126376, 44.59077684575284, 44.55500433480976, 44.51603748551777]",0.03,225.0,15.0,False,0.0,0.991604938271605,-0.029629629629629783
methodological_closure_v1,D,NSW,nsw45,ru,2000,22,909,0.01,frozen_n_po_lt_30,random_50k,full_background_50k,ipp,R2,50000,,,standard_kan_ipp,True,1672.8208952230052,68.1618893931548,,0.5958382676366097,0.2069954547882957,0.2361300841250734,0.1123416265986475,,,,,,True,,,24.502599598183554,28.15006258483682,"[238.27680196632903, 237.87071201599036, 237.074983429791, 236.12181811974173, 234.9896876983, 234.3760970571774, 233.11607982185149, 231.8752251610536, 230.65466124227873, 229.3900915399584, 228.7223847347338, 227.30981166896044, 225.82517174071796, 224.30803391203693, 222.76819889396245, 221.98709027202526, 220.4029975020599, 218.80477496373126, 217.2049117662674, 215.59147124608793, 214.77743170972184, 213.14857629427112, 211.53390604038026, 209.92366387189114, 208.3099135560726, 207.50275876603823, 205.88574159864353, 204.25752008931406, 202.60963183030827, 200.92940920376364, 200.07309087157802, 198.3252982085831, 196.53346225247878, 194.70758564516376, 192.85354003817295, 191.91958856204712, 190.03711153013774, 188.12580530819008, 186.18842082432468, 184.22413712303202, 183.2299629496752, 181.21001452504493, 179.13726711489429, 176.99796525971507, 174.78004690898746, 173.6446584692838, 171.34777410220335, 169.05845085843643, 166.80070670542855, 164.56332141052368, 163.4476613286707, 161.21957199859713, 158.9940672124362, 156.77301044247898, 154.55982948207833, 153.45625240672544, 151.25681949594906, 149.07294879041947, 146.90711183599225, 144.75908466661713, 143.69263429334333, 141.57787384622858, 139.4903452331169, 137.43229587219435, 135.40566922698585, 134.40419834975484, 132.42326872022275, 130.46265920097517, 128.49279781695705, 126.42257261156978, 125.27877636962056, 122.76377374756467, 120.53555332469102, 118.62480744396983, 116.74989142985561, 115.81606996477802, 113.99231352826851, 112.28431639211065, 110.61665357266635, 109.008386047083, 108.23654274899566, 106.73235384940544, 105.30366826827627, 103.86490885055527, 102.52534024241406, 101.85540094581043, 100.59672559119817, 99.34930614700731, 98.15970702316058, 97.0254228788922, 96.47404973872267, 95.40378935297494, 94.39173260134571, 93.433320378434, 92.54016050817536, 92.11494839717471, 91.32066989858356, 90.58113333650282, 89.91881361739019, 89.2971821851201, 89.00171103210697, 88.46160525405914, 87.95779808732182, 87.49401094500739, 87.0896364433135, 86.88768327322936, 86.53677959570598, 86.191398955678, 85.90346858753219, 85.64989537919895, 85.50838613186659, 85.27205117362297, 85.0516920542089, 84.85532480511213, 84.67059852837751, 84.59583983296572, 84.41588468702093, 84.26761853671196, 84.1295579886116, 83.99542942008893, 83.9337218647074, 83.79859297460423, 83.693798546572, 83.568960900637, 83.46880719315853, 83.4002034868232, 83.30446029303181, 83.19669282224889, 83.10383867333036, 83.00527820874011, 82.95397457328033, 82.86035736185748, 82.77809117414675, 82.69541333605153, 82.61283841176865, 82.54696513214905, 82.4616906759268, 82.37748934022895, 82.30361299230908, 82.23167013004672, 82.1900387164674, 82.11196258424525, 82.02895014690841, 81.9554506569194, 81.8884477211235, 81.85948297615444, 81.78023441975421, 81.71262744300432, 81.6409481655384, 81.57644676403666, 81.53451694247852, 81.46913581933686, 81.4000554420067, 81.33863065567326, 81.27481364342003, 81.2372876936924, 81.17133314835213, 81.11240135185547, 81.05221670141896, 80.99603338029239, 80.95372524530413, 80.8897021587683, 80.82994225491474, 80.77987348699891, 80.72556974117822, 80.67694087777836, 80.6204088692536, 80.56785641312418, 80.5127338664126, 80.45969355407988, 80.40967321820918, 80.36613140132256, 80.32421717659031, 80.25574791042435, 80.15917793405487, 80.210458096435, 80.1695605071719, 80.03660079777842, 80.13371059306485, 79.9865284881327, 80.04061870509408, 79.98222354280547, 79.88698164422843, 79.82641291535877, 79.88643577955904, 79.81993611880284, 79.75897332781238, 79.69494318754131, 79.52973893956958, 75.18865568636488, 72.95972018034358, 71.32368703160222, 69.91321838317745, 69.0855180308085, 68.67153384494863, 68.54209679329742, 68.34781364404884, 68.25822332846671, 68.20346327602165, 68.1618893931548]",0.005,337.0,22.0,False,2.0,0.8093761160924078,-0.21353784845579804
methodological_closure_v1,D,NSW,nsw46,ru,0,14,909,0.01,frozen_n_po_lt_30,random_50k,full_background_50k,ipp,primary,50000,,,standard_kan_ipp,True,1111.254976600001,36.97769090300814,,0.9742486594338446,0.4556234214995392,0.9099946460720472,0.3394706000756093,,,,,,False,,,40.94335062786384,25.311493751563685,"[151.78365400234148, 148.34998148927153, 144.08125860983424, 139.92890459987416, 135.68995838543864, 125.54249519208015, 120.4842276079597, 114.65338497608082, 108.64728480430885, 103.2156367680798, 92.3360038900264, 87.5471386251577, 83.29064917477358, 79.57571009962021, 76.41896036653193, 70.60003145481076, 68.11493406510411, 65.78789336567058, 63.423651275669116, 60.81615788687209, 55.97269197678985, 53.786127434484385, 51.51825549005037, 49.599612205404306, 47.74584616648516, 44.538068412146835, 43.26545991004959, 42.133448758825395, 42.06746631749007, 40.96975717233909, 41.626987787605486, 40.42037705701893, 40.28433398682613, 40.13132737630571, 39.59288467690474, 39.727121195429206, 39.657123256278595, 39.4647261261007, 39.459961772282654, 39.46165900812259, 38.47119157730005, 39.20032856262594, 39.365070854402106, 38.737167166023625, 38.75843821751022, 38.13871022427967, 39.193478262243694, 39.19578767383972, 38.34671696889929, 39.642307122844876, 39.48467604836076, 39.24283620083453, 38.957333444163076, 38.55250939517475, 40.35111865194553, 39.25940775401101, 38.420253157245355, 38.24194720174433, 38.29310873601151, 38.407493840113865, 37.95564643532182, 38.11756662843264, 37.756174689755674, 38.739942461541254, 38.282296149322555, 38.48097463617521, 37.87607421036672, 37.63728380214118, 37.619367934482106, 38.19094248137977, 39.02455824295367, 39.26314021949042, 38.112530179685244, 38.18396099733644, 37.697442873658794, 37.70097512677698, 38.55858040957917, 38.432146749438374, 37.92615457183493, 37.904957212067856, 37.50424418264646, 38.127300327921326, 37.94943084937919, 38.021713749369084, 37.716588964820275, 38.22432546990503, 37.33032201489541, 37.70501600434028, 37.690830995096356, 37.2916678867543, 37.84449763281053, 38.454884033062044, 38.424075938615, 38.35908492678571, 38.23676356686657, 37.557692276163785, 37.95805514143961, 37.85565868057572, 38.349965353591934, 37.89241796571838, 38.09153658429304, 37.52579429715969, 37.45797009684196, 37.96504017070657, 37.62247303020253, 38.00185782219817, 37.53528601871857, 37.52704249762813, 37.503202659590144, 37.43468962676723, 37.24592100689804, 38.26799427221033, 38.207571198432845, 37.38130945546318, 38.05535801959318, 37.458131161181825, 37.66846147419888, 37.72419975474837, 37.29360123689956, 38.174774829941214, 37.735162066551204, 37.75954045090045, 37.52907409700119, 37.533364943840795, 37.59308838997551, 37.73053943685205, 37.51304179583717, 37.35034321299285, 37.62219523346033, 37.4055096585915, 37.401034080584516, 38.42087469186547, 38.52270330852149, 37.95331932798639, 37.51185500263237, 38.99435729940664, 37.5934546194407, 37.86061132684238, 37.647131528218694, 37.89533162472006, 37.63114920719897, 37.784804087869944, 37.34770120228566, 37.574454180821, 37.65049593945607, 37.642169843799955, 38.17663348291182, 38.06112830764358, 37.431492080238044, 37.43670828271083, 37.2620454273962, 37.72332520642088, 37.67306556315255, 37.486753055944824, 37.44877996390659, 37.31725397564181, 37.46653029302467, 37.40826040427484, 37.274235070666336, 37.30496661100574, 37.267071441371904, 37.38683656721817, 37.34988299593821, 37.30932401785714, 37.260641371945525, 37.367051655742515, 37.35226298618157, 37.33108062535348, 37.317645384398695, 37.1910532233865, 37.2382129009826, 37.44589279898694, 37.56724083597581, 37.43080768774865, 37.33543301643174, 37.30068256390361, 37.22070760544951, 37.17660150649919, 37.26767334482129, 37.211286512188515, 37.16254646732648, 37.34726642323011, 37.23579818571485, 37.20971366526348, 37.40674747289569, 37.324656716028244, 37.21623848493858, 37.69626251904192, 37.564589141996194, 37.06581085264216, 37.02827100298156, 37.00683774378219, 37.00097516510814, 36.989663516609625, 36.98568636015, 36.98446022051971, 36.98197841306152, 36.979144747432926, 36.978018276256336, 36.97769090300814]",0.03,225.0,15.0,False,0.0,0.9878413767302656,-0.013592717296420975
methodological_closure_v1,D,NSW,nsw47,sr,0,41,1008,0.1,po_random_5fold,random_50k,full_background_50k,ipp,primary,50000,,,standard_kan_ipp,True,773.4031082209985,153.4684484759757,,0.9421118596271346,0.2906181606299817,0.8828424655352825,0.3297615171952841,,,,,,False,,,159.32163644932794,26.46683121270437,"[444.0383084787498, 438.9589877475558, 430.22705006112074, 422.12098790085184, 410.6028356023822, 397.8858041303327, 384.5548260010151, 370.634831950334, 356.38689646779994, 342.22582845228214, 328.1801682574936, 314.52236365100583, 301.8967562707924, 290.3755378828634, 280.2651767736056, 271.1839878611803, 263.40006569114735, 256.4603659886364, 250.79259828792829, 246.15764445563974, 242.08766295468777, 237.91002398162348, 233.17477997445002, 228.39211308078768, 223.898687793131, 219.42928293341927, 215.19070884578557, 211.18052676927064, 207.09264616574723, 203.28524930612272, 199.90519121700203, 196.67136692436173, 193.61063571088673, 191.81772949079635, 189.8308246467906, 188.74046320550212, 186.5750316305201, 185.2773189658246, 184.12853311089032, 183.93045946504296, 182.2810449571461, 181.10501846939525, 179.86849967019091, 178.48432416816064, 177.35269286243224, 176.2315319596505, 174.93831397139547, 174.3174442544538, 172.7126867072444, 171.72287413380622, 171.27049592116114, 169.935781202001, 169.95654423074507, 169.9692795233768, 168.33929617162462, 168.09985385792345, 167.97871422484477, 166.5026377982013, 166.86285195833952, 165.88136895217949, 165.13321902199382, 165.32428633674027, 164.55779763219076, 164.92601575537918, 164.121395687442, 163.71299265294402, 162.83967634317887, 163.5819134536697, 162.2940541084634, 164.70029837589715, 162.8941222451572, 165.45573032449607, 165.229985668187, 161.58258901566094, 164.27881251328537, 163.01623026586918, 164.08112279290188, 163.6999919528975, 163.08654987263552, 162.27978364895654, 162.61213974328675, 162.48471808602915, 161.01102289875757, 164.15986374251523, 162.96113512981802, 164.80129836026342, 164.08271547134694, 162.10836069848554, 161.93258742773443, 163.65469558481382, 161.49371424368542, 162.68452344646124, 162.7837786793569, 162.11023405232095, 160.82856916121247, 163.9157937407518, 163.54750710706858, 161.3806622516791, 160.8741424287079, 161.46688257764455, 160.22126475775937, 163.01192080332314, 163.11291957310397, 161.82829012453868, 160.84077496813327, 161.00971403020614, 160.11774048360672, 161.63627787720185, 161.32323751759574, 161.82151814903415, 160.94038765373236, 160.90392746143615, 160.5173260083387, 160.23300552863918, 159.60912780524632, 162.27110129092944, 161.3522947482314, 159.79961821156635, 159.55564591114768, 159.92517940740998, 159.36229072344784, 161.1176586373597, 160.965699835282, 159.43056483097712, 159.97614887928472, 158.79757501483468, 158.84706323923282, 159.01818090378532, 158.57839543927705, 159.42691823046283, 158.85946435122213, 159.9219627436487, 159.4217045086071, 159.5789485020079, 158.86550524348118, 159.2047119919761, 158.6534169637401, 158.70026585812033, 158.56472870821074, 158.47943083445242, 158.61941070551111, 157.67609603314398, 157.58462889371225, 159.29895825390736, 157.84149071404826, 160.77120451435664, 161.20868916966174, 159.6577238640063, 159.11638522943085, 159.36960327729327, 158.88800501810684, 156.75274555403348, 156.4772742451002, 155.74686979807564, 155.17325680685428, 154.6404212738919, 154.13174916108088, 153.85653029383005, 153.6226976774643, 153.4684484759757]",0.03,150.0,10.0,False,0.0,0.8988720037599875,0.04323985586714707
methodological_closure_v1,D,NSW,nsw48,sr,0,79,1008,1.0,po_random_5fold,random_50k,full_background_50k,ipp,primary,50000,,,standard_kan_ipp,True,772.8211595280009,353.3972065136696,,0.8080328722727009,0.3644059710258091,0.7193325838878375,0.3652432081917478,,,,,,False,,,401.5022372615038,26.925825006367205,"[855.7686153867429, 846.9213087110709, 831.8875414165375, 816.9154752406947, 799.4657522590938, 779.248507559863, 758.2000042631569, 736.7511062909971, 714.4691482305383, 690.0798994432134, 666.5157799472851, 644.9743048456602, 625.4006629294759, 607.1636360158934, 590.0171012965287, 574.6474241596401, 561.0316043343067, 550.4444419352321, 542.3383176171282, 536.0978340669003, 530.505044776916, 525.3996016163655, 520.6459978285288, 515.2183998996221, 509.30491361574843, 503.1218276629245, 497.1255090935915, 491.29998347475924, 486.15047849119964, 481.5703811557721, 476.84998800429923, 472.75849022687953, 468.2470172999086, 464.61609678426737, 461.357871601327, 456.8555600733186, 452.7442520674164, 449.06734772473663, 447.75071285184293, 445.7896212333615, 445.04984543467447, 441.89607083321164, 441.06830720902826, 438.63243952036964, 435.58337071045986, 433.6425144718279, 431.2039723845194, 429.77324758365285, 427.4518259561002, 426.97396474047605, 423.8430427261454, 424.3357958753418, 423.20559811729333, 420.5915334070976, 420.46636381364476, 418.78894515016793, 416.0388094502989, 416.4518259431715, 413.97943527998376, 414.6938802863024, 413.41328399265393, 411.76278998413824, 411.121256813223, 409.52820799849843, 408.7909035369679, 407.56346088015556, 407.09500296078124, 406.59035612970115, 404.54293314732166, 405.6344834739795, 402.8123039493893, 407.66406224907723, 406.6349258772032, 403.50326756108825, 402.7602787454596, 403.654846893924, 401.8449361625355, 401.2208244474489, 401.42629863863823, 398.24468485022106, 400.24568608912233, 397.8495597146341, 400.1633033256924, 398.8821831086882, 398.6183608942993, 396.69392974879617, 399.3589915653947, 398.2688734064449, 395.25604279883777, 395.4243459153276, 395.0763457818613, 393.79166934940866, 395.45111461191914, 392.83859999038964, 396.7062769342874, 396.56873343369415, 392.6968652078668, 392.9775848919184, 392.20324848547233, 391.59442091615074, 390.71935934392025, 389.9063641587172, 390.52705157849533, 389.24795540553725, 390.574208332998, 389.3261029737417, 389.5289433418111, 388.05969792292103, 389.7722535655327, 389.15926920091124, 387.8858010459013, 387.55146827453854, 387.21172920639737, 386.6801042294674, 386.3100630387864, 385.15087461231326, 384.56014726466384, 385.59724669290256, 383.5078544047027, 388.2182792466471, 386.9965649632668, 383.7067570062908, 385.5681790917901, 382.18816588786314, 387.01773284867295, 383.9006619359014, 389.81222813614335, 388.22698882379797, 386.74272460416216, 385.96599202628494, 383.09643071406134, 383.26524405715315, 385.05458595381356, 381.1403527853937, 385.9092408223844, 387.23254816589457, 380.626659644708, 381.31872581360636, 382.34798111605744, 380.24798015676123, 378.71576191076406, 382.67530689337013, 379.66219152832224, 383.8753801698347, 384.5684200237708, 381.3945456551164, 380.5389969127012, 381.6335242678973, 380.10390395585887, 380.6246432394635, 378.2611517666886, 374.5572111690974, 371.2956894617313, 366.1076894562248, 362.26340846667335, 360.1762960610184, 358.37981624409946, 356.47720449079173, 354.8212151900259, 353.3972065136696]",0.03,150.0,10.0,False,0.0,0.860712425487586,-0.052679553214885044
methodological_closure_v1,D,NSW,nsw49,sr,0,110,1008,0.1,po_random_5fold,random_50k,full_background_50k,ipp,primary,50000,,,standard_kan_ipp,True,561.195240590001,634.7302043909955,,0.6864328483472153,0.3155403741890663,0.434730889497801,0.2494781842808947,,,,,,False,,,215.8589789325764,26.563412746753603,"[1191.6555065107548, 1187.691763176219, 1174.377734116015, 1161.0071864254783, 1143.0438727430067, 1125.4882618989473, 1105.1407351016715, 1080.3953456796203, 1056.2740193105365, 1034.066540130963, 1011.862493352454, 991.5190170450979, 974.0231927708485, 958.162210280371, 943.9588689272841, 931.531580123516, 922.0135426473179, 914.3529751662431, 905.9720930716355, 897.403877221499, 889.2110076239467, 881.3527776907092, 873.6126438475509, 867.4827036055237, 861.9757516894197, 856.7960333617334, 850.906433762504, 843.7879419474476, 837.3538620214925, 831.145676255381, 826.038433599833, 820.8761518625289, 816.0215364210684, 810.9169683674393, 806.7345765586797, 802.3397601697768, 798.4614990563633, 793.3867157693915, 789.8009789865115, 784.9668295415968, 782.6581048374467, 779.1807721050645, 775.7324055289644, 773.17469630506, 769.909012730171, 766.3147224412103, 763.8113805160292, 759.7672394652088, 757.3022264297464, 752.8196903938357, 751.3172391432541, 747.9819215461322, 745.7796328531867, 743.2718414876982, 741.306807242327, 738.8915427802937, 737.5596190796913, 734.6740386163639, 732.948023427735, 730.3611657811621, 728.2957753903352, 726.1655768200367, 724.809775276777, 722.8951966107434, 721.4155413026605, 719.2645130119527, 717.9523348127815, 716.210373008492, 714.2727764594663, 712.4473574154047, 711.4384252101871, 711.3196492925046, 706.8627141261529, 711.3647165669604, 710.1473696878845, 704.8399334423958, 706.6820120976172, 704.2583755875778, 702.9826511240436, 700.4832489717559, 703.4874377655602, 695.1768410083772, 689.5857608701353, 680.0906768541257, 669.7931532095627, 662.2261773673084, 655.4092308823299, 647.9428497665621, 640.918398132963, 634.7302043909955]",0.03,80.0,10.0,False,0.0,0.693922745449288,-0.007489897102072707
methodological_closure_v1,D,NSW,nsw50,sr,0,44,1008,1.0,po_random_5fold,random_50k,full_background_50k,ipp,primary,50000,,,standard_kan_ipp,True,759.2150083460001,182.5655476255301,,0.7037680320355092,0.1485588050805291,0.5431556779860301,0.1566948961013693,,,,,,False,,,247.66518606509027,27.14037096642641,"[476.209678048173, 473.37759368054196, 467.0559794664277, 460.83371214149076, 453.9887063522232, 446.49846574859765, 438.9389620252288, 430.9861356854179, 422.49431832737633, 414.5507815248049, 407.0460313076864, 399.58405469291404, 392.6976862397948, 386.05517881311533, 379.3026118465321, 372.7667660330603, 366.3476999520974, 360.4082748668251, 354.00576482103304, 347.6446030707172, 341.4660497766843, 335.40898361181445, 329.31975189798726, 322.85530365471107, 316.4101394267748, 310.0143045761331, 303.6990017790168, 297.87777786391007, 292.56308472223685, 286.9478269193725, 282.40397593623027, 278.01033872654284, 273.88293037481105, 270.3437179086578, 267.386937509933, 264.0186603443781, 260.3335290559614, 257.2533070185801, 253.96429081841956, 251.21338794582576, 249.12392729621317, 246.38167990998136, 244.28277164006545, 241.94219912273965, 240.9105709804266, 237.77458389289916, 242.04853078266274, 239.27761877377762, 237.68048498078878, 237.27212047240923, 233.79356304414964, 233.2901657652476, 232.15021626366757, 230.99905135296174, 228.8818500677481, 230.76580973980052, 229.32125489089535, 228.42891276654458, 226.20599873435032, 229.4019172247692, 228.3458004015381, 224.1070632551053, 225.7568442901405, 223.27628761300224, 222.63031702506035, 221.5222390880203, 221.87939360219616, 221.12758339977157, 220.13905197223391, 219.14583045506367, 219.103724190252, 218.87569515317801, 218.8742344533966, 217.52299034044086, 216.3542552099983, 215.60463771931273, 216.0156924129393, 214.65888449886148, 216.8613777396183, 214.72155886596636, 217.1631376748252, 215.57290747132424, 214.61934418695975, 216.25180271675515, 213.22703663059386, 215.19262801685576, 215.3748647312314, 213.0715208229661, 212.98736093852978, 211.58988471725445, 212.95186136417936, 213.05493774840596, 212.25854461493375, 210.90606358279166, 211.9072765301104, 212.81626310415223, 209.8067646764287, 211.86700872404865, 212.28824554244005, 209.64118966445886, 210.37598842021234, 208.96833471672565, 208.4058673965866, 208.8570200803975, 207.3274960231526, 207.26435319575663, 208.93526713107596, 206.52585983219507, 209.99241058104067, 207.36410231066347, 214.13486174460402, 213.574977327497, 212.21874612503441, 212.99348251690887, 208.12147773217524, 208.90935038117198, 210.75828513230573, 208.14177701558776, 206.64012724419246, 207.25907334604204, 205.83840085723497, 205.48537047234515, 205.3113146901678, 204.146371809107, 204.7723864114261, 207.51101728499555, 205.38118267540804, 203.55938393653247, 205.57368295289115, 204.91298528145782, 201.9654433728718, 205.94905767870958, 206.68232459020365, 204.67355133717925, 201.91627169910544, 206.72521174071713, 204.90721124738056, 203.67336613615208, 203.1930424659203, 204.30282536028807, 202.18307961472584, 203.96224977769086, 203.10195558661297, 204.38713158317373, 202.18406099382702, 200.90332881992103, 201.19436817115934, 202.09642618249902, 201.20141973363027, 201.06198972173007, 200.8610535683795, 196.54725798579457, 195.07651364596558, 192.48603885993117, 189.78648082746, 188.14529124868704, 186.32556619855168, 185.18072044952604, 183.75270634639378, 182.56554762553006]",0.03,150.0,10.0,False,0.0,0.7379746224731026,-0.03420659043759344
methodological_closure_v1,D,NSW,nsw51,sr,0,63,1008,1.0,po_random_5fold,random_50k,full_background_50k,ipp,primary,50000,,,standard_kan_ipp,True,752.6487907999981,294.1854950668384,,0.5838323353293413,0.0367921786750127,0.1694885677746304,0.0347013594648459,,,,,,False,,,470.2897077741344,27.742457127158048,"[682.2298448055267, 678.3464188893992, 665.9841284876885, 659.0653831967793, 648.0687010690065, 635.6710957024753, 622.7807237220296, 609.378297433353, 595.8961878297955, 580.7412733860352, 565.304621388024, 552.4337020090936, 541.0078128169746, 529.91122404458, 520.5118091394403, 512.0985041780872, 505.088267766511, 499.4059326692656, 493.99831820011514, 488.3621741117329, 482.2107641730488, 475.6343724145315, 468.73498165905295, 462.47147392294625, 456.17183234971816, 449.70580886666914, 443.3152204041563, 437.53802978175514, 432.31999802822367, 427.9774748695433, 423.9001923168134, 420.4247652932145, 416.6897626694987, 413.7073746938017, 410.1310624455592, 408.3242658733841, 405.61816220175433, 404.36730849921594, 402.3869587874983, 399.12457062036805, 396.40979301152026, 392.31804320931053, 389.5043615050141, 385.69339334261883, 383.5437283300523, 380.8305986859581, 378.3519303267536, 377.0212175598397, 374.13186229780894, 372.9537457706403, 369.8690146321211, 372.16907187002147, 370.384325811967, 365.35366885801557, 364.97860289745444, 363.66259092063484, 360.5667236420993, 362.0376332515423, 358.8548769095834, 357.0809505825389, 356.10167302599604, 353.70573381431484, 352.2330901663616, 351.262678245757, 349.2047671695878, 349.83469131997794, 348.35490788234193, 346.6693423289833, 345.27986374799406, 344.44174961802617, 342.4882562844247, 343.8524998137781, 343.09039041396414, 339.99396863809926, 339.294880775796, 338.5045749827992, 337.0831764512297, 336.74895865502367, 335.6549727348137, 334.9680390802726, 334.68297561868934, 333.29525993134206, 332.5421873273569, 330.82201605899576, 334.15261797660423, 331.96019792977586, 330.20468641035643, 330.4927195098525, 328.5660773122579, 327.0854568409327, 329.8065712358225, 327.92974523050407, 326.7487779926643, 328.5834558547331, 324.6669560265195, 326.23182743391044, 324.6029854047152, 325.18226013515016, 324.4293972801023, 325.1883718793958, 324.4549536787998, 324.6460499626562, 323.95249470029586, 322.46410961803605, 321.49560646429154, 321.33275263929835, 320.60364696810103, 321.32736692489976, 320.94248747885774, 319.8682232389145, 319.5134318645663, 321.82032763964656, 319.12279240681124, 319.682383384668, 321.8180590724466, 316.15380128050856, 332.80064700618715, 330.86417126772074, 323.68025281664256, 322.9113630754607, 324.67099509082425, 322.77366966255767, 323.4380655414182, 321.7231204755568, 320.80122629813286, 320.5542143240795, 318.0558745908111, 316.67155909597506, 319.27937521898417, 314.4161735511433, 333.16879912545824, 334.60115074125895, 315.42340878893935, 337.5086407346952, 350.0634956606586, 328.933764045378, 330.051350433439, 339.6323391816729, 332.8754275241444, 324.0747827083825, 326.3026043637255, 327.5237825623139, 321.6265386135628, 321.0760952862307, 322.89154022603475, 315.54050432637234, 323.11028005235784, 326.0744164260455, 315.49721670765797, 320.4092115989832, 324.2613775824549, 311.1791371605022, 310.27046873840794, 308.28894101672756, 305.37315018553113, 301.34995466053516, 299.198465612211, 296.7104840709998, 295.3951082351136, 294.18549506683837]",0.03,150.0,10.0,False,0.0,0.6274118429807052,-0.04357950765136387
methodological_closure_v1,D,NSW,nsw52,sr,0,186,1008,1.0,po_random_5fold,random_50k,full_background_50k,ipp,primary,50000,,,standard_kan_ipp,True,549.1996908209985,1169.3172324513573,,0.7414500880693051,0.3760142347032565,0.5535705781999917,0.3297481034759135,,,,,,False,,,197.3164496523699,26.066600172061765,"[2013.9681465928302, 1998.1791693080615, 1959.1428230697638, 1926.7015485707354, 1887.4679026354106, 1846.8433053079502, 1808.796784531432, 1769.4323580290888, 1729.9251728999682, 1693.4292988238715, 1659.8977345310682, 1630.0472116865992, 1602.2069012644927, 1575.4944249559621, 1550.8527920666465, 1529.14210735716, 1510.754466763186, 1494.3480866941031, 1481.5756799253893, 1471.8482639986607, 1465.1286197622735, 1459.0268034626213, 1452.7168051425747, 1446.3384247072247, 1439.9790171727352, 1433.5602398332305, 1427.2685061021791, 1421.5716834194054, 1415.5860953675003, 1409.3677036578063, 1402.933662717055, 1396.465404119347, 1389.7745721710671, 1382.5109302730566, 1374.8803167088572, 1367.7498137506564, 1361.8265911985916, 1356.5523933658446, 1351.5817528177542, 1347.4506012002576, 1342.2180170530362, 1337.4751274030334, 1333.2499157655332, 1329.0379918176318, 1326.0330901687864, 1322.180330993702, 1319.4206001703433, 1315.931968155696, 1313.157637343503, 1309.4837414812243, 1305.571277476717, 1303.451737455802, 1299.5288419170113, 1299.124968820684, 1294.0961316169632, 1297.2665535441706, 1295.2048105579013, 1287.5772420249077, 1288.8450757752237, 1283.8351615838953, 1280.9499321064493, 1280.1693080725213, 1274.7168637980203, 1274.5772815285648, 1269.8821263638472, 1269.7902207399168, 1268.9472396287713, 1262.2957024023408, 1264.449857633874, 1262.8039339174584, 1255.832688289397, 1257.7507963908106, 1257.3317152208315, 1250.5243897254404, 1249.4754549462734, 1249.024145382534, 1244.7851414105503, 1243.283945690832, 1243.2890695680833, 1239.0682202949874, 1237.1352938017756, 1232.124075282211, 1222.511818236915, 1210.541253958318, 1202.327471834059, 1196.0737110294594, 1189.6940260665926, 1182.4012427589798, 1174.9170916754497, 1169.3172324513573]",0.03,80.0,10.0,False,0.0,0.7897695819404005,-0.048319493871095354
methodological_closure_v1,D,NSW,nsw53,sr,1000,34,1008,0.1,po_random_5fold,random_50k,full_background_50k,ipp,R1,50000,,,standard_kan_ipp,True,1148.1029737439967,126.56159048811512,,0.6357080832106317,0.0489244238180342,0.3411207788799234,0.0736611557667253,,,,,,False,,,180.635627672981,27.593846372110143,"[367.8068663847707, 365.75630516900895, 363.7180057620601, 361.73045408587075, 359.8314337036675, 355.9267025087585, 353.7927826487578, 351.58261842285043, 349.29504796731766, 346.8771549647856, 341.58988680372534, 338.817479898734, 336.04432505133167, 333.2883702911413, 330.5321029048041, 324.9807716766885, 322.22271341777014, 319.4872197659677, 316.741106601379, 313.95311150524594, 308.29666132290066, 305.46481225987634, 302.63611080736575, 299.82583482781473, 297.0487823149803, 291.5701072844854, 288.85224751350574, 286.1594714084357, 283.4758454733727, 280.7767882710275, 275.40302703147614, 272.7984233418692, 270.2632896922653, 267.79811423015684, 265.39299971683505, 260.7926852426682, 258.6017023374523, 256.4619085437516, 254.33128107785078, 252.17229936235174, 247.6565573473918, 245.20426516925716, 242.582937975766, 239.88344805035968, 237.25919883960955, 232.3201483035588, 229.87238979150763, 227.43512268690483, 224.98184172508567, 222.5163305003816, 217.60333384516625, 215.18831801107802, 212.80361825389775, 210.444209439831, 208.10405357233068, 203.56920227416555, 201.3746176387344, 199.13241079195328, 196.8211952639402, 194.52035706063882, 190.20638786998023, 188.24138749371738, 186.38458514138534, 184.6284880263027, 182.9324858557942, 179.6993123435686, 178.09539191930915, 176.5257765045664, 175.0395421037784, 173.6529646096985, 171.065864808158, 169.91568952573465, 168.83656011846477, 167.79840494421683, 166.87017846876762, 165.02029031800024, 164.0963590026283, 163.02972575515162, 161.73368268876604, 160.37939102825266, 158.6106368720798, 157.97171503441112, 157.24366986864152, 156.36025532524155, 155.43383022586636, 153.10451894949742, 152.2996456699201, 151.41775497570657, 150.90635607882558, 150.39358759560332, 149.23897436423204, 148.68181162076166, 148.49644198904488, 147.95122978502656, 147.47530649434987, 146.93527527369372, 146.59401328289022, 146.22194413753266, 146.03006273046043, 145.63937877285903, 145.19265065483103, 144.85207959695748, 144.84051154068223, 144.35505302255447, 144.44996786872147, 144.43833870130985, 144.0722306679836, 143.9025800965843, 143.63994915755785, 143.45747536153698, 142.8831105247446, 142.9489209159158, 142.8997440290688, 142.28139803325155, 142.70432926295675, 141.97810687123376, 142.05977655321502, 141.77076501081157, 141.83646658853368, 141.55087687190013, 141.2529758391345, 141.46648008020227, 141.3609409172605, 140.95617603310768, 140.9869518347553, 140.99929977215174, 140.8713647125644, 140.48470900546806, 140.50724134464934, 140.345091035702, 140.2313325726977, 140.09074939168553, 139.89442443090044, 139.77221952516805, 139.8398121151612, 139.5619471475462, 139.4896223505262, 139.283819284374, 139.4769641567562, 139.19184076935704, 139.08045446194964, 139.10515775419145, 138.83250359545076, 138.6241704166527, 139.43510078842192, 140.12981499971633, 140.46477497963681, 138.65111473657828, 140.18827998239274, 140.6917252963997, 139.95467255857326, 140.76114947261314, 138.71859462941694, 139.78903238894026, 141.05298458107563, 139.05982158768097, 140.26434615885427, 138.94291997152638, 138.40780779031326, 138.9319364425803, 138.12704271176682, 138.47357148716043, 138.05852947267402, 137.92222211060974, 138.02516409861843, 137.8715638113098, 137.5903318917685, 137.77003747767475, 137.47730431384073, 137.82447766934789, 137.33195648327415, 137.62805554841205, 137.3676453974072, 137.17152173761565, 137.79550553322852, 137.79376921749466, 137.8299784846097, 137.5445278916548, 137.1437105873815, 137.99322998387086, 137.21512480420878, 137.1436498659232, 137.3446099663662, 137.09013741916732, 137.22577251961883, 136.99114007644064, 136.76837649593904, 137.44223133311928, 137.12910281459187, 136.24933721929267, 134.80174957352537, 132.9316708275386, 131.7746798363168, 130.92496148157616, 130.36727308054955, 129.06415717064448, 128.55320071668814, 127.94004880157266, 127.36025193434168, 126.56159048811513]",0.01,225.0,15.0,False,1.0,0.6516404273794691,-0.015932344168837487
methodological_closure_v1,D,NSW,nsw54,sr,0,118,1008,1.0,po_random_5fold,random_50k,full_background_50k,ipp,primary,50000,,,standard_kan_ipp,True,559.9779488939967,784.8122410032431,,0.5427908774642443,0.0163860563976289,0.0846692781474226,0.0079608605681889,,,,,,False,,,638.3325240908696,26.537925977543814,"[1277.038019300151, 1267.7426395829532, 1254.2678417102904, 1241.28170130964, 1228.6358564339635, 1215.7971599137204, 1203.084013135696, 1192.2185623246435, 1183.1943614138027, 1175.7097099512948, 1168.6323763672706, 1161.7226688471876, 1155.7178601665382, 1150.9876174043568, 1145.9896202350728, 1140.1733180815565, 1134.7993858597613, 1130.406710192014, 1124.7942937531425, 1118.6620830412583, 1112.522120942804, 1106.041064528086, 1099.2301803549753, 1091.556571342767, 1085.546833946242, 1079.4678242424231, 1073.032936349483, 1065.7878125396273, 1058.7365117391803, 1050.5730547972837, 1042.5083236757764, 1035.4395268752266, 1028.0907079576546, 1020.4137833740805, 1012.1112624793379, 1003.4686597856186, 995.5678253631465, 988.2849882883434, 981.0459639520774, 974.1390776493183, 966.3456796679396, 958.8539388634479, 952.721605275812, 945.9968092218855, 939.532984478678, 933.492825546049, 926.7530235150285, 922.380145293901, 917.5234033801665, 910.6890753184342, 909.0444232270795, 904.0170344803266, 897.5438094580865, 898.8055256736252, 894.8670747521415, 897.3699222717757, 890.4942295917702, 892.1532395884059, 891.0819670089313, 880.7778674663903, 880.2957353974941, 875.8771529236051, 876.8496632354501, 869.8176960697064, 877.7290805576731, 873.9060813154009, 866.9713200123816, 864.5543886879942, 860.1152367249326, 859.583951628571, 857.5676199260178, 853.288856320321, 862.5121803664174, 857.9570374676604, 855.7270945046929, 855.1258096807034, 849.9330109375302, 854.4024123671176, 849.4281334557202, 849.76270721575, 850.0891763241709, 839.7395822522664, 835.2301027046615, 825.2908759422891, 818.061890718806, 811.4227133167415, 804.9191671991445, 798.4151505411537, 791.4683472487857, 784.8122410032431]",0.03,80.0,10.0,False,0.0,0.4542713567839195,0.08851952068032476
methodological_closure_v1,D,NZ,nz01,plant,0,23,19120,0.01,frozen_n_po_lt_30,random_50k,full_background_50k,ipp,primary,50000,,,standard_kan_ipp,True,1043.957638798005,72.51613664044713,,0.7718287101093861,0.0122925978604277,0.6227771096146109,0.0597688051845957,,,,,,False,,,366.286981557595,26.372378528389085,"[248.5684473966051, 246.57148945405388, 243.23702898912148, 239.0802437201764, 234.8368578667459, 227.0866855321935, 223.03820631564233, 219.22490754269688, 215.7394935289928, 212.29331346280424, 205.15456904384786, 201.80144670805308, 198.5118144512883, 195.1676335415705, 191.75712776367666, 185.07424540230033, 181.86591889147957, 178.98366285192736, 176.4716528810457, 173.9334161322664, 168.40454596719198, 165.0790299633919, 161.2634993678195, 157.0852016920434, 152.94703981086732, 146.29121541664605, 143.28152177841812, 140.13094983074566, 137.01606760749723, 134.15934544854832, 128.65613091254164, 126.33049778117238, 123.81657860459846, 121.84854765835486, 119.49125135607227, 115.17278305219904, 113.45845940533229, 111.79581044710294, 109.91632012377431, 108.75199462374657, 106.53225857222779, 104.93764972275946, 103.95159321232865, 102.38808757405567, 102.90300627158456, 101.8954136987292, 101.05448169856733, 98.35380885439051, 99.8417870084746, 98.58398188029084, 97.54217144511303, 96.21830171671888, 95.74860533729739, 94.80361827736749, 94.73236887530709, 93.09883221675507, 92.6840466373381, 92.95798230714163, 91.51565912034438, 94.1651590577686, 90.70063278421135, 94.16143694378611, 92.06253173765555, 91.62692785159915, 92.27001301167404, 89.47023362988399, 91.3935913581828, 89.24182098430623, 91.21388503980538, 91.12360847403254, 91.88697006090234, 91.2720500315053, 87.74536216104164, 89.01291366423108, 87.26337044497417, 91.52968228668989, 86.67951312875414, 91.82841334128838, 94.26840484320061, 88.73588597617713, 89.91380296567992, 86.76222865428655, 87.64116863014112, 89.04880173487395, 86.18296723470517, 88.58256731393678, 85.88485747283156, 85.63360936170703, 84.75220084591302, 86.48356327970714, 85.18152218014414, 86.83090252065938, 86.9934634508581, 85.56975244317542, 85.01799319943375, 84.0680230231533, 86.86651808330248, 84.35153767200653, 86.29253343282565, 86.97540896586696, 83.90618855549302, 89.72540953647774, 91.80561534437756, 85.07748812669215, 84.48576166348847, 84.5921417363481, 83.93741965545293, 84.67219602756931, 83.43205987109587, 83.20399422162271, 82.66221797663322, 85.55238938140648, 86.80118852659065, 84.5056886640718, 83.29915888627683, 82.72346479193388, 82.15811736588621, 81.97109763730015, 81.51934514026918, 82.22006263188374, 81.13602498512056, 81.41514983781235, 81.64533856643438, 81.53350783382905, 80.65172290393184, 82.88361383092457, 81.82095533688205, 82.32920669992279, 82.05254220506193, 80.86684712911321, 81.79688450551649, 81.54082372269669, 81.47040371651637, 81.24781957871998, 81.56063909473268, 79.6376638949034, 80.29038394614443, 81.21516022648997, 78.86985820961769, 81.76840726751855, 82.29482167275539, 80.98999577039146, 82.273976672987, 81.84834044704559, 80.23372002376846, 79.89268451687393, 80.52135335498487, 80.14068961289075, 81.5067927778881, 79.92785123634393, 80.4615788355352, 78.92245404219653, 81.14778120523658, 80.36277784210746, 80.31791889599921, 80.37583546266725, 79.15929930320421, 81.07087007423945, 82.06237698171746, 79.48017712387, 80.05097128210667, 79.21480091964945, 78.8155038567903, 80.12193293533292, 79.74983317874528, 80.49033723751457, 79.00490746991785, 81.67048915034968, 80.30612794077045, 81.34719768179941, 84.0572809980712, 83.01400764043983, 83.45015903416119, 82.31582089718313, 78.74121884613369, 83.51158782538134, 81.78393629890523, 78.45379410093858, 79.86777658889172, 80.57540759958884, 80.2998240819039, 79.86439296320972, 80.41306624821243, 79.20581263137414, 81.44579548968125, 80.58885421628457, 80.03469580818529, 79.9573504847926, 78.41227512266595, 75.94118634192934, 75.20758747747902, 74.6760265782747, 74.16923240203671, 73.68988151253288, 73.29388706545137, 72.92987367777211, 72.74383503696647, 72.68111619218153, 72.58052394807702, 72.51613664044713]",0.03,225.0,15.0,False,0.0,0.7344564570868758,0.03737225302251035
methodological_closure_v1,D,NZ,nz02,plant,2000,80,19120,0.0001,po_random_5fold,random_50k,full_background_50k,ipp,R2,50000,,,standard_kan_ipp,True,1029.769075418997,418.8482208673845,,0.5911363797867316,0.3460825891473399,0.1968673959977501,0.1456381593856437,,,,,,True,,,55.720752549173255,25.656008640280472,"[865.714307007098, 865.1455699234605, 864.5405481231476, 863.8177346874168, 862.9559121635435, 860.8646614773413, 859.6661650900194, 858.3765384804166, 857.0034856368111, 855.5607110902058, 852.5369229094464, 850.9886954275335, 849.4307872886346, 847.8658927917675, 846.2909373878111, 843.0818678229823, 841.4321265681093, 839.744284158331, 838.0150945442217, 836.2434231227614, 832.5777966084688, 830.6892930323245, 828.7674939279511, 826.8154169022035, 824.8369055415716, 820.8212967524036, 818.7952507943239, 816.7632913032432, 814.729096427683, 812.6959755863126, 808.643214478811, 806.6227123339517, 804.6016751680341, 802.5775179836777, 800.5495733157828, 796.480584551529, 794.438451024944, 792.3925083821717, 790.3455333279894, 788.3009241825281, 784.235510051007, 782.2203315759584, 780.2154909443924, 778.2179717786146, 776.2241917541253, 772.2294029400024, 770.2201174544485, 768.1970101251887, 766.1573177397696, 764.0995441597719, 759.9251152906307, 757.8094931891061, 755.6773475633483, 753.5320537402911, 751.3768369729731, 747.0494044306147, 744.8825178224288, 742.7166476706424, 740.553754957859, 738.3949013665195, 734.0806168718339, 731.9148166803465, 729.7344745436558, 727.5335058840866, 725.30684867345, 720.7668546561611, 718.4539431461457, 716.1153258192261, 713.7554696814079, 711.3805343843468, 706.6247772378473, 704.2635195729121, 701.9183056783871, 699.5832174037381, 697.248034709186, 692.5545798887779, 690.1982871319545, 687.8410658450895, 685.4849671175011, 683.1307988763523, 678.4287529195876, 676.080998790958, 673.7361268075903, 671.3949011768462, 669.0572046758207, 664.3815758014492, 662.0304551380007, 659.6620343709124, 657.2777389886622, 654.8880122967256, 650.1821089509275, 647.9190707570156, 645.7272019220943, 643.5975099538065, 641.5200645925372, 637.4909415459202, 635.5272946676479, 633.5951502421626, 631.6996647643166, 629.8442955302966, 626.2479704878333, 624.5060349681834, 622.8052726514986, 621.1508194740161, 619.564175317459, 616.5074415795605, 615.020154690431, 613.5883204823398, 612.1650860150847, 610.7158629309173, 607.953564818692, 606.6001967351805, 605.2505775626224, 603.9277053414716, 602.6347541025013, 600.0868059028693, 598.823819095082, 597.5684018521417, 596.315056468741, 595.0565562189795, 592.5461410215643, 591.2954803204792, 590.035255081705, 588.7892938640329, 587.5574264934482, 585.1260661219571, 583.9090057748654, 582.7136172422764, 581.5351411125672, 580.3761025075236, 578.064012369034, 576.9353566841041, 575.8505806603785, 574.7581655883713, 573.6536129085715, 571.5410129992023, 570.5131772721523, 569.4608465210813, 568.4392507287022, 567.4451747716278, 565.5100882396625, 564.5668474456373, 563.6701043514125, 562.7474905646902, 561.8570346206146, 560.1447487781325, 559.2684362245877, 558.4302531054391, 557.6432646094224, 556.7767628548883, 555.1772913648502, 554.3555153599059, 553.5508360441014, 552.7638063660563, 551.9681242475043, 550.353319773905, 549.5668691743202, 548.7594674792044, 547.9537047815886, 547.1903599197177, 545.612116123931, 544.8516720382902, 544.0704019135558, 543.3279250457359, 542.5989610290999, 541.1125238577669, 540.3824267567343, 539.6411805308773, 538.9283847488053, 538.2063422019581, 536.7551177586739, 536.0411971050229, 535.2983194260748, 534.6004121221515, 533.8563048554545, 532.4180226415631, 531.6867427474153, 530.9596520115144, 530.2655654420367, 529.5258858169451, 528.1204920320185, 527.4088831962267, 526.7226716603748, 526.022547352422, 525.3212832075346, 523.9823376691019, 523.278137671171, 522.6191776908223, 521.9382762910611, 504.6167049861806, 478.56533750522203, 471.0667091830483, 463.71223000754856, 454.314339858779, 445.6602943464018, 435.29690063139054, 431.9971107960159, 428.4040959148851, 424.70134071213914, 418.84822086738444]",0.005,225.0,15.0,False,2.0,0.8007585897473412,-0.20962220996060954
methodological_closure_v1,D,NZ,nz03,plant,1000,32,19120,0.01,po_random_5fold,random_50k,full_background_50k,ipp,R1,50000,,,standard_kan_ipp,True,1010.977410047999,111.60586143198478,,0.5509946364547017,0.0155344994746151,0.1739267626714505,0.0223792002625673,,,,,,False,,,124.65653344434932,26.915392471772225,"[346.22498357975377, 345.72279978994374, 345.0442678016538, 344.11852531659736, 343.01412729967, 340.26681722427776, 338.64651443197795, 336.9193437235577, 335.1165974233503, 333.24284165472807, 329.2162336016472, 327.06792500132235, 324.8549590342112, 322.5873031640965, 320.27029903500807, 315.50103818212233, 313.04239953614274, 310.5349286420504, 307.99083679284837, 305.42832137724565, 300.2991218476713, 297.73278307077095, 295.16638828565436, 292.6139768391391, 290.09380823503403, 285.18229501288545, 282.7919497768272, 280.4480830063319, 278.14804534804625, 275.88746710551015, 271.4448397292564, 269.22196030035184, 266.98351623163137, 264.7340853762153, 262.48850938966024, 258.0466149052693, 255.83219690027346, 253.6128166961906, 251.37699185752234, 249.10582452918408, 244.44991005824178, 242.1079618569648, 239.77756557297528, 237.45885364045094, 235.1633272859353, 230.6807085561739, 228.44930890059553, 226.18493942143328, 223.8859114110792, 221.55302778155195, 216.83954427877177, 214.47472599292936, 212.0964147695802, 209.70178442738055, 207.29443192567362, 202.43203131110985, 200.01507781944858, 197.66536367059226, 195.43754756485492, 193.2459627549075, 189.064380121968, 187.0533380101245, 185.05047161793556, 183.06298218589822, 181.10906308538193, 177.23769441775158, 175.30958427058798, 173.4328262206852, 171.5725786795072, 169.73680604194573, 166.19806837289306, 164.48296211600345, 162.81527961195863, 161.2631841438632, 159.8337263362791, 156.88630949400905, 155.61677339173013, 154.24068454061003, 153.02533851317742, 151.90086210641851, 149.6304905922532, 148.64385731290614, 147.50495382489362, 146.62762939193766, 145.65471547969648, 143.97836992538254, 143.0590215673751, 142.42923658644028, 141.6410675606867, 140.95116595047867, 139.72888581290673, 139.27492559940373, 138.58707231570338, 138.13371249314318, 137.6462856886652, 136.84252025246988, 136.19542770855492, 135.91828353387007, 135.37025475012751, 135.17355609653393, 134.41348543089887, 133.8951063418729, 133.68343068353528, 133.41885276383118, 132.9384373057278, 132.42840458023605, 132.53898653825124, 132.2484251644029, 131.92546436756948, 131.73106703116954, 131.21985025863555, 130.81850120871664, 130.70309162820507, 130.47291558676014, 130.26941677624006, 130.04797311598875, 129.6774765756494, 129.88241264523035, 129.6297061318652, 129.3691370245409, 129.06991589220962, 129.03027415448645, 128.93171223909118, 128.78275900626093, 128.35495278441837, 128.49560442037196, 128.067544467289, 128.78600050499156, 128.72010114331206, 127.97626733152572, 127.74537893925697, 127.75270324221731, 127.53103025171448, 127.57108467040925, 127.37078191816141, 127.52568401543115, 127.02845826550825, 127.41967899230397, 126.90851959975893, 127.52096853637003, 126.66842752026982, 127.14236268633134, 126.9239606970565, 126.50462487497589, 126.40230484005191, 126.57290067663763, 126.3257886836687, 126.48191604392986, 125.9793779809635, 127.3361402904595, 126.02527723884299, 126.0184295368628, 126.0765600277137, 125.85533990544913, 126.53118647268644, 125.66021010821856, 125.53502404579963, 126.17715937511699, 125.88390627622535, 125.73818815915733, 125.46793328731603, 125.35641986035482, 125.77466055845767, 125.65333286350287, 125.22653947574774, 125.6804732323552, 125.51370796095415, 125.09696205466052, 125.01141641939303, 125.3149264843385, 125.03078739441936, 124.92150217843597, 125.08503747513639, 124.9517077798018, 124.91036307517372, 124.85200128015306, 124.73935411328043, 124.7610539040328, 124.6280609456686, 124.75333434750934, 124.64135006155306, 124.53025401308253, 124.55331535099826, 124.4470066832995, 124.47534362639654, 124.3787160846683, 124.24583928372785, 124.39668408339584, 124.26419018517291, 123.70956306008969, 117.51831403538228, 115.55659276102894, 114.5625762278939, 113.67650218918875, 113.21739222367694, 112.3055483078337, 112.13585476957508, 111.92817144724741, 111.79167682982295, 111.60586143198478]",0.01,225.0,15.0,False,1.0,0.6591614575600733,-0.10816682110537157
methodological_closure_v1,D,NZ,nz04,plant,2000,48,19120,0.1,po_random_5fold,random_50k,full_background_50k,ipp,R2,50000,,,standard_kan_ipp,True,1046.1192557340037,212.97159901004449,,0.5069505856323344,0.1000413913751669,0.0359614632462461,0.0079861627324806,,,,,,True,,,27.420799199705968,26.094370893951503,"[519.5128757358322, 519.2652441706005, 519.042730922296, 518.7976221034094, 518.4936754804258, 517.6572689630085, 517.1314923855352, 516.5462844237336, 515.9118300638054, 515.2360642506931, 513.7729435063932, 512.9821688920318, 512.1472634821557, 511.2665251159264, 510.34159094046726, 508.3837408529659, 507.36864572212875, 506.33976587888316, 505.2994574143946, 504.2446879567866, 502.0657682041435, 500.93132381927256, 499.7650476421497, 498.56784643584575, 497.34059130277984, 494.80223868685664, 493.49803924967614, 492.1765926300619, 490.8408032857361, 489.49051142219025, 486.74348631497, 485.3507094121971, 483.94887804860633, 482.5399306501576, 481.1266786325798, 478.2979046582896, 476.87989603550363, 475.4560012423221, 474.0276435126266, 472.5968955103304, 469.73077991637365, 468.2992769256981, 466.86954670498704, 465.44033525480927, 464.0128638177169, 461.1674519688458, 459.7510764960446, 458.3403517286453, 456.93403469578067, 455.53165848196863, 452.7375467833714, 451.34623067454027, 449.9601435136551, 448.5789298371999, 447.2027677262431, 444.4637073611873, 443.10071589775754, 441.74174932721826, 440.3872651290975, 439.03723217825956, 436.34973825712024, 435.01191297821003, 433.677899644595, 432.3466706546313, 431.0167626899583, 428.3490057407515, 427.0045199577191, 425.64913600340384, 424.28080424153666, 422.9001990277051, 420.1146667038796, 418.720476293289, 417.33410687403847, 415.9617612989465, 414.6066467205838, 411.93355316981666, 410.60340321144736, 409.26846375466124, 407.92349251586523, 406.5663888583569, 403.81804108349013, 402.43219451889047, 401.04383778645376, 399.6555642273318, 398.26871572315656, 395.50066089037557, 394.11568638054484, 392.72435892838945, 391.3225376580528, 389.90729795401614, 387.0339451770045, 385.5772590903741, 384.10890797527065, 382.6305119119716, 381.1438289875807, 378.15308842765114, 376.65306367422596, 375.1531097682528, 373.6602986857974, 372.18794941466774, 369.22658954178564, 367.76131183051154, 366.32010990334436, 364.84355210315755, 363.3719685478089, 360.4518920237272, 358.97523775267075, 357.51794871525107, 356.04802095104935, 354.5680555770167, 351.63493307730835, 350.1536437254138, 348.67826616187637, 347.2081917858817, 345.729954281099, 342.7773712862301, 341.30959669528374, 339.840552908836, 338.3744590963028, 336.9191041412171, 334.1166194538763, 332.6816179891349, 331.27890578564796, 329.94379685880796, 328.61553275575864, 325.93693549108133, 324.6529487452673, 323.3478861194798, 322.0528671967362, 320.79662433111594, 318.2582855249693, 317.00721422140305, 315.7722417221761, 314.52078814545354, 313.25106242362364, 310.7191547679961, 309.435362760734, 308.1410399623391, 306.8575383487352, 305.5799054886161, 303.0504833335393, 301.81484914365245, 300.60390165869126, 299.38953543536485, 298.1845522786123, 295.8854714880962, 294.7350673961094, 293.6062664235719, 292.4992667162284, 291.43822575856933, 289.3039463430221, 288.27621695141664, 287.27722756305957, 286.2881209210769, 285.2949483403537, 283.43498757185563, 282.4879451311183, 281.56535503081733, 280.68221236226367, 279.81933251957264, 278.06913859991386, 277.2221283420777, 276.3968909296404, 275.5648570837413, 274.76350959682605, 273.2390627530871, 272.5322864000842, 271.83700201067376, 271.1088373222388, 270.448247863666, 269.1240236324669, 268.52596450573753, 267.9361374862927, 267.23648379581175, 266.6895092841708, 265.4975397490046, 264.9911694265326, 264.3545857521284, 263.8810485085178, 263.27880876642195, 262.3086918620091, 261.69836441536836, 261.27251057560176, 260.6932667140481, 260.2161291111599, 259.21859465460994, 258.84045276422415, 258.26838560745085, 257.87535142152836, 250.47225008767364, 234.45652386005267, 230.9100521532515, 228.15805126868545, 226.37016477503926, 224.1388352213927, 220.35683411761832, 218.62403381876734, 216.9320660318615, 215.26995913785004, 212.97159901004449]",0.005,225.0,15.0,True,,0.7789717275076045,-0.27202114187527004
methodological_closure_v1,D,NZ,nz05,plant,0,211,19120,0.1,po_random_5fold,random_50k,full_background_50k,ipp,primary,50000,,,standard_kan_ipp,True,498.5064836680031,1726.3646913211596,,0.6316896564822339,0.2323792329354712,0.2929702977032414,0.1720693721961731,,,,,,False,,,101.49881940625026,23.40811266478161,"[2284.7312418839297, 2275.458388524594, 2263.0912731022154, 2246.950694450569, 2225.9198513103715, 2204.235883599941, 2185.846039434697, 2171.287213780088, 2156.740998393793, 2140.276834920704, 2124.2599479464957, 2110.7677386284186, 2100.0832856033885, 2091.3787578263236, 2081.871191664532, 2072.6154144525126, 2064.983422587257, 2058.160390624765, 2051.389323321846, 2044.231507532291, 2036.564574523204, 2028.644516032628, 2021.5446448774476, 2014.8547883191638, 2008.2640193451984, 2001.5880029679133, 1994.349415514036, 1987.292068613206, 1980.2335094437778, 1973.3413776011523, 1966.8264784333198, 1959.9625321982196, 1952.9191339445158, 1945.8966415326647, 1939.1934761447012, 1933.077126575241, 1927.438188174336, 1921.6895375737174, 1915.7943822803124, 1909.9792587613338, 1905.2545701858276, 1901.1651145918167, 1897.4501244549222, 1893.527045103873, 1889.0442474085146, 1884.5535284638934, 1881.5672613833112, 1877.3318174224764, 1874.4346880167475, 1871.6337288636066, 1869.586735141265, 1866.5380250104765, 1863.5204601092742, 1863.688779134728, 1860.0149145440912, 1864.4724834447238, 1864.0226541733366, 1854.9550373611494, 1861.7467911458598, 1863.0192012510142, 1854.2324659460435, 1855.6292574836498, 1857.442694819343, 1851.8814145321276, 1848.5949309258633, 1850.1242069985497, 1845.526773480568, 1842.197312961213, 1841.969197716243, 1836.7743738227393, 1841.3339995498668, 1840.331544997218, 1831.4797356783417, 1833.4757011678028, 1830.426529415514, 1828.7692162212559, 1827.115423368539, 1823.1999385187464, 1822.0802360221244, 1819.0181459069956, 1817.371658515822, 1813.0876775440067, 1795.550554101538, 1781.888981190687, 1770.6523427197585, 1759.469478956918, 1751.0165976785036, 1742.2985891832275, 1734.3703861593967, 1726.3646913211596]",0.03,80.0,10.0,False,0.0,0.7421681789095432,-0.11047852242730938
methodological_closure_v1,D,NZ,nz06,plant,0,35,19120,0.01,po_random_5fold,random_50k,full_background_50k,ipp,primary,50000,,,standard_kan_ipp,True,684.0889006349971,146.356705598308,,0.5199337210460204,0.0828553456707214,0.0839182668278698,0.021042022336693,,,,,,False,,,219.76744380831784,25.47330453501468,"[378.97934539896784, 377.9798507628354, 375.3692774721236, 372.06414308005895, 368.12715321721066, 363.539387161144, 358.07781976814107, 352.0618593992388, 345.92235875938985, 339.47402065547004, 332.87720138631624, 326.78151023104743, 321.08723389286104, 315.5300545972161, 310.29832200051703, 305.0577497300059, 299.7659479238199, 295.0880812803013, 290.6961048516109, 286.67636529186785, 282.81197517568836, 278.937717043931, 275.24339021136177, 272.00382431012156, 268.8861707819761, 265.6811450860062, 262.30906315483503, 258.64748567523793, 255.40477588164487, 252.39605742580957, 249.44082214899385, 246.61185794495404, 243.58915219184863, 240.67903375123402, 237.79456647385032, 235.011874556981, 232.53213254123, 229.73193112400517, 227.1918258327778, 224.73058369047877, 222.183117526934, 219.70650762137242, 217.19302537840852, 215.04252644713546, 212.71344520790964, 211.007695124213, 209.4840125218489, 207.75515519441637, 206.41715901328712, 204.86951242693337, 202.98392659172853, 201.57744389622243, 199.76232697475035, 198.2237751209814, 196.8482695870534, 194.98373700309676, 193.3735056630724, 192.4970267108099, 190.58029011674236, 190.14525500694455, 187.81702061822992, 191.50074462934862, 190.75970509774197, 185.36325132042458, 188.89394402085705, 189.30314829187856, 182.73969525348582, 188.51728019592258, 193.39168390378055, 186.07238739240836, 181.22191670500834, 185.78193259951047, 186.79886125271284, 179.49430223232304, 184.73086945335712, 189.7303192795562, 182.8490695007532, 178.30811907939696, 181.75358814119923, 181.83196423222074, 176.66642632006295, 182.17593684735897, 186.98894538089587, 178.85565934227424, 177.6168965679745, 180.0021847240569, 179.76548888483063, 175.01981961823046, 178.36464935505842, 181.02295457930867, 175.15721889147179, 175.63362574045317, 178.15210391164223, 175.51020534178357, 172.60910928953828, 175.25884527685787, 172.65251659697282, 176.67509701987714, 178.05101329147678, 172.2257947404629, 175.48919279783146, 177.19570776090677, 172.73230141229595, 173.1142214922332, 174.21559663140553, 173.1690377896829, 170.03315849633117, 173.41445755737865, 171.2636049801243, 171.08158809660586, 171.35172229680296, 169.4393465691361, 169.93952880045057, 170.3755022794999, 168.4548531713391, 170.9640934212976, 170.38657505627168, 167.746613203188, 169.02414805547338, 167.73076587317766, 166.81964994365666, 169.1466873943206, 166.29142518136908, 169.67974184959618, 168.56539800388683, 166.98689387320417, 166.77925691617475, 166.62183596111112, 164.95735477792527, 168.432474417092, 168.08560505363914, 165.11754552164265, 166.41744181812177, 166.63065705039577, 165.0045137725325, 165.1558369922742, 165.6749302798566, 164.99950601382739, 163.05419148748314, 167.1539397054954, 165.4772886537956, 163.76012516552572, 163.2940065879605, 164.3546371281983, 163.8555742893939, 163.26383184275832, 163.2275987406811, 162.69104878754672, 162.39121743067145, 162.41232563618794, 161.8722970668052, 160.23384002232535, 158.1000290000292, 154.01685791847268, 151.54041033418255, 150.04633021066303, 149.02962085744304, 148.07190489474402, 147.12072756630207, 146.356705598308]",0.03,150.0,10.0,False,0.0,0.6505437763123854,-0.13061005526636493
methodological_closure_v1,D,NZ,nz07,plant,0,65,19120,0.1,po_random_5fold,random_50k,full_background_50k,ipp,primary,50000,,,standard_kan_ipp,True,676.6043133799976,365.7440524657466,,0.7708916777739505,0.0127024465423854,0.644491651133485,0.0551886795689544,,,,,,False,,,448.6640928691653,26.88492452509396,"[703.2807949439202, 699.6651986333011, 694.1304577768985, 687.7155403683313, 681.0480873750887, 673.9619495429174, 666.6931168378994, 660.1663739348985, 654.2476301185754, 648.3005764794607, 642.7163542328104, 637.8821150306388, 633.1993526017176, 628.6814526821107, 624.2153047633511, 619.7001712133915, 614.9759098173508, 610.338654035667, 605.7057381136179, 601.3635453558779, 596.9430208733031, 592.2789432339292, 587.3354271463053, 582.1147789455372, 577.1435687170972, 572.739066851375, 568.95149049479, 565.1636870333043, 561.189138047582, 557.0465345892226, 552.686019337118, 547.9705171717138, 543.0040479742004, 538.1385318065336, 533.9937264083774, 530.4460326406831, 527.0389244285889, 523.0916324552516, 518.9141361555103, 515.2546388310653, 511.7900676031487, 508.3146607940171, 504.3156843580069, 500.518222389711, 498.05693936733127, 496.00517259564873, 493.5323969218887, 490.29813058594794, 486.96379793541433, 484.2071406182405, 482.0839926867507, 480.26866799876825, 477.7237641948252, 475.7315549428012, 473.3927290907485, 471.80739262261864, 469.5319895768804, 467.50200941264006, 466.4258809127844, 464.2840252881328, 463.53618318967915, 460.2656559139177, 461.50458156169884, 458.19511531826714, 459.98844207859304, 460.6935848503673, 454.04931784577656, 455.1331960987797, 451.21437346948875, 456.39298531901096, 457.5950408629846, 448.4793389678965, 457.33256033546314, 461.35289200298615, 449.13438322413964, 450.6552074423736, 457.91457961032603, 449.01614942265593, 444.9106527068379, 447.80283889018335, 444.71200392953, 440.25867780700196, 443.5376204907433, 442.36508077170504, 435.98016707349973, 442.4133363505911, 439.14075811099036, 435.82714439978054, 435.8865265069315, 433.92820615817504, 433.1417495127366, 431.9240989812145, 430.95533476174535, 430.1434143185614, 428.24662057498534, 431.06119091791635, 427.8685166614795, 431.8534694101941, 432.5247483321101, 424.6938997824005, 427.93357383247235, 426.99686590488477, 421.7425255247894, 426.86483122428723, 422.7491808117902, 424.1673198707568, 424.7180077639728, 418.5571468018309, 420.0223088551784, 417.71298806949375, 418.42291295758486, 415.9083118366521, 419.8730828757555, 419.290115523709, 414.37628674870365, 416.0147091410357, 413.1961492801562, 414.8707126343785, 413.22790138112214, 412.8320366106097, 412.50391136292245, 410.9608147258102, 409.778912245905, 410.5901559105375, 408.0606938631588, 409.27697666468214, 407.1139775711693, 408.0607070801025, 407.0620832387469, 404.861377389296, 403.5196438281606, 406.70920674234156, 404.90070957463604, 403.45902742698945, 404.2286731200573, 400.18411439641045, 406.51859205599607, 401.0879733774236, 407.57083657192857, 409.48947514807276, 398.9822254367295, 405.43011528846193, 406.37472876471486, 399.0372557247136, 402.32801485124844, 402.233771277803, 395.10763662703437, 394.4390644702326, 402.68385099029916, 398.590507120334, 398.93643723175137, 391.88322636690293, 388.02527697024243, 381.5905126924136, 378.10564632823963, 374.67652189290453, 371.79024470691223, 369.43130835556013, 367.2851477995235, 365.7440524657466]",0.03,150.0,10.0,False,0.0,0.6980391275914914,0.07285255018245906
methodological_closure_v1,D,NZ,nz08,plant,0,124,19120,1.0,po_random_5fold,random_50k,full_background_50k,ipp,primary,50000,,,standard_kan_ipp,True,497.5725104000012,885.1253641791461,,0.6066746098548039,0.1286701137658282,0.277477125821825,0.1078691615576447,,,,,,False,,,329.73281250945064,24.290861469218065,"[1341.994560643455, 1334.2970166627229, 1324.6864647267, 1315.5049063808099, 1304.904851537334, 1293.3287758397796, 1283.2945447410532, 1274.7805289104176, 1267.1304076687213, 1259.3483418818287, 1251.8467712094573, 1245.85827795377, 1240.1078249373102, 1234.4886823487095, 1228.9913460058547, 1223.6012201682179, 1218.127852220041, 1212.274236207097, 1206.3577100836176, 1199.924473227254, 1193.0486784683555, 1186.3353135040386, 1179.7598403158859, 1172.585914931837, 1164.6235951751019, 1157.713991360113, 1150.8144605689304, 1143.0017926325363, 1135.2251794461172, 1127.6413862917807, 1120.5673711361787, 1113.9107977536814, 1106.4297102556216, 1099.3341026976955, 1092.8258148431564, 1085.8633199882136, 1079.5254403755944, 1073.7827065910467, 1067.5562484448728, 1061.517302584827, 1055.5997090137394, 1049.532232133318, 1043.773120049683, 1039.4923888763763, 1033.9144035790112, 1028.9995204411446, 1026.0402225345545, 1020.1236241215785, 1018.582071660118, 1013.3763447101609, 1013.4224999539275, 1010.2445459659623, 1005.0239842513947, 1004.3183643761407, 999.522770672576, 1000.6829919505685, 997.1378756742585, 995.1200223955576, 993.0325821223754, 988.7886179546176, 987.1881016404449, 983.5099587375428, 982.493113597288, 978.7624479202875, 980.8439013461967, 978.79308270258, 973.2826929361663, 971.99809909972, 969.5112909041032, 968.2983326993044, 964.6569940158483, 968.6264429713873, 964.6448372928497, 961.4842063454124, 959.9090061361811, 958.0043157523922, 955.4881198004928, 956.3105803108288, 953.7461449490446, 952.3286509454651, 950.7532468496003, 945.8443839828507, 935.1810068751744, 924.1988529754826, 914.6713160316834, 908.2922645175971, 902.2894000758663, 896.1659579836794, 890.03773809754, 885.1253641791461]",0.03,80.0,10.0,False,0.0,0.8308355143998658,-0.22416090454506188
methodological_closure_v1,D,NZ,nz09,plant,2000,36,19120,1.0,po_random_5fold,random_50k,full_background_50k,ipp,R2,50000,,,standard_kan_ipp,True,1016.3461320019996,138.23789894545175,,0.5485956822777072,0.0134704119762968,0.1371909875017736,0.0189351095753831,,,,,,True,,,29.914305706294485,25.496285870034875,"[389.5856073414491, 389.43242815409155, 389.2647129820243, 389.0629397476236, 388.8058638557911, 388.0940507769099, 387.6455640329841, 387.1496385079444, 386.6207474706166, 386.0734493359228, 384.96746821463125, 384.4137167611692, 383.8519605062232, 383.273659869109, 382.67177330881015, 381.38149047928, 380.6887211946083, 379.9612181845596, 379.1967154299476, 378.39489023219664, 376.69392068855876, 375.8100578899342, 374.9175834394142, 374.02725498305773, 373.14717776450954, 371.4017153091965, 370.5095962609554, 369.58960510250256, 368.63771897817315, 367.6551082736893, 365.61720119757297, 364.5731916737061, 363.51785611291444, 362.45240827738667, 361.3766006155951, 359.19198417806535, 358.08441524518696, 356.9702475669525, 355.8537649427711, 354.73847051500854, 352.5090791908118, 351.38731717430034, 350.256707307815, 349.1166088310317, 347.96790268888395, 345.6511413729852, 344.4853591426227, 343.3147812871344, 342.13923582988957, 340.9593782607146, 338.59251750227156, 337.4072150820109, 336.2198973350288, 335.0290581379636, 333.8334272791746, 331.4272497667739, 330.2182145481728, 329.00615487967764, 327.7910515708343, 326.5723935582123, 324.1219628249659, 322.8904218011715, 321.6552536870636, 320.41681493793305, 319.1755325779465, 316.6868164807078, 315.44131098453244, 314.19563238186265, 312.94891273826534, 311.6995144810024, 309.1854068882071, 307.91638873447437, 306.6351915441855, 305.33797259851065, 304.0217522253099, 301.3265068289981, 299.9471911518708, 298.5501073549355, 297.14094485263416, 295.72580684692804, 292.89487701110005, 291.48200741404486, 290.06899588062316, 288.6540830939638, 287.23629190338545, 284.38892453129546, 282.95948537125383, 281.5281100842545, 280.09634702130313, 278.6651169941503, 275.8032037480744, 274.3709066012391, 272.9354485037604, 271.4951786885358, 270.04945578900873, 267.14174431842724, 265.68062311263924, 264.21471854790684, 262.74347672001494, 261.26547765448584, 258.28096799333764, 256.77002810937665, 255.24438832797742, 253.70374994467696, 252.14917402403574, 249.00804721017508, 247.43077752707387, 245.85870588352466, 244.3006343366049, 242.7631081446418, 239.7393778486686, 238.2414137606933, 236.74956666720095, 235.26537265896596, 233.79248798046788, 230.89549639029985, 229.47277849357704, 228.06479848825043, 226.6708108364311, 225.2906668469078, 222.56922591843204, 221.22947582502837, 219.90510103053407, 218.59737946865, 217.30696418806363, 214.77569888665192, 213.5330343326525, 212.30423910609042, 211.08888916884337, 209.88739769145548, 207.5286181959568, 206.37247920073, 205.23176323279054, 204.1065719302261, 202.99883076487978, 200.89696031647523, 199.8787648880272, 198.85399394173422, 197.89070831198234, 196.9605724272166, 195.12385817852646, 194.26467254075686, 193.4271033286549, 192.54348022965007, 191.70028433048958, 190.0938763560602, 189.29613619899436, 188.5059487560666, 187.7349643734483, 186.98588268690446, 185.52323324824226, 184.81443616116653, 184.09898584384996, 183.39411435510655, 182.70550784759402, 181.38011614776548, 180.6964606656783, 180.06210606713327, 179.4353541644643, 178.77293554785805, 177.51198494683197, 176.86990204223935, 176.2139339651915, 175.53892130510005, 174.8484827884994, 173.41434444722475, 172.6896392684565, 172.00780485120146, 171.3845080117709, 170.7694319016205, 169.7001201337858, 169.2271823383451, 168.72226705996763, 168.27403290981434, 167.87576704723244, 166.97201777809556, 166.59612985588728, 166.14710021111446, 165.71984383290967, 165.33563219291764, 164.4331520757722, 163.97111249636126, 163.4417454385027, 162.8808044418054, 162.32522896686774, 161.21866866425128, 160.77864949954167, 160.3545484894957, 159.95528827986251, 155.46177661261706, 144.91191691023175, 143.71081761672312, 142.67179570289304, 141.84279264465118, 141.10957013125517, 140.02315893573245, 139.64465617740206, 139.2175173507755, 138.71081512403347, 138.23789894545175]",0.005,225.0,15.0,True,,0.7387516457422297,-0.19015596346452257
methodological_closure_v1,D,NZ,nz10,plant,0,27,19120,0.01,frozen_n_po_lt_30,random_50k,full_background_50k,ipp,primary,50000,,,standard_kan_ipp,True,1027.887586701996,89.17655917717431,,0.5776474681059695,0.075545558098584,0.220084565880212,0.0682208248526386,,,,,,False,,,258.896718747126,26.185360478611003,"[292.27047130215414, 289.4912616402142, 286.4872970908025, 283.22918031642826, 278.65990255400675, 268.5204044129927, 263.78721790464164, 258.95997557806965, 253.9627841593996, 248.91023907476918, 239.34487098944064, 235.23259899276866, 231.5224439336849, 228.24046607519617, 225.21383465901312, 218.51937129227372, 214.95716704506862, 211.73955574519456, 208.52775506802962, 205.13389368344886, 198.2973155345939, 194.38859768327535, 190.25956598372164, 186.40531588448675, 182.77713988598248, 175.13274548726062, 171.5934226670792, 168.07311394020562, 164.60130382126354, 161.31292561040533, 156.4194169521041, 153.9154088641565, 151.23365926809308, 148.48202195261482, 146.07238386432505, 141.86340906921112, 139.7345712018594, 138.25046717231433, 136.60145350133251, 135.08802392858448, 132.5911755799216, 130.85991017947237, 129.7646471571006, 128.11406289533213, 126.95522540536987, 123.92870269256424, 122.50507579775226, 122.15988371701688, 120.07349866878621, 119.65290442060808, 117.99733198002279, 115.65087636508102, 116.74098383635122, 114.65233033391677, 113.22643949982911, 113.14851015697093, 113.62532275604269, 110.01190598419501, 111.86126628433814, 109.83236582138157, 109.84593884636296, 108.37882432795408, 109.10017649988492, 107.09102875013359, 108.44472728539634, 108.3751795815982, 108.78853291119471, 106.18349687941232, 105.58342152755948, 108.20825935160993, 103.89507648080722, 104.92612291347504, 103.5349133574896, 103.6024787356726, 102.1224993853237, 103.17422511263841, 101.45117777629937, 102.16267657519603, 100.99591174269135, 100.9264468122999, 100.96400850023426, 101.7466278542884, 99.43268865980347, 101.68071824134009, 100.59727484984904, 100.31875412340086, 101.96297909843886, 99.04929024548414, 101.53712545212663, 101.19023124994884, 98.35584331988069, 99.59569389788057, 98.69693739663177, 100.49943120677084, 100.1463819961238, 98.71359694516396, 97.46633214668049, 98.60005556425192, 97.47029405902236, 98.05243646645147, 96.7870141479083, 96.76282342779112, 97.11013317890358, 95.79483334407377, 97.90739717145334, 99.24503921420119, 99.7644899543507, 96.07668570923471, 99.13229278282714, 97.69673969555078, 98.0244075534341, 95.42440759032914, 99.05401989270592, 97.79933324380637, 96.82537140788634, 96.58291321195193, 96.6927296482119, 94.85128547281286, 97.94324446786446, 97.83561450531481, 97.42853873023579, 95.98712740706625, 97.16157968966148, 96.16140027263722, 97.1980881536388, 96.62940297933177, 97.50972977160568, 94.83819246010523, 99.03712034539316, 98.10287052262713, 96.54590914717325, 95.70786337785621, 94.4919728040541, 94.23865907329356, 95.23824351050506, 95.07327502906836, 94.5824168865979, 93.93358319830448, 94.34515321845072, 93.65988978088507, 94.50657336878783, 93.17933290673611, 98.05689119328615, 97.79557122595406, 96.02620331997913, 98.49602024257602, 96.75233180355487, 94.59225603699542, 95.0244149412824, 93.78164487276668, 93.12543068118052, 94.74296731719564, 92.63597599079198, 102.73941235980303, 104.04701193081156, 96.40706805408271, 97.80180512565046, 94.48048289348606, 94.30610400108262, 95.94768881763257, 94.60402369000111, 94.04500142473414, 94.84601709619757, 95.44139789965308, 92.62331592532928, 95.47534463798488, 93.67190348632172, 95.95472753448502, 95.22843628262278, 95.36959579457569, 101.4162640856737, 99.68288634171613, 97.53783909286498, 99.59408039373459, 98.43847674956834, 95.42364076824389, 94.67887768084562, 95.78800107827993, 93.67872848123174, 94.77070361764463, 92.66422431069796, 97.68409177815761, 98.7849225150946, 94.80604154073451, 92.94656598480617, 97.43456297685078, 96.55364501774876, 95.00833837744362, 94.87922258097318, 91.07112114349472, 90.54704292142766, 90.22170343624643, 89.98399758617383, 89.71076841565626, 89.5798870564349, 89.37193762561472, 89.32387805764576, 89.27917396696729, 89.23126710947588, 89.17655917717431]",0.03,225.0,15.0,False,0.0,0.6661071175716309,-0.08845964946566143
methodological_closure_v1,D,NZ,nz11,plant,0,21,19120,0.01,frozen_n_po_lt_30,random_50k,full_background_50k,ipp,primary,50000,,,standard_kan_ipp,True,1031.360583087,64.2387953740421,,0.5700626169381986,0.0439253483621882,0.108949008140544,0.039892256750635,,,,,,False,,,146.55553833516151,27.387840032774708,"[227.03722486041974, 225.2958479504721, 222.4891837268815, 218.55956136466435, 214.41186427670178, 206.6834487354659, 203.03851015392704, 199.57924765721214, 196.185826692856, 193.09114097318846, 187.69576622575758, 185.33558830639075, 183.00380105640824, 180.5333970713966, 177.9991011479215, 172.78264571905885, 170.24452122745228, 167.43696614035832, 164.258386903107, 160.7860517023284, 153.2533988867943, 149.2902041622247, 145.373576553669, 141.22331061471365, 137.23055452520805, 129.59330334853348, 125.99869805056171, 122.85250912882108, 119.81012342747883, 116.96141833927271, 112.22552597792945, 110.02130287025432, 107.97192425491905, 106.22526434339703, 104.35222612376381, 101.47620635254303, 99.61456130854786, 98.83107634164669, 96.85705282904303, 95.4219832296636, 93.55169471279322, 93.84464646008239, 92.78950719969636, 92.33898482179961, 90.49929265104814, 91.34336184024099, 88.24174556846157, 90.69895627337935, 89.5317367882891, 87.5998113538097, 85.64610887053658, 86.09217149705107, 84.44700618928496, 86.55698072075556, 85.92688186699726, 84.33694381446666, 84.59063633633833, 83.7658333401592, 84.31898837794661, 83.84824506503232, 83.57936061007047, 82.20857263850635, 82.26311029486216, 82.4275341320853, 82.29409557761349, 81.17197530096647, 80.75512510037674, 80.9680459886855, 79.8065674351742, 80.08101816342752, 79.31192491056825, 79.88435589779631, 79.35932530677248, 79.46873728044001, 79.45855724412532, 79.29551632933807, 79.39820084227404, 78.81327237964616, 78.22069978981258, 78.65109088961182, 77.70220268983118, 78.82510042989044, 77.58862364403606, 79.90730740736379, 78.28454803344422, 79.14045852180968, 80.63020709151989, 81.98149571769704, 78.40017573947388, 79.39450549401852, 78.5930399360543, 77.90637098444263, 76.73355054237632, 81.60645427561973, 81.50706027422012, 78.75425805865406, 77.77822121561842, 77.4771191786622, 78.00923357497699, 77.27935954253412, 77.22662480535952, 76.33291222529277, 75.79743875507823, 76.77697478957575, 76.87942788064882, 76.66487081579275, 75.69821200184228, 75.59660760858404, 75.87882255399174, 75.46261382476055, 74.81597433816094, 75.92025339486113, 75.34585004696629, 74.86503814696589, 74.501768621112, 75.30855737448991, 74.05699360203643, 74.71403331265702, 74.02523647054804, 74.2574302637345, 74.49289965679027, 74.62483213883273, 73.61259351307098, 73.69381754793623, 73.50775979122511, 72.20525334803138, 76.25011179146922, 75.34258019039737, 73.51044811561002, 72.8420601803392, 74.11314469341796, 73.05983975934724, 72.98257169205627, 72.27877517427753, 73.15510190306591, 74.09241874662347, 73.66372362529701, 73.50548920290262, 73.36420198064853, 71.5730253522435, 71.07432666617684, 74.89090205028462, 72.74441320139888, 74.34944380564207, 75.31368291217284, 71.70121083307424, 73.36506695269186, 71.87174309973037, 73.43091897240801, 71.9493597968497, 73.8552411813348, 71.990084656347, 71.94694330353947, 72.16756797766642, 71.70939364972327, 72.91112482019061, 71.84364543879325, 71.67503417802575, 71.05199594116009, 71.04588401367414, 71.1270997374915, 72.37475821434995, 71.13795452227014, 71.03315684999792, 69.93507618314045, 69.8420776962298, 72.07876482053214, 72.55299363735784, 69.85024669788586, 74.24922358852768, 71.2857778658337, 70.81501652096328, 72.39093650311948, 70.8328908271491, 72.81770782195211, 71.86712277421974, 71.66596128940365, 71.72604486265757, 72.99028850471636, 70.16931159457046, 76.01794541171162, 70.21797512910372, 73.18632444437455, 72.84646559804912, 72.54156439882112, 71.0488450397413, 71.6456680876729, 70.83993789722003, 71.82694669513538, 68.10268667099538, 67.27232594371762, 66.60011861214882, 66.1279560744404, 65.78417877067446, 65.29010522274659, 64.87396688068768, 64.66879497696095, 64.5303217857446, 64.44738830579375, 64.2387953740421]",0.03,225.0,15.0,False,0.0,0.8135151608738453,-0.24345254393564675
methodological_closure_v1,D,NZ,nz12,plant,0,25,19120,0.01,frozen_n_po_lt_30,random_50k,full_background_50k,ipp,primary,50000,,,standard_kan_ipp,True,1052.502536095999,83.31489121936117,,0.5114618234698795,0.2002151947492957,0.0213095750330385,0.0192033875663582,,,,,,False,,,86.12479134481937,26.923453162106863,"[270.5268765905674, 268.0139993709307, 265.35074012569646, 262.2098936951284, 258.0580041337047, 248.2783267026465, 243.6759103120285, 239.0320520610696, 234.10813736625795, 228.95042648235298, 218.36963555445405, 213.12670204081422, 207.86338217628858, 202.79056116751332, 198.01221406924466, 189.28317745656696, 185.01544238963814, 180.95401965791714, 177.1892311038122, 173.4992536519358, 165.65553343603204, 161.62218978972527, 157.88890597139604, 154.17776576737288, 150.65795069212086, 144.61276853486416, 141.9658065114256, 139.4012782973298, 136.82913851984978, 134.6153223930941, 130.9804280865912, 129.05407249168994, 126.9223501714486, 124.7115264282736, 122.5121396302336, 119.33312713499554, 117.56044956133088, 115.93973892543367, 114.80020195180558, 113.21302974427044, 111.38004997833693, 109.93771747751786, 109.43785971715992, 108.13185828325265, 107.01160876798322, 105.40510040413679, 103.95794664288168, 103.71006840534872, 102.47654769766139, 101.90832468580075, 99.8054588015423, 99.90153765084608, 99.20678810222743, 98.62359928992636, 98.01199763319958, 98.04770155596377, 96.90299341892282, 97.95757920309323, 97.25716198325853, 97.79617511205986, 95.93218054028043, 97.47943215636016, 95.39320869091785, 97.56536685638194, 98.13695974422791, 97.66233356608161, 96.88844573556932, 96.14021975507232, 94.89363762917344, 94.76389701452358, 92.98807586635148, 99.37976520353106, 102.28905218340094, 95.79625067627528, 96.61374050394471, 94.99746574544855, 94.5052789073554, 95.25826130186373, 94.3343777629877, 94.19262462776845, 93.30474204513344, 93.91564231425103, 92.1603446174117, 92.8621966202922, 93.7361214967368, 92.91160619713388, 92.51674242367783, 92.69462719164555, 92.00416808339043, 92.35326503378228, 91.88573352640289, 90.77090007887413, 91.21030711856649, 91.89381930441478, 91.03428161282868, 92.10429370150517, 90.98454640439489, 93.37871351141578, 91.2281201157196, 92.87584645975676, 91.71353117984938, 91.48103821139975, 92.1436171316499, 90.95556597280431, 91.92609243359642, 92.68106228425286, 92.22671474497457, 91.68744144332581, 91.17644694092097, 90.49445415412292, 91.78827920392014, 91.15580389941852, 91.28562907956628, 90.78009889525879, 91.44570088557728, 91.80476814517385, 91.51930836991696, 89.60268635916992, 89.67812726143646, 90.25815215158889, 91.04274224293863, 89.99514995538635, 91.89886061595385, 92.30565195748864, 89.38944769197781, 94.92863807443106, 92.42866213033314, 90.43913850603512, 92.78163442962668, 92.55880457116648, 90.26740244093311, 91.56684236066394, 91.53338009762386, 89.5776147655061, 91.08782466026341, 90.0813083774641, 90.89712751780897, 91.43619956804733, 91.6923841371194, 89.4820469642424, 90.02013301233633, 90.2633477459782, 89.13653355012855, 89.79262021649669, 90.87980073082274, 89.46017715952016, 89.07552108207213, 90.27135948086598, 90.05678640808878, 88.85227000204887, 89.84796808710189, 89.02659106949935, 89.92039657343665, 89.26066067381159, 91.26482488343694, 90.42586296683115, 90.11540545350752, 89.3727120067293, 89.02071528716806, 89.47938284994817, 89.19433979336334, 88.63123693274663, 91.65903289745984, 90.89230295179121, 89.17704418779927, 89.94560035660959, 89.73101988548385, 89.58873127078049, 89.02812344916157, 89.45050860950175, 89.92501581419712, 89.00659362048472, 89.87685220823015, 89.43245394967099, 90.02819374925694, 89.92823941160886, 89.09602372966535, 90.25421327040044, 89.8493362601989, 89.62668926224008, 88.57982426025636, 88.79805089300815, 89.48847486337206, 89.00555615950269, 88.26207572833758, 87.90864843918094, 88.55693477822355, 87.82860390223344, 89.18663741250798, 87.19936703174493, 86.7408104684998, 86.40550979992088, 85.97838020493278, 85.6175087901918, 85.34733621655671, 84.74095269125588, 84.52851706221021, 84.2154902194307, 84.08038962833358, 83.31489121936117]",0.03,225.0,15.0,False,0.0,0.5677946939631612,-0.05633287049328173
methodological_closure_v1,D,NZ,nz13,plant,1000,21,19120,0.01,frozen_n_po_lt_30,random_50k,full_background_50k,ipp,R1,50000,,,standard_kan_ipp,True,1587.189305497006,66.38200763865245,,0.5202192132816085,0.1538850864408178,0.0380496702953031,0.026516709184732,,,,,,False,,,88.9327904154246,27.07148234427725,"[227.20716564021618, 226.83741303217374, 225.39365510945652, 223.14093881048308, 220.498161507262, 219.08136758754532, 216.1343877605522, 213.08472333028277, 209.97640364674425, 206.83271388406786, 205.20883301603828, 201.89442419141983, 198.6079222219866, 195.28554385526044, 191.93404443278516, 190.24315009519916, 186.82930052314148, 183.39166645922242, 179.98573171652737, 176.59128777994948, 174.9280785106231, 171.70459021829603, 168.6193462127487, 165.63119861098284, 162.62735930411665, 161.08849656383643, 157.96868950849114, 154.77843444982133, 151.5680865063184, 148.4256907380455, 146.8833988380259, 143.78611455509437, 140.57191499024077, 137.1691546048121, 133.60951507111673, 131.78942074096526, 128.07396143654108, 124.25289889110222, 120.31854123050948, 116.32105248441479, 114.3392779520246, 110.54249256292952, 107.08659425278607, 104.00298898351534, 101.20757611092817, 99.92391977759151, 97.53075139138485, 95.30318696169506, 93.27018644538528, 91.49132391445939, 90.64780202790712, 89.27098281158636, 87.9807154761774, 86.93227508176295, 86.01301962210111, 85.66190281188976, 84.87797486670654, 84.24432467625786, 83.68296955482715, 83.16895459132648, 82.98989819527553, 82.5408983214036, 82.14671781971815, 81.82889404358355, 81.50565306144517, 81.37396051743355, 81.13724713097258, 80.90493371070953, 80.7103921543462, 80.54692420829123, 80.33914059660783, 80.19785834077865, 80.34152307127496, 80.09467172479984, 80.16423584439534, 79.98229533014519, 79.9255857976042, 79.66270602192513, 79.41539504090044, 79.76583749026845, 79.41880639506726, 79.41024690015689, 79.2101686378376, 79.19446066324292, 79.43252230426445, 79.13079071767227, 79.13805432999492, 78.82982792395833, 78.91744492799879, 78.9854342373963, 78.66526405636797, 79.62599403426745, 78.8079843846237, 79.0112651480081, 78.68387804458662, 78.72207716396606, 78.78841878858252, 78.65409851028161, 78.9101905528766, 78.71637164935954, 78.78946509671567, 78.23316545274228, 78.20871081695041, 78.53164449975094, 78.70842293138259, 78.8009197012895, 78.32332198256118, 78.09418785718584, 78.12204399742318, 78.0450887503232, 78.03226534865827, 77.92604958227797, 77.76243164720073, 78.54883830363435, 78.00475745320043, 78.19845847804866, 78.17755467210934, 77.73664988886557, 78.13966219494924, 78.23011895813988, 78.50642250175224, 77.66046367973026, 78.19127524538536, 77.64263413004079, 77.494227590912, 78.12417845273127, 77.66766821086469, 78.04681317210411, 77.46312414936642, 78.00251297078734, 77.76947785723644, 77.79001563261907, 77.40924911921695, 77.81965068264499, 77.47310152058654, 77.40874823370089, 77.46784704354344, 77.21128136783332, 77.47417014520019, 77.1880069726198, 77.37191858463916, 77.3634419245399, 77.08111943796025, 77.53333131262107, 76.95095873753309, 76.92102255837654, 77.2150357743492, 77.07996881456427, 76.95015231263605, 77.16403413643863, 76.88227710365051, 77.28219295259284, 76.79601036655468, 77.22093859816565, 76.78990168306359, 76.74546006098464, 76.8989235393256, 76.82399307173067, 76.70227725233032, 76.89549520327482, 76.66245396745015, 76.96808327417708, 76.58702233259662, 76.93574549901012, 76.54575554951623, 76.4994924061135, 76.71355846810351, 76.50994915852054, 76.57567589186694, 76.52689717164769, 76.54691359762471, 76.59078317253989, 76.47101193200882, 76.55390650587735, 76.41110460579188, 76.34130682170955, 76.4357122243347, 76.29184635421889, 76.3849852452949, 76.24483359072816, 76.41508261613664, 76.26404635381031, 76.34636366792272, 76.24070248629923, 76.27457011985048, 76.19216360337415, 76.15398280140134, 76.11750590046685, 75.83405573184129, 73.96511634921772, 73.13176801545299, 72.21386321003665, 71.35443343331123, 70.59217792592787, 69.83241931235018, 69.55125076215795, 68.37950467734487, 67.88854344347814, 67.20506701252157, 66.38200763865245]",0.01,337.0,22.0,False,1.0,0.6623658727179187,-0.14214665943631022
methodological_closure_v1,D,NZ,nz14,plant,0,19,19120,0.01,frozen_n_po_lt_30,random_50k,full_background_50k,ipp,primary,50000,,,standard_kan_ipp,True,1043.3401459829984,56.03986863053335,,0.4652136737733419,0.3152173281000403,-0.0647805916020001,-0.0535784661134521,,,,,,False,,,128.27396534805163,26.606535044811217,"[205.7113653876346, 205.43403216049933, 204.4874703759623, 202.93552777980895, 200.94526807987188, 196.32701050789603, 193.22935808950015, 190.30064979061814, 187.22161234940825, 183.71188526327, 176.99916729524224, 173.5846386628575, 170.10014557722246, 166.829016468513, 163.65931551012363, 157.64711084271752, 154.82629301623362, 152.00839266655692, 149.1895990735496, 146.03019533653597, 139.80174603641424, 136.84924984728428, 133.7150304060328, 130.78890409106324, 128.04438413505673, 122.01773934496521, 119.00266199124638, 116.01946623270814, 113.17800266323316, 110.13114092765755, 103.84259757296745, 100.76023078024033, 97.67784563243623, 95.35666675783511, 92.46478097226726, 87.99911528477418, 85.63930173629235, 83.65896956388295, 81.60335082241482, 80.31311110504654, 76.87941449473178, 75.1117101631293, 74.21731111659241, 72.61586419498728, 71.81463257829623, 69.28237558579772, 69.55860160197543, 68.39998806072653, 68.85001421597487, 68.84954380270426, 66.60109956746658, 67.15795627605377, 67.19770507674481, 65.93223051978389, 65.18233400775526, 64.75034674258166, 64.39280113036524, 64.2917719746265, 64.03245483554726, 63.413553011676406, 63.632360349779105, 64.31804448214356, 64.18037753691127, 62.991193907031324, 63.32858743118507, 63.50490224986936, 63.597217173628216, 63.0918040154166, 63.0484252032261, 62.451599078683394, 61.93892202560099, 62.59827092580777, 61.697539709165525, 62.53055002004056, 62.40050217094575, 61.73216061061222, 61.5491373993654, 62.20041023169836, 61.216694388571945, 61.478351495406464, 61.62985501394163, 61.2011459084025, 61.83695979460103, 61.38426131425502, 61.29585202546585, 61.50664194730732, 61.369617237688416, 61.33941638136952, 61.57169632001851, 60.829280084062006, 60.79745879980671, 62.40059086929148, 60.745209519117445, 63.00931878208859, 62.36747349540046, 61.37969610414629, 61.258697395295165, 61.116946807277785, 60.86900017237571, 60.76481750165208, 60.431712069048324, 59.7933696973245, 60.40778526910929, 59.672820522626466, 60.330122513800895, 60.28441579419354, 59.56341871919302, 61.66610720861588, 60.551779224566594, 62.37129260398069, 63.67223192942712, 62.401115195171116, 60.47182006106551, 60.739365498041, 59.79839877645826, 60.17069729277008, 60.44571544658605, 59.96496220287575, 59.59085599327469, 59.390519007739144, 59.41050026089801, 59.91053550803663, 59.14640641629654, 59.535401691712146, 58.585847501910614, 60.632517190793564, 60.520417008522536, 60.048743873481875, 60.78621477696701, 59.777583568962406, 58.546785973576625, 60.06875051245053, 60.076555352051514, 59.73453106177691, 59.283565078142594, 59.58827489560955, 58.11433496934679, 64.48610531911777, 66.67125390079424, 62.09285078856022, 62.62161530884834, 59.303294833767026, 60.82678414991778, 61.76832340794077, 60.14140624056787, 60.57714095413543, 60.54559864234889, 58.96234454514286, 59.30257681071536, 59.75696634548852, 59.18974283438472, 59.24841537733055, 59.602120970654234, 58.75719967533962, 59.48144278015403, 59.9485657123847, 59.75489221810623, 59.504995835956485, 59.71936934877451, 58.293913566197, 58.94670270429933, 62.261093031032345, 61.60905717867022, 59.61754597639916, 59.50214125977902, 58.5348294261133, 58.96887449807378, 58.25369914008377, 60.10623700077341, 59.589348993110235, 59.649924150628394, 59.17255809683062, 57.86031916921832, 59.69925872419428, 58.55247814851529, 59.71856494871359, 59.3964723225684, 58.976004224855, 58.58042062410588, 58.20255557221659, 57.7246724074379, 59.54265357590863, 59.47446157542845, 58.76664900271251, 58.70595155653324, 58.712782589677005, 57.631261667566285, 58.4782627001461, 57.922977215124064, 57.06087136956911, 56.80340525081119, 56.60103351808493, 56.47193411411036, 56.370402933100515, 56.28227492386002, 56.1832380736344, 56.1140980766166, 56.072108468648615, 56.05743169025115, 56.03986863053335]",0.03,225.0,15.0,False,0.0,0.4648473895379982,0.0003662842353436835
methodological_closure_v1,D,NZ,nz15,plant,0,32,19120,0.0001,po_random_5fold,random_50k,full_background_50k,ipp,primary,50000,,,standard_kan_ipp,True,690.6785554730013,117.13134842123686,,0.6022147100148854,0.0048203310671328,0.318795245554469,0.0202819999114904,,,,,,False,,,284.1568214167307,26.91191386821701,"[346.36420549920945, 344.2273613291793, 340.94566400687785, 336.77329067147076, 332.17503162175177, 326.59943403556434, 321.0968081682682, 315.6594116775655, 309.97380673301944, 304.46554345791014, 298.84695416381123, 293.2106103959267, 287.7604474889957, 282.82286586530955, 278.2291583406196, 274.0065077224967, 270.04145795729795, 266.14872680148176, 262.422431919211, 258.96094867854833, 255.73775493936054, 252.41735661783366, 249.1565604113498, 245.7718315220413, 242.5274478833756, 239.59608157887442, 236.48431558762084, 233.31776087548772, 230.20284736419603, 227.26747423243958, 224.45574049135547, 221.81454354330324, 218.99900110635318, 215.97225266302044, 212.90567930067473, 210.32724996973425, 207.90700279279062, 205.16150105915395, 202.2092704248765, 199.55252918214214, 196.93190926228093, 194.27121660858177, 192.1002925718277, 189.91313087481205, 188.24194467341573, 185.9357777252665, 183.67893147334547, 182.1116111583068, 179.34221238952384, 180.31841297615375, 178.46631426316054, 175.86417982890876, 175.7335066138289, 173.82978785023914, 172.2463859187743, 171.9406293229297, 170.33976073536002, 170.06269706045904, 168.71740675812072, 166.65940034145305, 165.51508987684292, 164.84931168517878, 163.6150733862522, 163.95240170993628, 162.49894990037978, 161.413597623064, 160.84379113575451, 160.2450872319678, 159.22412382232253, 158.76830140595916, 157.82026254289744, 157.91771369073882, 156.9954844651274, 155.86676373739698, 155.24044840326172, 155.02190477470103, 154.12189061887733, 153.93929068253902, 153.01676165719476, 152.91206952038476, 152.09440825387102, 151.65614743650997, 150.9335351852519, 150.2423099699657, 149.612997902849, 149.46957639442812, 148.68791132494763, 148.5667037359831, 147.7090499427393, 147.55979253426904, 147.22248441862715, 145.95907073919847, 146.28645986202747, 145.2294530512853, 146.00311628677508, 144.19266666874822, 144.34667607615825, 143.46914644889478, 144.66989864343074, 142.06105655938174, 144.3614861173251, 141.83307554059104, 144.69420163359018, 143.91532795720974, 140.88381115947607, 143.15068519602832, 140.01798271831464, 146.4378269142023, 147.62334050418315, 141.67866273690555, 141.1402831280233, 142.47759399217642, 140.88728332558472, 139.23621083276942, 140.22064792268398, 138.12292657342792, 142.0224636417316, 140.5694313884625, 138.61960321951696, 139.14476548340204, 137.64608400309362, 137.38875542580087, 137.4322083920845, 136.56854495083624, 137.6528506315328, 135.32122639634366, 140.35610719391659, 138.8710946531715, 135.58168341059235, 136.6712069929316, 134.7219036637283, 136.94681454045042, 134.18354796455245, 141.5399505007689, 142.98014385638677, 134.75310202254857, 139.31919917187244, 141.98881752577668, 135.99564170824306, 135.8603844260802, 138.13940073165665, 133.21332689084224, 139.73536823284005, 144.90460640029443, 137.83208229788477, 134.38904290892006, 139.7031000101915, 138.66675943143153, 132.92619003418258, 137.46394737538125, 139.79736506262455, 131.19610719816032, 130.34658364072683, 128.02973165765738, 125.40092645347866, 122.95588704736271, 121.22498461969573, 119.69625354251542, 118.14887205160706, 117.13134842123686]",0.03,150.0,10.0,False,0.0,0.901729198836999,-0.2995144888221136
methodological_closure_v1,D,NZ,nz16,plant,0,40,19120,1.0,po_random_5fold,random_50k,full_background_50k,ipp,primary,50000,,,standard_kan_ipp,True,710.0850089399974,158.89137149707065,,0.5391374790405292,0.0738330812700107,0.1317160144536844,0.0395416681226175,,,,,,False,,,297.50839663501887,26.812298751886317,"[432.6394732381109, 431.21477503756023, 428.3250377116449, 424.5695867904962, 420.4466776670054, 415.81779578304156, 411.4908169117439, 406.7511666248367, 401.5519268654201, 396.5674091888769, 391.25345862800486, 386.0543227118286, 380.7825433113768, 375.53482627276884, 370.17332551475005, 364.81241231086864, 359.0485702635533, 352.9921702261086, 346.6545801035392, 340.4536089564184, 333.9967000221765, 327.50004404297385, 320.86752523908734, 314.4068319918026, 308.3979463573217, 302.68786047472565, 297.45577445598894, 292.2711812449565, 287.48894684835557, 283.06747612426045, 278.21514382587014, 273.543781045598, 269.6599857017152, 265.5324838142916, 261.7709326508609, 258.61292098513843, 255.00957093636887, 251.9715704983216, 249.0943479300326, 245.97727520893383, 243.65560731511133, 240.39649923575558, 238.96186144182502, 235.02403823393672, 232.34842785159682, 230.81865948922206, 228.06109419974547, 226.88785091672963, 223.96756866431053, 225.62579831026508, 223.041038572166, 224.53559849303886, 223.31980898656096, 220.46967289443114, 220.65579887845567, 217.98033751490138, 217.5133388321635, 218.06792745245065, 213.83513378643298, 218.3948026672398, 218.22694585529527, 214.89575314339277, 214.28633290600672, 213.29348226100169, 211.2227126497599, 213.1870048608488, 211.84438415009515, 209.52060607741896, 208.82745698941315, 207.84159428085098, 207.04946349610995, 207.08538937348095, 205.41788516314887, 208.0894399719472, 206.74967800627246, 205.10683330364415, 205.43810095463195, 204.37869019039647, 204.65293004818204, 204.25288872002017, 202.8454925292602, 203.04326054531813, 200.9955743255985, 203.91306911049332, 202.54008692587462, 201.7504724925456, 202.26646140085361, 200.92309552647183, 199.75296789515784, 199.74056760311993, 198.27794106166363, 198.07002079980958, 197.79232524338275, 197.46306275064612, 197.0109104640162, 195.78161556055124, 199.5990676189143, 198.64086774210438, 197.4519814858983, 196.9576106601123, 199.8336560973876, 197.86684999794463, 195.99857952529868, 195.5605526862594, 195.05313970940003, 193.87416513625269, 194.29975653354438, 192.92290544819636, 193.12205178818527, 192.80612054886927, 193.9017452461411, 191.09451496107764, 197.55853705735655, 194.5807894523406, 193.502091131478, 194.61870050531365, 191.67628061785015, 193.04122931419056, 190.43021066014896, 190.9638206508188, 189.77730446214522, 191.15716751518616, 189.73143965197082, 191.71665099433935, 190.70691051880584, 190.8582657827723, 189.65510373642184, 190.11439003425374, 188.8018990273916, 187.71804308669084, 189.37321312465332, 185.6433426802394, 196.10410047253154, 196.37165548730758, 187.56348238347965, 189.82311303221522, 189.16831614937246, 189.67583242715506, 186.19355245625815, 188.97197185371144, 185.85826515074484, 187.4945885756423, 186.9020527423014, 186.7479284546553, 187.39795192643214, 184.09420669127684, 185.45653872676917, 183.66468568937867, 183.58305356189766, 183.6118072603591, 184.659443721323, 180.21240605871864, 178.859936450171, 172.6456673586744, 167.67633531094864, 164.78726254559166, 162.57595983603238, 161.04651527680133, 159.76998063615304, 158.89137149707065]",0.03,150.0,10.0,False,0.0,0.5774498573206456,-0.038312378280116355
methodological_closure_v1,D,NZ,nz17,plant,1000,94,19120,0.1,po_random_5fold,random_50k,full_background_50k,ipp,R1,50000,,,standard_kan_ipp,True,1055.1995526019964,590.8326142953547,,0.558866735636184,0.3362185988426941,0.1238136350694875,0.0944096800204388,,,,,,False,,,200.58336675034028,26.043465632453405,"[1017.2377189138183, 1016.2091590602872, 1014.9207549605077, 1013.2461094362262, 1011.3017082261335, 1006.6491363116148, 1003.8422480606449, 1000.7850776215676, 997.6309382460805, 994.4920794495563, 988.138486633787, 984.816610505378, 981.4088725322698, 977.9743725682208, 974.5864787644832, 968.1434372461407, 965.0934223537889, 962.1277157877421, 959.2185107869276, 956.3463648905624, 950.6702369718604, 947.8602352390093, 945.0561606186669, 942.2338756473347, 939.3829746180778, 933.6364284857959, 930.7810505601062, 927.9579033643811, 925.139374008871, 922.2899461428985, 916.5062995517729, 913.5650958591422, 910.5842554717034, 907.5714859302293, 904.5488589144758, 898.6087339514552, 895.6841295153841, 892.7485182882507, 889.7757534324012, 886.7551234368865, 880.5842345008064, 877.4285472653735, 874.2311826692905, 871.0164473491837, 867.8171867443704, 861.5577753502615, 858.4725956296459, 855.3745106877352, 852.2390975364845, 849.0630225961856, 842.7094360485218, 839.5297971859496, 836.321020869596, 833.076667673967, 829.7902356970067, 823.1302037364809, 819.801671569305, 816.484845474985, 813.1838957567153, 809.8907417479936, 803.3754125110457, 800.2133715311761, 797.0879173506429, 793.9838056203615, 790.8497262229866, 784.5226230714808, 781.4119975121512, 778.310648770502, 775.2503496248694, 772.1496319246888, 765.8729642783611, 762.8031321195415, 759.8392491199519, 757.1434367268648, 754.5983591950509, 749.6051356304686, 747.22472446182, 744.8174691166877, 742.5725284741885, 740.351413413092, 735.9837528704023, 733.8033869833959, 731.6549334676121, 729.528151228067, 727.5699652862461, 723.0914125454445, 720.9933330527089, 718.8311872941795, 716.7538441571128, 714.961763839943, 710.8782789360445, 709.2279340490885, 706.9998029083054, 705.2594080235136, 703.5272556736567, 700.2862516509621, 698.5474828129898, 697.151329899899, 695.5909608543607, 694.1832227378537, 691.3841769259508, 690.1635808948462, 688.8199276392324, 687.4268491301854, 686.2345505330818, 683.790246319358, 682.3698867587832, 681.1882746888443, 680.1903105767428, 678.8151510987715, 676.6443992289596, 675.7091332709836, 674.5562428761378, 673.5921782897121, 672.772686605522, 670.9763128885128, 669.5801488688239, 668.882148354898, 667.8326975815264, 666.7692618159022, 664.7863134043535, 664.9985749970226, 663.5026947649851, 663.9454021364248, 663.2065422035525, 661.0139752136427, 659.9309059536117, 659.5160402399732, 658.7125974245762, 658.0282502353966, 656.8281445466282, 656.3016950684066, 655.6161531402963, 654.8606935891831, 655.0899169122836, 654.7246058388232, 654.5470931572042, 652.7360171014691, 652.8131081446378, 652.0315833962472, 650.8614919550946, 650.3692024592976, 649.7736394278222, 649.7359900473057, 649.0634634739368, 648.6454109428411, 648.0655554963292, 647.6970323974839, 646.9740426545083, 646.7887290210025, 646.242704954543, 645.0365975956679, 647.1662992338237, 647.1187210135831, 643.9729341139571, 647.2236577020069, 644.7941110887757, 643.5404295171609, 643.9978213478051, 644.2401040068069, 642.0485042160474, 642.5863855818992, 641.212710846185, 640.6637119637819, 640.9897996834928, 640.1275234247611, 640.0972235531618, 638.9080288204991, 639.1738208950886, 638.5877022238526, 638.1409412349168, 637.0796858302277, 638.3135298087055, 638.1079243922467, 636.8851276763909, 637.1476101837861, 636.3451363234924, 635.3189788450134, 635.3902047323579, 635.037702481861, 635.2552476621474, 634.8114163440395, 633.5749903502224, 633.5600734422874, 633.2965463733525, 633.4919433121468, 632.9629406325424, 632.1516343824798, 631.9658274645145, 630.5739473237647, 614.4937542520983, 611.04778407713, 608.3351740609758, 605.8169811348723, 603.49193776524, 599.4807466924302, 597.8438753955858, 596.2867076384919, 594.8077248238594, 590.8326142953547]",0.01,225.0,15.0,False,1.0,0.7340738193668155,-0.17520708373063143
methodological_closure_v1,D,NZ,nz18,plant,0,43,19120,1.0,po_random_5fold,random_50k,full_background_50k,ipp,primary,50000,,,standard_kan_ipp,True,695.0428034290017,197.9973670215205,,0.7022999968391441,0.1039760455558413,0.5617179061819657,0.1517485417312825,,,,,,False,,,585.7199902143111,26.54852664687891,"[464.80312652322687, 459.9322087171216, 452.32058623589256, 442.6090389931872, 433.41577068374784, 425.4368363471371, 417.955126135898, 410.99503012409406, 404.5653277714186, 398.81865558791515, 394.0003722488441, 389.6004779375978, 385.5438507300913, 381.53714584202874, 377.7259840520162, 374.546882895918, 371.7406663753535, 369.09990352265294, 366.5933068370856, 364.5194132434457, 362.19782592972734, 360.1220972526357, 358.36956676490314, 356.45267054508696, 354.6427495735103, 352.50749643041615, 349.88971096975195, 347.1629881668745, 344.07391391452495, 341.0936185235782, 338.4584113573676, 335.5771571878158, 332.8804885457026, 329.93916350619133, 327.4166512598829, 325.00770044613364, 322.6169822638596, 320.593932447359, 318.25129945107636, 316.36967351936283, 314.11686354127227, 312.1874453709925, 310.35865713442234, 308.7350480357886, 306.825849987163, 304.88873946768257, 303.2136456325129, 301.0639663183815, 299.49926535501356, 297.70283389036143, 295.97806721483676, 294.189364589499, 292.29874892435413, 290.61932484265526, 288.85039985640157, 287.3024369060534, 285.7025662000526, 283.85218984689095, 282.2347464239517, 280.24745697087315, 278.85350401458464, 276.89459029488347, 275.8214665455922, 273.861053475968, 272.83718164023935, 271.1424201617213, 270.0532549706683, 268.49616763738607, 267.6457739472522, 266.15230820751117, 265.3753345941103, 263.75572843749734, 263.5610455527495, 261.58380831330186, 263.0495726182104, 261.42174718544385, 258.73352786783744, 259.1723872445621, 256.58894719956527, 258.4992593323714, 256.5589367465248, 255.67929795122123, 255.25740186760805, 254.6897474093823, 252.48427832396615, 254.67054219314346, 254.06878835288848, 249.86526113613658, 255.31017599751345, 253.60945922156043, 248.72096142485017, 250.6320894030678, 248.27235794897766, 249.8039954143346, 249.92294916271928, 247.5812935073264, 247.08635593663354, 248.04982484151944, 245.8570520770008, 247.54593482544777, 247.3309217089269, 245.34562912865826, 245.50364252391498, 244.9903990684943, 242.5513287837813, 245.57764399854344, 242.28519439668486, 248.12863319765998, 249.47273340942968, 240.22778963704218, 259.73006886308866, 273.4774647295712, 257.1304859761097, 240.92695915786513, 248.63382646207094, 250.60956540457488, 245.95675700290676, 241.615244544549, 243.93752701786389, 244.91550341120512, 238.32211516125764, 247.44435733958338, 253.30877612813774, 242.77928797693642, 243.2046015809726, 249.38891630354235, 244.8396252665635, 242.67823195901906, 242.10197365734044, 242.4213894630226, 241.61898873714912, 236.28444882209706, 243.96282400523845, 247.05793420950172, 236.5621932817313, 245.2953724622402, 255.18657528653446, 246.12679277990514, 238.81352408984773, 244.14666279704582, 244.11344894354974, 239.31199917824372, 238.7522713245938, 238.38704960924622, 238.01845217247777, 235.8977396498784, 235.0072007708698, 236.1061907782073, 232.10106388362829, 240.78357822403382, 241.4258927414322, 230.90638132687187, 229.88973956931068, 223.9024417261109, 217.85647501191193, 212.81136678760762, 207.40350586765496, 203.13584992497948, 200.21291319775648, 197.99736702152046]",0.03,150.0,10.0,False,0.0,0.9538083046222252,-0.2515083077830811
methodological_closure_v1,D,NZ,nz19,plant,1000,127,19120,0.1,po_random_5fold,random_50k,full_background_50k,ipp,R1,50000,,,standard_kan_ipp,True,768.6705262350006,895.5323624423538,,0.5707331468340612,0.0526038227215129,0.190206345225072,0.0481361472004973,,,,,,False,,,57.90027802613876,24.32167183214883,"[1374.3774167333174, 1372.8097715896388, 1370.0771282878843, 1366.3224976588622, 1361.95254577541, 1357.3600222325488, 1352.758199143251, 1348.2117774432531, 1343.6780495656258, 1339.074822100583, 1334.364977479118, 1329.5689423980643, 1324.7075455628856, 1319.7616935090634, 1314.7175743882228, 1309.611765898561, 1304.5154020676025, 1299.488391519056, 1294.5589011938505, 1289.7474862737604, 1285.0760605985326, 1280.5503881727398, 1276.1824765502506, 1272.0030135822349, 1268.0288189774124, 1264.2243938991057, 1260.5167573180918, 1256.8252978343787, 1253.0758972267104, 1249.222511175583, 1245.311279370571, 1241.435694342111, 1237.646639950756, 1233.9541458637093, 1230.3579835956189, 1226.7930475944693, 1223.181121843421, 1219.4567131658218, 1215.6055266098886, 1211.6033954491154, 1207.4264821148727, 1203.0912852241845, 1198.6586388130033, 1194.201434617792, 1189.7622513676724, 1185.3704335811303, 1181.0761260042275, 1176.8959122766762, 1172.7541235650158, 1168.5886592588454, 1164.4254018983568, 1160.2745554994228, 1156.127317186502, 1151.9962120249163, 1147.8955730430125, 1143.8198427926206, 1139.750917183037, 1135.7228936054905, 1131.7289820412213, 1127.8001517096473, 1123.9725454806123, 1120.2006399686477, 1116.472271797353, 1112.8220137481567, 1109.206144850299, 1105.6502556709404, 1102.1482035148986, 1098.6519067980728, 1095.1779327485124, 1091.731350292658, 1088.3504511381616, 1085.1543399632433, 1082.036116781638, 1078.925632199816, 1075.749552159541, 1072.4692561075642, 1069.3044539867694, 1066.0855395238627, 1062.9782385567692, 1059.955415878087, 1056.9861889558415, 1053.9134889924105, 1050.885874438685, 1047.8883363527302, 1045.0979240337485, 1042.164814106224, 1039.465521768373, 1036.8883654392632, 1034.1658907453455, 1031.4916507756848, 1028.761579927587, 1026.1679402467544, 1023.4308391629174, 1020.8864066314717, 1018.4837034095837, 1015.9751379826298, 1013.6590569694212, 1011.2880455579412, 1008.9865844388613, 1006.8146943374827, 1004.5116991909323, 1002.3926528642613, 1000.3324178943774, 998.1191622362142, 996.0715171731489, 994.1032566532855, 991.9428861120501, 990.1252720196895, 987.9591598880239, 986.1443954013826, 984.2516681419494, 982.2598385930197, 980.7603182113171, 968.5232808126253, 956.2538361962797, 943.856835866896, 938.4349598850255, 932.5384297471159, 928.2632548295436, 924.729319495995, 920.0722371447935, 916.3233148662993, 911.6285442484067, 907.6429438981361, 903.9577625597065, 899.3519269276952, 895.5323624423538]",0.01,112.0,15.0,False,1.0,0.7073219159388646,-0.13658876910480344
methodological_closure_v1,D,NZ,nz20,plant,0,33,19120,0.01,po_random_5fold,random_50k,full_background_50k,ipp,primary,50000,,,standard_kan_ipp,True,704.1942000929994,122.01824762099528,,0.7744315541121263,0.0981088100419251,0.6608487996533146,0.1887812877393906,,,,,,False,,,265.53081134756405,26.41336729300475,"[356.67746772233033, 354.8024700976347, 349.8066237852373, 343.754777384183, 339.065416978283, 333.7009505184811, 327.36603647134626, 321.7525188107155, 316.1822990175837, 309.7032246347179, 303.5425263041036, 298.3195913070135, 292.4891410003304, 287.04370554595806, 282.40396941315953, 277.5627816641492, 273.64844408816197, 269.84027238343504, 266.1279370830659, 262.67518013417174, 259.20465869538236, 256.076000007847, 253.13370745792233, 250.60462278622165, 248.04405404138578, 245.6530532911902, 243.0655336215199, 240.66199154335285, 237.72957657965011, 234.83228804617335, 231.6271804302529, 228.20136348652477, 224.96297342715278, 221.835166556906, 218.6366929826666, 215.44232633753933, 212.67263202797096, 210.1899788048593, 207.85698884540898, 205.55828645578416, 203.09580003422934, 200.74711844670026, 198.872373576948, 196.85469050465548, 195.33208071318398, 193.51735898074264, 191.92748327543342, 190.4320301720899, 188.50720633627827, 187.381882204101, 185.4162306692742, 185.13861348468862, 182.88962473772696, 184.05493565304786, 182.50291057150582, 179.4143875198102, 180.21617231291984, 177.21590582458444, 180.02219942433507, 181.45005402034576, 176.04437759601174, 174.0961491331946, 175.26646578918056, 172.7486089517385, 171.11228037847272, 172.14451797308666, 169.69012088442423, 168.58683851630107, 168.95988007069107, 166.24807144545284, 170.01128544545804, 171.01370894125347, 167.48328572672318, 165.18735896770914, 165.14800563733286, 166.15041127399172, 164.08070911500616, 161.41249476703985, 164.79135479070504, 165.00661561488076, 160.59515488626533, 160.12534664754034, 160.55700260575296, 159.24447894299593, 158.680146050442, 158.8073400173368, 159.69790852978366, 157.09130049628575, 158.57399248209546, 159.22818812092868, 155.63383541951777, 155.234323739613, 156.15057598947524, 154.25847446733067, 155.3928003441116, 155.47761333636691, 154.73460906929353, 153.83051942787495, 155.1908239874617, 155.02445625304298, 151.3868166669246, 153.56646634767074, 150.97418109254562, 154.342320402022, 153.04532580975317, 153.90999352592354, 153.19580734932447, 151.04086878038768, 151.1010050379636, 148.95356928634212, 150.12552761696722, 148.28830289668264, 148.584969864776, 147.3991142232477, 149.63725651334755, 147.48881450244846, 150.77777093914497, 150.3002548153774, 150.72134292615442, 147.2810942278163, 153.76107902543143, 153.87049664943453, 144.84944127470516, 146.82498040755655, 146.08436635546104, 144.615826258187, 145.05642846865712, 144.13419470635583, 143.97322581113676, 143.02879155202328, 145.90765618932997, 142.48775429070247, 155.06383482048489, 158.52625099483086, 144.96283202903172, 155.22544144817047, 166.44815968829408, 152.59713548440828, 147.46977851706887, 152.17693381822227, 147.42646052926128, 147.92662652904062, 149.11703764934492, 143.26455653521504, 150.23758321158596, 152.5975541992942, 144.62495789867572, 149.03314505676855, 153.4775422947568, 142.87509807794476, 149.94124388391612, 139.42065226093968, 138.58425251187364, 137.44102120618803, 134.72567656404456, 131.06280930210366, 128.38416156054822, 126.13767267745399, 123.72986883862397, 122.01824762099527]",0.03,150.0,10.0,False,0.0,0.9596369431099244,-0.18520538899779815
methodological_closure_v1,D,NZ,nz21,plant,0,21,19120,0.01,frozen_n_po_lt_30,random_50k,full_background_50k,ipp,primary,50000,,,standard_kan_ipp,True,1041.2231858329978,64.42003214345269,,0.5498130743473911,0.0557107644736659,0.1690829841082741,0.0365754145310087,,,,,,False,,,47.74342079303195,26.549135488135278,"[227.14384743600056, 226.31342920117848, 224.53220773083183, 222.92724312661954, 221.25904012724794, 216.4812180113444, 213.77567140504112, 210.50091268139101, 206.7336989688692, 202.867790458186, 194.29100779359774, 190.1841483523368, 186.24261719870697, 182.11073424992347, 177.73446571260735, 168.6911185614677, 164.09993066436004, 159.63195120238422, 155.22182736692713, 151.0597467149999, 142.644906069574, 138.61529683604124, 134.78039428442122, 130.85461544211012, 126.93067030052683, 119.70712428123696, 116.32255810482333, 113.25946234372682, 110.37107664491035, 107.54851406834354, 102.94905385736186, 100.81433366365442, 98.8690442393496, 97.20033342902013, 95.77860928877755, 93.07205296250633, 91.66320851718461, 90.76052553716701, 89.48346752569189, 89.2321577225218, 88.19023695664691, 87.02455153009568, 87.53083275741186, 86.39707447865749, 86.51211093768909, 84.27355789528792, 84.95267825948167, 82.62093109253279, 84.41642585408046, 83.9996776643294, 82.25436234098957, 81.61970761806326, 81.31055559864562, 80.60338943666694, 81.00924531616502, 79.95046885257376, 80.44968296728716, 79.52472788762934, 79.59041233226864, 80.16897118446107, 79.89030374733052, 79.73945969037828, 80.11430431491148, 79.10406385665743, 79.78549302030542, 78.61483130301936, 78.4486644910305, 78.2106263997023, 77.39951582360193, 78.38069841607552, 78.10174638024436, 77.49701297543096, 78.93112891892713, 78.45726404208354, 77.29564549391851, 76.37111548771723, 75.85939819325232, 77.33868199535307, 76.58621684560792, 77.91817730368237, 77.26412642101553, 76.9807724162867, 76.14788043614625, 76.0050699501409, 75.97758352939388, 77.59905062896468, 77.17742712476955, 75.59563078433627, 76.14875821485342, 75.49304738986706, 74.74510035642017, 74.79735747738944, 74.45723229743088, 74.1581232668042, 74.79415258896334, 74.13400078698598, 75.10305091796974, 74.6891036423018, 74.49943357204279, 74.02635718464805, 73.80721762871802, 74.38856951623671, 73.98059524553037, 74.27502617405155, 73.74445949555489, 73.34521177821377, 73.49336180584741, 73.42397186260614, 72.93129555493945, 72.97324749418996, 73.09589282508203, 72.41037492917579, 72.89019441660535, 72.53118835969035, 72.78202791691689, 72.69838322763619, 72.35478840680173, 72.14938416334631, 71.63616674313265, 73.10954503926499, 71.76749265105046, 73.36755293307976, 72.1161299726998, 71.93337969605498, 72.82073661163494, 71.04378006601078, 71.35461140329139, 71.20230604647011, 71.26162685022412, 71.59659541378059, 70.59513769353282, 71.04822761066316, 71.78591458515908, 70.63049288836312, 72.32317652488366, 71.94063597145532, 71.99105987715252, 70.57487563348154, 72.59750658925918, 72.24202529896448, 72.4015365618072, 72.65172679181998, 72.65958812520574, 71.26173710156726, 71.03726193608047, 71.18402213404056, 71.43391413142524, 71.68989927946113, 71.03517582834674, 70.6381466653299, 70.29721453779524, 71.22147550469677, 70.68786802282237, 72.4098237930301, 71.94348259991988, 70.75107388540768, 70.45414379738948, 70.20924994907217, 70.40813393377074, 69.86995082911393, 71.43417661121389, 70.99879986952736, 70.95057268100034, 69.75149342641674, 69.65199285405618, 69.93869687541978, 70.34667167023663, 69.54641563219684, 71.09841189690428, 71.12356876970625, 69.70656136157045, 69.60141401272475, 69.73293048842248, 69.81045147269076, 69.05278498837603, 70.91722858516648, 71.15288274832955, 70.77162018419514, 70.51584615212587, 69.67489714654108, 70.22392918093634, 70.57964184634878, 70.54383774053176, 69.86760343025504, 69.98871224393436, 69.24884635006302, 69.1451459983014, 68.42117169934825, 72.04025088229848, 67.97567286545474, 67.41863687081238, 66.88464360908945, 66.2869818419655, 65.82238990214837, 65.50779390053745, 65.00834904938215, 64.83688143436454, 64.67561957609132, 64.5555459718056, 64.42003214345269]",0.03,225.0,15.0,False,0.0,0.6789356985631521,-0.12912262421576093
methodological_closure_v1,D,NZ,nz22,plant,0,130,19120,0.0001,po_random_5fold,random_50k,full_background_50k,ipp,primary,50000,,,standard_kan_ipp,True,519.0950782890068,977.9478183301692,,0.6398789066095889,0.0569911351858754,0.3516698633822348,0.0874516282096927,,,,,,False,,,266.84317564710904,24.64921453868965,"[1406.1102097895848, 1400.999221444834, 1394.0336816500014, 1385.8451409896256, 1376.765834399732, 1366.676492296506, 1356.05941631442, 1345.9953726976173, 1336.667299667118, 1327.5300766150274, 1318.87069334692, 1310.332380816001, 1302.3128421369388, 1294.570970816897, 1286.7664153945486, 1279.2124483370144, 1272.5590209189747, 1266.441481261002, 1260.1313140748873, 1253.270634884765, 1246.5991280478765, 1240.8886773051554, 1235.689589053971, 1230.4382040987803, 1225.0186047791722, 1219.1915143022636, 1213.210793592947, 1206.929118798668, 1200.645014685031, 1195.1103823276792, 1189.8835648014583, 1184.9587615511102, 1179.2529812107996, 1173.1783512243014, 1167.9181664023035, 1163.7825711243734, 1159.696676427057, 1155.2424212409264, 1150.4977449557318, 1145.8021786567713, 1141.3937787122536, 1137.0210761986348, 1132.5115494065312, 1128.0133234381829, 1124.5478292867529, 1120.8588396182986, 1118.0624561021314, 1114.827179256382, 1111.4427424323194, 1108.5845182879207, 1104.332764926877, 1101.3517611002308, 1097.6169171512338, 1094.0683089631393, 1091.2632155366603, 1088.0024382686697, 1084.4547751583348, 1081.2403801776586, 1078.1320072242415, 1075.6490086418444, 1071.7111587324735, 1068.972101069639, 1066.3580531620935, 1064.3245703885605, 1060.967004265908, 1058.4649577580808, 1056.0856040903543, 1054.110311825629, 1051.032262872854, 1049.9186949905393, 1046.6754674167883, 1045.4696995816414, 1041.9859320580847, 1041.656831666783, 1037.619170568094, 1037.5878489035633, 1034.1522403436006, 1032.6182022964472, 1030.9760686608424, 1029.4320106388918, 1026.4857656644533, 1024.1074466749224, 1018.7348648406465, 1007.0875621899318, 999.4233172069072, 992.8746515769772, 988.9307092791811, 985.378858719923, 981.7294478338993, 977.9478183301693]",0.03,80.0,10.0,False,0.0,0.5566462573821996,0.08323264922738927
methodological_closure_v1,D,NZ,nz23,plant,0,23,19120,0.01,frozen_n_po_lt_30,random_50k,full_background_50k,ipp,primary,50000,,,standard_kan_ipp,True,1053.2838624900032,72.4519221839923,,0.4566940039155536,0.1437138417739006,-0.1186943356081832,-0.0584465976323997,,,,,,False,,,186.57164343926155,26.878919577774,"[248.56536656206765, 246.53225840381702, 243.33050926043668, 240.06517063647019, 236.1718025796389, 228.0469920484871, 223.83037402169373, 219.40090071928543, 215.14576061512474, 210.43558851497133, 201.87954402840475, 197.8997987569933, 194.1297826968489, 189.9231711208417, 186.2024621325169, 179.61501548314533, 176.44802087180656, 173.2058331798661, 170.22660098501163, 167.55158327008857, 162.24604108180085, 159.26363557296898, 156.68450282511915, 154.17033140530188, 151.7635114187325, 147.0101666315029, 144.55176956082585, 141.7529195044706, 138.85655703274753, 136.02529699080299, 130.67988694285307, 128.7024745696659, 127.47522603387623, 125.79816351536182, 124.41690964987501, 121.31553800907663, 119.57943389304567, 117.88148433311873, 117.24274410788128, 115.3589486560961, 114.21966396683902, 112.41843149458619, 114.23695498187844, 113.19810284787928, 111.23364894322349, 110.27161962457886, 108.83877904082867, 109.45605042072701, 109.41753454953997, 107.89549704826231, 107.51012785259049, 105.91731971039432, 107.24643398473597, 106.7801164272644, 104.08677512338497, 104.19411850904243, 102.83551243271599, 103.03577703886917, 102.27348213448875, 102.08428208014818, 101.13978637906364, 100.03548062014046, 101.63168790635835, 100.96397284161834, 99.4655374745385, 98.97068339646977, 99.55946228642998, 100.11438030798209, 98.23148197075722, 97.32912687750999, 96.3310925079274, 101.3589456745328, 102.90690571514297, 98.40087138609823, 98.26348276101008, 99.15437270532583, 97.45360949482992, 94.97947885930171, 96.7012430167257, 94.15613276595529, 104.38522995450877, 100.2794279363101, 97.10502658012054, 96.08568374312165, 97.45915961498397, 93.87316515483701, 95.4702269058821, 95.44019233883341, 96.15209609459895, 94.30973824791815, 94.10239520611495, 91.23178393995748, 94.0038125206908, 96.17715705185269, 92.17749191786993, 93.50347125625382, 93.04733308750652, 95.1743953230475, 93.14710449143611, 91.61517049381533, 91.3534714853932, 90.86166699543408, 89.96903078186233, 89.27451447921518, 91.24407331713063, 92.06094676828559, 90.76017132851163, 91.92210121598974, 91.90565358801327, 89.69063644640458, 88.49094635017529, 89.4245172288457, 88.13532096325986, 87.32949239626703, 87.12273536684566, 86.66079428455282, 86.81844710366813, 86.46395227415233, 86.0773888450254, 86.40606871330161, 85.72785439604081, 85.80963715251335, 84.70075400931125, 85.37503737863804, 84.88994195205663, 84.77326274982546, 84.05494214088685, 84.7414929783218, 84.68855829563688, 83.68829396310463, 83.36381535246161, 88.1866198801127, 87.7309064106597, 88.81782833011727, 88.62750373762962, 85.99767219778958, 86.06634556007752, 86.1827165522916, 85.2415766871283, 83.50422264055018, 82.55223559409382, 81.94091089413466, 83.25878109299607, 82.67544512822724, 84.24208154833349, 83.85856023614355, 82.28977883501625, 84.11579425509777, 83.73522526364953, 82.20087009066059, 81.24638170820569, 80.82394736085712, 83.45888276873525, 81.60358546610048, 83.96810969387255, 83.01182480662463, 84.18753299637507, 82.7605232964273, 82.86251783939234, 82.21895931162034, 81.67749958611756, 81.68262375066705, 80.5223910200676, 80.4630072748521, 80.56569797269204, 79.72797875410664, 80.81655247215238, 80.4757742731192, 80.48039947770435, 80.69727950236165, 79.85025983976122, 80.23421171649449, 80.50820338510825, 79.15641280873712, 83.22627422302098, 80.52485527338317, 80.60815209665978, 81.76015274481978, 79.65397608434148, 80.22202970378191, 79.68415061003188, 78.98278332325529, 80.00540069237405, 80.1152036093574, 78.79007622003876, 81.7855596728557, 81.81472708505399, 80.01359194795265, 80.94227318986113, 77.57672858212203, 76.72214902903204, 75.63632474167696, 74.85855155502867, 74.03155970795558, 73.48833160857446, 73.03915260121242, 72.8452487218559, 72.72379904949199, 72.6404627691278, 72.4519221839923]",0.03,225.0,15.0,False,0.0,0.3532432517292773,0.1034507521862763
methodological_closure_v1,D,NZ,nz24,plant,0,22,19120,0.01,frozen_n_po_lt_30,random_50k,full_background_50k,ipp,primary,50000,,,standard_kan_ipp,True,1040.1263191960024,68.961546817944,,0.6990416229450858,0.012738723775191,0.4742533651055109,0.0408344019943662,,,,,,False,,,177.55470043812053,27.195190188142707,"[237.6390779718245, 235.34563778815163, 232.28817079265653, 228.30785483499506, 224.09449413574987, 216.26936858367682, 212.03818955242846, 207.54798749359415, 203.37285328866108, 199.55464833422678, 192.71872216901045, 189.70200521331233, 186.87840702257066, 184.04604938843798, 180.8394427152624, 173.4339924371418, 169.42074398128605, 165.55825695647675, 161.92208233937396, 158.01118406849974, 150.8642376707583, 147.84755690461023, 145.17111482755362, 142.48810074243042, 139.6799179013198, 133.01658420619142, 129.40520749732627, 126.22873697368675, 123.56567170463886, 121.66786285296682, 117.55436683361737, 115.89289559325195, 114.77566932179552, 113.13798808268344, 112.95232873838246, 110.87541521477235, 109.76814662611629, 108.69454741995986, 107.61243369725413, 106.78181063540194, 105.02244345400983, 104.17748930609272, 103.10219782323195, 102.19761265169852, 101.4615443426245, 99.54605081125807, 98.84696277986083, 98.51409317494621, 97.4451909312483, 98.35642669141748, 96.1062093783153, 96.62460588211037, 95.11392072063565, 94.2782472006775, 96.25895701302886, 97.15657100178723, 96.69359277302945, 94.60112553020464, 93.96678106965061, 92.02721342232128, 91.42571990940485, 90.40247956085732, 92.06750252400792, 90.31107566777214, 91.81371064214082, 90.91755950854109, 89.52586570843738, 92.13350992832869, 90.7664502416387, 90.81432542285427, 88.15232185441987, 89.06151751369927, 88.15350547015798, 87.00077587205155, 87.90165824340146, 87.31827760761023, 86.77618903673012, 88.22212460882628, 86.36567614039602, 88.7952200944934, 85.49320858467675, 88.34309383954383, 87.6692774765829, 87.91836805616832, 86.10453284782987, 88.19657747138245, 86.39900722305507, 86.1818138972326, 85.83063160054695, 85.1757416094709, 83.7765273136794, 85.55486396059158, 85.28604544220664, 83.32481326947891, 83.39606152051103, 82.73845954897375, 82.97608535095306, 82.94707668868891, 82.77454414710203, 82.96714062401563, 81.93225545274362, 81.25769461127213, 81.49539668962382, 80.98170849372097, 81.35779284702741, 80.42725018730548, 81.21842061392547, 79.85037493414283, 80.60702940469662, 80.79897644424804, 79.26136629539474, 84.17063483195547, 82.12341546824072, 83.43346618686043, 83.74922073474096, 81.640472139205, 81.8358306645808, 80.09681593243485, 83.91596419979814, 84.13852632583897, 81.47006368287599, 80.17566126494481, 80.15178512573345, 79.83322480148409, 79.65945947013678, 79.13975576265557, 80.02210020963157, 79.79290713377009, 77.98492073640926, 80.20527091142407, 78.41263897548218, 79.2850021520546, 78.41356895341748, 79.08738263130009, 78.12500636741989, 77.59362461646775, 78.84064692015133, 77.98918926321414, 78.63599827417478, 78.56267818292808, 78.27639545239376, 77.33017451016984, 78.47063786531072, 77.56687705403345, 80.28602831616459, 77.52467934749517, 79.45760085870535, 76.65852412838014, 83.84351545755067, 85.40082627378561, 79.25132651660809, 79.18148212056535, 79.50801700693086, 77.14129160931756, 78.33127000166947, 76.5517032694277, 78.99945055089076, 78.38946271693177, 77.076633476068, 78.36267545188632, 75.80337373486356, 75.97286072293562, 75.49475730271875, 77.23630675359081, 76.83900380106404, 76.73136578297434, 76.22180244110139, 77.11629883291386, 75.57965181653732, 77.00107663120129, 75.7088334967921, 76.66968769016604, 74.58883861894991, 79.7961860331167, 81.40399502354697, 76.78858811901894, 77.60559358895738, 76.3533184602839, 75.50701927997201, 77.41211984303695, 77.0475277902669, 79.32879019066895, 75.55000384008831, 78.65228384824216, 80.48164552787618, 76.41880358605741, 76.54519767431582, 75.73664717868985, 76.7701704528111, 73.34730423181385, 72.34027287100282, 71.80763163188213, 71.27735355813617, 70.82418800545882, 70.3838150270068, 69.60292337569571, 69.4392032722184, 69.35326825097066, 69.21639058753442, 68.961546817944]",0.03,225.0,15.0,False,0.0,0.7292287513116474,-0.030187128366561677
methodological_closure_v1,D,NZ,nz25,plant,0,113,19120,0.1,po_random_5fold,random_50k,full_background_50k,ipp,primary,50000,,,standard_kan_ipp,True,515.4022670389968,725.1647758031526,,0.6560548589828571,0.0527245302869938,0.4218028612302405,0.0935716611906641,,,,,,False,,,266.83445442438284,24.172924415056272,"[1224.0314291646807, 1218.5897458238696, 1210.4860068453804, 1201.6799679578826, 1189.8017658220617, 1176.5862228248113, 1165.197128239963, 1155.68280999104, 1145.6657296376102, 1134.3938967936583, 1122.6346657599797, 1112.1297072140865, 1102.7760281406786, 1093.0028627425734, 1082.5663892347352, 1073.1052020035406, 1065.410975740882, 1058.2391232169637, 1051.1618351132902, 1044.1783207015817, 1037.5775246144847, 1030.7919585285456, 1023.7346009193834, 1017.4349624811219, 1010.4151532419964, 1003.5112090875496, 996.610154126523, 989.1578673851969, 982.03304251456, 975.787938169517, 969.8774597047982, 964.3609379802575, 958.986066386852, 953.0673111297368, 947.8215816980654, 942.5026889358752, 937.3483157097118, 932.6851144596855, 928.1449065373076, 924.2280279254956, 919.5370704988, 914.4157238380815, 909.6628472598557, 904.9149988646026, 900.4954355236141, 895.8937116089892, 891.4983655451334, 887.0648567449497, 882.5370308983283, 878.4739131346114, 874.2612105987315, 870.2233273758332, 866.8239004342358, 863.2045683222188, 860.6930457141467, 857.2226115925573, 853.7187109783669, 850.9196314451257, 848.2644388911006, 846.0226730699889, 843.1239375743039, 840.7842334885943, 837.1963424453575, 834.9586831670102, 831.0778731673643, 828.8406049792598, 825.8475713610296, 823.5945946044324, 822.2143718425853, 818.5873923097191, 818.2270202260808, 814.0859862182649, 813.4943587576494, 810.662126290074, 807.7254765637499, 808.6853545515157, 804.94613851211, 807.3454193732937, 807.3320244969312, 802.2357792065842, 802.9563879053458, 795.4200570968729, 789.0262424265866, 776.6215040047322, 765.4314242324654, 754.4919287345159, 745.1187333862752, 737.6821350784373, 732.4244865581231, 725.1647758031526]",0.03,80.0,10.0,False,0.0,0.8670212222982145,-0.21096636331535745
methodological_closure_v1,D,NZ,nz26,plant,0,22,19120,0.01,frozen_n_po_lt_30,random_50k,full_background_50k,ipp,primary,50000,,,standard_kan_ipp,True,1055.4767409740016,68.47185443189201,,0.7405952848250835,0.0472272694785829,0.5980356310763938,0.1125811769180688,,,,,,False,,,512.7507395090045,26.634188255722293,"[237.7247870154806, 234.5441984392619, 229.79287884092074, 223.99784006881004, 217.90258881765703, 207.21737463932837, 202.1715167342076, 197.39890741080285, 192.7688504052925, 188.4279735306454, 180.62626939308453, 177.06334822744267, 173.5992380448844, 170.13133948082947, 166.7999600145676, 159.67902854660701, 156.38631688968303, 153.4117372019487, 150.1459150094815, 146.88712233451824, 140.6308649569556, 137.53549632978414, 134.82505655905115, 131.67348535872446, 128.7580058533715, 124.23807660695527, 124.03212038391347, 122.2157003074379, 119.40618990963326, 118.70983112074774, 117.76597381999309, 116.23892051515224, 114.11485231277551, 113.55153633693135, 112.51253342325144, 111.08463623235355, 110.32271240559199, 109.72859511515928, 108.48423876632455, 108.74750731925366, 106.82043529975292, 106.34022572436412, 104.72626130447618, 104.55659133633665, 103.12269985842562, 102.41776638587186, 102.1935340630003, 101.31332682000038, 100.68930105014239, 100.11252962037457, 99.19572096664466, 97.90224914879775, 99.2255056784823, 99.38668413874605, 97.0812307838423, 96.45030027249553, 97.68660271329294, 96.83810779874696, 94.6137363739604, 96.21430544109111, 93.54567833873654, 93.34434302391642, 93.2318033640647, 92.67748555065691, 92.15800862861732, 92.01310718424386, 90.94715673973117, 93.1013654265714, 92.10544626270122, 90.90127315125125, 89.65762446690562, 89.79674434749502, 89.2115682110689, 88.57811236327137, 89.55234604563937, 90.18250811846174, 90.3128669621647, 87.60253200383565, 89.52770362549042, 88.47435517094014, 89.0153187695747, 87.08114053172594, 88.07730995701347, 87.43128098665355, 86.1803469843763, 85.3048515863815, 90.21346587031427, 91.99615798183055, 86.70963209637645, 88.04074136247918, 86.61561987446252, 85.72939618442528, 87.33536077565304, 84.86203439969574, 87.12254459107773, 84.93181131666249, 86.27843532929299, 87.84547220165965, 84.75469863354623, 85.08296427104358, 84.55364731276285, 84.68603565035379, 84.15769366414514, 83.90591624047255, 83.57005723330641, 83.20637491410955, 82.91461912810621, 82.38577364251383, 82.57829299549617, 81.92567975534334, 82.8940066277344, 81.28905822491541, 81.72247886379171, 81.09874689623558, 81.6008094574785, 80.60484126421646, 82.66334894228704, 80.9269247288924, 84.05181902647679, 84.195635365023, 82.17007417200833, 81.60633123741556, 82.30938022816119, 81.39286355536059, 80.27306678180713, 79.9650629048935, 80.40755662911135, 80.92853161696014, 79.04905667173402, 80.6608928962874, 78.99499614770455, 82.25754785714324, 83.98119472318685, 82.60830223533048, 80.16805770686172, 83.39421205453286, 83.61527191140789, 82.13550532235317, 80.89434135024607, 82.67862144252385, 81.78358596178101, 83.04625207174962, 79.85905083710958, 81.3460069098958, 81.37844939329018, 78.900018373534, 80.88902664670837, 79.36575825244256, 80.55637438361249, 80.1148041455876, 79.24332838879495, 78.12427241974996, 77.98904571810422, 78.78921390070984, 77.65253791239967, 83.54967692677675, 81.40742891837571, 79.551401806171, 79.11918701887585, 78.10917390159469, 78.43126282936294, 82.8554902078486, 83.74067003178203, 80.45927799667092, 79.89797017179237, 78.36605243118184, 82.28056322790542, 82.29865413328308, 80.55348649895927, 81.33365962014527, 80.64386405384693, 82.13492824001683, 82.31890282168617, 79.11573181869531, 80.97873246172416, 79.92403057384416, 79.42822385557581, 80.13527411900968, 80.41802155859423, 78.88413043987303, 77.9799117680648, 79.01874967525424, 78.53134071443118, 77.97421717228482, 78.63051712953336, 79.75152780448602, 76.96216195745197, 83.98665127179201, 86.02514590271657, 75.47658118739598, 74.21565428641847, 72.98123944287, 71.40326009558929, 70.37254450224125, 69.73498254714885, 69.08194138392852, 68.85902343048174, 68.73110575116874, 68.65746844953031, 68.47185443189201]",0.03,225.0,15.0,False,0.0,0.8626867969939803,-0.1220915121688968
methodological_closure_v1,D,NZ,nz27,plant,0,40,19120,0.1,po_random_5fold,random_50k,full_background_50k,ipp,primary,50000,,,standard_kan_ipp,True,701.1080864820033,171.01853341986478,,0.4505665991600656,0.0518997240690177,-0.120003501859987,-0.0427782353971842,,,,,,False,,,322.6466674464557,26.463604337779067,"[432.5127436331644, 429.72815302431667, 425.7944997273119, 421.05556891805395, 415.95913206472716, 411.3102871604654, 407.0946074938677, 403.09357819714324, 399.145695855147, 395.44118324260165, 391.94061663609745, 388.34478294416533, 384.4386835275334, 380.23773965765935, 375.76409232050315, 370.87783584291304, 365.7703514565579, 360.6520434638609, 355.11827881969, 349.07594055591693, 342.8685299967604, 336.8086443950965, 330.8494617993953, 324.93343838755413, 319.08588366728003, 313.02586207329267, 306.7906161333481, 300.74546262434626, 294.9561638170587, 289.2949681643259, 284.16211466291895, 279.5348267155849, 274.87229239638987, 270.2771028487133, 265.9699403593337, 261.58679304682283, 257.60723309623, 254.36400340762123, 251.10399899050003, 248.22236449131222, 245.1524982800053, 241.97722745873995, 239.46381590177486, 236.11507443773286, 234.10645348819205, 231.12930673100462, 229.1775805862579, 227.14531633737772, 224.78062414408075, 223.78048628242112, 221.5895175289275, 222.1299653552282, 218.63570703591725, 223.6299199642518, 221.98881828845552, 216.99634352428666, 217.90724024529106, 215.10533897511704, 216.9475062140893, 216.1361672827051, 211.90415143618765, 214.2180668369399, 211.3683917376001, 212.04846304496164, 213.01446743377502, 209.66320217502698, 208.9689232732525, 208.48635038072777, 207.0418475697206, 206.24695089090324, 206.01223271381411, 205.54579771947408, 204.9550256577687, 204.13570253561554, 203.8680629994117, 203.44976026487268, 203.45403774016623, 202.69864149375024, 202.12187595937726, 201.90364317872678, 202.21905949416973, 200.6732294666147, 201.42844838451322, 200.61188230437293, 200.21385888988624, 200.09313154600292, 198.52149726001858, 199.7108712957832, 198.01275355769448, 198.1824726855496, 198.21128594965373, 197.25489990171263, 197.9021496606087, 196.2775859600111, 200.5253055672125, 197.72718218649254, 204.29471457890207, 204.55831505609274, 196.86962761402813, 198.37740246345268, 197.5627249531734, 196.059330747272, 197.18197757629548, 196.54652622200987, 194.04191943221412, 197.4613970922196, 195.2409302686192, 198.33921660924523, 197.91613536327398, 198.27796795166762, 196.22436867386372, 194.3018399023125, 194.47859474187055, 194.22148107734128, 193.23707098869048, 197.18796397436978, 196.1808607282576, 192.39595673422423, 196.55456545311023, 192.38054862597002, 199.535870661863, 202.5282695480448, 193.8694879276197, 195.78033669636176, 199.00800740290995, 192.27712056252952, 201.11101765564283, 207.34387825929286, 197.9837768506797, 194.3687517025584, 198.43717045558907, 197.29530489820917, 191.61284796057714, 193.437340771598, 192.9659685140807, 191.55967231721465, 191.65807280303326, 190.7562938925833, 189.9511502403086, 191.89511230413294, 191.7416217362244, 188.5942980362279, 192.28951806232496, 189.80201849082522, 194.83851437547213, 196.86852440022938, 190.94523960903734, 192.86615274832383, 193.56859120773825, 190.69623504686186, 192.22933580166548, 186.77952218007732, 185.99317126359142, 184.97046824898388, 182.27373161241263, 179.352689026633, 176.9397837655877, 174.9277300315126, 172.99071435335978, 171.01853341986478]",0.03,150.0,10.0,False,0.0,0.5371328359077905,-0.0865662367477249
methodological_closure_v1,D,NZ,nz28,plant,2000,18,19120,0.01,frozen_n_po_lt_30,random_50k,full_background_50k,ipp,R2,50000,,,standard_kan_ipp,True,1511.4500698589982,52.07940200160285,,0.5706638702065167,0.0049109700670584,0.2011651826767332,0.0154044202680264,,,,,,True,,,28.28900867330024,27.85223369234968,"[194.77803352465034, 194.6928816791428, 194.54875355578207, 194.3550376451873, 194.08467719899164, 193.92141454508334, 193.53107940478694, 193.02325626273966, 192.38311850501708, 191.64016144389845, 191.24447478545625, 190.41636903402176, 189.53176106563782, 188.57989268439374, 187.5654529337145, 187.03931097393254, 185.9549449838083, 184.83015497625988, 183.67149339581178, 182.47878647952317, 181.86763881972306, 180.61275079007748, 179.3224732696408, 178.00815088585446, 176.66783584961544, 175.98700699856983, 174.60787972151272, 173.21362309984806, 171.80329343859492, 170.37394725632475, 169.65330343670828, 168.2020321263335, 166.7368441198853, 165.2581277243947, 163.7691569083723, 163.0209153502894, 161.51433552040925, 159.99171222088762, 158.45337093359808, 156.8996473517574, 156.1163880096098, 154.53627624301862, 152.93661090473407, 151.31337350626455, 149.66487385021688, 148.83126000735368, 147.14684101349926, 145.44537378388827, 143.73687688151938, 142.03176056334286, 141.18195565902732, 139.48368414578871, 137.77593750056707, 136.04329979939018, 134.27081165291077, 133.36592326938612, 131.51995855224874, 129.63411150800246, 127.74342761530343, 125.9035351634818, 125.01635509151049, 123.31512143741425, 121.67690264221017, 120.05651947682185, 118.43635703455892, 117.62626508026311, 116.01032904423124, 114.40603116922435, 112.81593304884352, 111.23752975597253, 110.45197431863156, 108.88778344766672, 107.33230271854252, 105.78759231024978, 104.27750026372883, 103.54066146335127, 102.04595976666351, 100.5981929339961, 99.17669977526535, 97.75170976610141, 97.05786828470775, 95.65396521405714, 94.2749984636365, 92.89004056623324, 91.5284397662639, 90.85315254577348, 89.5375502246515, 88.25858969948843, 87.00050283285135, 85.78150694258755, 85.18969777189128, 84.0375235963867, 82.9107693954, 81.82849123732078, 80.76612177970841, 80.24412284987163, 79.2399484211845, 78.28135143777816, 77.31822318318045, 76.40397529945768, 75.9476041517211, 75.0678347703872, 74.21629711380142, 73.38638669647149, 72.59158096032714, 72.20504882158396, 71.45941462316624, 70.73714244317367, 70.01438860733595, 69.27432629583089, 68.89812275034444, 68.14992680725297, 67.49093469557575, 66.89365298141163, 66.27418106984105, 66.00110296442205, 65.43827166459846, 64.92632906271041, 64.43927418718602, 63.96897194054944, 63.73252483059287, 63.30516165210709, 62.916757488082524, 62.52254738166332, 62.14960036330416, 61.962935286573284, 61.63035411324701, 61.317779559371296, 61.0193669017661, 60.7359044669407, 60.58323822647888, 60.32206024354232, 60.066573981603554, 59.82828175635184, 59.58983507967215, 59.49988924588086, 59.276206008959505, 59.070381326345405, 58.88469545822394, 58.71211221873949, 58.60939491458837, 58.43779216047195, 58.28116546437677, 58.12871098445275, 57.98723305679794, 57.915739451741345, 57.77787520497342, 57.65455812137462, 57.540272330785484, 57.41693262502881, 57.34199323596552, 57.232445348173975, 57.12536507629623, 57.022195655568304, 56.91926662848377, 56.88463566247592, 56.79131962829492, 56.69927182221032, 56.61579755970097, 56.53089887658273, 56.47664520286852, 56.398039093815086, 56.32172240512818, 56.24842755763794, 56.176847720426046, 56.154133620157616, 56.086137304075365, 56.019072461412584, 55.9557317231898, 55.89552357910907, 55.851185010051424, 55.7922571320037, 55.73439330740013, 55.67797561091902, 55.62319940871699, 55.610140267328134, 55.55983878349129, 55.5098598260696, 55.459154351214536, 55.409239925380156, 55.37125447650839, 55.324535329655795, 55.279903609340614, 55.23598837920035, 55.19357488577222, 55.18652535291943, 55.14200998515152, 55.100787818095604, 54.947534177145414, 52.60844672447982, 52.293802479809536, 52.176060679940704, 52.10902487732522, 52.09567364146471, 52.092713872155414, 52.08814398009245, 52.08509015441411, 52.08455604210097, 52.08293354490723, 52.079402001602844]",0.005,337.0,22.0,False,2.0,0.7679698809982967,-0.19730601079178
methodological_closure_v1,D,NZ,nz29,plant,0,21,19120,0.01,frozen_n_po_lt_30,random_50k,full_background_50k,ipp,primary,50000,,,standard_kan_ipp,True,1045.7747153169985,64.06707979757833,,0.5694811997223307,0.2179286121658147,0.160482809164238,0.0993305121475232,,,,,,False,,,137.63813619641385,26.5792907456418,"[227.07238777080897, 225.67169646657618, 223.43919171754206, 220.4748628005802, 217.2178005102785, 210.14852255297416, 206.40054652874971, 202.39837056332817, 198.30657176060765, 194.2697149059883, 186.1997639441052, 182.08854529355935, 178.02848192487644, 173.98398910914915, 170.13352851974125, 162.54068149906124, 158.76559175461927, 154.9571706408583, 150.94496504839194, 146.98544816898692, 139.36264495494305, 135.45920478439564, 131.36419578030169, 127.05548955684353, 122.47110740991636, 113.47506076936608, 109.43744237278526, 105.86341839627221, 102.76331574618803, 99.94636598733, 95.3072736761038, 93.18320987226528, 91.34914527811588, 89.65974459491609, 88.29450926089991, 85.44371023834327, 84.7115345930748, 83.23170272207041, 82.41255197045976, 81.66567863835233, 80.32945021234431, 79.32176234793022, 78.59337512349045, 78.00967505489734, 77.89806113487997, 79.23766833125097, 77.08192241107338, 79.65670331634784, 79.7467942070285, 77.00978345708374, 77.35723800834596, 75.30072431927063, 75.67325772845004, 75.66710408516396, 73.57287257595691, 76.84255573268244, 74.9660760205924, 73.50138088447714, 75.74380418685641, 74.87776746933565, 75.86046443827775, 74.38856074893847, 74.66943781265762, 72.69567282706292, 74.79816542980396, 74.09952318331355, 73.97349839491095, 71.63963534817712, 72.88514050751728, 73.29111826391123, 75.69959039007202, 76.82919155825125, 72.89826446053273, 73.73090708773056, 73.98495226039887, 74.39450485435991, 73.89465179386407, 74.17845273137974, 72.50215831366907, 72.76241626471416, 73.83336089041055, 72.48659480783894, 72.01224507427993, 71.64030022938792, 71.13043684450086, 70.68780023626464, 70.93994662628346, 70.95509841539707, 71.92414447414478, 70.15700426898128, 75.7108706879633, 72.51981866583925, 70.36332401142354, 71.97808211659172, 69.64332057911156, 73.92476527516071, 72.46359284106693, 72.37428566930497, 70.79250985357827, 72.33765036966496, 72.01065924929786, 70.2235218347672, 71.80473003429684, 71.96647946214962, 71.01196285647237, 69.72364009318852, 71.73154150702187, 72.25544585119147, 71.0505460830799, 70.10054400008094, 70.09493042968086, 69.68785792517815, 69.05673916706418, 70.03014572926077, 69.41316627942821, 70.52346597723171, 69.79519123665241, 72.04888254037502, 70.1900897886391, 70.75788989586245, 69.65756483892146, 69.25353342095129, 69.31044054735936, 68.39232664830756, 69.58392007388443, 68.88050355398661, 68.33534302934726, 68.38978001297212, 68.86957986719895, 69.14600302228898, 69.50395965622111, 68.12209873556195, 69.27919851319946, 70.48775518582988, 68.86865656395554, 69.02183115689269, 69.23539887594245, 68.53410345864812, 68.83824266034243, 68.54685877780442, 68.55640529208911, 69.15190734529506, 68.6009123933057, 68.23490538809219, 67.7248893360185, 67.76398724807274, 70.82154982498233, 70.97094257737803, 70.20317942152532, 68.80207337344238, 69.91636575033193, 68.72363754260905, 67.95164301488258, 69.0107286873375, 68.03837542848937, 69.33066723740274, 68.94209996420663, 66.90618544215131, 72.50242745986182, 71.56661577980697, 70.4694692080164, 68.28456042071875, 68.5084338791738, 69.44127038480114, 68.0843769240291, 69.26717921134399, 70.1480637339726, 69.75418553063176, 68.65942506103171, 68.86484412578251, 68.3873776047877, 67.85938610610829, 67.49079917876932, 68.42032588162778, 67.2266614984261, 67.4477864359549, 68.77134305693951, 68.7664494685678, 66.90988021188511, 68.91936517427108, 69.06409724737918, 68.54543101389548, 69.18232000056489, 68.04186559221101, 69.07000495500462, 68.69634805804388, 68.1591511392912, 68.28952229292686, 67.05348470457871, 66.0574613126841, 65.6180750069647, 65.17636418417263, 64.868859974257, 64.5635658268714, 64.35503015980106, 64.20266989992011, 64.14948166211475, 64.12131661990236, 64.09760711702465, 64.06707979757833]",0.03,225.0,15.0,False,0.0,0.6137532889053521,-0.04427208918302139
methodological_closure_v1,D,NZ,nz30,plant,2000,101,19120,1.0,po_random_5fold,random_50k,full_background_50k,ipp,R2,50000,,,standard_kan_ipp,True,735.7675228249936,684.7826730369743,,0.5348579820385335,0.4362769696633696,0.0496029126560762,0.0672221305785813,,,,,,True,,,40.46283623561303,24.09895367757625,"[1092.9308334335383, 1092.5204275097853, 1092.0903919247996, 1091.596587626428, 1091.0220233015434, 1090.3532457182655, 1089.5741600276376, 1088.6686555907092, 1087.6294640026858, 1086.4619819262675, 1085.1813612933213, 1083.8066421015326, 1082.356198342016, 1080.8457508911529, 1079.2872611515065, 1077.6876430687694, 1076.049431142886, 1074.3724604274137, 1072.6556297070993, 1070.8983435594935, 1069.101856010787, 1067.2698841939898, 1065.4084629567787, 1063.5248390103113, 1061.6255855461122, 1059.71496393474, 1057.7943468483766, 1055.8620003302601, 1053.9147497225883, 1051.9507102243604, 1049.9711515248575, 1047.980364744508, 1045.9840916939168, 1043.9880781699703, 1041.9973098897108, 1040.015826892874, 1038.0466346635842, 1036.0916911785655, 1034.1520748657972, 1032.2283112996813, 1030.3209314893907, 1028.4305433543232, 1026.5571649889164, 1024.7000349656998, 1022.8581889024446, 1021.0314045818519, 1019.2209177038853, 1017.4295639899981, 1015.6605183504723, 1013.9156500153757, 1012.1946513360409, 1010.4958275751853, 1008.8167478875399, 1007.1544646365701, 1005.505138032397, 1003.8630995301472, 1002.221094966812, 1000.5717362424188, 998.9092103846581, 997.2297364056275, 995.5306066676563, 993.8088339177718, 992.061774317777, 990.2882750456721, 988.4881764400217, 986.6604874197307, 984.8053975809762, 982.926331617091, 981.0286451733256, 979.1181956098206, 977.2005084193142, 975.2808352369681, 973.3627431897919, 971.4455135405498, 969.5236278084993, 967.5903435054247, 965.6425991764302, 963.6821039521483, 961.7149968931213, 959.7501043765341, 957.7972066812933, 955.8602916777769, 953.9350180766586, 952.0159676401867, 950.0988480234272, 948.1788953951094, 946.2521489974667, 944.3177908853138, 942.3812233118375, 940.4511032644194, 938.5309976405264, 936.6180674835762, 934.7109872017046, 932.8093331572512, 930.9112427986825, 929.0162145445304, 927.1235958044163, 925.2310540736324, 923.3336765885335, 921.4255562593349, 919.5018713574243, 917.5600506724712, 915.6005274266653, 913.6251262540347, 911.6360539434187, 909.634924447435, 907.6219423037569, 905.5964671512231, 903.5590043439456, 901.5117721245902, 899.4586564175444, 897.4027555188695, 895.34524352857, 859.9329923778063, 842.6461407550473, 817.5749774898005, 797.3250314971599, 779.3569462457003, 760.493326158784, 746.0653046691673, 731.80881422842, 721.5613688559306, 711.5885773515223, 703.5324292741526, 696.6387646164993, 690.203522258039, 684.7826730369743]",0.005,112.0,15.0,True,,0.7974358359153564,-0.26257785387682286
methodological_closure_v1,D,NZ,nz31,plant,0,47,19120,0.0001,po_random_5fold,random_50k,full_background_50k,ipp,primary,50000,,,standard_kan_ipp,True,686.7700947870035,227.6742805121589,,0.5582081151832461,0.0270019547349572,0.2303709892684902,0.0144851517167378,,,,,,False,,,303.28710480846905,26.676480230601804,"[508.71786806440946, 508.65286591841124, 506.83479759176385, 502.6993848357319, 497.7992233264843, 492.23147503053104, 486.0894443151979, 480.0198611122617, 473.22616042036896, 465.5119214243459, 457.7372708945771, 450.5597096563916, 443.7451331495301, 437.09754634311594, 430.8597281157333, 425.46342338874274, 420.98870498168253, 417.2847864313866, 413.84667737479367, 410.28408360793435, 406.70739292546136, 403.0848004137045, 399.4588391818791, 396.02455102886324, 392.50753138778435, 388.8970141068877, 385.0875990597893, 380.9244463706663, 376.6113266725403, 372.85930335187356, 369.78848607356866, 367.5780209860624, 365.762554608626, 363.59435038371004, 361.3131097841528, 358.89597240244274, 356.21715528921845, 353.6180893220106, 350.77123347377244, 348.0980272594225, 346.29637825167043, 343.7176050246854, 341.40973116453887, 339.1855419391118, 336.48923589191224, 335.155162761567, 332.99060384156274, 331.4549535998907, 329.4837686450467, 328.26525863146634, 326.1074945521524, 325.93214442217476, 323.7185273181147, 322.7445790035512, 321.8559319792088, 319.52003449946255, 319.33623898625797, 317.0528380204941, 317.2879279449605, 315.99862227962075, 313.7510660785081, 313.04619274752275, 311.4555380441698, 310.2037646630609, 308.9845698261479, 307.95201512492724, 306.21705218012295, 306.7861154268168, 305.54893158680494, 303.35758035368923, 303.47734921291544, 301.1232829599434, 302.5701781009158, 301.7003373015003, 297.8788055550762, 298.6806329781203, 296.4578416518669, 297.4979550669722, 296.92283352033866, 293.2909675637473, 294.6665186209357, 292.2438062870363, 293.60214801995056, 293.6655352758826, 289.4185220503468, 292.26961716049726, 292.04465362677627, 287.52280973944806, 290.5943209483026, 290.59322270091843, 284.73328045691864, 291.3867635974034, 293.50740188902955, 285.01841780719644, 286.31779795001887, 291.00241279179096, 286.74929670520487, 280.3674407204222, 283.2203815816793, 279.8518421346978, 284.28956574383955, 285.3122603664834, 279.53026979416046, 281.1550719227883, 282.9798689631615, 278.3597186902308, 278.0552318972924, 279.50754676301057, 275.09802525519757, 279.92325313917206, 282.12704315704485, 274.6034792123861, 278.66692699306776, 284.0629924663575, 278.50118694455654, 271.6633381176132, 279.55418467130033, 278.0940013268133, 273.7867386742515, 272.166501642189, 274.30425443545255, 272.5552138385575, 271.5096670880449, 269.3122307481327, 271.2296914872757, 270.7081540744895, 267.7236471830934, 268.9675861371206, 267.30582648608254, 267.44764642002036, 267.4725271005815, 264.5898090913358, 272.4850045132338, 273.48433559588244, 268.044744924039, 267.05837782357816, 267.54553551610326, 267.00491280535385, 265.4695481302852, 263.8231158307163, 264.8442653906618, 265.7760706162766, 261.40894720653273, 264.02539132020064, 263.6011979840819, 260.0014538018765, 262.3033877660129, 261.6530881911234, 259.616823476932, 260.0923019450273, 258.9835974082065, 255.76924974119092, 254.52086678576347, 247.80331604863136, 242.5344628189092, 239.42664312404028, 236.29263904901327, 233.07015096383904, 230.35150964387213, 227.6742805121589]",0.03,150.0,10.0,False,0.0,0.9415981675392672,-0.3833900523560211
methodological_closure_v1,D,NZ,nz32,plant,0,105,19120,0.1,po_random_5fold,random_50k,full_background_50k,ipp,primary,50000,,,standard_kan_ipp,True,508.3907997409988,674.6180152122375,,0.6288191267697917,0.0867097797337666,0.3108293296097516,0.1044179979916157,,,,,,False,,,199.98407887224943,25.1290052166355,"[1136.8089488106484, 1129.9890570922705, 1123.0196591341798, 1114.1826452997232, 1103.1939436443, 1091.3266733912608, 1079.5853222070598, 1069.046250990406, 1058.5005810341747, 1047.5911707864286, 1037.1760355321105, 1027.9720650956137, 1020.0151589844126, 1012.8056221022104, 1006.049468039621, 999.573590712901, 993.3220912262195, 987.4936008684748, 982.2138661877254, 976.5779053640188, 970.0657098486373, 963.4488515251309, 957.6264085815603, 951.8638042798198, 945.7151686285548, 939.356207400794, 932.7569693317506, 926.0518883000472, 919.3241796687198, 913.2312089163436, 907.6732834043698, 901.8576088959222, 895.5842799058211, 888.9047192778831, 882.3018608963631, 875.9560513577609, 870.0533530129156, 864.168437997888, 858.3356508766072, 852.5941211490149, 847.1085949370828, 841.5913901467211, 836.1825382130847, 830.7136099472885, 825.9489149855632, 821.6651476974143, 818.2030490177224, 814.8036611401195, 811.6832074456149, 807.9478702496118, 804.0672857680794, 800.0908763421912, 795.979179700623, 791.5190155737432, 787.458997125627, 783.6249853299418, 780.2392522711264, 778.1583775698565, 775.3447138873415, 773.4238272485816, 770.8440009082657, 768.2600295424187, 765.978757730618, 763.3417052128427, 761.0602097131867, 758.7144797099307, 756.2016281999507, 754.8452191828127, 752.1976793876298, 751.6596158343896, 748.3416010322377, 748.3945630331981, 744.9289363273217, 745.3567408514995, 743.2394474030224, 741.3520746732668, 740.7157700926297, 737.5846358044079, 737.0588110074926, 735.6174450646415, 733.5956030527204, 731.6992066177528, 723.180330870563, 713.2967573929278, 706.5176925770493, 698.425580717443, 690.5882347937, 684.949821914134, 679.5909800357526, 674.6180152122375]",0.03,80.0,10.0,False,0.0,0.7523618611397768,-0.12354273436998509
methodological_closure_v1,D,NZ,nz33,plant,2000,19,19120,0.01,frozen_n_po_lt_30,random_50k,full_background_50k,ipp,R2,50000,,,standard_kan_ipp,True,1532.5672101259988,56.02261074791029,,0.5025315304125414,0.0465620318814356,0.0670320838092694,0.007604175949935,,,,,,True,,,24.153691405550408,27.53521600158656,"[205.63569668546083, 205.53714987781308, 205.37638310586223, 205.1238333669971, 204.73040485542572, 204.48549307061157, 203.91419970186794, 203.24709105619021, 202.49525676948937, 201.66750882818596, 201.22694495785623, 200.29315623743517, 199.293511337976, 198.2407969817098, 197.14549201166037, 196.58214631925526, 195.4221724589858, 194.21811736825873, 192.9753257329018, 191.70436447690193, 191.06095978258273, 189.75637146113297, 188.421351221776, 187.0542494478433, 185.66251643421623, 184.96185166819743, 183.55919202498131, 182.16187874042728, 180.76212443038114, 179.35087601173683, 178.63692283558817, 177.18429497908002, 175.69959545841746, 174.19658248173042, 172.68621567021205, 171.92365366597372, 170.36912735227193, 168.76723837646924, 167.11877080959616, 165.43315042314333, 164.5780173189813, 162.84121624006454, 161.0603185291077, 159.23305026622955, 157.3864843540359, 156.467983605017, 154.66013493165846, 152.8843330269706, 151.12243199298567, 149.36593430236715, 148.4878742053246, 146.7309736763168, 144.97268691195904, 143.2126523564909, 141.45561470520133, 140.58017633766906, 138.834625545188, 137.08625859613818, 135.31843849806256, 133.51086543108056, 132.5837712689031, 130.67928563528247, 128.73753952406423, 126.81817738925135, 124.95330272665197, 124.0317572142907, 122.19464631774748, 120.36750457961388, 118.56388804259461, 116.78720565151684, 115.9077537441864, 114.17217211313546, 112.47205012274289, 110.79960297019574, 109.1672021869053, 108.38146363930895, 106.78074746403671, 105.2544417769986, 103.73672063368824, 102.2448257980662, 101.52095754291628, 100.0753589424241, 98.66163771705268, 97.25310016312346, 95.89293110624662, 95.20562464952326, 93.87996873965825, 92.56736587767377, 91.29240326017586, 90.03437084803736, 89.41475837943254, 88.20209394791003, 87.002818094735, 85.82357769304784, 84.6839793764958, 84.13261285211799, 83.01975537636412, 81.96271136454823, 80.91945573655053, 79.92755805845829, 79.4619290116622, 78.50347533740695, 77.62196702855842, 76.77542402039813, 75.97485183637207, 75.60134745698564, 74.85381288218639, 74.19568441807044, 73.52584652676734, 72.92150909787564, 72.6301452829177, 72.09315521647916, 71.57518509671293, 71.07549908064351, 70.6287515723415, 70.39658044083912, 69.99586163631302, 69.60291223948221, 69.21512134737827, 68.87009948635875, 68.69944649245446, 68.38622060875831, 68.08409679829813, 67.80197552997538, 67.53864735905613, 67.41423632476918, 67.16453245153565, 66.93233038483014, 66.71048492497604, 66.50517261422986, 66.40306831482252, 66.21053377851251, 66.02775416038196, 65.86205053033734, 65.69308724556707, 65.60638827857208, 65.46000035854013, 65.31350977314432, 65.16831224531822, 65.0255763365652, 64.96584057481981, 64.83684281940495, 64.71010860049586, 64.58908736522982, 64.47710957625402, 64.42428827634677, 64.31328733704699, 64.20937944586508, 64.1104089057018, 64.01524989989987, 63.963941365127816, 63.87076947482687, 63.78298830297427, 63.69775692648421, 63.614167873659426, 63.568735518196014, 63.488307672340646, 63.41086908076404, 63.33563836401598, 63.26094856090145, 63.22255909169991, 63.151036501598824, 63.081206569820736, 63.01266410478308, 62.945002368237006, 62.910685200676944, 62.84533275963873, 62.78086798078875, 62.71781652039399, 62.65600768343451, 62.625301060644496, 62.56520696430023, 62.50592032032869, 62.44735709421769, 62.389506442384885, 62.36034422207264, 62.30457759557275, 62.249480228007506, 62.19484698204996, 62.14075775719896, 62.11376011514481, 62.06112974692127, 62.00919923184644, 61.957796940325586, 61.906982630825716, 61.88322592516854, 61.83404527690239, 61.78533093105973, 61.081788929651694, 57.91739324797617, 57.43957017750106, 56.81156468789545, 56.465723738642836, 56.30699050576481, 56.17268106319753, 56.13257076554806, 56.087283341700676, 56.05708138205001, 56.03191987890833, 56.02261074791029]",0.005,337.0,22.0,True,,0.7734874265495914,-0.27095589613704996
methodological_closure_v1,D,NZ,nz34,plant,0,42,19120,1.0,po_random_5fold,random_50k,full_background_50k,ipp,primary,50000,,,standard_kan_ipp,True,697.5934690669965,183.4203178660788,,0.4748224772300524,0.0290851150387395,-0.0143000100066894,-0.0141800326649034,,,,,,False,,,485.60151237955847,26.42741159014968,"[454.2570257596534, 452.3866992607552, 449.2688720147047, 445.7077494484298, 442.25031757610134, 438.6357199086141, 434.7434652106312, 430.56528167627016, 426.45365244328366, 422.83209338439303, 419.40910139913706, 415.9107251420868, 411.97386463834954, 407.41844932666964, 402.70612518728586, 398.2819920994244, 393.4297090692687, 388.26418482486974, 383.71563696384226, 379.3417035958969, 374.67771283153877, 370.03953208442715, 365.305364458402, 360.1000616856946, 355.1253309420235, 350.19861530065987, 344.9022977499772, 340.2815267391246, 335.01269872717796, 330.5845320655843, 326.0072079620236, 321.90095038654084, 317.3435059729541, 312.9701309253115, 308.7164876322598, 304.8720766883332, 301.1576883029627, 297.98792939168635, 294.4890796578654, 291.9323003235414, 288.1204844543723, 286.5500839742437, 284.0899333064522, 280.0104409464238, 279.16317439127954, 275.35103208438005, 273.8003365893379, 272.1692697904049, 268.206584022308, 267.5306638218549, 264.98468286909315, 262.4852094592016, 261.1802647721322, 259.3026715540184, 257.58909260097766, 255.34449880066472, 254.54643761186568, 252.606380637286, 250.1131938929351, 248.96916343293915, 246.44638096915318, 246.24824222000782, 243.67048183062892, 243.4797385191495, 242.28110151357225, 239.65492230163807, 239.0086588274142, 237.65424275411343, 235.57293038813248, 234.34753314099163, 235.09557113392034, 232.8856496719242, 232.76622200580658, 231.2916843570137, 231.22514894806562, 230.25298059268422, 228.7527225609006, 227.98920509662221, 227.6705090867769, 225.8798188779321, 227.05911395713275, 225.03493711011643, 225.78592459229716, 224.75497700797894, 223.23437891795436, 221.8242937686929, 223.5698021138148, 221.74339016401572, 221.65035974895042, 219.3868741324075, 222.56657454733667, 220.35895121100037, 219.22272350118698, 217.6349088168801, 219.96030480036356, 218.2303800126092, 217.42513280633517, 216.88151917344592, 215.95843540203376, 216.82283179255938, 214.299113379888, 216.30571612822004, 212.85108114128937, 222.42382651647344, 226.119429195991, 215.41117285283286, 219.5491445139437, 224.48127242352294, 219.11589501521865, 212.55495656129253, 220.61621809942156, 222.35407407789674, 218.55206365776766, 212.01464743613877, 224.11141899576074, 228.78255169634787, 217.610119603539, 217.96105070511112, 218.60274500376045, 220.2889908129338, 217.80554045950288, 215.23595536686324, 213.4264933633556, 214.76675328287632, 213.39583266853552, 213.08705134768283, 211.837572357348, 214.77586046515594, 214.13430787926376, 213.83747224225363, 212.4725019837093, 208.16643516979929, 208.53233745679302, 209.61719771521192, 207.08147779829167, 213.85986669851627, 213.97850979019623, 208.8609539054508, 210.1276040113747, 208.44562813328963, 208.5842797814375, 208.34882867548018, 206.25183762195056, 207.6385656675135, 206.28959253113493, 205.880427590394, 204.64414321643588, 208.389104299283, 205.5701057958642, 209.26730519420792, 210.3607637364429, 202.29447642565066, 201.1411315568375, 197.19854678353977, 193.5010424978834, 190.60931706454815, 188.5550813931752, 186.61714871646066, 184.9263043689908, 183.42031786607876]",0.03,150.0,10.0,False,0.0,0.5077288249260146,-0.03290634769596218
methodological_closure_v1,D,NZ,nz35,plant,2000,24,19120,0.01,frozen_n_po_lt_30,random_50k,full_background_50k,ipp,R2,50000,,,standard_kan_ipp,True,1554.0484593670117,85.40680845472448,,0.4214863973133981,0.5122686458557186,-0.1169563778547578,-0.1309442970460098,,,,,,True,,,30.633917604553503,27.229534298303385,"[259.70065926773793, 259.53756783744586, 259.1887618685487, 258.74451378830645, 258.16935651520475, 257.8171331188485, 256.9748700170512, 255.97803917465623, 254.87312100501708, 253.69101530263666, 253.076229593014, 251.8071321603026, 250.49568103659956, 249.151017569821, 247.77534858843717, 247.07295979540152, 245.62815407797274, 244.1225270264481, 242.56152626094953, 240.9631476488499, 240.15590062407557, 238.5298505129862, 236.8835532886347, 235.20808023582342, 233.49574974350466, 232.62395295212855, 230.8544520891789, 229.07369755419546, 227.3192144198159, 225.61386786241536, 224.77631127819282, 223.10831825769895, 221.42786287638708, 219.73780064249297, 218.05933718550156, 217.22953628895777, 215.59341345349588, 213.98772529151537, 212.4068286851466, 210.84596059574145, 210.0698400981277, 208.51882426161012, 206.96190234585683, 205.35483346061136, 203.63669068954025, 202.72883996386287, 200.83384123245568, 198.9088605437329, 197.04567064753118, 195.26950267681846, 194.40389995733955, 192.69389121335308, 190.97202900991277, 189.19983486296778, 187.37572279752285, 186.453491055671, 184.60480282208667, 182.75108708152882, 180.89021146452933, 179.01000950413624, 178.06639865802157, 176.20854169092175, 174.39891521115803, 172.5617248689489, 170.64000490044958, 169.64365512660555, 167.57366768097373, 165.44534773695133, 163.37080991454084, 161.41543821964137, 160.45302443462344, 158.49897682940454, 156.4955381161373, 154.531560708895, 152.64377066497647, 151.75402052261342, 150.01476315397758, 148.35413912898412, 146.71200839195828, 145.07809422937373, 144.24305501137755, 142.58084794703763, 140.95114601158383, 139.3482359747634, 137.78523846084084, 137.02299147330254, 135.52412680113056, 134.0530529609559, 132.6024036974959, 131.18127953242086, 130.50391698175787, 129.16179347312382, 127.87110204154925, 126.62461218170716, 125.42986884476885, 124.84655368792185, 123.7193163756643, 122.64026184310758, 121.57439282583495, 120.5590746122849, 120.06105524803803, 119.07701796084874, 118.13603530748208, 117.24547252434274, 116.3863628390097, 115.99796995580299, 115.20875951460259, 114.47050130483973, 113.79175755322484, 113.10837769342776, 112.81020179212739, 112.15530020145098, 111.55151316296195, 111.00923217098945, 110.42221353059976, 110.17176952166112, 109.61679319078985, 109.13189630432679, 108.64297330564604, 108.16942051038296, 107.97419557263333, 107.51471660569956, 107.15518835353578, 106.72697885797666, 106.29774675640999, 106.16043870274483, 105.77257869123021, 105.40775003827147, 105.06955942723023, 104.76846641005825, 104.59929328918494, 104.31923146867875, 104.0505843858893, 103.7689125454508, 103.49671085224244, 103.37683332658125, 103.1193746067861, 102.87496360231806, 102.64707683232125, 102.4363162853339, 102.3066442690559, 102.10239230812206, 101.9028101071159, 101.703551754729, 101.49986734229441, 101.40823085976696, 101.22780242917568, 101.04508493358534, 100.86415815188835, 100.69672649234663, 100.62610355308622, 100.46229110798329, 100.30227249617013, 100.15288544988482, 100.00989062730713, 99.93641801178055, 99.7954880211776, 99.66064028825737, 99.53176698930719, 99.40528434402636, 99.34129885114855, 99.21876919990508, 99.09999051937916, 98.98494048757016, 98.87143855565557, 98.81050574305468, 98.70130458551822, 98.5943726630008, 98.48881369626461, 98.38513068707798, 98.3358579493587, 98.23701567173138, 98.13963717758634, 98.04376044495554, 97.94842161755578, 97.89867748771876, 97.80704962691445, 97.71760788478545, 97.62949643943496, 97.54296367322799, 97.50089310477837, 97.41555522138184, 97.33172846914378, 97.24939859416793, 97.16836335496846, 97.12751727843124, 97.0492474784739, 96.9716115519788, 96.64820727309322, 93.83574029764935, 93.37009975481774, 92.17357527220126, 90.99514371377838, 90.0283686453321, 89.11477794876814, 88.60031911566472, 87.63077676589424, 86.58997326798018, 85.86999570962747, 85.40680845472448]",0.005,337.0,22.0,True,,0.7749913811288243,-0.35350498381542617
methodological_closure_v1,D,NZ,nz36,plant,0,170,19120,0.001,po_random_5fold,random_50k,full_background_50k,ipp,primary,50000,,,standard_kan_ipp,True,521.5088535850009,1360.6979047208877,,0.5091418168324824,0.3839500583999143,-0.0005876105932179,0.0124709305860675,,,,,,False,,,272.33433481248267,23.87529086170277,"[1839.962148659161, 1834.7708725475275, 1826.9158818923654, 1818.8105016676675, 1808.8462918303126, 1798.486035054015, 1788.9329092969758, 1779.705436910948, 1769.289203577035, 1757.8519245217037, 1745.9057594085173, 1734.2925477998888, 1724.1314318635946, 1715.1608552339446, 1706.0478777224039, 1696.3531385524104, 1686.776020337014, 1677.8626063349839, 1669.1113147739159, 1660.8000044329099, 1653.5076230239667, 1646.4410412858813, 1639.3747102330278, 1632.4306040684803, 1625.96655917504, 1619.9331509833737, 1614.0142048327843, 1607.4721844422832, 1600.4823189242704, 1593.1715943625638, 1586.0250829773613, 1579.5420878986238, 1573.362007139842, 1567.0903997446462, 1561.2149380067588, 1556.0117804407732, 1550.9237547697967, 1545.7283421968982, 1541.0698676710529, 1536.9748981826476, 1533.6597347787163, 1530.4638013127017, 1527.302079712569, 1524.2351270955792, 1521.4930499355446, 1518.3548834463265, 1515.4432177631381, 1512.399668628331, 1509.8896403323438, 1507.3219159344715, 1505.0057288267387, 1502.6663638444152, 1500.0033557640297, 1497.4989486749782, 1495.1858817526563, 1492.3910960874136, 1489.771921545231, 1486.4529315416726, 1483.878164026007, 1480.9241249000015, 1477.9199372934734, 1475.3749108147135, 1472.218573702773, 1469.8830354397594, 1466.430711592728, 1464.276203681068, 1461.1532885111526, 1459.3337975420936, 1456.4847155810753, 1453.9218637749077, 1452.3613962500817, 1449.2454398821765, 1448.0772371893854, 1444.4287541764984, 1443.512298864865, 1441.004175836385, 1438.4011492446668, 1438.5309697967382, 1434.2790487371267, 1435.4245684175903, 1433.8633160605316, 1428.0365784579633, 1416.5537311819342, 1406.3582640858526, 1399.5597996352549, 1393.1330441465716, 1385.8787997398892, 1377.7495979632577, 1368.1169384558455, 1360.6979047208877]",0.03,80.0,10.0,False,0.0,0.6005613833234077,-0.09141956649092531
methodological_closure_v1,D,NZ,nz37,plant,0,22,19120,0.01,frozen_n_po_lt_30,random_50k,full_background_50k,ipp,primary,50000,,,standard_kan_ipp,True,1054.0870626489996,68.14169862420212,,0.4785714650659534,0.1258435966259052,-0.0459290773249079,-0.0219412001606392,,,,,,False,,,130.16845325613448,26.69207585969092,"[238.038657724972, 237.26025203158073, 235.13902658739673, 232.62127819888656, 229.73010403050802, 223.24346271454698, 219.74848324964336, 215.87709897123167, 212.18934672459486, 208.3033576261263, 200.32973816926045, 196.73102770161762, 193.2575503590234, 190.0026105897444, 186.83535491009664, 179.9517907263065, 176.26141231541175, 172.40280595532047, 168.4635503405441, 164.59555485869657, 156.5098001246063, 152.60923257100188, 148.7830881743049, 144.83380776114674, 140.99228497096746, 133.87209451590016, 130.24062637458027, 126.71328603511469, 123.32654883459993, 119.9605569347779, 113.9800060125801, 111.21027184934786, 108.62804190035375, 106.38482016104605, 104.04133730180301, 100.17964930586972, 98.5124574607678, 96.79734281891913, 95.56755107568102, 94.1671223541095, 92.00919671682742, 91.01866519991356, 90.17926079419117, 89.27386028066263, 88.61205304835148, 87.05035675606348, 86.4349238594214, 85.89749622696887, 85.10971211967245, 84.31555403916465, 83.47296938360212, 83.06271736688547, 82.5421161712284, 82.32166923283282, 82.25290453602291, 81.36061373494283, 80.65086331175232, 81.6070700336171, 80.22238513415685, 82.48449423194381, 81.15162058015459, 79.61067301440215, 81.66632859669232, 80.98032217764228, 79.88205056838292, 79.35662477423982, 80.19086212274229, 78.70320344987114, 79.29736363011422, 78.11028109299674, 79.12349866494317, 78.78411274103755, 78.48027413190414, 77.82094462262457, 77.97862625447857, 76.91658465437887, 76.9687679737679, 76.75388120031269, 76.9088941718363, 76.89074975541044, 76.87542595361224, 75.68713665979745, 78.34849476857069, 77.72506000354566, 77.2663176544261, 75.43248607360607, 77.12251057549238, 76.56252066080008, 74.57186626296628, 75.18059719223778, 74.71222550580124, 75.4574362942093, 73.89955654223182, 76.26014032185503, 76.12339076219287, 74.40263685962894, 74.86419939477649, 74.14192903275575, 74.46743667412821, 74.0731119434797, 73.7876559894937, 75.40655697208321, 73.49336807738767, 75.24180393981764, 76.18115178359785, 77.78822688997816, 80.00768518433401, 74.35920474451733, 76.51903914276039, 79.47204793728702, 73.67872804096882, 80.91101199162637, 80.89498841092767, 74.25468718778541, 74.14798256198507, 75.80364901963476, 74.47600338988032, 73.95128169682583, 73.26974245301517, 73.60621649416929, 72.81961952144489, 73.1392429397031, 72.64781319395497, 72.30646036968245, 73.57226393097739, 73.15427440140418, 72.55291845242029, 73.44768203451383, 73.63387947386872, 72.50291274318056, 73.1031006268968, 72.58425903216367, 72.32185190166358, 72.05930069174578, 72.23914689492915, 71.51903361386833, 71.90021653429093, 71.97863266388758, 71.94350725462435, 71.21996495727387, 72.59478176263627, 71.66714947620378, 71.99453077200785, 72.67875388701655, 71.73532077550111, 73.23913125592212, 73.16992816920099, 73.49032672555325, 72.04625193119182, 72.80363018144484, 72.94701605407293, 73.3529739751796, 72.634464518354, 72.32492923928912, 73.66839853699598, 72.42065898974961, 73.0809108548826, 72.69929440606602, 72.6667653267842, 72.57572287121782, 71.0361796491907, 72.81750882865028, 72.87317762244814, 71.6158511828103, 71.92784739246778, 72.25655121287008, 70.88457849095647, 73.08162615024607, 72.93493745075376, 72.15194362450333, 72.27076937392339, 70.94723621311238, 71.39380864210787, 71.79185418841475, 70.72642776533809, 71.31972992128243, 71.79305737034456, 71.23906977306264, 72.59785723592942, 73.06629673150042, 72.28932770980406, 72.12570477752074, 71.23428485831911, 71.73675126581769, 70.77703247624395, 73.8364540129171, 71.77501200029137, 71.30934446210824, 72.76885670309356, 69.65757899135272, 69.32261178640276, 69.09833946880546, 68.85514026730353, 68.62858450718923, 68.51059781045272, 68.35270564426614, 68.30557234241714, 68.25582496429712, 68.20676639898228, 68.14169862420212]",0.03,225.0,15.0,False,0.0,0.5442988618170208,-0.06572739675106742
methodological_closure_v1,D,NZ,nz38,plant,0,147,19120,0.001,po_random_5fold,random_50k,full_background_50k,ipp,primary,50000,,,standard_kan_ipp,True,509.19441436500347,1144.0694537748975,,0.688553456337164,0.1442281167131085,0.4541554226426633,0.1759768779304758,,,,,,False,,,296.72021134675407,24.1450704346347,"[1589.5631552944546, 1581.1943679914716, 1567.7043501911983, 1551.8467671653252, 1536.260403323219, 1520.5261852933097, 1505.6757579287553, 1492.130122806778, 1480.316764821538, 1471.1255211857444, 1465.0623180279244, 1460.0030999755766, 1454.1207868761926, 1448.148868398025, 1443.7233741415691, 1439.2948204266388, 1433.441825249576, 1427.5923058089202, 1421.533674200452, 1415.851157756932, 1409.4897696055234, 1403.6574486624825, 1399.2409194815054, 1394.7672960968239, 1390.7510775351866, 1386.4103758358383, 1382.2593299400519, 1378.3111796607366, 1373.6594898102373, 1368.2735357546976, 1363.518079502698, 1358.523750091406, 1354.827609810804, 1350.6793404113173, 1347.5059011244282, 1343.6407983461092, 1339.7540952631123, 1335.4284516840507, 1330.6476844720346, 1325.567601772015, 1321.2791148693746, 1316.6404263027227, 1313.6948411823735, 1309.6301508482632, 1306.8993784487002, 1304.089253784412, 1299.9200470242668, 1297.7249295324139, 1293.2720769831822, 1294.06526615301, 1292.0313017338433, 1287.4128298717587, 1285.8316884097028, 1284.063453072354, 1279.4022228494891, 1280.3807028773092, 1278.033321278007, 1271.3321426650455, 1272.9696805739393, 1269.2606610142175, 1266.3251044862595, 1265.8062239269382, 1262.1651280288545, 1259.7186603372181, 1257.7408542822523, 1254.6459641102128, 1253.3546196950292, 1250.085552840029, 1251.8708041874856, 1249.9100142683817, 1245.28271264993, 1244.7963829281248, 1242.102960835325, 1241.901204438593, 1239.5298882132931, 1238.6537383091186, 1237.0962587308559, 1235.1594885001214, 1233.0054727521388, 1232.1373700558593, 1229.145172180873, 1225.2074888279853, 1215.4440217228585, 1204.6211510725993, 1191.8879649851754, 1180.2146994759526, 1169.6057322836546, 1159.2146028307034, 1152.6340180714546, 1144.0694537748977]",0.03,80.0,10.0,False,0.0,0.8306713648413127,-0.14211790850414863
methodological_closure_v1,D,NZ,nz39,plant,2000,21,19120,0.01,frozen_n_po_lt_30,random_50k,full_background_50k,ipp,R2,50000,,,standard_kan_ipp,True,1614.966452530993,71.83014677607603,,0.5355858580566496,0.0018402983658557,-0.0512540100381781,0.0014025960664007,,,,,,True,,,33.45863117850828,26.43322671244737,"[227.16172622530902, 226.97366830409376, 226.55734517054518, 226.0021218842743, 225.31362862171332, 224.93733249547844, 224.13655949261383, 223.26705044844925, 222.32599275303534, 221.32569475356337, 220.80805378195646, 219.73566395070657, 218.6009286299815, 217.39461802660156, 216.1174533469377, 215.4563333207342, 214.10152875987674, 212.70696266730263, 211.25820141039813, 209.75113183674463, 208.97936686571086, 207.4009281663833, 205.7718416307239, 204.10277825791744, 202.4140434340909, 201.56346833913446, 199.84719560141923, 198.11273233466028, 196.35948558453364, 194.58327433809106, 193.68609913347913, 191.87547777837526, 190.0420522094349, 188.18462181829096, 186.30444460036654, 185.35606202152422, 183.44098873504674, 181.50060028529788, 179.53230276338738, 177.53058122219147, 176.51438188461086, 174.4488772853334, 172.34827560435235, 170.2448252121821, 168.17042715634497, 167.1431674284322, 165.0966802510494, 163.04962067585726, 160.9907721590469, 158.9187133538945, 157.8778050611161, 155.78295473184056, 153.67273571017108, 151.57189952956622, 149.50599493856564, 148.48355661355396, 146.44760261349995, 144.4231539029725, 142.4120443551088, 140.40803195217072, 139.40780331684775, 137.4108472674037, 135.4072765280733, 133.36554315671583, 131.2825717672382, 130.24412205603838, 128.2392544174195, 126.36392525889822, 124.55796586581695, 122.78374263363584, 121.90326778067985, 120.12374443924116, 118.33422054458926, 116.60916323613992, 114.99716385232368, 114.21699931894578, 112.6960171668354, 111.24453438202545, 109.79526437457066, 108.37992910755803, 107.69626996632665, 106.37448848395957, 105.09476972381462, 103.87008820292243, 102.70123781465374, 102.14703121925363, 101.04315335230284, 100.00064849387412, 99.01058691016485, 98.06397713518315, 97.60805144663239, 96.7580123861769, 95.93961961963285, 95.19609060404555, 94.48637304034779, 94.15097669150673, 93.52092668325487, 92.91079935317619, 92.34539555054491, 91.81431022020126, 91.55235592206618, 91.06023552374495, 90.58738030154008, 90.1313667060268, 89.68970910257283, 89.46597139145847, 89.02549368869809, 88.58940367107044, 88.15279177251325, 87.74487538785289, 87.54366255920893, 87.17862638918584, 86.83990057466572, 86.5080314509181, 86.20598892074189, 86.0655888046103, 85.79301432408492, 85.53524683001544, 85.28714747884689, 85.05096823449544, 84.93444312746492, 84.71351526399789, 84.49436148178168, 84.28971686209417, 84.09669504698911, 84.00100188868186, 83.81747629569126, 83.64220447692817, 83.47518641546172, 83.31349474216789, 83.22780733815634, 83.0743136162373, 82.92654647219898, 82.78231388165963, 82.64103765672772, 82.57761664682025, 82.44404599663783, 82.31477309187049, 82.18592377324322, 82.06002891612827, 81.99482637006683, 81.87516107169694, 81.75723118362144, 81.64240733921464, 81.53091620125137, 81.48501351914925, 81.37699583052148, 81.27216807949831, 81.1695138838369, 81.07009651580397, 81.01640097450094, 80.91995429692263, 80.8255201403879, 80.73351830524949, 80.64348534815876, 80.60337600819526, 80.51492200061746, 80.42844315957753, 80.34337946293084, 80.2596921959508, 80.21498520731983, 80.13353384409967, 80.05330191335368, 79.97443619725314, 79.89699229241884, 79.86252412351638, 79.78660038303619, 79.71199072354239, 79.63865354245814, 79.56640208121692, 79.52770168937269, 79.45716404218953, 79.3876571801113, 79.31925516317207, 79.25196091711682, 79.2222195563865, 79.1563806613082, 79.09155049567933, 79.02781685058211, 78.96497290753929, 78.93067171827954, 78.86927699621256, 78.80878614471268, 78.74915625299086, 78.69038056601029, 78.6649929911187, 78.60763357717644, 78.55103432086621, 78.33799511440874, 75.67792236254066, 75.5020485921918, 75.05679455776426, 74.61390929960172, 74.10726259890166, 73.5903080446746, 73.45264826795437, 72.83619614404111, 72.58848656248088, 72.26379578686894, 71.83014677607603]",0.005,337.0,22.0,False,2.0,0.6739459349612856,-0.13836007690463603
methodological_closure_v1,D,NZ,nz40,plant,0,19,19120,0.01,frozen_n_po_lt_30,random_50k,full_background_50k,ipp,primary,50000,,,standard_kan_ipp,True,1039.7870541500015,59.33079175550138,,0.49890181295874,0.0486462011350451,0.0901117708870436,-0.0091860363460832,,,,,,False,,,233.36743007918287,26.96932324639601,"[205.20929229494874, 202.78742864850932, 198.25979872113436, 193.10049621179922, 187.10765402762212, 176.56880556040065, 171.30068667685518, 166.31549945607074, 161.41596676047686, 156.44718412507402, 147.3103791438913, 143.42124766435154, 139.98569984791163, 137.506764058437, 135.64769221435841, 132.08927253233517, 129.93483870746815, 127.6725681573247, 125.52860348144785, 123.32663315562266, 120.06746917789596, 118.88842858793676, 117.54731268255517, 115.98050337548938, 114.43321294396684, 111.34271322671066, 110.2547893239541, 109.22508334458806, 108.43622543217195, 107.49631990472452, 104.62949820006669, 102.65534112932376, 101.5215176031008, 100.93827088932541, 100.44687183242283, 98.76946297463539, 97.76906413607188, 96.38383089613245, 95.98829431217234, 94.83197802096865, 94.21472000541358, 93.29672642282826, 92.6057563198125, 91.38824101746049, 90.60429040812322, 90.75077119733541, 90.1626610786914, 90.08090169368432, 89.53080149365002, 89.485048412149, 89.03333101828392, 88.40040920150821, 88.16671708022798, 87.67381815811137, 87.30064128151494, 86.69659811766506, 86.33711417616232, 86.27871946076571, 85.83433880645418, 85.84049561415941, 85.64634068709553, 85.0066905339865, 85.22805334376295, 84.55604763332681, 84.80225988329904, 84.2078744834607, 83.75982090684134, 84.0130962238553, 84.06620608232011, 82.82370604622568, 82.42645370942459, 82.6430284183763, 82.04821388471693, 82.53893179786621, 82.23958062965697, 81.84366188367066, 80.81809763868173, 82.60672224162391, 82.69436053248819, 80.12727088513927, 82.58151281447171, 80.05728525711375, 82.20979110982046, 85.50654133787616, 82.58750572523695, 80.41225706429539, 81.28183331554047, 79.12602937595044, 79.66132608104631, 80.42431619918062, 78.77956144889579, 79.51518847681565, 78.17241718854577, 77.708071214475, 78.75176992860382, 77.57712650146523, 77.95597724199281, 77.1959294430013, 76.62309216008576, 77.74440230620365, 75.89169232055342, 79.37691123912927, 79.43992888320173, 80.0273401269643, 77.51992252465898, 77.29548954205828, 76.96030558565549, 75.32258007492527, 75.10965930707138, 75.3372412181387, 74.62543244021846, 74.99100372472651, 74.03863571342363, 75.58289608876099, 75.79004275317362, 74.13343523723027, 74.69386591941083, 74.45943545795784, 74.17151498705718, 73.49755454170742, 74.51712004586354, 74.2569522770676, 73.80572042935802, 72.90571966674365, 74.83565565503514, 74.40506910945322, 72.95325858964303, 73.07660338569005, 73.61374721032895, 72.6059300481673, 73.46004433516033, 75.6965731067011, 75.175751627139, 74.4679449554266, 74.35988261619067, 73.40285144471963, 73.17970496579451, 72.56505748942898, 72.21453285795302, 72.34495100062962, 72.2135161346144, 71.36536361998058, 73.24931292418772, 72.94029954584536, 72.73960344177003, 72.66900436151501, 71.86542776292275, 72.09112704166704, 71.43686287635026, 71.90055270605939, 71.31965888928445, 70.71864824862034, 73.29870682452871, 72.07794931314736, 72.20026658507405, 70.78430601056972, 73.0485042632619, 71.65903154741963, 72.1246686502309, 72.78531764336932, 71.28289692087722, 70.48465486850233, 72.11032141987049, 70.77174314756087, 73.2855760566891, 72.04480146048344, 71.41116719038835, 72.31892181808557, 71.17285001877725, 74.18327934059336, 70.81621362340552, 71.15912621301429, 71.01685371704885, 70.26926607525705, 73.28025002253531, 70.6568709030631, 71.47883860422245, 71.75638248705185, 69.82206031693663, 73.88351907604434, 69.94649550216688, 76.9737121451815, 79.15770957459709, 74.54103203100141, 72.50134124999833, 72.98093355415196, 71.2929346800215, 71.317300433679, 69.51678676507768, 68.70020770584959, 68.23322258012725, 67.26557805091595, 65.71208482302963, 64.57747810080886, 63.14260970535833, 61.21850105715248, 60.91330206721576, 60.46904915488993, 60.146571755703995, 59.33079175550138]",0.03,225.0,15.0,False,0.0,0.5325719315836578,-0.03367011862491781
methodological_closure_v1,D,NZ,nz41,plant,0,20,19120,0.01,frozen_n_po_lt_30,random_50k,full_background_50k,ipp,primary,50000,,,standard_kan_ipp,True,1060.131362355001,60.11446490959115,,0.7481236897274632,0.0135951675477379,0.6132871413565633,0.0555596292301675,,,,,,False,,,161.7908063105236,26.21281044281251,"[216.15469494585315, 213.7267004874923, 210.17515086511185, 205.5007874988421, 200.55437371125808, 192.65318316168714, 189.02007961242109, 185.22183200232283, 181.4049006661846, 177.79318005041296, 170.98472400383895, 167.94257075600092, 165.30929814381406, 163.02943285628703, 160.9405440213324, 156.09783961377343, 153.34566650392347, 150.64418161244015, 148.0455686650587, 145.40221919769718, 139.84500531090532, 137.2249754964474, 134.59896285196066, 131.76888066812623, 128.8139932276776, 122.48930819094966, 119.2080576452196, 116.15791483201085, 113.63137267406928, 111.42743095779399, 107.26416439751324, 105.1388061909908, 103.19448192594521, 101.36395373694316, 99.43501056686037, 96.23504681528787, 94.77138681467764, 93.6535078848373, 92.8981405112686, 91.78598360977756, 89.12895060170449, 87.98849103043621, 86.71603247136954, 85.91943557464161, 85.51125206924253, 83.7989337729333, 82.78775089998672, 81.9024935376938, 81.52020202107462, 80.99040622971405, 79.75809869302816, 79.03504539139385, 78.28827141671361, 78.15956248034992, 77.93976404926417, 77.01670421893074, 76.65974655622111, 76.69852519236854, 75.8104121212449, 76.0060106804922, 75.30230098789, 74.91750383923178, 74.71456420299442, 74.16893868377049, 74.88341755416036, 75.9153461718095, 76.1821496498497, 73.79901819647577, 75.12110933927889, 75.4230864551942, 76.00946720963692, 76.38717710858201, 74.21265327188424, 73.01846519288203, 74.41933036253764, 74.4814303980034, 74.13114419073624, 73.99486914770767, 73.41807573392833, 74.03447732762518, 72.72996826911778, 72.92891395597147, 72.8452171709803, 71.78004692308184, 73.03864231607065, 71.52587779530073, 70.87169611797214, 73.37200812335337, 71.45478160485864, 72.26569989792026, 70.74830338357222, 72.68105858224114, 72.17010882167722, 70.9840266446794, 71.19112720129212, 72.69525629066298, 71.29264457875195, 72.84194077078216, 74.19767172762101, 72.7528675406257, 73.54834727007116, 73.81734348617344, 69.80668133235278, 73.53414449775921, 73.8633145149004, 71.97920683896956, 72.87659570124356, 69.75819905444177, 73.58535717509072, 75.1730291639666, 71.13386743914826, 70.82448651855346, 70.23984689395309, 70.68975106439461, 69.69420179910472, 69.62761504452814, 70.09307909483705, 69.50570895713822, 68.66280560968796, 69.13312285402887, 68.32618550770465, 69.03957622085875, 68.14910978412239, 70.04065121972819, 69.17995404947943, 68.60088094930006, 68.47101797171928, 67.59878477835359, 68.91560983677066, 68.09406307014716, 70.31889495870938, 67.55268193183811, 71.31457353566985, 73.52174962103358, 69.73542121613907, 71.20774345606176, 70.01322269687314, 68.17643397715686, 70.35767428336716, 69.84797297153551, 69.45865223358801, 70.80162421631576, 68.80228563635534, 67.05310826740168, 72.08522015088886, 67.09870082775261, 70.24570781792808, 70.60011253075604, 73.53573052271696, 72.77135877897416, 68.16383498746195, 67.86874519346898, 67.069713016358, 70.35188580806556, 69.94780967364473, 67.45115004080715, 68.5096776501047, 68.10285918881466, 67.99606307070549, 67.71917812901755, 67.48671437183266, 66.66203009007425, 66.45992635096111, 66.244383785556, 65.5206347249949, 66.51121128086251, 68.32003209537261, 68.17816823982052, 66.71881888367822, 67.78153119974121, 67.02245377139623, 66.84150079029426, 66.4815750194595, 67.27560903104057, 65.5276382575995, 69.69919509876858, 67.36852804702833, 66.78129412423834, 68.33348292931008, 65.31653525123183, 71.19927621676742, 66.29120856311866, 66.82533348427832, 67.43683816444516, 65.576069372687, 70.25896714621368, 67.58102565658095, 66.9021545928327, 67.87218101608157, 63.939468610232716, 63.05235678144033, 62.208883430404626, 61.274847403071654, 61.078907722248985, 60.757462129853714, 60.51970716743485, 60.378778847681694, 60.23437980411487, 60.19916509278472, 60.11446490959115]",0.03,225.0,15.0,False,0.0,0.9820296121593292,-0.23390592243186592
methodological_closure_v1,D,NZ,nz42,plant,0,27,19120,0.01,frozen_n_po_lt_30,random_50k,full_background_50k,ipp,primary,50000,,,standard_kan_ipp,True,1029.8782514049965,98.5718385969208,,0.4855117013752962,0.3027375969776695,-0.0323977188654248,-0.0187877683548061,,,,,,False,,,84.41832606908007,27.95886067628171,"[292.2092961859395, 291.4597392261524, 290.04027919081904, 288.0973302022778, 285.3798937652708, 279.3181584717219, 275.7311000370869, 272.12498920389567, 268.4394265761793, 264.5045169329752, 257.3405765863644, 253.8619420218701, 250.4344792179544, 246.65854152088852, 242.77391741194242, 234.478880163636, 230.28304227307032, 226.38258342079854, 222.74463796030105, 218.86104586858883, 211.09453742551347, 207.3939537658235, 203.72632578634483, 200.19897458700805, 196.56008017797615, 189.80729184053308, 186.98634905558774, 184.13047212409384, 181.29471891165818, 178.7473855625037, 172.97040766129143, 170.0388336282797, 168.1232526041503, 165.74569459438615, 163.44872527606395, 160.83246979553218, 159.24484781290747, 157.65331825493067, 156.97674891135267, 156.28204918549287, 153.9063044687657, 153.9322587738329, 152.5323311224344, 150.79433553028682, 151.44026421305904, 149.36812551084716, 148.69808912492329, 147.47772645610993, 149.54176466128695, 148.27258903560664, 147.49861704293616, 147.8080030139733, 146.62620298084164, 147.57201878279307, 147.20249473609354, 144.69137207985003, 143.98904230813386, 142.73315879193453, 144.9507465250306, 144.09465517435325, 144.1952127932679, 143.682505532124, 142.31816650258307, 144.15784190021557, 143.7180206611428, 141.26885271685168, 140.49531986011104, 139.71394716900465, 144.1423474671209, 142.59573439226588, 139.52057180091876, 140.18633442971787, 139.0287585598572, 141.72729596718557, 141.3916274625039, 137.80313480828838, 139.05511056106545, 137.17901511033241, 142.52470758822685, 142.15801148386097, 138.99583384338405, 137.60023277784674, 137.71352166156976, 137.6347589132167, 136.52228289457065, 137.82842552119192, 136.45057508715473, 136.57988931089332, 136.19049064551126, 135.65102635909864, 135.46736984873328, 138.6720984996132, 137.40545613517713, 137.34837984856688, 137.14806346064148, 138.17114528366966, 134.7430867512146, 135.6096862701956, 136.36735169616892, 133.64554740719643, 136.49980415951077, 134.99344117083498, 134.73920920255878, 133.70111444332176, 133.06305598939133, 132.93054461418527, 131.94568716658915, 134.1519192874471, 132.83177077902963, 135.66356890476627, 134.69870273002329, 134.97273114344742, 131.0640144630291, 130.6873997304815, 132.99947120993005, 133.83422846611813, 133.8344012992706, 132.68502011056069, 133.35193435931458, 132.72490217107088, 133.83504131827868, 133.49283351045923, 129.82880443680162, 131.1246994850678, 129.73508950599515, 130.64298637556277, 129.05301123847832, 132.39670193410925, 132.44016860072568, 128.02313022883266, 128.00205315891318, 130.33457513719782, 128.11708508791725, 131.38614398823347, 131.7656998660694, 130.00311101182388, 129.35958757109015, 127.1564160940582, 127.69471095895356, 126.36183510593855, 126.84126441016858, 126.24959070526113, 125.62030729242376, 125.6558651846935, 127.13408468827727, 129.61796888298636, 129.41013430345964, 128.6102962797773, 126.3356192648234, 131.3834890012187, 127.61036216510664, 126.34182325078105, 125.73799782697955, 125.16022322929388, 126.07949878987476, 126.66844999732893, 124.62245254286002, 127.20709393204878, 126.89982042375048, 125.12463479249026, 123.71106407843294, 127.25971193670257, 126.0940017113523, 125.0522224456303, 125.42765812932807, 124.56716914996848, 123.24331308426005, 124.14658754575206, 124.31931787753932, 122.76942244356492, 121.87866681193033, 127.22137129985471, 127.43315687582952, 126.17904596118134, 124.50780599476788, 124.84854831250314, 124.73972525107871, 123.67602425897351, 123.6523943947762, 122.82584455108733, 121.59575235728299, 124.84105188762369, 122.81358528475695, 124.33315410284615, 124.27695990736247, 121.0488787174123, 121.53758565241047, 119.93157579645133, 124.7177955670163, 118.61435067696507, 116.19152313176095, 113.8077479324966, 111.40481188048227, 109.63170190800261, 107.67000606898742, 103.98386196065196, 102.6907263481343, 101.23149053693818, 100.0873235576812, 98.5718385969208]",0.03,225.0,15.0,False,0.0,0.5791708463621587,-0.09365914498686245
methodological_closure_v1,D,NZ,nz43,plant,0,137,19120,1.0,po_random_5fold,random_50k,full_background_50k,ipp,primary,50000,,,standard_kan_ipp,True,503.798834399,978.1094548053442,,0.6124620857600864,0.0063875469703629,0.3668828567744022,0.0250500955909585,,,,,,False,,,213.40471316036684,24.95878100857419,"[1483.42043651596, 1478.8290960462425, 1470.6711455559819, 1460.4815038859526, 1445.6686417856388, 1427.5845279928035, 1410.4636339182268, 1394.721389344751, 1376.7642149851486, 1357.863833032646, 1340.0899686225594, 1324.6384925124296, 1311.8493745336177, 1300.328794291297, 1289.660975641452, 1280.9753557199806, 1274.1856772141814, 1268.7719538657632, 1264.6046593034016, 1261.0887013687657, 1257.1259233299631, 1252.3691271843513, 1247.991563192143, 1244.1180070227215, 1239.2661621460204, 1234.1801717654985, 1229.3446591566692, 1223.6774278376267, 1218.943080461822, 1214.2951372633631, 1209.5455087867347, 1205.356994025754, 1200.5723274659556, 1196.41940370596, 1191.7428409171923, 1187.7395191880548, 1183.5906493729046, 1179.8406989989512, 1176.4375667203533, 1173.33823258984, 1169.8371470478914, 1166.6591152335448, 1162.8116841353228, 1159.4127328296222, 1155.6523455395723, 1151.9201770295988, 1148.16812052696, 1144.7807495256143, 1140.8561422142961, 1137.2178906908223, 1133.456744320277, 1130.1223196976014, 1126.62608557087, 1123.958927423889, 1120.5440576444817, 1117.3049645622598, 1114.6512914787036, 1110.8736490183685, 1108.565240373573, 1104.6980692312886, 1103.1108117449, 1098.7082229826942, 1099.404520534926, 1096.1802028994182, 1093.0869575066401, 1091.4979713021867, 1089.2782517631713, 1086.3794174584227, 1085.6792649601111, 1081.83394328133, 1085.6891662153846, 1083.8547887813424, 1077.3099109207071, 1076.9459581552715, 1075.5420525911875, 1071.9371163104734, 1076.8048572471332, 1074.3349313074978, 1068.1854658810616, 1066.7183686055398, 1066.7119221990022, 1059.6787073610938, 1045.7711060732095, 1035.6849907937608, 1025.6831668418636, 1013.8915801613637, 1004.2267392029909, 995.0399169979809, 986.6081958973625, 978.1094548053442]",0.03,80.0,10.0,False,0.0,0.717462916833532,-0.1050008310734456
methodological_closure_v1,D,NZ,nz44,plant,0,65,19120,1.0,po_random_5fold,random_50k,full_background_50k,ipp,primary,50000,,,standard_kan_ipp,True,699.600026660999,334.8119607504694,,0.5668021891674183,0.2073048149664074,0.2030537459693069,0.0920421664733325,,,,,,False,,,463.6056714478632,26.794769545728045,"[702.8759409531723, 698.2994620184635, 690.848541758511, 681.3757378747862, 671.7944851463645, 662.8350525586771, 654.4428923125364, 646.2976858867644, 638.4774458565275, 631.4878149028873, 625.1236265918412, 619.7363860011009, 615.5387960046974, 611.3789681504392, 607.4056892023947, 603.3232144427234, 599.2603612227049, 595.2781626479862, 591.2837196666073, 587.119099527598, 583.134317345074, 579.0827877927795, 575.3574003562907, 571.4052399471444, 567.0287976976699, 562.3578656319681, 557.6796578534617, 552.682631863599, 547.5243475880121, 542.5638633687421, 537.8918192527887, 532.955422196594, 527.6503297389745, 522.4366974088902, 517.6980731941389, 513.3292734685027, 509.5316578838985, 505.8207476868064, 501.853922490344, 498.09157208521975, 494.195493714452, 490.0179011093491, 485.96880180275434, 482.09903631874465, 479.0880740824025, 476.48740798525364, 473.4098154593743, 470.38109984771603, 467.01690498865565, 463.9199438607198, 460.99505141076384, 458.6189711053561, 454.3730497964781, 451.1988946213433, 448.76708251173187, 444.89765237321495, 443.5770013211796, 439.3966583335275, 438.1749362363685, 436.57700365544935, 433.120367619894, 432.85142821758666, 430.04964971589146, 427.490113902463, 426.27101307856145, 423.8349583623421, 422.1724341694723, 420.79835415867046, 418.69721163528516, 415.73421870032354, 417.3996795738358, 413.57582029626064, 414.5922716031658, 412.478755131812, 410.2799289794414, 408.1802431779858, 408.995617728858, 407.6043302835963, 405.3547765853831, 404.7773044045804, 402.80193521514445, 401.45839282032966, 399.72428896056977, 399.9014702377877, 398.43690257156555, 397.4974654845577, 395.15743652953, 395.23445593185556, 394.34930244196624, 394.14793736507045, 392.12334966176076, 390.8949682022949, 389.3168378305694, 391.10792664057584, 388.7686981502007, 391.9185808157178, 390.35265588862393, 389.1435184916709, 390.6352667912463, 386.15986075415003, 389.4912380424393, 386.8477886396692, 389.614156404489, 387.8215160285264, 391.53247303008845, 389.65789035016235, 388.0378911548967, 387.5962070895427, 385.42070872662737, 382.6737541622329, 384.96497609419913, 383.16776153788487, 381.13453024263447, 381.1444209624684, 382.43641241151465, 379.4556591042745, 387.1170391486988, 383.81335938939935, 381.0549962667454, 378.5849863265088, 381.97324538604107, 378.7324306036353, 382.4174067384948, 382.15099496885205, 376.37084975268715, 376.19147779848157, 380.49040413983505, 378.30226926458545, 379.3282070923266, 379.6483021424716, 374.25781562184727, 373.05064042946833, 378.83366564007935, 376.72305317679957, 375.171904456266, 374.18861096202414, 374.9363232671001, 372.54714849693875, 376.469700326536, 374.4512267838869, 374.61796427175176, 372.10245210925444, 375.1647843087165, 372.08414851358106, 374.1563078383527, 371.8262224170504, 375.25816539281317, 372.7041404339944, 371.737375941297, 369.2252228450083, 374.6122820734513, 365.3441953035268, 363.39286436267497, 358.66113741203543, 353.5749203579051, 349.48626297056967, 345.7978147646868, 341.79126344594306, 338.2636053894023, 334.8119607504694]",0.03,150.0,10.0,False,0.0,0.8736289280015452,-0.3068267388341269
methodological_closure_v1,D,NZ,nz45,plant,0,26,19120,0.01,frozen_n_po_lt_30,random_50k,full_background_50k,ipp,primary,50000,,,standard_kan_ipp,True,1040.9273745529936,90.22835022810474,,0.8169593923155698,0.0844684564569567,0.7281087076582062,0.1680086798914221,,,,,,False,,,273.863975275265,26.740425320685624,"[280.9841680553407, 277.17110169928304, 271.6194851734979, 264.51492443783155, 257.9495982210779, 246.7779002456801, 241.97306628762666, 237.58943760156865, 233.54574221396396, 229.9877134770988, 224.56459513054241, 222.14668487851375, 219.70984585596412, 217.22372157728722, 214.58443110339508, 209.38232547937085, 206.77165246510293, 204.0923613022667, 201.52787792846135, 198.91946412413165, 193.4893989170718, 190.4954431229941, 187.45234956597199, 184.37779645855508, 181.21547932579102, 175.18671099751188, 172.2504778774457, 169.4058904623823, 166.45905037079228, 163.63567400441454, 158.30220899810925, 156.01028225067483, 153.7998386696546, 151.41286191379393, 149.0809617437121, 144.8575081539126, 143.46297941363375, 141.1378693373883, 140.6149808900619, 138.29340239146276, 137.36625751021998, 137.55086882229668, 135.95032355808905, 133.83648505844687, 134.27734350585277, 131.53864544102927, 130.93815788963164, 129.5332515777246, 129.47421161390963, 128.3796090243568, 126.43441148660865, 126.27894652727838, 125.74824487845429, 124.66880345545687, 124.23247982801409, 122.68109226506007, 122.00292168527908, 122.40219570890844, 120.67843951175492, 122.45669879557758, 120.06561002860043, 122.98011556710901, 124.03546327102991, 122.61066224592739, 120.20234007155786, 120.31333053161055, 118.91915529487305, 120.18542394270233, 119.59640615862789, 119.96760958920436, 123.10098232561046, 124.14652663501299, 118.69384828602035, 120.26784795938924, 119.43945630513188, 120.76150132572583, 117.02858686479362, 115.50132712992927, 118.41481654226722, 118.53677274323498, 115.03367792339577, 116.06566810893472, 116.0037747727035, 115.78605090715995, 115.97403569640241, 115.5333218722695, 113.38517595389247, 119.74542959601239, 121.32366381603386, 114.64520507547924, 115.87474418785872, 114.2495369068666, 113.73588419022272, 113.465344958354, 113.86034451898321, 114.08976405047426, 112.28664271207789, 116.51471951886279, 115.72758694249444, 111.34675713495545, 114.86119069848489, 113.2279014665838, 113.69098681288911, 114.3979161751079, 111.68486464118219, 111.56157898922771, 109.98659249827793, 113.6833402799854, 114.39339678259975, 111.07159956633906, 112.95714588118703, 109.47548409492444, 114.18815063601683, 116.26971347510867, 111.73426001089739, 114.50618230400482, 113.00813787252845, 110.51539360108548, 111.35047830410015, 111.35336881050857, 112.57652503245272, 111.23833044513151, 110.9753491161954, 109.74738403430682, 112.41134835856488, 108.75379463755512, 109.26581775739731, 110.37930373551606, 108.67341274649746, 109.94583615591047, 107.98912422897769, 107.37804103443528, 109.66443852104662, 108.37128000439927, 109.78219159045129, 107.44231496519414, 107.01290432518991, 109.58083590647809, 108.85406416249945, 107.02072565827866, 108.87965636506017, 107.55553238084724, 108.03013437684116, 108.24299862423872, 106.55594618342353, 107.84698455719378, 107.25133282143752, 106.86575707602364, 106.75183588909263, 106.39604598989786, 107.52203273823255, 106.85836972805335, 106.58724612925973, 106.28869375002523, 106.48545889549037, 107.29962641172479, 106.82643393172549, 106.03123888757071, 105.91122536539739, 106.1086445286801, 106.59882501558998, 105.95666445796958, 106.00027920132894, 105.5169219473104, 105.78767932567007, 105.8905488082028, 105.2148072574194, 106.04274697250905, 105.47114170364058, 105.148413423711, 105.38622034977351, 104.73560473006923, 105.25249941787044, 104.76680128766935, 105.09307851842748, 105.29887204656629, 104.67407512349196, 104.97296124501175, 104.53701753557753, 104.93593779407942, 104.90596606735691, 104.16402016023024, 104.89536346451041, 104.20756439189527, 104.30438269596473, 104.56518664735275, 104.13887116775605, 103.9178569890295, 103.8909272103969, 101.99922579819011, 101.20566699422108, 99.47566320859141, 97.59956256525422, 95.88900493742513, 94.41458043534337, 92.87343583643322, 92.11334658612097, 91.74407718055423, 91.437453186358, 90.22835022810474]",0.03,225.0,15.0,False,0.0,0.8949211751253726,-0.07796178280980282
methodological_closure_v1,D,NZ,nz46,plant,2000,36,19120,0.1,po_random_5fold,random_50k,full_background_50k,ipp,R2,50000,,,standard_kan_ipp,True,1043.7354441689968,150.02803449617392,,0.6533644646274241,0.0058588828489653,0.4494735580205891,0.0285548061615376,,,,,,True,,,29.33180492428517,25.31640885694928,"[389.70618822244074, 389.3655534866984, 389.0529513589816, 388.7073099978564, 388.2971112096407, 387.26944682579455, 386.6685111099205, 386.01993919560283, 385.3221917189778, 384.5670110859442, 382.8426105539954, 381.8612865272805, 380.80304066415965, 379.6776005588038, 378.4985675318984, 376.03671460243766, 374.7762313118808, 373.50439844480684, 372.22293105245706, 370.93102563058414, 368.30921820567613, 366.980513885385, 365.644354859897, 364.3041792714136, 362.96181646637694, 360.2750297199855, 358.93340933427766, 357.5946757652334, 356.2583415498863, 354.92184008067665, 352.23856699625554, 350.89359933287125, 349.5520831903574, 348.21844926205, 346.8949031612678, 344.2780713128299, 342.9846801800806, 341.70227665883533, 340.43108972990746, 339.1705003967233, 336.68158246438014, 335.45521195927466, 334.24028428228115, 333.0343877955119, 331.8357992544574, 329.46071539076434, 328.28407988211944, 327.11408536675367, 325.9504749924648, 324.79232528273485, 322.4830182828567, 321.3275698613076, 320.17042034145356, 319.01185903606086, 317.85336738664034, 315.54237955269986, 314.38896083821624, 313.234652218179, 312.0770354082377, 310.9126685564139, 308.5488797835921, 307.34401773037604, 306.1236507159629, 304.8907494351424, 303.6504354914064, 301.17840843493235, 299.96367701241326, 298.7675997651645, 297.5878689703832, 296.4217508030381, 294.12203938037675, 292.98466987293386, 291.85275670534, 290.72350687399836, 289.5940275631877, 287.32320679167447, 286.177793702434, 285.02368089301143, 283.85939780715205, 282.68319940857174, 280.2868718168406, 279.067327055535, 277.83818829041707, 276.6059345856344, 275.3787731999242, 272.9685894443931, 271.79131041068723, 270.6282486709033, 269.4758888242296, 268.33348115265613, 266.0853197964137, 264.9844465508071, 263.90136349752987, 262.8362400844236, 261.7870919811316, 259.72197714827894, 258.69939711444, 257.6805738436586, 256.6645621454183, 255.65119709238152, 253.6359668251348, 252.63751666580765, 251.6471837655007, 250.66550252348569, 249.69246975863612, 247.76921794646515, 246.81535444053392, 245.86351776932315, 244.91207293126874, 243.96020930296268, 242.05427781035522, 241.1028632248509, 240.16389589528103, 239.2288239754195, 238.27559625408134, 236.3914169675276, 235.43758669755132, 234.45986642199298, 233.4726374186343, 232.4402450880026, 230.2090195408757, 229.0830036810758, 227.99605695696377, 227.00947740302297, 226.08815537564945, 224.27555867662957, 223.36202276446085, 222.45262071931614, 221.5318605377424, 220.6059212708862, 218.7516733951056, 217.83871086952414, 216.9403206969763, 216.06373286496196, 215.21004213834956, 213.5697335053571, 212.75964546746866, 211.97223793580483, 211.1986694427101, 210.44532860859155, 208.97048003283055, 208.25521342560754, 207.5577039167151, 206.87328084865555, 206.20279899454619, 204.8804593545754, 204.2438153160297, 203.613460664327, 202.98010369854106, 202.3608713643114, 201.15407583245113, 200.55164983104163, 199.96815296645738, 199.40240224055984, 198.81921907236432, 197.70503998700084, 197.15864241428733, 196.60884692452623, 196.07931511933396, 195.5625724713261, 194.5179947935163, 194.01945233595433, 193.51678743012903, 193.01397094712624, 192.5279477255641, 191.56352009015424, 191.096637258066, 190.64025123005646, 190.17848869363806, 189.73087859945073, 188.84533419185797, 188.41561836125285, 187.99451219130805, 187.5673856149575, 187.15942856302567, 186.35091410166143, 185.96343538632132, 185.58079483735835, 185.18621331261983, 184.8139420988343, 184.06929461725915, 183.7218041721016, 183.35807415831968, 182.99689281344274, 182.654195416615, 181.95456025546855, 181.6255079787415, 181.277810736851, 180.9534354571654, 177.41664719654372, 163.52781747520368, 160.78643537711932, 159.42502007736863, 158.08627202907314, 156.99993691293622, 154.76288269355393, 153.5125967101692, 152.66694212600802, 151.76303897806613, 150.02803449617392]",0.005,225.0,15.0,False,2.0,0.902167290244576,-0.24880282561715183
methodological_closure_v1,D,NZ,nz47,plant,0,87,19120,1.0,po_random_5fold,random_50k,full_background_50k,ipp,primary,50000,,,standard_kan_ipp,True,687.4533416090053,547.1549371946821,,0.5901282506341866,0.195935087514801,0.2633418482082893,0.1117397683062943,,,,,,False,,,370.5241738767349,26.09406301071161,"[940.6778553089943, 934.402311946575, 924.8708587484559, 912.5283743290522, 900.6654593071613, 890.3034075345786, 880.4346896484469, 871.3553299241698, 863.8774278498632, 858.073857785129, 853.0798418720988, 848.289219615538, 843.4241354155022, 838.430519472607, 834.0186946988629, 830.4865209439992, 826.8942680066372, 822.7143572595843, 818.0438534158934, 813.4112305389663, 809.121009583635, 805.0988581087762, 801.1064015689788, 796.9424905713458, 792.2522499276453, 787.2638961062847, 782.5534938440338, 778.2710044175935, 774.0819602908423, 769.7676719370335, 765.3248810197531, 760.8927240905695, 756.8883655982996, 753.0450762941506, 749.1800810830881, 745.3394211379579, 741.1878639465917, 737.1480180867813, 733.1984758551084, 728.6464445392444, 724.4992094017481, 720.7883758813949, 716.8348382027483, 712.8019828263252, 709.7828572044681, 705.1314962475918, 701.7023171160081, 698.3612847136371, 695.4148413159855, 692.723983894927, 689.7930240651472, 688.7180260698868, 684.1732857808399, 691.8086676975603, 689.199421132698, 678.6525092208003, 681.9658649646113, 679.0292048967469, 673.6630621838437, 675.2671041672212, 670.865422867039, 670.8060588484835, 669.954550186773, 665.2068813624194, 664.3197784632525, 662.8601319681069, 659.4817837895052, 658.5972498422218, 656.0628133459426, 653.8434191183318, 654.7756842808916, 650.8831503989014, 655.1329356779058, 653.7250084314626, 645.8584202252722, 645.874989913559, 643.2841576161866, 642.9862906886415, 640.3091386446755, 640.1556118116193, 637.029215243493, 640.293483531729, 635.214964643722, 643.1908027168288, 644.2441436411955, 633.3892239510382, 636.1115508777156, 636.4442986703376, 627.4380507815342, 639.8380876804828, 641.9508266620746, 627.1103504020789, 631.2721265224262, 635.7222893341158, 623.357489352055, 632.0479651485962, 639.0287451580936, 623.519884760876, 625.4117990242138, 633.7596682842715, 622.9913742781142, 618.7267902877069, 621.4136717703364, 614.2787827155659, 623.6512668655578, 623.3345365787268, 613.6834176541, 618.3312150837385, 616.2747488831825, 610.399530299913, 611.0006384823527, 608.0315056498554, 610.4574517734858, 606.8107078601098, 610.0894807624028, 604.8885997073609, 620.0113406600956, 623.2931078037534, 604.567823109621, 619.6317761848996, 627.1992854461281, 603.4517272185578, 621.9075363717387, 641.4838094773376, 619.3567733175099, 599.521702189658, 609.4575406038205, 601.4896702236682, 603.2799286010738, 606.6017346622481, 595.3668078992799, 612.9483027489057, 618.6372020913701, 598.0546585165808, 609.3917915398486, 623.484613552356, 608.8210431050403, 597.327333055707, 603.864355813689, 602.0847793569474, 598.2530758962106, 595.1402360621802, 594.5060656994493, 596.465363880241, 591.2717135875567, 591.7419463331304, 590.2320403193694, 587.9077857202293, 595.4638522245064, 589.2095778078374, 593.113910716767, 583.4162074674449, 582.0472792654485, 575.199517344412, 566.7726509191253, 561.3646954401393, 556.285964264037, 552.2502126056106, 549.79694131093, 547.1549371946821]",0.03,150.0,10.0,False,0.0,0.7946266954124,-0.20449844477821344
methodological_closure_v1,D,NZ,nz48,plant,0,43,19120,0.0001,po_random_5fold,random_50k,full_background_50k,ipp,primary,50000,,,standard_kan_ipp,True,687.2510481439967,191.9268497069319,,0.5119957236709571,0.0556478350451419,0.0959212886697728,0.0118964409603161,,,,,,False,,,479.9581414541883,27.02121021493452,"[464.86610122819155, 462.50444577998195, 458.04712277357436, 452.4271404817737, 446.756440396256, 441.176818712706, 435.7401520327034, 430.452486550191, 425.10360699382005, 420.36454579917955, 415.9764257263202, 412.2874674239714, 409.15588653421685, 406.55511079464486, 403.81490936167995, 400.86307305375993, 397.19409353441483, 393.44707566071884, 389.82326267214273, 386.26265457412046, 382.8164801145401, 378.796195943983, 374.48569461021793, 370.04875445664334, 365.361990849869, 360.7278776136409, 356.17527989900776, 351.8623587904878, 347.2926680907922, 342.58228393852085, 337.89128052206814, 333.23445300928114, 329.03389797950456, 324.67185656893594, 320.7343599268855, 316.8597060831297, 313.4627714214427, 309.83973767848954, 306.55902023857266, 303.1518351775045, 300.4284748988979, 297.3066526077062, 294.3877960112673, 291.5490706617926, 288.6771045543384, 286.4441107221782, 283.95669810740316, 281.52061199900197, 278.98963794389624, 276.92091049426165, 275.1143074955919, 273.37379365008036, 271.18251800042833, 268.923012498967, 267.00186894433153, 264.2833958215376, 263.48029064908064, 259.8994533020171, 259.8742655415681, 257.1450781069546, 255.66531643409436, 253.92167958477407, 251.39307396139446, 253.3710235122226, 251.00860706460702, 253.13868881821898, 251.38793960479975, 248.12236893706486, 247.58602233098932, 244.37513831406866, 244.49783947019438, 243.52897029075848, 242.82492835244358, 240.71072844017334, 240.84646089446912, 238.96350253601676, 241.0779286819928, 238.12409660634978, 242.88503892451376, 242.18275739623684, 236.7463737045828, 239.6159526377231, 235.4987824083394, 237.5921439879161, 237.76894126571645, 233.48690305387098, 239.9367823269948, 239.9609133242196, 234.8081369699202, 235.61106517172556, 235.2576606403765, 230.3106735449514, 231.61786735690902, 228.55566262033364, 236.77179872681873, 236.37489958543634, 231.15392989414835, 230.8108391996012, 230.09233296898427, 229.5232569809336, 229.37422803126555, 226.5939235877588, 232.87056896381793, 231.4060352250606, 229.86929235752118, 229.7998180762981, 228.51706780217756, 229.15597165162316, 227.3931727702708, 227.54166191147513, 225.48736849461363, 226.95421811405333, 223.91594137867511, 229.64721979267307, 228.93585343229608, 224.77454195759563, 226.54578540131698, 222.95187275413804, 230.44638779409127, 228.05638263025375, 223.60390605087363, 224.54647837337743, 222.28521282344263, 222.4434066221714, 220.77371567623925, 225.15052720572024, 221.95738575312114, 226.47578879160002, 226.7506619890753, 219.64532975579934, 221.47090816499085, 219.08654835568748, 223.30736854984988, 219.10221564330428, 231.4756669936622, 233.26038805054483, 218.98962372364971, 227.29770640851288, 227.4746952744081, 217.7325015369355, 232.85011540426447, 238.08014101467214, 220.2075195345514, 232.22990900481628, 245.9466961772354, 233.28954133461335, 219.84231830710334, 234.74505351841376, 244.43008748103176, 223.5101511140137, 227.38419921562627, 214.6887823549783, 213.46816723975402, 211.0500615690536, 207.65893962811268, 203.50775098263568, 200.2060087518452, 196.67816262220492, 194.56447693329798, 191.9268497069319]",0.03,150.0,10.0,False,0.0,0.6398573018589888,-0.12786157818803168
methodological_closure_v1,D,NZ,nz49,plant,0,37,19120,0.001,po_random_5fold,random_50k,full_background_50k,ipp,primary,50000,,,standard_kan_ipp,True,688.1044001810078,148.86281190817928,,0.7728012634903921,0.0252467504636978,0.6409150922609722,0.088712678269614,,,,,,False,,,212.32572875743853,25.32637520004653,"[400.1547631474926, 396.9530322158392, 390.4017231729144, 385.2440302246258, 379.1618781751678, 372.2381275996106, 364.822857743014, 356.82198368927794, 348.99440566520593, 342.2091607520689, 336.4471026369394, 330.87783442097697, 325.63857375491534, 321.2857118185485, 317.44487888465466, 314.04234386740507, 310.540456965023, 307.1615216221989, 303.89881940069483, 300.84217850951785, 297.72431084583707, 294.7211372070271, 291.9381669333947, 289.1138060830055, 285.8621935103104, 282.2582420963597, 278.82200990008744, 275.57883534480857, 272.0799147123747, 268.33004303219764, 264.49243517278273, 260.6058023123936, 256.4090385499283, 252.00424880690088, 247.71456368243446, 243.6815725146579, 239.84241496938756, 236.47618323954032, 233.45607211946347, 230.40649541168614, 227.36980465075564, 224.55966314217196, 221.88381266773902, 219.2652068517251, 216.8142679158809, 215.13629838789413, 213.1551658774102, 211.61593677775832, 209.17455564047023, 207.70226714975016, 205.61756183084103, 204.82805327433232, 202.71138400640478, 203.4199856021964, 201.00243883655276, 200.91618888759467, 200.79361786518282, 198.5272140937568, 197.49403883979824, 197.30556681032738, 194.41258826170636, 195.69537024925023, 194.71441353791283, 192.5504531452767, 191.54021301319244, 190.90714814525313, 190.03596245370812, 188.42849164024148, 187.54979189341373, 188.45743332502636, 186.7452287948257, 185.8700850509184, 186.8332474159764, 185.06373807593107, 184.92180440062947, 184.81732205840294, 183.85843132693802, 182.96884784471666, 182.40089051810352, 182.72564219987723, 181.98034157655658, 181.1544973152342, 181.1285706052036, 180.67106838161575, 179.65505587371626, 180.5459656563141, 178.86908554469608, 180.39514301710057, 179.6321309168731, 180.06709385450978, 178.5598928951508, 179.41905620621625, 176.88639574472134, 180.84112657540666, 180.04805214932034, 178.35741597017162, 179.0830750701035, 176.51324546904598, 179.52868525843394, 178.8410687785698, 177.45680915517465, 178.88349460719422, 175.37472361268823, 179.5393812505586, 179.7278195265491, 176.46506897541488, 177.1354260561156, 178.28907291053957, 173.8403742670213, 180.9771983872287, 180.92900864659788, 176.4412828299727, 175.5211287161904, 175.71742360373906, 174.91232368114999, 175.2353121340534, 173.60316568750991, 174.92804135353705, 174.0172748520094, 174.20017752285173, 173.96788072263297, 173.10864536999767, 172.2557984800742, 172.43724688305625, 172.90584801245276, 171.4059515857521, 174.35445787330664, 172.96654357924868, 174.22478065376058, 173.50825164333838, 174.2519619189898, 173.17044987579862, 170.9225701775546, 172.1184883791761, 171.61990647108897, 169.31809667140794, 173.05477176678244, 171.69457895372895, 172.73100594897952, 173.5521731298137, 170.94384203339496, 170.4508186885275, 171.6813479739427, 170.22773337168158, 170.9635841908385, 169.18565867143735, 172.05101219222078, 171.0809190760077, 171.01198511947604, 169.75203467988948, 170.02356742647146, 165.86831311318483, 164.29646629328997, 160.87485584023386, 156.94287005981676, 154.64532142521597, 152.50644225961742, 151.22346082586319, 149.9612132511381, 148.86281190817928]",0.03,150.0,10.0,False,0.0,0.9241787838904976,-0.15137752040010544
methodological_closure_v1,D,NZ,nz50,plant,0,131,19120,0.1,po_random_5fold,random_50k,full_background_50k,ipp,primary,50000,,,standard_kan_ipp,True,498.7137580370036,923.7505104446084,,0.6619173687970745,0.0889353727579059,0.3820680638073267,0.1236323501668279,,,,,,False,,,402.8610320254181,24.247061174752037,"[1418.0208012547919, 1409.9884770097615, 1396.9386273514224, 1383.477902724585, 1366.9826635036222, 1349.478385005122, 1332.72093101014, 1317.168959780295, 1304.1818172267579, 1292.2125150376546, 1280.3078684904413, 1268.8893089303415, 1258.7833441564426, 1249.3873039629148, 1240.4218836076832, 1232.7000742151017, 1226.8528807026214, 1221.9239389658444, 1216.947080671253, 1211.54922105646, 1206.2971024089372, 1201.976623398904, 1198.6303918405986, 1195.2348844308606, 1191.3338642258082, 1187.3510369111639, 1182.8003873129092, 1178.054174053107, 1173.0076148937167, 1167.6864124388833, 1162.409325719132, 1156.7367723361942, 1150.8888003933002, 1144.6176476743574, 1138.2500410109283, 1131.8108654265745, 1125.8905937061204, 1120.222911104369, 1115.1208903786392, 1110.4693706761382, 1106.2697200140394, 1102.145971549757, 1097.8403756138273, 1093.0304220575697, 1088.2157140936426, 1082.8728485828044, 1077.3036817551151, 1071.8661154246477, 1067.2539987688308, 1063.389063635861, 1060.2934088010284, 1058.0019120780335, 1055.329178496567, 1052.5133992641795, 1049.8335898550195, 1046.096522099841, 1043.1755662329715, 1041.1229566551199, 1038.457355572991, 1036.3987286671525, 1035.0583840508975, 1032.3847055596798, 1031.4153244155061, 1028.3281884652672, 1030.1047279284148, 1025.628064902576, 1028.7352174281648, 1028.7676953907944, 1021.295191889791, 1023.4809650113197, 1023.2236585435995, 1016.0192783452597, 1022.1073378085439, 1023.1121703957607, 1012.2410747722214, 1020.0982485184966, 1025.6414241035477, 1012.3633123728146, 1012.5391296524333, 1019.2370906258419, 1010.8578125588623, 1003.079090292655, 997.3950740464776, 989.7926675098455, 977.8826091273465, 963.2945509079271, 951.9397696219506, 944.0979717689921, 933.9783624049027, 923.7505104446085]",0.03,80.0,10.0,False,0.0,0.801942123627278,-0.1400247548302035
methodological_closure_v1,D,NZ,nz51,plant,1000,42,19120,0.01,po_random_5fold,random_50k,full_background_50k,ipp,R1,50000,,,standard_kan_ipp,True,1018.184588352,172.0746453468283,,0.5030610485775289,0.0305092952855066,0.0282024214917063,0.0033271259972524,,,,,,False,,,91.234791226799,27.284363387544623,"[454.5831709916663, 453.8523380653538, 452.9904757379914, 451.8247031268615, 450.3192675874022, 446.5161584450966, 444.35972215520957, 442.09837397491015, 439.7592977438903, 437.35926761760487, 432.3852483522907, 429.809541405091, 427.17952003851497, 424.5108561219705, 421.82815980133614, 416.5016593772984, 413.8600450816202, 411.20333431919266, 408.51360633412077, 405.7910351226288, 400.28446960842894, 397.5292337132143, 394.8143466428226, 392.18100660810677, 389.64949246119164, 384.8351414610698, 382.4947290158563, 380.16067646340304, 377.8179134207777, 375.4654430243624, 370.7125011279117, 368.3115997715975, 365.8647085641823, 363.314091257574, 360.61179054521784, 354.7229311251266, 351.60019150893703, 348.4376543851582, 345.3044063541299, 342.2564277125536, 336.4882325157345, 333.76128421920663, 331.1151895385029, 328.48261746574235, 325.79976067881444, 320.23788291792425, 317.4004149535066, 314.52937188277986, 311.6182162692323, 308.71263495988336, 303.1543555590089, 300.5394624223197, 297.9730536763927, 295.3889878462479, 292.7861003474286, 287.70249656582683, 285.2336096958354, 282.7662739415935, 280.28487865270245, 277.8378361888052, 273.12125262067804, 270.83372828268324, 268.57300207384867, 266.31774020330903, 264.0546603729592, 259.56349217981256, 257.3984489846636, 255.35726757454032, 253.3973660366921, 251.47180696462223, 247.81635859570198, 246.0510151320453, 244.22968143104075, 242.36234873484256, 240.50612582726865, 236.94206982186992, 235.21321767517333, 233.5612240124317, 231.95883563093557, 230.46918108812784, 227.83370787805745, 226.60048246293982, 225.42934576276102, 224.33577130166225, 223.2418350889338, 221.20338840679085, 220.262615998476, 219.36300164161247, 218.46328197206012, 217.6487531589242, 216.16177703764262, 215.41000433736892, 214.68474583197084, 214.01862695166787, 213.38220740208885, 212.22287451372833, 211.55290953255914, 211.06067300886204, 210.46266591890893, 209.9464851801741, 208.89168774990176, 208.47298999517253, 207.94826592164003, 207.5924894988946, 207.03961667559892, 206.19841180735233, 205.81686848792617, 205.44966333512505, 204.97396283190216, 204.69569439637928, 203.92192092568618, 203.47458884082988, 203.18092202125007, 202.83847052905736, 202.46490335819652, 201.78700805350775, 201.63207442574276, 201.14071695898085, 201.07304760813267, 200.51261044258578, 200.12248671164244, 199.62538248541873, 199.6471096042893, 199.07004664069814, 199.52352453619963, 198.64126476984399, 198.374995137824, 198.3817478077581, 197.91764677853584, 197.86983980021895, 197.39464977421713, 197.13100167042924, 197.2325846116535, 196.85825890455487, 196.6739698785842, 196.26675776427578, 196.03258637726103, 196.3501990010173, 195.97926338379733, 195.9242641089104, 195.28771675480417, 195.8558572885428, 195.24156756589588, 195.99428247491906, 196.267450233338, 195.68041708028514, 195.8853098927247, 194.68430575686415, 195.16027824412913, 195.16840676692217, 194.85689658014326, 194.84147795101407, 193.7975177976484, 194.9917132402457, 194.84872196692066, 194.13396920237287, 193.86359590325566, 193.91200429366447, 193.59354157599807, 193.4774395514135, 193.26976075197285, 193.2308311127256, 193.00705500094176, 193.20358363923677, 193.01073514589348, 193.0039713656419, 192.84203484285206, 192.96458277948494, 192.4331945583418, 192.90703409690397, 192.75175023850744, 192.66672089029618, 192.43776006795616, 192.4051977359057, 192.36455021460276, 192.5400072388939, 192.41327757578298, 191.91677047965197, 191.85142318221924, 191.97051435638016, 192.57466636643943, 192.52350375216702, 191.1880938472481, 191.2971033214501, 191.37822362934108, 191.37239731804056, 191.33977092180982, 190.9935592440585, 191.11730113501056, 190.51868803212417, 185.04773746623698, 182.66823386805936, 180.83349049815777, 178.90197585819746, 177.68465460464216, 175.7479879701944, 175.01310694062659, 174.20705208544237, 173.45793210546677, 172.0746453468283]",0.01,225.0,15.0,False,1.0,0.5886688707788873,-0.08560782220135843
methodological_closure_v1,D,NZ,nz52,plant,0,174,19120,1.0,po_random_5fold,random_50k,full_background_50k,ipp,primary,50000,,,standard_kan_ipp,True,505.7054879460047,1363.3161642675316,,0.697819688797335,0.0545473145849258,0.4521130161386624,0.1126134168671311,,,,,,False,,,141.2240575769853,23.71725135166721,"[1884.3076896868024, 1875.111281255499, 1861.0740369127934, 1844.239952542882, 1824.3042724166155, 1803.297369051996, 1785.5117027699225, 1771.441507266838, 1759.732289117908, 1749.5097522573042, 1741.0630087621923, 1734.2534820799506, 1727.7660097346588, 1721.7101928610882, 1716.2017400965588, 1710.3827769616007, 1704.0655320667752, 1696.9713521712654, 1689.6590850542032, 1682.93517652411, 1676.2797172992296, 1669.9676488058346, 1665.0123419452934, 1660.1909743942624, 1654.8808597936672, 1650.048134809602, 1644.8676597702736, 1638.970752792023, 1633.6660597538933, 1628.376641376723, 1622.73345564253, 1616.680539717009, 1609.7381391757785, 1602.8831583831493, 1596.5092416046762, 1590.3008182767085, 1584.386093457679, 1578.3206581533755, 1572.216915193791, 1566.5343586945369, 1561.1949980504216, 1556.9413207079724, 1552.663328413204, 1548.54883685775, 1544.7340937772021, 1540.445099331904, 1535.9153999929053, 1530.9738282943092, 1525.846196253414, 1520.8951675550345, 1517.0627843938296, 1513.0952258345585, 1509.229854140547, 1506.5482712212302, 1503.3756996440702, 1501.3870670106674, 1499.662665322724, 1496.6661314798612, 1493.669875212086, 1491.330606912504, 1488.4261860962579, 1486.1654653601845, 1483.7783660533048, 1481.9209762030155, 1479.2993436140207, 1477.432358121843, 1474.2532642982, 1473.749088704712, 1469.9142744656842, 1470.202504776984, 1467.2884912289846, 1465.4585193492746, 1462.6680597859513, 1461.3596396397008, 1458.6351667025228, 1456.439474607586, 1455.3882318765136, 1451.827253419378, 1451.474771683971, 1448.547275561935, 1446.3983779660366, 1444.2800571681034, 1435.4608907892552, 1425.3247637538009, 1407.906745085179, 1395.4362619521369, 1387.7220169627235, 1379.181090291245, 1370.1320351559016, 1363.3161642675316]",0.03,80.0,10.0,False,0.0,0.85788262811694,-0.16006293931960502
methodological_closure_v1,D,SA,sa01,plant,0,120,152,0.001,po_random_5fold,random_50k,full_background_50k,ipp,primary,50000,,,standard_kan_ipp,True,484.3851199009951,969.5473273064136,,0.5868613138686132,0.1919803071474408,0.1802965665824635,0.0941306021557775,,,,,,False,,,154.4022979736328,23.7222281671295,"[1299.0800087384596, 1298.4030155598662, 1294.7452129588994, 1289.5565887883974, 1284.805186942571, 1280.2931000420735, 1275.2265014645411, 1269.8100692212813, 1264.3609246693607, 1258.72401268378, 1253.5185772992747, 1248.6449470001269, 1243.849039493093, 1239.4925013998773, 1235.1456210168615, 1229.9986206430526, 1224.437083801977, 1219.3726457428288, 1214.1735321157785, 1209.5992644742623, 1205.518348619462, 1201.3581347056133, 1196.7394437496962, 1192.3329346655069, 1188.1908890324446, 1183.9727712688978, 1179.852508118142, 1175.235498453085, 1170.442334029523, 1165.6603818803906, 1160.7403424799807, 1155.8358425888696, 1151.3715947669507, 1146.4510618873494, 1142.522395168651, 1138.4158612430215, 1135.2843505681305, 1131.5919498443213, 1128.3014674066208, 1124.4526493488856, 1121.0741023417515, 1117.6418374054751, 1114.7667003611455, 1112.1820122184024, 1109.7878347305536, 1106.8350003795679, 1103.9218692224927, 1100.8941964716823, 1098.2070593980511, 1095.1150278518837, 1093.797938618276, 1091.22128613605, 1088.2184612399542, 1086.048267067626, 1083.839764448867, 1081.623207453704, 1080.2220884210722, 1077.897796250503, 1076.5319696141512, 1074.1856418171924, 1072.0294243459396, 1070.0738387274, 1068.418095268858, 1066.4215202482978, 1065.334063002778, 1063.3200216361463, 1062.4909290057421, 1060.9511750532442, 1059.3785175362395, 1057.9049448348585, 1057.2066607488339, 1055.491729942867, 1054.0750433873682, 1052.4400275978157, 1051.2823690111127, 1049.668830662311, 1048.6648779795687, 1047.1323454247008, 1046.0054562195505, 1044.4933441752496, 1043.4744975916276, 1039.110731296673, 1026.4190490573144, 1017.2141738552377, 1004.7834974058867, 995.9285459889184, 988.3428249924132, 981.1921434205358, 975.1754175404736, 969.5473273064136]",0.03,80.0,10.0,False,0.0,0.4807785888077859,0.10608272506082728
methodological_closure_v1,D,SA,sa02,plant,0,150,152,1.0,po_random_5fold,random_50k,full_background_50k,ipp,primary,50000,,,standard_kan_ipp,True,465.9026682039985,1209.4479497344837,,0.5369059656218402,0.190150448855454,0.097587510321243,0.0270869016320438,,,,,,False,,,202.3194274902344,23.131920279083666,"[1624.021325991841, 1623.194235212769, 1617.0982125213768, 1606.0536171147194, 1593.2668005788335, 1583.666215927776, 1572.7240124735526, 1560.0955364123556, 1548.1379457646883, 1538.2229314009485, 1530.0193587216318, 1522.3135033536812, 1514.9680775733784, 1508.567308887747, 1502.2348224357113, 1494.7946246020638, 1486.9323531788073, 1480.4512307340597, 1475.1651682380452, 1469.7390495729426, 1463.8883175932156, 1457.8893738586178, 1452.055445858152, 1446.70915194725, 1441.6350209609918, 1436.8589732855187, 1431.870709777739, 1426.135274263401, 1420.358994994821, 1415.2924848499492, 1410.8632831509224, 1405.798020011431, 1400.7902702805516, 1396.1465330497872, 1391.9898719067098, 1388.0971244672805, 1382.9227223985613, 1377.2789631908693, 1371.6970467100484, 1366.4800806625906, 1361.3755507411504, 1356.423051737216, 1352.0673886697045, 1347.9928491142693, 1343.5190662230434, 1339.1005807911274, 1335.76652106139, 1332.4780883804178, 1329.070403909069, 1325.9744109704054, 1323.0688036905926, 1320.4216091869412, 1317.8221203611306, 1314.6815723405214, 1312.7012611100563, 1311.4166428970748, 1308.5501842624626, 1306.1173950076561, 1303.436333714576, 1301.6007286017773, 1298.7459150020466, 1296.732943984323, 1294.024791965889, 1291.9198585083616, 1289.6813467765182, 1287.7113511087462, 1287.186549868143, 1284.3580494663324, 1283.8140115076587, 1281.2968866720532, 1279.588069359398, 1277.6970387318856, 1276.4736114991424, 1275.0618324804182, 1273.1088983967588, 1271.6883061602487, 1271.0136823999183, 1268.591638066952, 1271.10497795183, 1268.6643808707597, 1267.8769624529257, 1262.9305409178846, 1254.4237405488095, 1244.284184976225, 1236.8601422557592, 1229.8641513411644, 1224.6666876115837, 1219.4107944924624, 1214.785639212137, 1209.4479497344835]",0.03,80.0,10.0,False,0.0,0.5473542298618133,-0.010448264239973026
methodological_closure_v1,D,SA,sa03,plant,0,28,152,0.01,frozen_n_po_lt_30,random_50k,full_background_50k,ipp,primary,50000,,,standard_kan_ipp,True,947.5719133300008,105.27632697825553,,0.8741319444444444,0.5033543911324704,0.730585638962375,0.3877867638226066,,,,,,False,,,191.5015869140625,27.343814043242524,"[302.87753432118416, 303.65797936180655, 301.36512581378605, 299.1511769101525, 297.461696317874, 292.97480319452325, 290.41789930227077, 287.45745058133053, 284.37843481606484, 281.2287783072071, 274.41145203435013, 271.1956736122791, 267.4585557449923, 263.45325874670334, 259.4489201443363, 251.53196998152234, 247.81025685509906, 244.17139422647372, 240.4729469670591, 236.89190001577228, 230.1383471819669, 226.7489467599098, 223.57201625455886, 220.30682555094023, 217.50724334442958, 211.91739269344637, 208.9977919100823, 206.1609345164066, 203.56992011957252, 200.89221460442772, 197.02731533406666, 195.79741728886108, 193.22320288662274, 192.99323704803197, 191.33807884075014, 186.68327790386388, 184.01555853231645, 183.65506765755867, 182.146159466365, 180.676328533909, 177.48073939610444, 176.7364823377397, 174.82781706293648, 174.0355765328813, 172.30970559495063, 169.31364432101242, 167.15960046741264, 166.26720949399368, 164.9702680384983, 163.78027016988128, 161.9951314919596, 161.3642827591749, 159.66638653625918, 160.57080082336253, 159.27419950122697, 157.77153654320983, 155.7475969307352, 157.22382585145874, 156.02725015777017, 154.8899870047425, 154.23946611496638, 152.71069429644078, 152.91448190759274, 152.01733007461488, 151.5371767239571, 150.7720131283115, 149.3003878646361, 150.71708475988547, 150.30056939540952, 148.16566868928493, 147.3315367129145, 148.30598175524764, 147.5929829935302, 147.15241689303457, 146.73324911079845, 144.93851523729154, 147.04403939904657, 146.1737279191152, 146.40775495773562, 145.6421235860151, 145.27872800577535, 144.54245489197407, 145.41052514378427, 143.84902370448611, 143.95861944794757, 145.3006699090979, 144.3367046158196, 143.3196059514555, 142.95538198396488, 142.78896131158194, 141.81791730376034, 141.31490946901272, 141.35904184173697, 141.2139047269394, 139.78164264649183, 140.9537764225077, 143.71238520221118, 144.42555846731085, 138.94522897820468, 139.94054124364288, 138.4839467209291, 140.83946000399766, 139.86451733476392, 139.44126402268557, 139.26853310465026, 138.88955410404407, 137.85347827628783, 137.0299873898043, 140.32813587405013, 137.70882638950226, 141.65577164719377, 136.66612950628218, 139.74686581173762, 138.3121215517411, 137.1042508678371, 136.9302917577092, 136.8050122261138, 136.52311817690273, 135.23421914608699, 137.56585958188774, 136.32634350608444, 135.8520208752842, 135.25130563577054, 134.4620449807322, 136.75660926083373, 134.00545171412352, 134.1990333830176, 134.70557286947692, 134.07311012963137, 134.09400330860188, 136.19250496603482, 136.20618309948495, 132.8799504984835, 136.08291004526941, 133.07715392389787, 140.1366435583329, 133.2337284567752, 139.44459180516827, 143.49650627705557, 136.74092291911666, 137.709130541224, 133.76780734792595, 134.33946047417155, 135.49124464682328, 131.91616080484005, 139.869188910547, 134.94715273844267, 135.0161821240077, 134.66902999340138, 132.64491761137097, 132.47520168875354, 133.34642360829255, 132.8464145251453, 131.19414980430523, 133.2003517760703, 133.72251021198247, 132.3596205157086, 132.99342891491722, 132.6092922378968, 131.1131157946326, 130.47222241585183, 129.40977506780902, 130.13438202826183, 130.00278082252072, 129.50628022543054, 128.79311519867795, 128.70105539908536, 128.6723474947344, 127.89193832473495, 129.33220799239922, 129.38633234233157, 127.96526097820312, 130.9785597878549, 131.3046387896076, 127.26476461782369, 129.62816731263126, 130.4167698205366, 130.4980487440844, 128.0712685450162, 129.46565282470024, 126.82296760357629, 127.73967545377502, 126.5454056538838, 128.0736992455253, 126.68965985764797, 127.50391589478936, 126.37025387303525, 126.11830241603683, 125.81419736998349, 123.33049137715903, 121.74277435234286, 119.16741884637761, 117.48269005530899, 115.64826052749116, 113.56626471518474, 109.61751862268946, 108.43836616636729, 107.51715649934482, 106.8067722273299, 105.27632697825553]",0.03,225.0,15.0,False,0.0,0.7960069444444444,0.078125
methodological_closure_v1,D,SA,sa04,plant,0,60,152,0.1,po_random_5fold,random_50k,full_background_50k,ipp,primary,50000,,,standard_kan_ipp,True,627.1279533530032,391.3649781472701,,0.7995337995337995,0.2983152403152403,0.6331519296554262,0.2952282405730289,,,,,,False,,,528.5806274414062,24.85863158087272,"[649.1123690392217, 651.4261023573627, 648.8860541582693, 645.4152319350044, 642.6298520181832, 640.2386644327426, 636.2649608434868, 630.8919962613006, 625.3640282650786, 619.6301663761021, 614.034053832556, 608.9358001299953, 603.683144185116, 598.7041645666856, 594.1177127977608, 590.0278950814834, 586.1675142827836, 582.2378380757884, 578.4572892767784, 575.1819210522822, 571.9543748698544, 568.5377265474153, 565.3668357420516, 562.0980570168962, 558.7661093325563, 555.294873427898, 551.5113769800072, 547.957263278453, 544.1962604978347, 540.2772336586742, 536.7825005309393, 532.8871597244971, 529.2036086753889, 525.735316723203, 522.0979861267939, 518.4965202937165, 514.7824042287142, 510.9976459900039, 507.6548027922373, 504.31882588691815, 500.889619110624, 497.2403841132032, 493.4190695370428, 490.140624446648, 486.12988946458654, 482.84461368314396, 479.4253871347608, 476.10107759843675, 473.61019200030415, 470.4655597115952, 468.3223248502123, 467.1736978972706, 464.7054769587618, 463.6093299210763, 462.016596899058, 460.6085111846153, 458.72519531534397, 460.2145786284784, 458.2066924009967, 456.71961321397697, 456.13119155035184, 454.7407633730016, 453.13438317046905, 451.968852902477, 451.477966319514, 449.11084148400295, 449.74785761721006, 448.1873808407332, 446.7424030637849, 445.69798550878227, 445.22329954701263, 443.02981378469076, 443.59037871924664, 441.33428900705576, 442.08134210946076, 440.2621295560615, 440.3819965039465, 439.1864791430646, 438.32886884852155, 437.9625574154605, 436.7102274109817, 437.4402994112266, 435.6066155449848, 437.22835383864805, 436.6777536540678, 434.13032300705663, 435.1113450325273, 432.5170784188475, 436.5101641225109, 435.8885353381507, 432.0689799460258, 432.5947480759363, 432.3510684632622, 429.3203778477001, 432.0631755525051, 428.60397456696853, 437.41951834002305, 439.4144777415107, 427.77248106509586, 444.7519563071368, 459.66760580418884, 445.37179676353196, 428.18606902063385, 438.25644024479107, 445.45028353222585, 435.0687142610686, 433.7206662884278, 437.15130001582423, 428.7471301851196, 433.0303688167256, 437.92081772993214, 428.09859963631544, 426.4071180636952, 430.57094641491034, 425.1565162634824, 427.94379223976097, 431.6872275604158, 425.707473792031, 428.6099709252031, 431.7285624232965, 426.7652712490235, 429.6440436325094, 430.674539537076, 423.611821216943, 427.8142215461135, 431.84776563093567, 423.0291612913059, 424.9125174358273, 431.8316214984274, 423.04456248341427, 423.2536239369234, 427.44129617485845, 420.9496524904847, 425.30954072443876, 431.24386838640436, 421.8184838500277, 423.14308640434075, 428.332627619887, 420.7431176309085, 421.8051641718515, 426.62189501389514, 418.7131660089802, 422.81390186887114, 428.36174051061045, 419.97269125332565, 419.8747610615685, 424.2554274644502, 417.4738144002498, 421.26283028352276, 425.2961149346129, 417.69196403750914, 414.79380976532576, 414.0269214348176, 409.5350619904024, 405.1898968235268, 401.91983550535605, 399.0195399378996, 396.3796443855113, 393.1470071001001, 391.36497814727005]",0.03,150.0,10.0,False,0.0,0.923076923076923,-0.12354312354312347
methodological_closure_v1,D,SA,sa05,plant,0,61,152,0.01,po_random_5fold,random_50k,full_background_50k,ipp,primary,50000,,,standard_kan_ipp,True,629.7828873700055,335.1770675809339,,0.8906403940886699,0.2106307435254803,0.6843743842364531,0.3000268178617176,,,,,,False,,,400.1649169921875,25.854305805402618,"[660.6019795818952, 661.1978609334857, 658.633067293018, 654.694892290368, 650.2505328680642, 645.9086164728257, 640.3609230410387, 633.5360248520915, 626.0689434683011, 618.244990517052, 609.7858661029917, 600.5815519983447, 591.1597231461883, 582.4918206962161, 574.917802928781, 568.0342247506013, 561.560376280838, 555.5214282490618, 549.7217909958355, 543.9204509289369, 538.7588184407928, 534.9646004216618, 532.181049901035, 529.4773450252121, 526.4552467399691, 523.9498648990591, 521.9461489782078, 519.8631892591263, 517.1818966954556, 514.4405765824271, 511.8006460579092, 509.1738762676409, 506.600958761027, 503.5476689444602, 500.4738447393324, 497.9655790478091, 495.39087750841605, 492.75484951922994, 490.02876669255676, 487.5233488920425, 485.1594480300455, 482.58646153473796, 480.0572139758085, 477.3378018270321, 474.3980663776201, 471.81993619641554, 469.2010086616501, 466.6091292434854, 464.2853240001178, 462.4570093913114, 460.4203008131107, 458.54858169408163, 456.24895538653624, 453.7935334661078, 451.8110588018636, 449.83873077067693, 447.1321692226207, 444.4340863137638, 442.60256424712173, 439.9109033374235, 437.8962439359464, 436.68535747287973, 434.4908578971262, 433.3458428211891, 430.1450576691591, 429.9562945341537, 427.33949926100934, 426.88401663003776, 424.5396814369821, 423.4456422805568, 422.315525576563, 421.05850411874815, 419.02861962609774, 418.706944985963, 417.0999195741562, 416.0005472279468, 414.8611775689244, 413.6903399144351, 412.34813678695997, 412.44597931414984, 411.4656004775638, 409.3034620742052, 408.91249068773357, 407.8406077103367, 406.7527246259455, 406.68680507275684, 405.20445189084904, 406.4264875025013, 405.77841464116597, 402.80814407522627, 403.2477689010542, 401.68605152796624, 401.6941374547924, 400.6863114145718, 399.81177204852116, 399.46879875364095, 398.5892922832986, 398.63566234150073, 396.8225295201969, 398.09267029233644, 396.0427437647234, 398.0572437423596, 396.87811417992634, 395.4051305713537, 395.6413093381383, 394.01627820401285, 393.2398787549396, 394.02317279814304, 392.7075838619344, 392.0938303133402, 391.43729540763326, 390.3729677243051, 389.46884120781175, 389.9754118720631, 388.87378067259704, 388.83897214224794, 387.9999548106924, 388.1489108432798, 386.887420668436, 386.8011937432258, 385.1458050831961, 386.95415199806354, 385.3251565804355, 384.738453967002, 384.9612596759942, 382.214169987739, 382.0181358531557, 381.28156477007576, 383.29299345189366, 380.2571344300331, 385.52817905805347, 385.36125400294173, 380.31805194291275, 382.1248719208236, 381.115548218727, 377.53405565984554, 377.60618236482304, 377.7147944300259, 376.2669089676138, 376.6971599453576, 376.16187203106546, 374.8953610729097, 374.4058675690193, 373.17831717584966, 377.44299745384177, 374.4250042400056, 376.97660098807006, 377.883123861975, 372.2750817617573, 375.4354080891611, 373.64701260941774, 369.0472585728266, 367.1827702185962, 360.9108177619942, 354.7469328891183, 349.10352144742654, 343.89171932700225, 340.71636527346135, 337.7815834076014, 335.1770675809339]",0.03,150.0,10.0,False,0.0,0.8955665024630541,-0.0049261083743842304
methodological_closure_v1,D,SA,sa06,plant,0,32,152,0.001,po_random_5fold,random_50k,full_background_50k,ipp,primary,50000,,,standard_kan_ipp,True,631.0952365609992,154.60759885989071,,0.8522167487684729,0.2980423799318863,0.6416687616782741,0.3088242056549054,,,,,,False,,,283.9325256347656,25.608163061319672,"[346.1633740012696, 346.5291559423713, 343.7466084353817, 341.9349784554834, 339.59621135479676, 336.7511412873076, 334.21407866844834, 331.50802454238533, 328.3798805125455, 324.7392849895982, 321.3176533264056, 317.87068117808514, 314.12363007832266, 310.75310339917326, 307.66688504262146, 304.6214953668301, 301.8118084717785, 299.1235115470192, 296.49451366002154, 294.2935963659665, 291.9287624481037, 289.64220088239284, 287.09814825676875, 284.85992120114787, 282.6246924849119, 280.3541030658051, 278.1196094848463, 275.6215744254927, 273.20207689655894, 270.45442504090767, 267.5488124529221, 264.1984114182815, 260.8637284302988, 257.33390181177833, 254.79853072697807, 251.84171889802732, 249.99144442855828, 247.87195124730283, 245.23748768483821, 243.26113262414333, 240.63334344160947, 238.44592213761536, 235.61806062448173, 233.44061073085714, 230.76684318183632, 228.70849131939818, 226.54733206629336, 224.6744123047976, 222.55782753538745, 220.65378724758537, 219.12895730662876, 217.80445254656388, 216.54094250240715, 214.9027660113972, 213.73705308276016, 212.1758444787017, 210.98978635764476, 210.53158814520046, 208.55356912939385, 207.69717740101132, 206.97417591488426, 205.76440725296507, 205.12273496064637, 203.8187865131576, 203.20359142102342, 202.60449705633897, 201.67141365875858, 200.6671995575482, 201.28611741018952, 200.4125552819558, 198.9313624292885, 201.1440453179416, 199.83245628920196, 201.2573528748552, 200.1506964166646, 200.19539758431105, 199.66128657077306, 196.6173343678844, 195.97976202596104, 198.29150674845135, 196.86255755379455, 198.76866571329384, 198.48552731362346, 194.27346543762556, 193.99647002333637, 194.4685071441685, 193.04558233795024, 196.26677890003606, 195.22765017483158, 193.0180357201884, 192.38064343536792, 193.04387386287806, 191.87531744808433, 193.38881426781222, 192.82772752388968, 191.18333391749397, 190.65527879158978, 190.71383763679944, 189.47743505027842, 191.7501283794763, 191.29737805695856, 188.7330167444106, 188.12566040260677, 190.1685493194355, 188.6842185448552, 188.62443677079972, 188.3452257693176, 187.7005638452068, 186.89086624553684, 187.86417741403466, 187.07941748540333, 186.13146497323223, 185.83192582146555, 186.76342787091014, 185.76497744217212, 185.23627140313334, 185.6242300294109, 183.18477240241046, 183.62184440803097, 183.09065795107833, 184.85104600813497, 182.32782786778444, 189.3512701285822, 190.0490991383031, 185.10290317056027, 183.9332102807445, 185.67844898277326, 184.0861116906485, 182.52552636951205, 181.3282316070682, 182.53130860840244, 182.08606317178342, 179.6842798290944, 182.6921029428058, 180.99026143452528, 180.69016497174798, 181.8632240349193, 178.474321088376, 185.1825160124498, 186.29580006168126, 182.36763954040956, 181.10909971113603, 184.01161048282745, 182.05030700772613, 181.04834583845516, 179.58933717329015, 179.56932473947583, 179.51388731558745, 179.61321807425287, 177.89758434425406, 182.24249775074662, 174.82921897104552, 174.123984072625, 171.53702061993272, 165.97406638686743, 162.95924739931422, 160.88713709532072, 158.31944051537585, 156.68967077629296, 154.60759885989071]",0.03,150.0,10.0,False,0.0,0.916256157635468,-0.0640394088669951
methodological_closure_v1,D,SA,sa07,plant,0,17,152,0.01,frozen_n_po_lt_30,random_50k,full_background_50k,ipp,primary,50000,,,standard_kan_ipp,True,939.2053495989968,49.0102097953471,,0.8385416666666667,0.2155638302821259,0.5977729093180482,0.2731088953716415,,,,,,False,,,113.4521484375,27.270646327528425,"[183.92924486034792, 184.3874496892577, 182.10752401308096, 180.18066423276278, 177.8208982704958, 172.1405640911657, 169.37456653644287, 166.35485843350887, 163.34777361672852, 160.39177015117147, 153.93550428213075, 151.0769878641709, 148.52844993541288, 146.03044269511267, 143.59484033262052, 139.28102522067587, 136.98258480972163, 134.626705430383, 132.25851003553035, 129.88270018835834, 124.68519588412586, 122.08319421981666, 119.6313976859501, 117.1631249859579, 114.52596153431433, 108.32637083296073, 105.37520150560827, 102.32022934338366, 99.58553908274185, 96.72347773503495, 91.91965458192317, 89.82601668420628, 87.26526006605854, 85.28662284665266, 83.55328665312443, 80.63353863008719, 79.2038420351189, 78.83956160204109, 77.12739017792104, 76.12378248039296, 74.15745072590917, 73.34327724011197, 72.87932928310487, 71.78121442130255, 73.05817773175538, 70.74499763863953, 70.91158518051242, 70.01587676402275, 69.257116166486, 69.00644114171293, 69.00688657484153, 67.51426863845032, 68.68296360187756, 67.75885508245021, 68.43626199020473, 67.27326485416224, 67.96751308412593, 67.05234429777313, 68.55721575374206, 68.04453654483255, 67.24144130419768, 66.78966435065948, 65.3712393883675, 67.50246777943961, 66.18944672237402, 66.95419920042174, 65.11078859552165, 65.15079485957381, 65.39932057636938, 64.37011436574141, 66.00280081886336, 64.84014890836931, 64.59829384561638, 65.12025663542198, 64.65539384298513, 64.32346001262941, 64.9811798538936, 64.69406038126434, 63.88335299430114, 63.51899630233113, 64.44314128411224, 63.58464314707376, 63.350128932194906, 64.22797480269728, 63.80510546536333, 63.22328540307065, 63.565346216379794, 63.284061097987475, 63.30956402417662, 62.8990453840752, 63.28621514666068, 62.45873053267856, 62.17950881498226, 63.33305476776111, 62.83166110626966, 62.50937493471712, 62.40723546666588, 62.24557494061991, 62.182539396076095, 61.79080767892571, 62.12808781105095, 62.02541581146876, 61.87970412764147, 61.751065648746426, 61.57833095406414, 61.540766201475215, 61.40515501990657, 61.30127172978819, 61.32030497669984, 61.159227970052235, 60.90277994640978, 60.1392353285189, 61.06450783582154, 60.12846152096446, 62.319865649304866, 60.15386700754186, 63.84442438544935, 65.22813862540136, 61.02921995650082, 61.75002129237165, 61.272832060124266, 60.54708376451999, 61.41638150330096, 59.90712239696016, 60.490053982421664, 59.106984187197334, 61.79922730291617, 61.44361694001784, 61.03127570153516, 60.31880083521685, 60.73112803763939, 60.46737165464265, 59.90411038820139, 60.59513426003527, 60.31354969162202, 60.81607665713225, 59.396575654359005, 59.15359691344113, 59.763184135682636, 59.07523800811153, 60.14979405310256, 59.25582949298168, 59.27348145206646, 59.05020856724246, 58.599619531752474, 60.03348371984346, 58.726261018200205, 58.53314974966398, 59.18887663573687, 58.74561739204513, 59.124928967212156, 58.40970660225768, 58.07717310897925, 59.25772437904422, 58.53710354624035, 59.31169809982164, 58.21923997344622, 57.98168009558451, 58.99659229249476, 58.558381268900156, 58.086736586539075, 58.58990268724521, 57.83504527442618, 59.3806051848576, 59.415217528924465, 57.114261810563434, 58.142698609661615, 57.142168482342036, 61.02346761665982, 61.82061327090424, 60.97382055080871, 62.01137952825001, 57.60615862623756, 63.103277238824106, 65.07446091739492, 60.52169705908631, 61.2427334614221, 59.22998897696397, 59.801298156178525, 60.82006625946085, 57.906218684635775, 58.820556755155756, 58.027907919540255, 58.29197894580487, 58.32800057624988, 58.61005320501842, 59.246381549200315, 58.23868481144012, 57.987137156896964, 56.07011144555835, 55.56660914229667, 55.16252701188671, 54.313467536116555, 53.05804447586963, 52.161937607594886, 50.04229999359864, 49.670473212239955, 49.48840082611511, 49.23842312346355, 49.0102097953471]",0.03,225.0,15.0,False,0.0,0.8958333333333334,-0.05729166666666663
methodological_closure_v1,D,SA,sa08,plant,0,35,152,0.01,po_random_5fold,random_50k,full_background_50k,ipp,primary,50000,,,standard_kan_ipp,True,621.3940842779994,159.28244915616654,,0.8845486111111112,0.5002655056880162,0.725991144914756,0.3636188281267873,,,,,,False,,,271.1339111328125,26.42924948387716,"[378.75323549762254, 378.1766835467876, 375.5377537046711, 372.6774768415982, 369.4434064102218, 366.616681208641, 362.909566422236, 358.2921944598522, 353.4797463449292, 348.6676320779086, 344.1156173433279, 339.59111287669396, 335.05570515663425, 330.91575135483066, 327.07770267189557, 323.6693357320748, 320.7224121535364, 318.18730621111195, 315.6470250796163, 313.2231961895836, 311.1712679409501, 309.1676277654219, 307.2655680833095, 305.4021738513591, 303.44637558228226, 301.53304089023004, 299.44244770504264, 297.09891981294936, 294.45112735174814, 291.4637549569829, 288.24852504845484, 284.8387279494965, 281.5295202471652, 278.764099507896, 276.29108313200305, 273.834577368917, 271.2636505375908, 268.89960354028875, 266.6428521596691, 264.3753082975177, 262.209646371836, 259.9117497209972, 257.7193883238012, 256.19913388428625, 255.17874863193845, 253.94224456523185, 252.32284757561064, 251.17030862439165, 249.69020388750278, 248.64247370042293, 247.14619630710288, 246.96540954344107, 245.1623840837724, 244.92365334212283, 244.31880635970575, 242.11651667480174, 241.31831570684727, 240.44201829980582, 239.1771592878372, 238.46913854128402, 237.61940542988634, 236.7159200260449, 235.885239884807, 234.66752122671326, 234.79733506838812, 233.37058432474115, 233.9561964589715, 233.39271921670476, 231.43021326041986, 229.83410518495734, 229.57781250666145, 228.4692690099548, 228.43683830844003, 228.0935994336191, 227.54157936441834, 225.92877989709206, 223.81605424906533, 223.18115303458757, 223.12593926852102, 222.24827610986193, 222.5183056208083, 221.28470731334457, 219.6795142076419, 219.27612211134274, 218.40861418973265, 217.5722553033203, 217.99889276684277, 216.94819194333468, 216.31107975930772, 215.80846680453215, 214.75804446052814, 214.06588070625025, 214.09402683210027, 212.8280750205495, 213.90080231201063, 213.26493167722774, 211.17722702510082, 210.94855339383128, 210.44740229591585, 209.5825982335144, 210.4642589618535, 209.48665654551715, 209.2058334901614, 209.20537767425063, 207.39793977649506, 207.52770559779574, 206.5822222528051, 206.41077498821886, 205.51720048404215, 205.3672160771659, 204.3114901490405, 204.45818593555555, 203.33306520603492, 204.8957139066461, 203.2288210528573, 204.17225581413322, 204.04101256653553, 200.8657082184016, 200.5122405673468, 201.139647778369, 199.7960000609071, 201.79093267873444, 201.74480389561793, 198.47562796504803, 200.65147091808578, 199.54925356317793, 198.19990523793527, 198.97777540217592, 197.5121362166213, 196.51841762592207, 197.28704650429134, 196.32388554034364, 196.34680184195102, 196.51784989238854, 195.77803721059118, 194.0044877474647, 195.96964906558728, 194.29752412285396, 193.344601667486, 193.41496342349413, 193.00192486069116, 192.84135169150588, 192.21489990359828, 191.5129350901302, 191.3604549996941, 190.4957730176501, 191.0026510476799, 190.39985301563195, 189.8151654538122, 188.97700095787707, 189.7158896275768, 186.95828139972133, 181.8218446465867, 176.14606260360162, 171.12576518388008, 168.65809007329858, 165.27474296805977, 162.9749020777819, 160.93794102199936, 159.28244915616654]",0.03,150.0,10.0,False,0.0,0.9670138888888888,-0.08246527777777768
methodological_closure_v1,D,SA,sa09,plant,0,49,152,0.0001,po_random_5fold,random_50k,full_background_50k,ipp,primary,50000,,,standard_kan_ipp,True,622.2221673929889,297.144969687063,,0.5802816901408451,0.1174589883254757,0.174206900243401,0.0858032222099259,,,,,,False,,,327.96209716796875,25.915655299341147,"[530.2094593212596, 530.5610794591757, 528.0784213942704, 525.0798346647751, 522.4359382406096, 519.9055194845201, 516.2831671905675, 512.0814667055521, 508.0331233122726, 504.04022859308884, 499.9942303664617, 496.1339379033945, 492.14115350224415, 487.6252211366949, 482.91161854062864, 478.209541418962, 473.2380411935245, 468.34210754762404, 463.60291047658234, 458.77296720109615, 453.8835167248384, 448.7991839498317, 443.84162027198886, 439.4697007437808, 436.13355468197574, 432.94874427457506, 429.64029301869186, 426.4721289525043, 423.7315387430286, 420.78173344752867, 418.0827121044754, 415.44594592130636, 413.5376322763368, 411.26679927901824, 409.474526560346, 407.3685860075089, 406.0135724094126, 403.9494290767298, 402.28285667608725, 400.5910395690339, 398.54039276551543, 396.7810776073041, 394.5094234222628, 393.4082479645379, 391.74089455522756, 390.359939757685, 388.9641822161267, 387.0009560800622, 386.0737694113729, 383.7202523778236, 384.29588971384425, 382.5588765263455, 380.5099137629764, 379.5502460877242, 378.17686546057433, 376.3740112928752, 376.42951415200156, 374.9011013915846, 373.44761729715856, 372.47582774392953, 370.9018094049975, 369.5561475657057, 369.76347050107887, 368.3678595372402, 366.77411755521774, 366.678336987051, 364.2192239208017, 367.7677403608833, 367.1773478657678, 363.138543996436, 362.31632460950647, 363.0675405668827, 360.1003651057042, 362.04289045099546, 362.55829315805954, 358.2430656990141, 358.368426194314, 358.45634399463586, 355.7120436530996, 359.49188447322024, 360.28520800490196, 354.29579441386875, 357.6722248163258, 360.09469435899365, 355.2200019607638, 353.2156762382758, 356.27307205945704, 353.51263056889456, 350.8027987074981, 351.1300076276704, 349.35635349295677, 350.6278145318362, 348.5557287362711, 351.2816735739934, 351.9039802920516, 347.8645278776097, 348.5775614364362, 349.79668839643466, 345.30744165067637, 351.87886476780216, 354.7395705801574, 346.60312343759546, 348.2363688661452, 352.77578039282855, 349.8453000802804, 344.07550597154795, 348.4743001825465, 352.0947649305032, 344.53591539354136, 345.0893727045554, 349.8540974639193, 346.6413688865162, 340.87075059811224, 346.8916463634967, 347.28971335889145, 339.97781239575, 345.571592595636, 349.4827104782618, 342.85861843313177, 339.9833009277432, 343.1336606292568, 340.55171861895496, 338.8854571139918, 340.2345292028703, 337.16864734199106, 340.218995843683, 339.55659889200933, 336.01237447222786, 337.03991572695287, 335.3480217091219, 337.92746413627543, 335.94828386701147, 337.52654540826813, 337.0822657602576, 337.3009464263913, 334.5619637992715, 337.42625491979265, 334.2757980644574, 337.84116877818315, 337.2618662577775, 333.70178259241845, 334.6630890413591, 334.1443491927019, 333.2645438735425, 331.74316627788596, 335.1761373614723, 331.45778935444815, 337.8174521711089, 335.0819777528398, 332.67548246827675, 332.8037070401477, 328.3832262715404, 326.625757055432, 318.2530144060178, 314.13608570650075, 309.3387950756417, 305.75042626895157, 302.75540289758794, 299.69809157184005, 297.144969687063]",0.03,150.0,10.0,False,0.0,0.8126760563380282,-0.23239436619718312
methodological_closure_v1,D,SA,sa10,plant,0,99,152,0.0001,po_random_5fold,random_50k,full_background_50k,ipp,primary,50000,,,standard_kan_ipp,True,626.4429342980002,757.399169710508,,0.5514437902999719,0.2944320809377869,0.1054808516375766,0.0830033779170322,,,,,,False,,,331.9599609375,24.458009875437018,"[1071.06274780783, 1069.637331897688, 1064.0333080506873, 1058.1290058127868, 1051.6169927361102, 1045.9954292665805, 1041.2302505823466, 1036.5598935705582, 1032.6361801935052, 1028.9516275568915, 1024.8561034015106, 1020.5374656958539, 1016.1227353730403, 1011.2973754423475, 1006.2140686328786, 1001.5159460249031, 996.8835020498501, 992.1565025735212, 987.1319866533916, 982.0060535594064, 976.9463881551823, 971.7141735859341, 966.2206108748999, 960.7268454420725, 955.8741128799842, 950.766753249625, 945.8425104800083, 941.6990331900361, 937.8065651743896, 933.5317442169298, 929.7939063745705, 926.373454051761, 923.4694705372535, 920.6640506182601, 916.8880871312618, 912.6618394271137, 908.9813065206195, 905.3859447971829, 901.6722715445467, 898.3655664786254, 894.8697444972553, 891.6146059539922, 888.8679743744092, 886.3235102793764, 884.6608929317556, 882.5895986654673, 881.0885874541297, 879.798387098717, 877.8668323264101, 875.8844697152125, 874.7915741767471, 872.4981319427195, 870.9150111917767, 869.1116187982065, 866.9804332863546, 865.6817905853865, 864.7185295822201, 862.4687821352535, 861.8416896398732, 860.7930665510843, 858.2605596376264, 858.7718443588673, 857.5409876651267, 856.7441033705142, 853.3296436559491, 853.5362318497454, 853.3959838714662, 849.7530557452181, 849.5345091919186, 847.3399148519613, 849.7849663584542, 847.5424617105614, 844.2621831374832, 844.1729555447693, 843.4099115897145, 840.2293652737618, 843.5249467515422, 841.0601836514672, 840.274280143721, 838.9679864395061, 836.1376479319209, 835.6553365129209, 834.9599509269275, 833.0563201729797, 835.7806857995486, 834.4441089950254, 831.9106651349936, 830.7067962588621, 831.4824170764565, 829.8485256292049, 830.1232978100627, 829.0476464944721, 826.9030129061563, 825.9314711362537, 826.3396265809927, 824.5261938577146, 826.3498683853932, 825.3827953097469, 822.3686599566167, 821.9228767485693, 821.9364475620152, 820.1515514290633, 823.2321246350992, 822.7319686774471, 817.5481077505666, 816.9305920385602, 819.3924466892167, 816.3125731460871, 820.7044287203597, 820.9056565721593, 813.6650723258701, 819.8375918372238, 820.9717610851435, 811.249453502618, 824.9767603502161, 831.0484376147275, 815.8075958841495, 818.8634130862803, 830.081170770823, 820.3452758097254, 811.8007090377768, 817.6443761158246, 817.6446488361012, 808.5610554839931, 811.3934085978043, 812.654522860977, 804.4186285276021, 813.7713692098846, 817.9321158298388, 805.0568401782521, 811.3683498969509, 819.4037088076841, 808.8606865483764, 803.8516961359325, 809.4583043930505, 805.4498250697051, 801.1148514780433, 804.3017580871539, 800.1128357884846, 801.5427303678596, 802.2146659788125, 796.2729623831507, 800.2896260913587, 798.0281132077571, 795.9276166465974, 797.739962586097, 793.3285222185966, 800.8390265452222, 800.5544553832145, 793.9803723319742, 794.1144135730193, 789.4402489794867, 786.5228411978245, 780.7006207302841, 776.6594839529133, 773.3122023886117, 768.9768953834557, 765.4833569615745, 761.6495699357434, 757.399169710508]",0.03,150.0,10.0,False,0.0,0.5663022147462854,-0.014858424446313467
methodological_closure_v1,D,SA,sa11,plant,0,35,152,0.01,po_random_5fold,random_50k,full_background_50k,ipp,primary,50000,,,standard_kan_ipp,True,635.7554785300017,166.27517787273342,,0.6536458333333333,0.167888240980168,0.3864479993386243,0.1685080843981976,,,,,,False,,,312.3929748535156,26.21877081487145,"[378.5676490864526, 377.4857058705753, 374.3019422179883, 371.7540311534081, 368.41933520676463, 364.72290548701613, 361.3095463593708, 357.9681108743205, 354.00814793301987, 349.9231193147374, 346.25830361366724, 342.64044808129, 339.01689090151046, 335.8368390097199, 332.6252170713991, 329.1807286427434, 326.197954387837, 322.97848380274513, 318.9947152734965, 315.64472423529423, 313.0478306738535, 309.8367174966634, 306.3339847615266, 303.4068171630015, 300.5811986623134, 297.380452237138, 294.6646195090727, 292.11166961106994, 289.03550564828856, 286.2765291896111, 283.88196939708047, 281.112082185158, 278.61031124505524, 276.32579925822444, 273.38549889942516, 271.0394018808646, 268.96225458766844, 266.3633577571535, 265.3067150002533, 263.4199625394796, 261.22456044733224, 259.6213066854877, 258.7873093513454, 256.2770453190677, 255.16446261697226, 254.58693136502086, 252.22693931611238, 250.53070013468303, 249.51788300896453, 248.39787735716135, 245.39758146011184, 245.21641774365634, 243.48888540646462, 241.8781240646145, 240.00340319364383, 240.71140390285044, 238.6939212524813, 236.83933525320026, 236.90136636354018, 234.1618426335911, 236.594603018575, 235.67592164231397, 232.7793134694272, 231.4870360730932, 232.21686655773254, 230.0088819205839, 228.3428655783671, 227.70111749583447, 226.33007806562182, 225.6817092493107, 225.10742226204135, 223.89301210305337, 223.8828771307056, 222.37160053032355, 221.96112480765095, 221.47584506172103, 219.63434444821297, 220.48286390476042, 218.19767477057448, 221.55144290318387, 222.26070456215228, 217.9249955998335, 217.2865588274851, 218.76157955859037, 215.9395838741218, 215.53155253496485, 215.67760243122322, 213.24086014541004, 213.29455541663862, 211.91369323659086, 213.4905613553013, 211.5237049053854, 214.0688804148208, 214.68648944665108, 211.09590370359098, 210.57939398656706, 212.27355947619583, 209.9150791310032, 209.4760281691295, 209.0200711257885, 207.9294825833526, 207.35368340672352, 208.9824840367595, 207.19811026403707, 209.36244235814956, 207.96399194636578, 206.39313063058765, 205.36217217133012, 206.65762623911647, 205.3585318017101, 205.88239032652746, 205.6641766474602, 204.4540526677386, 203.81009541554386, 205.14050225141986, 203.88615137452595, 203.35683348991105, 202.7222469250731, 202.8602286035038, 201.76801480651406, 203.52067399022837, 202.60196472027152, 201.7416327540851, 200.90779168444865, 202.1186312843058, 201.02395020416935, 200.9900497067593, 200.2237509524503, 200.50771587658753, 199.57118745357965, 200.5892597693024, 199.46121621548383, 199.95413864425348, 198.9393194745336, 199.23930215066082, 197.9994019610041, 199.64621178698994, 198.86169280569572, 197.4447420891957, 196.56304231561643, 199.14814365950704, 198.04772113872002, 196.9087616187739, 196.16406311231523, 197.49897497571712, 196.23589849659027, 197.17579735831367, 196.40315729065367, 195.55818939094073, 194.56338754312628, 197.12106681811545, 192.3603062696863, 192.0127009074134, 188.28791821140464, 182.17442137859987, 177.66768614980626, 175.00674782416766, 171.83376002826094, 168.86624784946227, 166.27517787273342]",0.03,150.0,10.0,False,0.0,0.6536458333333333,0.0
methodological_closure_v1,D,SA,sa12,plant,0,203,152,0.001,po_random_5fold,random_50k,full_background_50k,ipp,primary,50000,,,standard_kan_ipp,True,456.47647137299646,1821.7748705541185,,0.7717761557177616,0.2744936307466217,0.5492067572732499,0.2779757653341569,,,,,,False,,,119.31643676757812,22.78359347195863,"[2197.4726448086385, 2199.002319207052, 2188.733672969678, 2177.7942790993416, 2167.9452230397733, 2157.0128608712025, 2143.807276402727, 2129.5067186976576, 2115.7248303377, 2103.3970314481658, 2092.519801495556, 2082.275366603333, 2072.6549016675085, 2063.8355998400475, 2055.561787234381, 2047.7573564775844, 2040.5144920277064, 2033.6119913818409, 2026.9183951402, 2021.2410774348461, 2016.4031993487554, 2011.8405566957433, 2007.1059291835738, 2002.2347780365637, 1997.821386943282, 1993.8684982354214, 1990.8371649390192, 1988.0890131516285, 1985.4464381723872, 1983.139736815636, 1980.813980955071, 1978.1733815042112, 1974.7340379454013, 1971.0959388706522, 1967.4136759447733, 1964.1939551179505, 1961.1076027744555, 1958.681973136066, 1955.8409748784718, 1953.9896215611693, 1951.1912117834322, 1950.3733144286728, 1948.1428337458096, 1946.6033085501222, 1945.4295040986713, 1942.9064700732356, 1941.0379000367584, 1938.0356454038315, 1936.6846208279953, 1934.035644703037, 1933.2648297309488, 1930.5364770087963, 1930.6198883075078, 1928.8102636731558, 1925.6256549884044, 1924.163568698616, 1922.5035065033805, 1920.2476671564157, 1920.8287550777895, 1918.3346653104973, 1916.0139668403358, 1915.0810124346444, 1912.892114242197, 1911.4551343809726, 1910.4983444404013, 1908.574753443043, 1908.2481168911002, 1906.5233877453288, 1905.1990297348295, 1903.9312694780663, 1902.4706942929151, 1901.15892223056, 1899.7852628093326, 1898.4225615978162, 1897.0427707805018, 1895.6407199343394, 1894.4065042809239, 1893.0597973025065, 1891.428985579874, 1890.2031863833786, 1888.7175396644684, 1887.3561769689118, 1883.1043676505724, 1871.9602296458474, 1862.2919010398032, 1853.2255209882558, 1842.323549097236, 1834.8007555707218, 1829.5686304584474, 1821.7748705541185]",0.03,80.0,10.0,False,0.0,0.7839416058394161,-0.012165450121654486
methodological_closure_v1,D,SA,sa13,plant,0,86,152,0.0001,po_random_5fold,random_50k,full_background_50k,ipp,primary,50000,,,standard_kan_ipp,True,642.0449252520048,556.7395035294176,,0.6138306138306139,0.1561713049788967,0.2599558949209299,0.0979005802612094,,,,,,False,,,569.3486328125,25.104687700101252,"[930.598892555677, 929.4588968624148, 925.2422658066296, 921.0324666841736, 915.0840468217026, 908.0435713656457, 900.6131988792537, 892.6884430788828, 885.0473555899496, 877.3112761749192, 869.4406723163279, 862.1935827341725, 854.7810371058503, 846.9973178633321, 839.7231161769703, 832.306731006006, 824.976113745258, 817.8664066481514, 811.7304749926896, 805.2949679758433, 799.0297494108853, 793.1400079011077, 787.3632412383479, 782.0298510266044, 777.0054188472802, 772.0661279987926, 767.6159651135529, 763.2264294276728, 758.6521449586355, 753.7729419761357, 748.8963668129531, 744.4485931101121, 740.5809663662935, 736.8266212215623, 733.4419675701045, 730.1423825608299, 726.896311891854, 724.2216631184048, 720.9637910153889, 717.8717502506429, 714.6356291672104, 711.2164431633602, 708.0385478791048, 704.521401173348, 701.686724285525, 699.630852544, 696.9194970901668, 695.0594433269722, 692.2672851253375, 689.8802561154306, 687.0905843822808, 684.4645637663821, 682.2567893680713, 679.393901248012, 677.304442345357, 675.1106373292445, 672.7648801219862, 671.2356709702364, 668.8081863719738, 666.8774991647061, 664.8838262230154, 662.8609015614428, 661.3783011026368, 659.0487954630728, 657.7318268486009, 655.8044071539287, 654.6968322495121, 653.4298036532357, 651.8997611702913, 650.1395030983334, 648.608552154782, 647.6784539593825, 645.8574442557123, 646.2133503209878, 642.7148726350295, 643.5425356702912, 641.5661398279449, 639.8942166992322, 638.7786144095403, 637.400231331465, 637.2063529368207, 635.1132549050152, 634.1509728373841, 633.1658633958798, 633.6544720574852, 631.3988839236606, 633.1639453037502, 630.1237597008808, 634.6027332073119, 632.3448874896203, 627.9226438534951, 627.6894414965175, 626.3421937432882, 626.1612550884826, 624.7383280938759, 624.0787599504087, 622.2371649532104, 626.0428807623533, 622.9238716478641, 623.7118967884003, 623.5837413061017, 619.1447744207021, 620.0130636296682, 617.2918698852401, 619.9912993734827, 616.4049417807977, 621.5539965565669, 618.8439893587283, 617.8084547221902, 618.0370129759259, 614.1808566371435, 618.2626039909325, 613.6213946757857, 621.1694839866142, 621.6283268098177, 611.6068340371171, 616.8254498118029, 613.9790803433165, 613.6040811313455, 614.9195798591525, 611.335731894305, 610.6566573223911, 609.9618242472777, 610.1117199234137, 609.2685016418068, 608.3404946289053, 609.9666257058428, 605.751768931632, 613.0613394571149, 613.13180070835, 606.9667105016988, 608.7111639761764, 607.7124264853463, 604.2362869379585, 606.9054116999299, 601.8834863180978, 613.4693602950472, 612.4214712878085, 602.3668761993616, 606.7854027858783, 603.8572958656476, 602.7642286674967, 604.469738083519, 600.0527425510219, 603.9818032664413, 603.3114638779771, 599.6622112773347, 601.5708676151489, 597.8655979253498, 601.9395127094398, 601.0648220653475, 594.2668306288282, 590.7058260623365, 583.9438104155319, 578.4276469016556, 573.2528912872996, 567.2815416841178, 563.4271092894555, 559.7650160138315, 556.7395035294176]",0.03,150.0,10.0,False,0.0,0.8756798756798756,-0.2618492618492617
methodological_closure_v1,D,SA,sa14,plant,0,81,152,0.1,po_random_5fold,random_50k,full_background_50k,ipp,primary,50000,,,standard_kan_ipp,True,684.3002423700091,592.2918869498408,,0.7793103448275861,0.2204594552245323,0.5465837721533322,0.2615295117292095,,,,,,False,,,240.9413146972656,24.65769286581428,"[876.2328046431028, 876.7464504105934, 869.1504577206396, 861.8116797174631, 853.0919830977429, 843.7944667409682, 836.336678369699, 830.6802187658581, 825.7490340190217, 821.6877501518229, 817.7098507792748, 814.4837375825258, 811.2192796813479, 807.5442480208795, 803.6796728356132, 798.9157880244671, 793.5565286861829, 788.7076315857151, 783.5756029166795, 778.9100525658766, 774.4956007131951, 769.5122381756876, 764.290972687772, 759.0502340146398, 754.5604415876602, 749.8944928620399, 745.6714055043617, 741.2619086070507, 736.8892036219443, 732.7842300876495, 729.4520511175602, 725.7220711677437, 722.2755123704512, 718.0164809162928, 714.5534489544829, 711.0326492001293, 708.5551167591724, 705.9754025103758, 703.4461871500002, 701.151418222843, 698.4108694784056, 696.3061335123173, 693.6816657863923, 691.7053312592103, 688.8023899687959, 687.3862074780226, 684.7265816055209, 682.4445276461838, 680.577565596656, 678.7420337169775, 676.8217349538844, 675.15104517406, 673.2330583706032, 672.2985172714792, 670.0552484250711, 669.0691281914293, 667.1803027504983, 665.018357557639, 663.5460095697723, 661.4139137047566, 660.6673686434759, 658.4505934359671, 657.4650243316752, 655.6113002644726, 654.9870179181738, 652.9976541886077, 653.9095259330144, 653.1297285236772, 649.6508811763285, 649.8823349594894, 648.1329861276595, 646.4794018211077, 645.78328427828, 643.954691529621, 644.2528638510306, 641.7537009227623, 645.4622347887706, 645.1596198298361, 638.9665292339281, 644.4438159954657, 645.384959993983, 636.8396654564159, 644.9659043156635, 653.0410264885535, 644.6700661338756, 636.2184165326634, 640.0318018214982, 643.4010191817893, 636.7567561612157, 634.3315105267233, 637.0525064846433, 634.9371280089581, 630.950002549808, 635.087289820821, 633.0521003909724, 630.4250020521459, 631.4269935513224, 629.2005120683473, 630.7581010255303, 629.6689157646855, 629.463921875956, 628.6493908004451, 629.7610996561176, 628.1221450441385, 628.1952745888477, 627.589304207812, 626.6010699821708, 625.8532930462819, 625.8339197803509, 624.5115448985722, 623.6619146145722, 626.1587908686982, 623.3365601166734, 629.2787298217945, 629.4618926593532, 622.3302734079023, 624.3222754172392, 623.7840413030763, 621.745630309628, 622.9428881901486, 621.6765663988639, 622.7401423004693, 621.7681739362805, 623.2417538292399, 620.7464647089871, 623.6473781711469, 622.7527825379908, 619.097611649348, 618.8194769337446, 620.1809530752192, 617.2912915498625, 625.3472702112108, 624.415409473731, 616.373496575524, 617.0131247322308, 617.9531032282554, 615.1860370362997, 625.3112346554962, 625.9674075279228, 615.0916411610553, 622.5935042862969, 624.0085009752107, 615.9878073177748, 619.0056983379395, 620.5243723310288, 615.2454980366879, 616.9217506926553, 617.3312252644564, 615.0656823810132, 614.3623904642645, 614.5825812139403, 611.2145573626528, 610.8807120977216, 608.0387257039164, 604.6510097952831, 602.4199635718772, 600.1198297031373, 597.2649594040062, 595.125566342751, 592.2918869498408]",0.03,150.0,10.0,False,0.0,0.8502463054187192,-0.07093596059113305
methodological_closure_v1,D,SA,sa15,plant,1000,88,152,0.0001,po_random_5fold,random_50k,full_background_50k,ipp,R1,50000,,,standard_kan_ipp,True,1098.6433296089965,558.4529442245343,,0.5523114355231143,0.1758887646121046,0.0139947217788338,0.0724944184624627,,,,,,False,,,153.6900634765625,25.726176488663903,"[952.7106977138163, 951.7115407774819, 950.699581136771, 949.4544034816221, 947.935104927633, 944.2448190147162, 942.0888319588372, 939.7306710108402, 937.201911956403, 934.5377753027399, 928.9325025618039, 926.0622992719392, 923.1939110277298, 920.3452183202595, 917.5086852465627, 911.8108412131321, 908.949375011291, 906.0910868288211, 903.2493863957229, 900.4448352772772, 894.9960905834323, 892.3475206221109, 889.76734359836, 887.277896664499, 884.8815237509715, 880.2739840057516, 878.0210046417469, 875.7804570426957, 873.5364006410383, 871.2809792961981, 866.6597868315575, 864.2834573106602, 861.8841566602682, 859.4684668476506, 857.0293026271651, 852.0035069211305, 849.4146964133236, 846.7804683002021, 844.0837941379705, 841.3007344713521, 835.3786046980076, 832.226339062515, 828.9772358883539, 825.6632218101306, 822.3197762397677, 815.7284667978331, 812.5480210211689, 809.4455263897084, 806.3903304198114, 803.3348796843078, 797.179578056123, 794.1170292303867, 791.108175176374, 788.1734374449236, 785.3471583942294, 780.0281607259745, 777.4593954293584, 774.9097890801604, 772.3567149353314, 769.785950522652, 764.6339803463724, 762.0905103437187, 759.5447109010287, 756.9806941626525, 754.4172344458269, 749.3522364601293, 746.9238457626551, 744.6059527747954, 742.3002022914891, 740.0576882500391, 735.5899972491793, 733.3929538494879, 731.2140511722641, 729.0221109122178, 726.8066043712018, 722.3609127685348, 720.2167956150046, 718.1801827532471, 716.1741020211165, 714.2435058530757, 710.580655899889, 708.7477163732511, 707.0190257604343, 705.2988483648832, 703.5592857611621, 700.0445507510058, 698.2541866069595, 696.5007954072786, 694.8580641777668, 693.1771163881525, 689.9373074104901, 688.3874922985692, 686.8772994514662, 685.4976521633043, 684.1337042802768, 681.5172583331885, 680.2698128837048, 679.0956303603065, 677.9745438067907, 676.887711156738, 674.6449241186093, 673.4878301167674, 672.3750714998162, 671.2523039635533, 670.1244453114595, 667.8243269762282, 666.7210176705369, 665.5733460709475, 664.4015447995, 663.3705324696069, 661.2002923494639, 660.1261529134258, 659.0734236192349, 658.0895641375449, 657.0680891654305, 655.154895291295, 654.2258979525569, 653.315356165379, 652.4140449812219, 651.5546031358231, 649.837663127416, 649.0022471140888, 648.1867195770736, 647.3619920308987, 646.5624434952628, 644.9637782005525, 644.1319502981281, 643.4046153143532, 642.5930714976379, 641.8762632118932, 640.3652863773328, 639.6303275448214, 638.8895781552114, 638.1898895383737, 637.4548424415317, 636.0994887001184, 635.4599952592592, 634.8194509257379, 634.1319719868671, 633.5311902979066, 632.2970826639072, 631.5687105149661, 631.0503115962376, 630.3635786394323, 629.8497171491537, 628.6917662731387, 628.0652048048171, 627.5376739732403, 626.9347246317808, 626.4354339062661, 625.3412773981399, 624.7672074932779, 624.2815192053233, 623.7349741375616, 623.24571153733, 622.2067804256862, 621.645206901164, 621.1874945303791, 620.6348666456237, 620.1908233471756, 619.231051722633, 618.6999474844096, 618.2685677261721, 617.7364662361576, 617.3194262680506, 616.3689815652992, 615.8470858461579, 615.4197369165448, 614.9351570638765, 614.5013794450308, 613.5755370663167, 613.1533171608025, 612.6425936773222, 612.2683592488004, 611.7312328761536, 610.8403178901909, 610.5293522883502, 609.9613515490147, 609.674738254484, 609.0945211928707, 608.2469035589005, 607.9621325111893, 607.4448664006106, 607.1060256637878, 606.688774215976, 605.9593973150332, 605.4512701358332, 605.2511459390314, 604.6651046680845, 602.5804575461291, 587.5844939615947, 582.2227690258547, 577.0011652032437, 574.2976789453046, 571.5477873998706, 566.6317946722445, 564.7538728823971, 563.1304527230232, 561.4690507436349, 558.4529442245343]",0.01,225.0,15.0,False,1.0,0.6233576642335766,-0.07104622871046229
methodological_closure_v1,D,SA,sa16,plant,0,37,152,0.0001,po_random_5fold,random_50k,full_background_50k,ipp,primary,50000,,,standard_kan_ipp,True,687.3456385799946,180.9686166049516,,0.6216748768472906,0.1490431541854472,0.2558034086405073,0.0980027664479449,,,,,,False,,,441.0460510253906,25.94037282269925,"[400.2159863148512, 400.6476966678672, 398.7700616201976, 397.0651574260467, 395.94671827789995, 393.94718396303614, 391.3728074442785, 387.70160712084726, 384.0543092344266, 380.9406319946945, 377.05623633957583, 372.6074187155641, 368.18902955380406, 363.9642145341611, 359.7747638668824, 355.07679127366515, 350.34495098009967, 345.9949899743656, 341.45325304589164, 337.22219879072975, 332.94300067522835, 328.40929701798365, 323.7791771751836, 319.31654261061, 314.65451194615946, 310.57764018493737, 306.5958358669929, 302.86976274085464, 299.3222499849379, 295.9266873220429, 292.46467044404403, 288.899666599902, 285.31010660596513, 281.6568155958239, 278.12133214601084, 274.89912499516424, 271.40661430848576, 268.08386877737615, 264.77396640345404, 261.85616463982694, 259.08927535299534, 256.7167366355859, 254.43993652687033, 252.50721518115807, 251.283694691217, 250.07059989292733, 248.97267267267577, 247.79392090057104, 246.4210299850974, 245.16920574971022, 244.14003832384753, 242.27937774960682, 241.44963478674606, 239.6958887270059, 241.35824926471835, 239.065214248402, 240.78563032536186, 241.23404817163143, 236.61359185944806, 237.80616006399086, 237.09615207137, 235.16840557032637, 234.15040629754196, 234.35314291918976, 232.37842607062618, 232.267288999007, 231.45059592644162, 230.2666400477465, 229.4936132059459, 229.1647971970075, 227.80656642645212, 227.75693963881713, 226.6535854222178, 225.76810482659465, 226.24467776065842, 224.33237308958772, 228.83181847895588, 229.04414723127485, 223.60726644872005, 226.1240134457794, 227.05644309122746, 224.36563168172304, 222.91289906214797, 223.2984960353096, 222.9347617654932, 220.43611515353246, 224.41202523635945, 224.89027767107157, 220.25971282440537, 221.94629721549404, 222.39282151243287, 218.86441868292275, 219.66546324643906, 220.20235550023796, 218.0340851657322, 218.43779976997058, 219.31225369886823, 217.68592029100265, 216.1438740690703, 215.9102513167562, 214.65808409438569, 217.18396623144844, 215.69873825160434, 215.99550751193456, 216.12636918907822, 214.45459506039256, 214.7823795613429, 213.8487892855383, 213.1259607169877, 212.7354417137256, 211.52266268850485, 213.15302478614007, 210.85650014047246, 216.12282795849933, 217.28189412522855, 210.4280977171621, 217.82049632459317, 222.4426123190764, 212.35898924290353, 214.5026271475831, 221.02614876979243, 215.89210056176051, 209.75070498606362, 217.40478448108445, 220.6192359360297, 208.82088119799295, 216.25634988698147, 224.1147726386689, 219.92943309305318, 208.90641131190563, 216.38854858348063, 228.45830688616113, 218.7322396100201, 206.2587689538973, 214.37068985248607, 218.16316743272688, 209.95594315736304, 213.85486681228988, 220.35828115477395, 215.1808802356928, 210.54806940985907, 211.1390466912813, 210.05695383250236, 211.0999466168079, 209.5804143701676, 205.60795503409233, 210.06415518713635, 208.99861147095586, 205.49958897096897, 210.05635342987586, 210.17185116911182, 202.99208936420072, 201.85291687282222, 197.83270841238308, 193.52223650813733, 190.32776367648967, 187.68746948375426, 184.7294214357367, 182.2827567387771, 180.9686166049516]",0.03,150.0,10.0,False,0.0,0.7330049261083743,-0.1113300492610837
methodological_closure_v1,D,SA,sa17,plant,0,37,152,0.001,po_random_5fold,random_50k,full_background_50k,ipp,primary,50000,,,standard_kan_ipp,True,689.4563350130047,160.81910094358815,,0.7169568020631849,0.3013543194851245,0.5455543020655439,0.2242714820757997,,,,,,False,,,186.87689208984372,25.82361335373683,"[400.20311157291985, 399.76306041690697, 396.9673512709066, 392.05550255799324, 384.7394106077689, 378.3981605271431, 372.57335926022273, 365.018887921452, 356.38596911210357, 348.33809702068794, 341.0755112184573, 333.4738271780883, 325.2168249274841, 316.9977702537491, 309.47449222690386, 302.6156665891696, 296.18378325785966, 290.3879176322151, 285.7597466194295, 281.4653531874385, 276.88166721087555, 272.76498434392283, 268.4944135753622, 263.9964882391849, 260.0709566871017, 256.6408229211557, 254.36651227329477, 252.55342844913443, 250.15862695017086, 247.4536013305289, 245.38278460680837, 243.82065501226447, 242.44788885451456, 241.27837814327194, 240.03090208939855, 238.87065909148475, 237.41846384203654, 235.79887636500087, 234.40856727853617, 234.4396862315005, 233.84476404842152, 233.91264671447504, 232.73620324686036, 233.13405230706573, 232.40017656239283, 230.98092835882235, 230.8200784052721, 230.12444735477527, 228.78166421543028, 227.85301174837124, 226.52420447558836, 226.27961336529518, 225.2405650835976, 224.61116391392275, 223.67850011390783, 223.00278013815947, 222.45734959363048, 221.6300865332528, 220.6643026044098, 219.7535460236365, 218.88500729421105, 217.98541742539814, 217.04087923098731, 217.01880853176507, 215.90485091470435, 215.09959226897504, 214.34017835253962, 213.0435202883667, 212.99858120449784, 212.11903832945205, 210.92309024016436, 210.4722151828593, 209.669634059751, 209.19832897708687, 208.377782516491, 208.86974019803836, 207.27829202697126, 209.8521953247975, 210.06464468728686, 205.82918770778332, 209.8246473021469, 211.8893086570786, 206.30770136274157, 206.77196015187224, 209.30541238966816, 206.35638658393566, 204.0603876639761, 205.3924838777011, 204.84374238616408, 202.8202015273151, 202.9078939115954, 203.10321238642305, 200.81227060683665, 202.81138194184047, 202.6977178866389, 199.35219704602852, 200.9515538104794, 200.55938202341216, 198.39897317841624, 200.0454796981742, 200.24170256068948, 197.7130880245167, 197.74763517003834, 198.01781515067515, 196.36199288681811, 196.4868308177389, 196.0201215290713, 195.3835575115199, 194.6230692861356, 194.21135445958157, 192.92784815597963, 194.04226993871308, 192.6627312813687, 192.39409767781666, 192.73694632207548, 190.9708181173392, 193.84490716047983, 193.05875563427134, 193.18598962319498, 192.06747058115982, 190.02238589974618, 189.85075045504993, 189.4017266980453, 188.6333531361154, 188.71513571010985, 187.302995716511, 188.08281632109512, 186.43370337176083, 190.72984991968923, 189.14090737437647, 187.11792546597107, 186.88152816225156, 186.07042446078503, 185.49131766585654, 185.94481342035266, 185.0133450603007, 185.8015282070435, 184.74852823281137, 184.81288195850186, 184.50505235767358, 183.2487842709614, 182.61332829520737, 184.00379478188302, 182.16708979782862, 185.87819690634717, 185.3763127004865, 181.79573710164837, 182.60477057197411, 181.05088699697313, 180.92924676992942, 180.9016908820498, 179.1967381413652, 178.4527231159689, 174.7649270151052, 170.94326748629194, 168.54470869650865, 166.3556619061534, 164.07471449686156, 162.71017616800575, 160.81910094358815]",0.03,150.0,10.0,False,0.0,0.8704061895551256,-0.1534493874919407
methodological_closure_v1,D,SA,sa18,plant,0,123,152,0.01,po_random_5fold,random_50k,full_background_50k,ipp,primary,50000,,,standard_kan_ipp,True,503.18063323500974,1000.5047505615512,,0.6050652948159874,0.1824985279170381,0.203290020360117,0.122938423305858,,,,,,False,,,156.79217529296875,24.402264988923108,"[1331.9315119253488, 1331.0774605382414, 1326.2965263781489, 1319.6263711652878, 1311.6802719190403, 1304.9318763646652, 1298.6198636983231, 1291.0267240581115, 1282.5143648571868, 1274.7143435422092, 1268.5474594531263, 1263.3085688087506, 1259.0853348902742, 1255.9857523588369, 1252.5524666724482, 1248.1931356875427, 1244.22133784734, 1241.5948319842048, 1239.25750801927, 1236.710678541822, 1234.0351151889781, 1231.1647227599594, 1227.9292669253955, 1224.30581625166, 1220.5816718334934, 1216.6658612252133, 1212.2960910937866, 1207.654152157098, 1203.4923117753924, 1198.8738797139956, 1194.1055003676424, 1190.1015899667145, 1186.451349585577, 1182.0675487936458, 1177.7776138703323, 1173.7203107357655, 1169.842819405624, 1166.8845907210052, 1163.8833281536624, 1160.0765374747025, 1156.5894213203017, 1153.65539672169, 1150.6232571115984, 1148.0717082483661, 1144.9356676743666, 1142.297166076972, 1139.3150635166664, 1136.6194864464192, 1133.3216267671503, 1130.7197067688326, 1127.4310859592167, 1125.153734099137, 1121.9484407626142, 1120.782066878754, 1118.7218899425764, 1116.0775386200114, 1114.7161725698206, 1111.8740589205227, 1110.453973376033, 1107.5843712777905, 1106.532740433421, 1104.2911362907105, 1101.9228377651964, 1100.2583883840125, 1097.6271675636785, 1095.238884965979, 1093.7534692524248, 1091.6135664774679, 1089.2734332143898, 1087.5649020852716, 1086.043372933833, 1084.1118249719843, 1082.2578941893173, 1079.894260787924, 1078.6840947608423, 1076.7288185110058, 1074.8264786170366, 1072.7555290506803, 1070.974879479097, 1069.7995084335635, 1067.4632237030776, 1066.2598590837454, 1061.1273839270425, 1052.3870685322004, 1044.051209578544, 1036.4956741599017, 1027.029508406261, 1016.6172740320804, 1009.2745016992246, 1000.5047505615511]",0.03,80.0,10.0,False,0.0,0.7142857142857142,-0.10922041946972683
methodological_closure_v1,D,SA,sa19,plant,0,36,152,1.0,po_random_5fold,random_50k,full_background_50k,ipp,primary,50000,,,standard_kan_ipp,True,729.5287502819992,172.8043007472485,,0.7925407925407926,0.1905352603313793,0.5671947322296973,0.2509201551971917,,,,,,False,,,130.95616149902344,26.56085755375277,"[389.660375473369, 389.08717844806995, 386.8162533582759, 383.42340147208677, 379.39934828019665, 375.4446678724608, 371.15768464941743, 366.5886565135618, 361.86586893664276, 357.1678537541959, 352.51726406419675, 347.7415193965397, 342.7968103548982, 338.062877088488, 333.8732253624182, 330.2080511517701, 327.05035191381194, 324.26624170960264, 321.5003727503082, 318.7387437394908, 316.0335955593907, 313.1912386751299, 310.29982489554817, 307.50637854001906, 304.8677717419547, 302.2509586006437, 299.6778556545199, 297.42820122134856, 295.62060239635383, 293.9565541122188, 291.8530882907765, 289.56439840244235, 287.31704034562256, 284.51980030187264, 282.05906643040635, 279.74944554484017, 277.59436963050223, 275.6913288228533, 274.3098583671198, 272.8023014094864, 270.87630763654874, 269.16385894209304, 267.626294158707, 266.2758990188984, 264.6015535417313, 262.4848084477943, 260.8230404546825, 259.5585414317845, 258.2384704568535, 256.55974165701616, 255.04398287126534, 253.53473600309707, 252.000319778165, 250.49655660659548, 248.98821594761046, 247.67974204287856, 246.20409958702243, 244.44210430247145, 242.78440182670823, 242.0280051128805, 240.1535175228734, 240.88847614132928, 239.47860614949735, 237.7741962039369, 236.93718021148013, 235.43013235748265, 234.05142976091588, 234.0981527766634, 232.90365996999108, 232.2327939605591, 231.08211112154507, 230.16782502568367, 228.80002741805333, 228.85295706393498, 227.9989141460195, 226.64635005157433, 226.0007253708002, 225.350332876608, 224.447604553473, 224.5976367136796, 223.80456817607833, 223.0809143266987, 222.26135636433713, 222.6107121215114, 221.94261655260803, 221.04061926069207, 220.32150311365075, 221.01619164581342, 220.38607184501308, 218.83885527580085, 218.52834980604456, 218.20883428674944, 217.3658479472938, 217.91795580153163, 217.2115186835762, 216.4152306264648, 215.7689929284445, 215.13083672140056, 214.31450241448132, 215.77583522303843, 214.7525155999345, 213.87886111907403, 214.1881249852232, 212.55159914150636, 213.81825119588513, 211.72517463242758, 216.08087513270874, 215.47947462918034, 211.43205409295845, 213.12737610933948, 211.39556354988756, 212.0294011630005, 210.41173127493434, 210.85213190060517, 210.3907011797562, 209.7187840377885, 210.85295413948955, 210.39667521539343, 209.56547349383592, 209.30033491213547, 208.45862323413175, 209.5415399803275, 207.45514702999688, 212.36298906454337, 212.55691448629497, 208.98800007512713, 208.59270249451447, 208.24335569834443, 207.80271943080143, 207.67346210584466, 206.3025685228254, 206.4199940806349, 205.52398259135086, 207.61849543877724, 204.8163473513929, 209.83060717774976, 210.29551636430176, 203.7141891124786, 208.22953373175332, 206.8661860814911, 208.12289781934405, 207.13363842100037, 203.72318399473522, 207.50397797340167, 203.89768715953474, 206.2259068805068, 205.82585017141665, 202.08954074171402, 203.21145163988686, 201.07721046849673, 203.4211531934785, 199.3040182298594, 197.9100908771505, 191.67141366602732, 186.5447154793986, 183.5348780472616, 180.28438860326878, 176.4287637089791, 174.39474695247662, 172.8043007472485]",0.03,150.0,10.0,False,0.0,0.8018648018648019,-0.009324009324009341
methodological_closure_v1,D,SA,sa20,plant,1000,54,152,0.1,po_random_5fold,random_50k,full_background_50k,ipp,R1,50000,,,standard_kan_ipp,True,1098.3343625829875,296.9770771690235,,0.6978873239436619,0.1308704459187676,0.4183125356206094,0.162169498452852,,,,,,False,,,112.42152404785156,26.06457609945868,"[584.7207217490553, 584.1984864700643, 583.896325699776, 583.5014477433003, 582.8646926886047, 580.9128007614461, 579.6948940274073, 578.3707198550816, 576.9568113649447, 575.4532216114897, 572.1976190780709, 570.4771654503578, 568.7047512748824, 566.8686298097998, 564.9571982415466, 560.9669506288575, 558.9610937287097, 556.9857442790341, 555.0415203813322, 553.1242141043692, 549.3881999524508, 547.5635704565218, 545.7512117943161, 543.9547465955894, 542.1822692277138, 538.7166872132566, 537.0373557026337, 535.3801107198549, 533.7192008534043, 532.0389911685273, 528.5637028876754, 526.743331712082, 524.8511524462236, 522.8914576993757, 520.8792462855458, 516.7685356364058, 514.7263688584625, 512.7293172905938, 510.77969593027933, 508.8662010296459, 505.06229450507465, 503.16710108403936, 501.28347100257565, 499.4043570879803, 497.50289762706933, 493.57590874607945, 491.55816456208527, 489.5150593793679, 487.4499532337368, 485.38645088413836, 481.3681232886775, 479.4405830635554, 477.55294472310186, 475.69071848655597, 473.8482334615081, 470.22420218900135, 468.4384807502628, 466.66856229696236, 464.9297346795492, 463.22052363511375, 459.861549696396, 458.1927091093004, 456.5278891505829, 454.89429353767923, 453.30937913287903, 450.1800346186357, 448.67284468912857, 447.2401927672545, 445.8649263501654, 444.4878641261019, 441.7987469733375, 440.5800931806417, 439.32992154476864, 438.12522581779757, 436.93183149783863, 434.39956581995824, 433.1619723374885, 431.9415078453793, 430.7141355831068, 429.5616695489325, 427.3134195194562, 426.162429057268, 425.02327495619585, 423.9137300596536, 422.6891379262189, 420.27170841690224, 419.0297187490282, 417.8047157067055, 416.5050456047069, 415.2996611799537, 412.8733841070477, 411.61589829125546, 410.4377826391662, 409.24918253280515, 408.1045560887406, 405.9177954076966, 404.75928420832736, 403.7495010123688, 402.73342099396274, 401.7737264683518, 399.86047028127126, 398.94471292026304, 398.0147202773067, 397.11356550102846, 396.19893198991696, 394.40763647595855, 393.48911551818907, 392.61304519142425, 391.69715036094584, 390.83379955255924, 389.0615678038989, 388.193526819711, 387.3289546447751, 386.47633934115225, 385.6318998349048, 383.9716321866719, 383.1660441974408, 382.37351004723575, 381.59981885900737, 380.8290090702865, 379.3842460524435, 378.6788688958771, 377.9956571140496, 377.3076435488418, 376.64893936872335, 375.3858775904073, 374.772613395509, 374.1922043018362, 373.5477622138863, 372.95429477304606, 371.79748550398483, 371.22418405660227, 370.6939261594735, 370.1246789542279, 369.5956452383339, 368.558872288082, 368.0838734479567, 367.557888005823, 367.0802907281907, 366.565324619885, 365.5987082812734, 365.14402750082974, 364.6950491786652, 364.2256239482746, 363.7897656653815, 362.91874700267476, 362.50952158876316, 362.11930872246126, 361.6767153934162, 361.2653592014574, 360.425474841307, 360.00906550716815, 359.65783062808276, 359.22164791435694, 358.8713128391315, 358.12992720523056, 357.74954235814295, 357.4364106826061, 357.01810341885727, 356.69069528253755, 355.9404454111292, 355.5625286316013, 355.2577327424873, 354.87161161643684, 354.5764197685431, 353.9600899713045, 353.5835988626138, 353.32558402178284, 352.9206495651949, 352.62426914361424, 351.9791048730331, 351.62045343214726, 351.3555866734107, 351.0079773283673, 350.7732578449431, 350.1965901680312, 349.83202187805335, 349.5623272977092, 349.2157762934168, 348.934402697219, 348.355102578485, 348.071266810637, 347.8111498290152, 347.52711832671866, 347.2565079087192, 346.6805625781496, 346.40445609199577, 346.09230900769654, 345.8498866279091, 345.3358765067452, 332.4783540592981, 327.35945453354446, 323.0868338259313, 318.72089989135515, 315.53355614513805, 308.5291150253493, 305.539093030315, 303.26762059112184, 301.01678930649103, 296.9770771690235]",0.01,225.0,15.0,False,1.0,0.652112676056338,0.04577464788732388
methodological_closure_v1,D,SA,sa21,plant,0,27,152,0.01,frozen_n_po_lt_30,random_50k,full_background_50k,ipp,primary,50000,,,standard_kan_ipp,True,1094.1380496599886,100.86942241315128,,0.6458218040951853,0.4358171737792946,0.3741484791740989,0.2335936854046472,,,,,,False,,,230.58551025390625,27.03111404208352,"[292.1101770902842, 292.79079491830953, 290.56799580899616, 288.5762840669767, 286.75557800620254, 281.18212574467384, 277.99997974826044, 274.9411913632341, 271.91669277237395, 268.6999930714877, 261.7119808157714, 258.2172049270858, 254.5750537927245, 250.7252531381388, 246.54262182303637, 237.67178687362582, 233.2153427179565, 228.90736943166328, 225.31781524617574, 222.0908203970043, 215.60546190937808, 211.74868181943347, 207.91032271162933, 204.11626852629408, 200.2780819274368, 193.46265420820143, 190.52060782558485, 187.0151391026884, 183.37614643945727, 180.61325071239852, 175.99055583253724, 174.00107820210533, 171.94403130565257, 169.74111263652907, 167.17613774386763, 162.72876392110075, 160.8674343056881, 159.44223570438234, 157.44040452739694, 156.40275189199838, 153.588238029551, 152.32574554023407, 151.33263950420198, 149.98761873585204, 148.9100033308671, 146.63885237897145, 146.23213076433845, 145.1240413794614, 144.04805101716977, 143.79850332212317, 141.84740237009748, 142.0093384769945, 140.4647867649537, 140.84104427188672, 139.75859348874044, 139.33185013835381, 138.39129415657112, 138.37233714913944, 137.32569367582397, 137.45269736239135, 135.97735772570414, 136.5971140853302, 135.6393196949939, 136.17902359389106, 135.08878767587774, 137.607267929541, 136.4213501245596, 135.09013201903892, 133.97465169872373, 134.42380895482225, 131.947026978436, 137.705038817525, 138.49080908046326, 133.92789021989668, 135.2197664791678, 133.70195166623884, 132.8400228235112, 132.62965206558312, 133.6256931689355, 132.64769769986367, 134.0159937746171, 132.76149767861426, 130.24506500274157, 132.69392895411252, 129.94223803288207, 137.8150937563171, 135.54515326812995, 132.3531584726915, 132.28259599340603, 132.23930925924148, 131.0905643739146, 131.70906855893233, 129.55772774550192, 134.02754301590977, 134.38158152053367, 130.38305394865978, 130.82234697747325, 128.8155592836903, 130.22585379768813, 129.86152957586648, 129.74776011476683, 128.4800887522912, 128.60492310855193, 129.47867540798595, 127.05711126849596, 129.4396621918715, 128.27281432601413, 130.10108881662177, 127.94527257171028, 129.0399769494956, 128.17455146222756, 127.54343588289575, 129.95518333363916, 126.61138797520492, 129.11036389929845, 128.18800325244672, 127.66509668472753, 130.0707812418976, 128.24955027253915, 126.06312687824581, 126.28711368375517, 126.91861217373066, 130.6628856076089, 128.86416853658173, 128.92051330624042, 129.93065039873943, 129.03661650431033, 126.64252738892496, 126.34862442441603, 129.54397007856025, 125.87218681297045, 125.99912817668847, 126.59834084914242, 125.59417439968242, 124.78617779670232, 124.33722699821752, 124.8558254748954, 124.53156342695732, 124.22581201961502, 123.78206794714832, 123.7587476150259, 123.13472561364617, 124.79753022832088, 122.92943252547911, 125.54252626314349, 127.68390476066931, 128.33764942010453, 124.60434703704283, 125.05364057629713, 125.90253319990633, 123.51514474855875, 123.17051162570255, 123.46642517814772, 122.56015891980019, 122.99002092348175, 121.96454557928612, 125.10252689126527, 125.44525973201107, 121.6972493801201, 126.3017466060555, 126.12690683317066, 121.88034301880842, 128.7293188336558, 127.53362439075742, 129.6544303535183, 124.86660371082047, 124.05989808011726, 122.3112592803121, 122.76630061449553, 120.32131531491433, 125.31373863194926, 126.63701589940425, 122.83160018652062, 127.49463611667638, 127.58383634324696, 121.90005845671912, 122.59175332571982, 120.47967779816406, 123.02169051779182, 121.2153135071803, 123.51842914265288, 121.14154307003466, 122.37402617229593, 121.21466107060867, 120.06591427924754, 119.74357093015723, 120.55653587028038, 121.23148601642126, 118.90069216766727, 117.88615643921213, 115.22050409721535, 112.8330563768875, 111.17336758630627, 109.62871707110875, 107.98769923449719, 105.76780210194957, 104.97517277541202, 104.02242133548191, 102.78196077576868, 100.86942241315127]",0.03,225.0,15.0,False,0.0,0.7985611510791367,-0.15273934698395142
methodological_closure_v1,D,SA,sa22,plant,0,57,152,1.0,po_random_5fold,random_50k,full_background_50k,ipp,primary,50000,,,standard_kan_ipp,True,724.3634907619999,332.28100634677,,0.7865892972275951,0.1909618307292285,0.5805870325260698,0.2556299355187543,,,,,,False,,,336.57421875,25.75170023059462,"[616.9471001455767, 616.7360500638996, 612.5546822283459, 606.6043949487664, 600.3422103074648, 594.4718791731798, 587.8492570984141, 580.1755450246909, 571.7274081432921, 563.2695638693448, 554.8999725481011, 546.3955745040178, 538.0134533271765, 530.2945793843473, 523.4803433930273, 517.4830000100673, 512.0941216235306, 506.99821937702166, 502.2071184972918, 498.01334165493125, 494.5598998617331, 491.47626922729165, 488.2292791963452, 484.7621984990732, 481.6438375552464, 479.08011625488797, 476.40783124528, 473.1787765784451, 469.8148405546598, 466.7975936584096, 463.8487840114218, 460.86973128775986, 458.4361643809616, 456.73806426847324, 455.5344177532788, 454.16720012600314, 452.6861699291842, 451.4802117471569, 450.0753365642169, 448.53661425080986, 446.65935373507654, 444.8628223169107, 443.7286961507985, 442.481867903729, 441.0389648787832, 439.6584714740386, 438.16174678603505, 436.6186277043388, 435.57427886297796, 434.1541220770192, 432.8510579208503, 431.44521970612334, 430.4714594470476, 428.851576013847, 427.76775555953736, 426.29154507149144, 424.8473522267165, 422.90002784186083, 422.36265055298065, 420.67433058972256, 420.69425073658647, 420.1839571145959, 417.4163833839471, 416.4499414426763, 416.0086626181103, 413.987666100493, 413.7799575504768, 412.3855684308392, 410.14604751994693, 409.54259602815245, 408.3621764543203, 407.3250422978873, 406.3444567933627, 405.3721428712906, 403.73810180199996, 403.14327106663825, 400.96904314561704, 400.87732978786954, 398.96576285367496, 398.44035373113223, 397.4203463433211, 395.4641613505206, 394.62513135751095, 393.55074727003, 392.25142343600845, 391.83710269973307, 390.45131669502257, 389.61493687495306, 388.8464897473545, 387.03292428958105, 386.3522149065974, 384.85404678193447, 384.30043111690827, 382.89564129617946, 382.1166216411271, 381.95174501450856, 379.6422634598022, 383.2989334918759, 383.2806698986507, 378.40145004132467, 380.2795711342585, 379.3667136775834, 375.60058603866287, 376.50910191223664, 374.91534244783753, 373.6419777844988, 373.38861590801673, 371.67551383052887, 372.26562795756996, 370.61446480631804, 372.37704448515535, 371.0913142967382, 370.7937544850049, 370.38827412143974, 368.8385525909277, 369.2726060811871, 367.3515944775754, 368.7259195632506, 367.80042828155973, 368.09340230219436, 366.32276968306945, 368.3577726657238, 366.20654954357383, 366.26608136102027, 365.7219608368717, 365.4985675845233, 364.1922614450436, 365.2164251719815, 363.83402951339525, 364.9169738172234, 363.7374797256363, 363.4453285466975, 363.43192982903605, 361.64761927614404, 360.98076023133706, 362.5677147337027, 361.8343301436447, 360.9117351599705, 359.9183016529192, 362.4246356924643, 360.6765106183039, 361.28500132825087, 360.65324557593533, 359.42890652498534, 358.5822880929951, 360.6698127088954, 359.80287769053336, 358.76545045153046, 358.263975534771, 359.01168201869876, 358.1700141001663, 355.37724970117057, 354.61042156330217, 349.82983267238967, 344.74679898983595, 341.4144217744787, 338.8393058622763, 335.8353080418903, 333.8726442022922, 332.28100634676997]",0.03,150.0,10.0,False,0.0,0.8768536428110896,-0.0902643455834945
methodological_closure_v1,D,SA,sa23,plant,0,55,152,1.0,po_random_5fold,random_50k,full_background_50k,ipp,primary,50000,,,standard_kan_ipp,True,724.7196050450002,323.6136682179549,,0.7092013888888888,0.2274034070951879,0.4962664425338037,0.1789470948588378,,,,,,False,,,251.2429962158203,25.97968778969284,"[595.6998340746981, 595.4557458334245, 592.9856494315752, 589.0857965993689, 585.018989923206, 580.9494827934044, 576.1456934698135, 570.3947132972332, 564.0451843344093, 557.6085684768427, 550.9858449335958, 544.1489673057783, 537.478316268159, 531.3207374526944, 525.8972800190519, 521.1410394356604, 516.5957253217467, 512.3348092447067, 508.3583351619121, 504.6109227701352, 501.0133297321247, 497.5011865200249, 493.9853893633325, 490.3797653557557, 486.5739626569551, 483.02161712407326, 479.83322325791215, 477.07662453814737, 474.8380076406029, 472.5277218431471, 469.927209356543, 468.0535822464697, 466.3003334377539, 464.0702908228314, 461.68123586870195, 458.92048805032846, 456.33819466543, 453.7900452888893, 452.24544089271245, 450.79269804117797, 449.058429852298, 447.2485199283799, 445.9763835193805, 444.7938667754035, 443.46943076571466, 441.9952869542962, 440.7871848730747, 439.49819430225546, 437.8247960092216, 436.2008589473513, 435.27924282763104, 433.57791311832165, 432.5982381768408, 431.0015904774474, 429.79684194805003, 428.3130889085077, 427.83360449481273, 426.27610674771125, 426.04020062782905, 424.50480401747205, 423.3156430127733, 423.0134684768365, 421.30852578311254, 421.33561810185824, 420.21653797321284, 418.71895386408875, 418.461468913914, 416.90860183613245, 416.51141710946854, 415.4002683773159, 414.6939122984955, 413.7283734912473, 412.76989364547853, 411.68539468249054, 411.2899024235576, 410.37719767034145, 408.84188170589147, 408.8578007562343, 407.29187009152776, 407.5779726900574, 406.658904780584, 405.1298416113695, 404.1810163763288, 404.32077539235286, 402.8598537112745, 403.0932508754556, 402.3047948893803, 400.4534729814693, 399.8811798141296, 399.50983597479853, 398.4816484635785, 398.5925057787685, 397.4929883509422, 397.1289635871867, 396.2694327897315, 395.6573156896135, 394.96798200767546, 394.1802218690131, 393.2401421057282, 394.05354350216226, 392.910176106499, 392.0951805215572, 391.49027950815014, 390.5892217286129, 389.91016741258045, 389.1581889070814, 388.1492188651863, 389.4883402169075, 387.857025402302, 388.0187399871635, 387.609858159208, 385.5808625126141, 386.10418647436717, 384.192344346367, 386.7193474133465, 385.9718019971051, 382.62835547842417, 382.76153148085297, 381.54047958800726, 381.2124361753468, 379.9768565097986, 380.7395193455573, 379.2221032919537, 379.9165653659723, 379.18639441648537, 378.0202291967937, 378.6305671193536, 376.2023821394789, 377.86168106131936, 376.8279262718014, 375.0169476312786, 375.90514490293026, 373.83009698189574, 373.78596372242725, 372.3630878846071, 373.5787935640635, 373.4842386273105, 370.68277355318975, 371.7084004812361, 369.5298665793231, 371.7566079352707, 370.9606785697142, 368.51821510566685, 369.4488583341994, 367.2561365468153, 367.76062448784336, 366.1965833654455, 367.6342713632454, 367.31284233762426, 365.1692367298924, 366.30220790391434, 362.4075429012318, 358.37294144578976, 348.00304412140196, 341.9324103446363, 337.6735899959345, 333.5983315214342, 329.70179624899157, 326.38743393906964, 323.6136682179549]",0.03,150.0,10.0,False,0.0,0.8854166666666666,-0.1762152777777778
methodological_closure_v1,D,SA,sa24,plant,0,138,152,0.0001,po_random_5fold,random_50k,full_background_50k,ipp,primary,50000,,,standard_kan_ipp,True,529.30341821599,1179.7844343246384,,0.6535805161759359,0.1932553128573348,0.2972025989726863,0.1186149845035929,,,,,,False,,,290.7449951171875,22.69780421013975,"[1493.1695028579059, 1488.3332705443074, 1476.4559351660423, 1466.6577614147548, 1457.963817472944, 1450.0781902376864, 1444.2429142245423, 1439.0631848156788, 1433.5648474771115, 1428.0356584838596, 1423.4324501999301, 1419.0185576821182, 1414.0562588634646, 1408.8169069716273, 1404.7429129346358, 1401.1340592688935, 1396.7268537581324, 1392.04859823644, 1386.48109106474, 1380.404875688062, 1375.537133123904, 1370.950977658909, 1366.221757583384, 1361.5699873444823, 1357.7416220228843, 1353.9826095982392, 1350.5742893309716, 1346.4326235899014, 1342.8578207612168, 1339.4183985566126, 1335.8469491987532, 1332.1987975681682, 1328.2753848914203, 1324.686576565327, 1321.3049721674988, 1318.23629052524, 1314.825371450406, 1311.3981598890996, 1307.644778041874, 1304.43624657287, 1301.6027560138289, 1298.6571565521335, 1296.095706324322, 1292.938612959758, 1290.59410898771, 1287.2947054912997, 1285.1496501310353, 1282.4162344028089, 1279.86865218516, 1277.245236296299, 1274.5602347435986, 1272.282224966169, 1269.770341520806, 1267.5890898130344, 1265.2959432548396, 1263.0747855828954, 1261.2746033041549, 1258.3975281530895, 1259.0532036442094, 1256.5492319720845, 1253.2972266837735, 1252.8198884545861, 1249.4222825970342, 1250.8009352379122, 1248.5199564213121, 1246.4575858381377, 1244.7718054184445, 1244.5845529094456, 1241.0848167942509, 1244.0983295826913, 1241.4943150288454, 1239.3450392894003, 1238.2892394627836, 1238.0141081492463, 1235.7560986707626, 1236.578571052583, 1235.303678681457, 1232.2293110256344, 1231.2284461544134, 1231.861845646489, 1229.8557676196049, 1227.6195172159744, 1223.3647160398284, 1215.772746033643, 1206.278910296316, 1200.90388324154, 1195.100877347179, 1190.018168803413, 1185.2331899839216, 1179.7844343246384]",0.03,80.0,10.0,False,0.0,0.7546346782988004,-0.10105416212286444
methodological_closure_v1,D,SA,sa25,plant,1000,66,152,1.0,po_random_5fold,random_50k,full_background_50k,ipp,R1,50000,,,standard_kan_ipp,True,1058.0266022479918,387.1030406232683,,0.6612276612276612,0.1534224279115106,0.2875027070831267,0.1364641119790449,,,,,,False,,,284.35675048828125,25.7298419494404,"[714.2688383317875, 712.9373968978797, 711.4679581961148, 709.782421658416, 707.8490292365102, 703.3107479662451, 700.8418227339957, 698.334823927463, 695.816052729153, 693.3001281846288, 688.3741413997881, 685.9652239000148, 683.5442385845403, 681.0757736286694, 678.5557288974198, 673.4959616311736, 671.0243445095642, 668.5886988292657, 666.164860528314, 663.736587662501, 658.8799281531542, 656.474875362494, 654.087918623326, 651.7068107090893, 649.3300280062198, 644.6212366921042, 642.2623468132871, 639.881375706791, 637.4843194692768, 635.0767571921562, 630.2228315935442, 627.7416512152167, 625.1909132715598, 622.5753103567266, 619.9359268955092, 614.6350337132095, 611.8733935653438, 608.9858764881768, 605.9646502139075, 602.8490985311466, 596.6342083693424, 593.6677083592366, 590.8547945573697, 588.1886814942736, 585.5785662353707, 580.303422619481, 577.5926363563419, 574.8355804775433, 572.0920421023009, 569.4015947074328, 564.2365660840378, 561.7469537617079, 559.305897694396, 556.8658549317566, 554.3662050341112, 549.2788992090952, 546.7831392554572, 544.3170745670722, 541.8983748625687, 539.5325416301107, 534.9388408847444, 532.6998235649726, 530.5115892920336, 528.4030510399473, 526.4304407544553, 522.4842986156327, 520.4761325751797, 518.4578969667432, 516.4998578655706, 514.5560822682684, 510.85013720298946, 508.9886958731125, 507.1784487075395, 505.439471228095, 503.64844406689974, 500.3293763299329, 498.57772858976364, 496.87207075541363, 495.23407664565957, 493.5983090254818, 490.43743515264316, 488.9022799052548, 487.34314685532615, 485.9174309313579, 484.3881723438673, 481.6020754572229, 480.16290450576076, 478.9391221423425, 477.60900584607623, 476.35571009581173, 474.003439726806, 472.87937528530864, 471.81805989063315, 470.66347798411425, 469.6557484101092, 467.5900387289254, 466.6298190707307, 465.598075545296, 464.6782745912275, 463.71188373186123, 461.8638084729306, 460.9233631472957, 460.05607511023385, 459.1589794553732, 458.2821441036275, 456.5725664774905, 455.7973769046432, 454.9924997516832, 454.2662703119279, 453.42911864305813, 451.9610848503228, 451.4124620712447, 450.59153526208564, 450.0197669401885, 449.3174920362811, 448.06609743493937, 447.5481006964322, 446.88526196837904, 446.42559469494466, 445.8075986509494, 444.70711260063166, 444.3007055455984, 443.68579713504624, 443.31970968244144, 442.75985393024905, 441.81154432483874, 441.42997110221984, 440.9136248625247, 440.498658197253, 440.0653233993579, 439.1945185233617, 438.76685851436866, 438.39625136258314, 437.9831768936675, 437.54196658826777, 436.77661071732365, 436.47985964385475, 435.9892965669525, 435.74397870113177, 435.2529448790747, 434.55828184903055, 434.3203319849187, 433.8688930930616, 433.6893474590633, 433.191869115403, 432.544970541763, 432.32656301948725, 431.9225381813116, 431.73978318189404, 431.2641698207653, 430.7926970776152, 430.45521380991147, 430.03011007315723, 430.2068286620742, 429.66733996134377, 429.6374061431126, 428.5018009925253, 430.22295032554223, 430.0855886867097, 428.3220647224302, 428.45579637978926, 427.5799405376982, 427.357532866648, 427.37625224301286, 426.56848799090096, 426.6252529330271, 426.4535697932931, 426.435961904331, 426.3446976039794, 425.63654442514974, 426.59856052639935, 424.7974863261825, 425.6316961145248, 424.61315205302276, 425.9492156018784, 424.5766845822857, 424.4405595048296, 424.46108873593, 423.93421524835406, 424.03944201043765, 423.8345519442725, 423.4902117598999, 423.1876649967966, 423.11649140735875, 422.4063168554652, 422.14820154715494, 422.9604071750092, 422.9636988358228, 421.68100282600295, 420.9682347849186, 412.6981204607089, 408.7157191359348, 406.0854880420777, 403.4802547678712, 401.28369888794543, 396.85572862219794, 395.0648956015389, 392.8579530593913, 391.00939822103896, 387.1030406232683]",0.01,225.0,15.0,False,1.0,0.6643356643356643,-0.0031080031080030768
methodological_closure_v1,D,SA,sa26,plant,0,216,152,0.01,po_random_5fold,random_50k,full_background_50k,ipp,primary,50000,,,standard_kan_ipp,True,533.6219845089945,1955.1675266672544,,0.6746666666666666,0.3600471873879707,0.4040731210752759,0.2362872023788426,,,,,,False,,,191.28294372558597,22.8798293972324,"[2337.7200543890267, 2333.929337812629, 2323.197942867271, 2313.2640273984975, 2303.813877051316, 2295.4576419391847, 2287.9630440610063, 2280.6733220727083, 2274.5758651857254, 2269.3858731675173, 2265.1821118931525, 2261.6012372048513, 2257.399372388382, 2252.6233423501685, 2246.81700256757, 2239.9111693870095, 2233.5411419788134, 2226.853207746823, 2219.0967111563964, 2211.8113615710286, 2205.1890049576764, 2198.216863617671, 2191.2930416619174, 2184.584875938966, 2178.144383325054, 2173.182600361565, 2168.657875221587, 2164.3497611279836, 2159.8706170879864, 2154.9862986545654, 2149.3496165667, 2144.459169420732, 2139.341423622637, 2134.5732172302546, 2129.822161829141, 2125.45829823829, 2121.361315718627, 2118.58305168533, 2115.3346408916723, 2112.27574329583, 2108.582726073643, 2105.466786094024, 2101.973470212189, 2099.021664366322, 2095.613324579723, 2092.7570284418157, 2089.3469479841137, 2087.1291743021243, 2084.1584055180633, 2081.661941258732, 2079.0570770618583, 2075.4926710465884, 2072.4120242622835, 2070.0071549489244, 2067.6767192182315, 2064.8653629643854, 2062.4577715716937, 2059.8693678363297, 2057.5403704873925, 2055.6053274256706, 2052.847517677732, 2051.0667738390653, 2047.8957378054156, 2047.5579400384595, 2044.3500543711898, 2044.7170792705856, 2043.0927052748104, 2039.0506717041578, 2039.6344269406336, 2036.5561418725063, 2036.8067959764967, 2037.051577701715, 2032.1536721744387, 2038.3848911433604, 2038.9236720038798, 2033.4992514556293, 2029.6177900925015, 2034.5715055830367, 2034.654929877491, 2026.3961497643058, 2026.9785902748072, 2022.7693802888325, 2016.8621529581487, 2007.4112712864385, 1993.4255977875578, 1981.6097047548647, 1972.394025668885, 1965.226024360605, 1960.5328789978682, 1955.1675266672546]",0.03,80.0,10.0,False,0.0,0.5943703703703704,0.0802962962962962
methodological_closure_v1,D,SA,sa27,plant,0,38,152,0.01,po_random_5fold,random_50k,full_background_50k,ipp,primary,50000,,,standard_kan_ipp,True,721.248319863007,179.94899950282323,,0.8717948717948717,0.6314724529513263,0.7733931957708181,0.4528678567694016,,,,,,False,,,325.38623046875,25.536773210285908,"[411.07059488426296, 412.28628599706417, 409.1784393359149, 405.78828778672613, 402.0038602951716, 397.57829721445125, 393.15076685175995, 388.96775552980864, 384.3562746387678, 378.6781444077769, 372.6498933775196, 367.5443675760604, 363.2638993894401, 358.8107638891327, 354.1195852088871, 350.17561319246084, 347.13801392533674, 344.2610208686518, 341.2036582255687, 337.8496187834166, 334.50754024333105, 331.11577114233535, 327.81923626218776, 324.5830534551981, 321.8313998733811, 319.06464781041547, 315.59790573441455, 312.5158906223332, 309.65017017050286, 306.33073864734814, 303.0447532559991, 300.0035820510393, 296.93112271765875, 294.14589498808897, 291.02903205802335, 288.4356081701197, 285.625067655519, 283.0672344605282, 280.45518337317344, 277.89336473664724, 275.43698502806956, 272.90790999658753, 270.4908182862859, 268.2547912874263, 265.7242907208388, 263.9963964606128, 261.7332621077717, 259.67709028444506, 257.9051883522073, 256.3192903344482, 254.4524698525944, 252.9059657530833, 250.60464111452805, 249.07800353666147, 247.0949540390274, 245.21820938203763, 243.7253272054806, 241.70190966723956, 241.89631726438336, 239.48037536150443, 241.6416100411407, 241.6636696845001, 238.92079909855428, 236.92412995046698, 238.30890866119154, 238.07470583624456, 233.54904047716897, 238.82733685269588, 240.9780999793925, 236.2557492987191, 232.7878070381989, 233.98199515754123, 234.25860186066757, 229.76163130928086, 233.34211632279244, 235.34061476398372, 232.3660347372636, 229.43149452971159, 230.51217664949084, 230.99141239977536, 226.52493771734834, 231.5448925256578, 232.31166861878233, 227.59706106147667, 226.4158543302037, 227.84755270746146, 227.07568780879652, 223.9814135261524, 225.80694108122066, 224.8974685008733, 225.88244569779198, 224.7615346055809, 223.11191279336964, 223.4345531274427, 222.94733725944022, 222.84781968513545, 220.46112536658185, 224.67360618972367, 224.8837097701013, 220.66736528453322, 221.28224825143124, 221.33862271599705, 220.4237499751437, 219.05704044962062, 219.5093197842666, 218.3643936956248, 218.66730429372393, 217.96682199442625, 218.6951248771935, 218.31524881521793, 217.55846062013208, 217.52555347360868, 216.29622369896032, 218.39448669928706, 216.71896541906708, 217.1720662885064, 216.87976491276424, 215.16245698091802, 215.40547225708372, 214.40613042507928, 214.00268923917307, 212.97977496005944, 215.0524377256591, 213.76762308374296, 214.4630479604038, 214.06635308912905, 213.3707637290644, 212.50036009983748, 213.24479358048393, 212.22924454937302, 212.67338555191157, 211.78713539914068, 212.55910540246714, 211.32196503035786, 211.46110215139635, 210.48516403286476, 210.1194318899237, 209.15284329789816, 210.46906060276342, 209.6159665605493, 208.8887292168764, 208.3407030643445, 208.54400612100596, 207.60406554191837, 208.3048552899356, 207.80585312419703, 206.58152218377583, 206.01877577849882, 207.0409136084857, 206.12272545351107, 205.89401641647225, 203.00938342998697, 198.14444964136788, 194.55767630963797, 191.34094189987334, 188.59897430922686, 186.24525654160757, 183.88262466327967, 182.44892860338268, 179.94899950282323]",0.03,150.0,10.0,False,0.0,0.8205128205128205,0.05128205128205121
methodological_closure_v1,D,SA,sa28,plant,0,43,152,0.1,po_random_5fold,random_50k,full_background_50k,ipp,primary,50000,,,standard_kan_ipp,True,730.086493128998,231.39857919597392,,0.6007042253521127,0.0876160083764386,0.1600997219624476,0.0715337072631137,,,,,,False,,,236.6498260498047,25.332241803943475,"[465.52303093094207, 464.9481134479073, 462.3164541980593, 459.6241668978554, 456.8059198597642, 453.7090219778826, 450.0605017120649, 445.8496370107867, 441.1734238189521, 436.27553798618794, 431.37833757120256, 426.865739486231, 422.8863114665424, 419.1588167090921, 415.7509324882767, 412.5927108345843, 409.63033259210954, 406.6427085713499, 403.78681564002324, 401.53102967415805, 399.33639781308943, 396.78857348831883, 394.0322587186389, 391.4385764190866, 389.0863898438266, 386.66473362703374, 384.0880337911101, 381.58071234626345, 379.09380327778956, 376.3339895473475, 373.62990235953373, 371.30874456969514, 369.0104508440203, 366.617602628297, 364.5066044169854, 362.0929284027177, 359.472451691223, 357.0075057594768, 354.2340571769909, 351.4463947572497, 348.78572836360837, 346.2776360791188, 343.7606782874364, 341.0715259735148, 338.33809945036717, 336.11890094048573, 333.8515120886818, 332.0754633095712, 330.3984881980805, 329.14178879765996, 327.5945285827819, 325.96382705099387, 323.96879635695774, 322.50916835834926, 320.4135615442108, 318.60461692097493, 316.78539772870425, 315.136257949135, 313.32664270000816, 311.93598671716154, 310.3679967810212, 309.1709084633197, 307.70900432358735, 306.4133201052607, 304.79706676938724, 304.28965985686244, 302.1412721903116, 304.8986546670324, 303.90484636750176, 299.4621156889798, 299.95434394314776, 299.2801191109491, 296.27207352841634, 298.6071728022297, 296.85544742558204, 294.82149390390845, 295.4179094777031, 292.76799365376195, 292.96729904826054, 291.1904583923369, 290.89844630210325, 289.58833103910064, 288.94118472851693, 288.44372611116614, 287.0393761508426, 289.0437393706265, 286.8771416924975, 288.05588852047333, 288.3613732282434, 284.3620070944711, 286.4373051854118, 285.1343099132159, 283.3992020236458, 284.18519247193507, 281.6179300712384, 285.74752490126986, 284.7569858271299, 280.9040396613991, 282.9021999568343, 280.6040287806664, 281.8540239634634, 281.29481417500733, 279.948378056234, 279.2467299023272, 279.24523606883724, 278.0442945148149, 277.92536800920595, 277.31987609998305, 276.7037146828744, 277.30067424407036, 275.7055053928502, 278.9391832625148, 278.43808143511836, 275.83348723043815, 276.71176634357863, 275.2037651422787, 274.87798127534217, 274.3822146207909, 273.3525296762647, 273.03011203695445, 273.04500379901003, 271.4813446346095, 274.3739638065021, 272.68360491988295, 271.6760520401206, 271.31520854998234, 270.1493668531848, 269.81638307096426, 269.41737558252896, 269.0939897356766, 268.74587696050315, 267.82269801247406, 268.24805218422273, 266.8281548243739, 268.8277904186754, 268.0836753374314, 266.07473012045057, 266.7680120598095, 264.9855742512667, 270.1776571682629, 268.1585282557137, 265.7780279891044, 266.6684149036307, 263.6071904087014, 264.89416400052704, 263.6631029139199, 263.0017410588181, 262.4847322144553, 262.68457339750813, 262.25503169778085, 259.7764343137823, 259.0077005264659, 254.8591996119355, 249.58643435052556, 245.000189239511, 241.96444990383745, 238.58027038346063, 235.9646349072228, 233.39218967894539, 231.39857919597392]",0.03,150.0,10.0,False,0.0,0.6676056338028169,-0.06690140845070425
methodological_closure_v1,D,SA,sa29,plant,0,61,152,0.1,po_random_5fold,random_50k,full_background_50k,ipp,primary,50000,,,standard_kan_ipp,True,739.5517638199963,367.3087726241112,,0.6643356643356644,0.3710765457624426,0.4577006521062465,0.1677095775845209,,,,,,False,,,481.86224365234375,26.513269844730527,"[660.5427076176586, 660.3753244510985, 658.4230152652646, 655.2129609039705, 651.5268103275935, 647.7296186812182, 643.6458349540567, 639.7114479943585, 635.7963222287196, 632.1238918845397, 628.8371520049076, 625.6839024036688, 622.545686684783, 619.5315949200643, 616.6691968057419, 613.9638437844035, 611.3394267461782, 608.6758533011173, 605.6080258825549, 602.0130766750127, 598.1220669225767, 594.1242637463047, 590.234859495748, 586.5082845238546, 583.0340120282711, 579.3443378706907, 575.2471083695888, 570.8875939386421, 566.6700878421537, 562.7746198903893, 559.2630751462272, 555.9216074061344, 552.8039954818173, 549.8199731798176, 546.2986214162756, 542.3676057945476, 538.5786710434454, 535.2250713103571, 532.2035692267023, 529.2073856791021, 525.9608978488337, 522.6875876052619, 520.2200343616092, 517.4615315810057, 514.5422501438657, 511.67522221260623, 508.68617998935815, 505.7458115628239, 502.6398485733444, 499.7036426971528, 497.23821329845896, 495.05511252195197, 493.12361468227596, 490.7527738088594, 488.52745923341274, 486.2287917414674, 484.40025008412243, 482.29994116730876, 480.3650725924324, 478.3013937483463, 476.36365519401363, 474.1565070899689, 472.94964792179314, 470.04124426985584, 468.666656790135, 465.79386392974504, 464.90901558370473, 462.03120975852966, 463.15889716526823, 460.51068026152006, 458.84224977715814, 457.74665466374773, 454.8971693176468, 455.22405844845616, 452.2715221965125, 452.7270894000691, 452.6697453964911, 448.33618969600894, 448.9910812395284, 447.66447073159713, 444.8715739095599, 444.6050905481848, 442.19200218480165, 443.30985794535115, 441.4086644623012, 440.3262098100142, 439.91535465120256, 438.5026739516693, 435.7557990741902, 439.68221711498705, 437.6996545621568, 433.29876267041897, 434.1816750954416, 431.46510021572686, 432.61515965914845, 429.8283364261463, 433.37254751940804, 432.26902566661954, 428.7030297917978, 428.58845262227646, 428.02021748570104, 426.48526323511516, 427.585621227419, 426.11167363130534, 425.825805740024, 425.57636480000946, 423.82987199440464, 423.26739900150613, 423.0093992456159, 421.448941096596, 422.2430116639127, 420.55144816391726, 420.98443222049485, 420.15648200942246, 418.709308509178, 417.72350866774417, 419.2956123139397, 417.8905198959127, 417.4943335983155, 416.51837308272104, 416.03495439166704, 414.840894475961, 415.53281999515747, 413.39506344189834, 416.3778914866717, 415.4192636134083, 411.7199215899012, 412.89993253881545, 410.10976590307354, 410.94612677494024, 409.5452562156504, 409.2468475898063, 408.4603108385189, 409.4579199533314, 406.53100364142335, 421.99475453635546, 426.59787268825943, 409.4853764762629, 425.0186412228053, 441.64201064947383, 431.00458832084774, 412.72488354528707, 418.3691773632743, 425.17709323955586, 419.01898672397925, 417.51217951959717, 418.41207105660413, 408.1514293382366, 409.61302162842867, 414.00810094094385, 406.9431712857127, 400.25501751619737, 397.45887978189586, 392.0757559837414, 387.17593079956924, 381.9484212757432, 377.2189868057977, 373.73829426540175, 370.12338805978686, 367.3087726241112]",0.03,150.0,10.0,False,0.0,0.7692307692307693,-0.1048951048951049
methodological_closure_v1,D,SA,sa30,plant,0,88,152,1.0,po_random_5fold,random_50k,full_background_50k,ipp,primary,50000,,,standard_kan_ipp,True,721.8747498080047,637.2074469601482,,0.567487684729064,0.0602061430632859,0.1348471773965234,0.0342733773319988,,,,,,False,,,330.5058288574219,24.09737215138997,"[952.044379321202, 951.2271354165332, 942.7683844726857, 935.626679912942, 929.8930912024197, 924.2491216911119, 919.2998353237193, 915.557407473282, 912.2634952194136, 908.983205139227, 905.8540220242401, 902.8048767507346, 899.6062488010538, 896.0996139095397, 891.9473696572162, 887.3584824763016, 882.9739182231177, 879.1435553957921, 875.7895578331023, 872.3164665526696, 868.7474706803764, 865.39184583654, 861.7782530797183, 857.7055846897492, 853.5239593106868, 849.2819795945591, 845.0181994244494, 840.5039270888094, 836.2873946109257, 832.615826221649, 829.4246225613624, 826.1520043295812, 823.2273933271717, 820.3155155283699, 816.9053122998207, 812.8187437258148, 809.2949337769147, 806.9305406571865, 803.9934858324312, 801.2533406235212, 798.18101792709, 795.7792456886106, 792.6254626405965, 789.7097437577827, 787.4334129914281, 785.2467857545114, 782.8471088865393, 780.4059058753414, 778.5509775068995, 776.2147735530714, 773.3828461225223, 771.7928572480544, 768.5309156536665, 769.3314392665941, 765.9803094048599, 764.9247019188588, 764.5223877381634, 761.663712941789, 759.948908703163, 759.6164751040984, 756.8950101842535, 755.6643584280115, 754.3059745913787, 751.4216207993842, 750.3075780034633, 747.8981136495412, 748.2448915203634, 744.6030767128958, 751.6545469326873, 752.4590923073852, 742.7772567173877, 744.0069219624482, 745.9456572445773, 740.6761450625959, 737.4978714770383, 740.1334817550687, 737.4890917556198, 734.2243690442955, 733.7433990057933, 732.3894836728714, 730.5163054800186, 730.3914072824635, 727.9421361520326, 727.90118256442, 725.3379982903818, 727.3579243644874, 724.5540760635859, 725.7368705602057, 725.7970174772728, 721.4836783603187, 721.9276442325051, 720.4181242343141, 718.2309768493918, 718.6780541005307, 716.1994145013891, 718.701800640594, 717.0376235484513, 714.6931178097251, 715.1858113666084, 712.0388930921275, 712.6240412530641, 709.9454917074991, 711.4963711234577, 708.9880556860683, 711.2440470971876, 710.9859016617694, 707.1979408851461, 707.8155929553227, 706.3871600342939, 704.6251134019674, 704.3459491044392, 703.041060925917, 702.1681352699702, 702.665394149676, 699.0922815478589, 707.022223883157, 704.1593742816568, 698.4017721653906, 697.9778162904337, 699.3153465581298, 696.9403737737433, 699.910407945783, 698.8788219535838, 695.1125208136749, 694.3829623661525, 694.9992276781206, 692.6632200409837, 695.591679104938, 693.504516851895, 693.3710608460581, 692.9350488432323, 691.2094789868967, 691.3236841644027, 688.897407038765, 691.8790845453519, 686.9448036963373, 700.4299630236216, 698.1483109173448, 686.7366908594903, 691.1160287290224, 687.2921015401371, 690.8087257603361, 690.0022820687864, 685.2235136967671, 684.5615245867893, 688.1176541162181, 685.337141646566, 687.8865370727874, 687.51076192369, 682.8252212709449, 684.9258415108252, 679.8645057113193, 678.7693249841718, 672.4374134219951, 662.2049450558814, 657.0288090515935, 649.812762974131, 645.2977164665244, 640.9702604609896, 637.2074469601482]",0.03,150.0,10.0,False,0.0,0.6699507389162562,-0.10246305418719226
methodological_closure_v1,D,SWI,swi01,tree,0,482,10013,1.0,po_random_5fold,random_50k,full_background_50k,ipp,primary,50000,,,standard_kan_ipp,True,635.0000487600046,3914.673033999988,,0.7969624753052525,0.0418777346826785,0.6670168529387334,0.1044928316702698,,,,,,False,,,203.41810886986536,23.8320914098138,"[5222.946483776065, 5199.798322509034, 5153.886863166161, 5099.915070531545, 5042.574868115327, 4984.608126234002, 4923.516356057325, 4850.192349848249, 4775.248303515429, 4706.4872543179, 4640.2188627045425, 4577.228766261255, 4520.988044070818, 4470.146865969032, 4423.340294352202, 4382.571389907952, 4349.167541688009, 4322.916804008995, 4302.857629259409, 4285.143151090729, 4267.34471958403, 4251.853924215497, 4236.759851571947, 4221.681926656914, 4208.8682369178805, 4196.813407295089, 4186.169578977905, 4175.697471090565, 4166.348204228137, 4157.88460588784, 4148.313894039652, 4138.306005913379, 4128.868283055054, 4120.072242979006, 4111.881888141651, 4104.0268385624895, 4096.953816843665, 4090.8432368962135, 4084.7122823902746, 4079.053762903865, 4073.6878748071845, 4069.911304131475, 4065.724431335804, 4062.3122388279944, 4058.468309257667, 4054.011465721785, 4051.924332080411, 4046.034059503012, 4044.1032745460993, 4039.406886513194, 4037.5556161263085, 4033.603372039291, 4033.663045873831, 4030.2191076992062, 4025.9343542870824, 4025.98139527407, 4019.4587807872695, 4025.107574124613, 4023.6261231800636, 4015.2453890184156, 4012.6074347213234, 4014.038175087511, 4008.5839055061006, 4007.5832295396585, 4006.503916842733, 4001.418165228757, 3999.7163254774873, 3997.7648794973006, 3993.110738127203, 3995.287093038105, 3989.720548578705, 3993.534323088453, 3994.0268262740915, 3982.4984750402073, 3992.705131279816, 3989.9086002626555, 3979.42586078124, 3978.5177814348594, 3976.6689071258243, 3973.743906138329, 3973.593893099359, 3967.4628287544197, 3956.3488982708072, 3943.6705691603647, 3936.210055393686, 3928.538504767676, 3923.6991725446615, 3919.33796180789, 3917.1357740372737, 3914.673033999988]",0.03,80.0,10.0,False,0.0,0.8185966779314339,-0.02163420262618132
methodological_closure_v1,D,SWI,swi02,tree,0,1245,10013,0.1,po_random_5fold,random_50k,full_background_50k,ipp,primary,50000,,,standard_kan_ipp,True,636.5172376769915,11038.8296897432,,0.725027719537006,0.0699882711540033,0.5319177117263145,0.1278151552647687,,,,,,False,,,372.0275752266287,23.80835467118914,"[13511.674431486448, 13479.76884102189, 13349.786615427869, 13220.521053799745, 13064.185595249444, 12862.384132713965, 12671.330353947214, 12491.131297900627, 12316.706200807937, 12163.775667876112, 12030.85461837439, 11914.371493961644, 11818.389343886873, 11737.390313399188, 11669.499083340179, 11622.15698736313, 11581.485155099443, 11553.557898903624, 11530.221945906711, 11509.2042065175, 11487.00278502122, 11462.30023193574, 11442.583374623222, 11426.284928418561, 11410.13245209908, 11394.652275125676, 11380.421978667526, 11366.431868584135, 11352.70621422087, 11339.919979476486, 11327.25467976697, 11315.507597640255, 11303.834377014911, 11291.34722641794, 11280.714198964997, 11270.823869771919, 11261.872099528538, 11253.087550167265, 11245.01156501146, 11238.481392194057, 11231.932570858793, 11226.132503998007, 11219.409200752447, 11215.295856413706, 11210.57871562306, 11206.223837405454, 11201.337390683771, 11197.434372964179, 11193.188289761265, 11189.393721515295, 11184.220174577713, 11179.433149902712, 11175.15027290165, 11171.875848264197, 11166.906668653128, 11163.747551096994, 11158.955999996851, 11156.227694561858, 11151.443797708822, 11149.926419439762, 11144.868013507546, 11143.237526801706, 11140.625234048284, 11133.756816449855, 11133.059098667001, 11127.362225989064, 11130.505872977063, 11126.336954422537, 11121.938372473569, 11120.876062428708, 11117.498398868162, 11115.41312646771, 11113.37934595289, 11108.89576449731, 11111.366527536391, 11106.445633361009, 11107.778778216358, 11107.428132572346, 11099.234537327435, 11101.325635915633, 11096.347712154347, 11090.97763908997, 11082.425891525449, 11075.200280400148, 11067.75462258152, 11061.98245088251, 11054.194791063508, 11048.571499657231, 11043.785354134745, 11038.829689743201]",0.03,80.0,10.0,False,0.0,0.7328938505804696,-0.007866131043463676
methodological_closure_v1,D,SWI,swi03,tree,0,291,10013,0.1,po_random_5fold,random_50k,full_background_50k,ipp,primary,50000,,,standard_kan_ipp,True,636.7576162559999,2292.891838352431,,0.7441473886373657,0.0430877979396624,0.5443952238401686,0.1008764645054605,,,,,,False,,,417.2826522679383,24.661654841059725,"[3150.1078515085815, 3133.02087178136, 3096.681873446896, 3056.1047158530123, 3023.463424612851, 2989.8479891838056, 2953.063894332563, 2918.7841890559325, 2886.3713902629033, 2854.7347936064557, 2824.2963677646107, 2797.418417552496, 2775.016242215798, 2756.53443819354, 2739.3736740199142, 2722.601588026377, 2706.0961922752404, 2690.021473478404, 2674.9093909702246, 2660.8006979646875, 2647.3329994763494, 2634.0453086222933, 2620.87838050324, 2607.767744006989, 2594.1923462845707, 2580.547877552314, 2568.089876718595, 2557.6777996651804, 2548.847994729927, 2540.500743744487, 2531.1956345771823, 2523.028394959095, 2514.2829229828985, 2507.179140688207, 2500.764860121087, 2493.2457930975575, 2485.396112967481, 2478.4579621548387, 2471.5465268538533, 2465.9891897924003, 2460.853916945207, 2456.084171378347, 2452.585191149864, 2446.942972934146, 2444.1301161753854, 2438.8017924851406, 2436.8319574175957, 2431.007475127811, 2430.9470318038543, 2426.963354713839, 2423.1000157490753, 2423.848862545237, 2418.380227988623, 2418.0190101500666, 2417.723511340058, 2411.9249992893338, 2408.5948773094215, 2409.4574957430164, 2402.616763330011, 2410.125153367662, 2412.774785144128, 2398.031007894665, 2405.282238317191, 2410.6076937163543, 2399.703336554105, 2394.738085226147, 2396.3803636749767, 2393.5625371655337, 2390.7443554480806, 2386.5155929079756, 2388.2437815481503, 2386.8095093268385, 2379.291627832196, 2384.605310595406, 2381.9145491426043, 2374.755543048958, 2377.7637758978854, 2373.12202900258, 2374.9519963771704, 2375.183225047997, 2368.9408409809453, 2366.2747426268293, 2359.292234066017, 2342.7025940221015, 2331.8901065569794, 2320.7624193634165, 2311.7414028040525, 2304.2889092850996, 2298.2000300270124, 2292.891838352431]",0.03,80.0,10.0,False,0.0,0.6901658150707508,0.05398157356661493
methodological_closure_v1,D,SWI,swi04,tree,0,710,10013,0.01,po_random_5fold,random_50k,full_background_50k,ipp,primary,50000,,,standard_kan_ipp,True,638.8325497390033,5860.138500816686,,0.8519092294285816,0.0668487782217484,0.7582739122780106,0.1301013836885105,,,,,,False,,,232.69192438186303,24.54908628257493,"[7693.6435850472935, 7641.405833352524, 7549.594633456, 7457.653262904901, 7351.871226837776, 7229.301458529455, 7107.053823419426, 6982.478568011599, 6864.93682156232, 6762.706116622667, 6676.710581102509, 6597.751223411492, 6522.34829793196, 6460.006306069449, 6411.640074298426, 6368.108034459082, 6331.388588185341, 6302.253717932941, 6278.601805562588, 6258.180850473654, 6237.896676248461, 6217.282399769459, 6200.758854118829, 6185.205023064983, 6173.34360735189, 6160.556959964243, 6147.854896015399, 6135.031528493633, 6120.602080824169, 6107.576306680697, 6094.522094789033, 6085.0261550035475, 6077.284327388993, 6072.724737682757, 6066.333797795218, 6060.4602220403585, 6053.985410196233, 6050.044025720691, 6044.016349953766, 6038.949436392137, 6032.7762718337635, 6028.615653333368, 6022.162882154389, 6017.7234217297, 6013.222226627532, 6007.343745168687, 6004.685367273178, 5999.048644032954, 5996.518996546102, 5993.411586101684, 5989.137422404776, 5986.998324412285, 5982.972004660321, 5984.4176651823045, 5981.329032721806, 5975.738366749967, 5976.216559027289, 5971.292783075146, 5972.118746028657, 5970.637829795107, 5964.76657153083, 5964.174739922617, 5961.808491309649, 5957.45699428755, 5955.8924048256495, 5952.883743243554, 5950.7376637030275, 5950.692099109093, 5946.607970336993, 5950.164164051832, 5948.63730615133, 5942.762026569191, 5943.446069708993, 5940.586297621405, 5938.85684977167, 5936.991440765727, 5935.862709689906, 5933.657227053863, 5932.923526600008, 5930.5976459766, 5930.216826004054, 5925.172862036921, 5914.751047898011, 5900.92046287063, 5890.138782774579, 5880.680389422006, 5874.864470942246, 5871.02505088111, 5864.760330825931, 5860.138500816686]",0.03,80.0,10.0,False,0.0,0.851857419741699,5.18096868825646e-05
methodological_closure_v1,D,SWI,swi05,tree,0,91,10013,0.001,po_random_5fold,random_50k,full_background_50k,ipp,primary,50000,,,standard_kan_ipp,True,850.3150243470009,412.4320026921107,,0.957789995132148,0.1863807704854592,0.9185958669757972,0.1799395838989083,,,,,,False,,,440.5836289282212,26.10715026620384,"[986.006166339591, 978.8147917760258, 962.2870160194418, 942.4277559583821, 920.7741649888036, 895.5631497857736, 866.7173851985812, 835.2816866234836, 802.4047922933452, 769.6431036424916, 737.7885323050576, 706.1345128032098, 675.5428479628816, 646.6835114891693, 619.430153134681, 594.6269552785192, 573.8095350819565, 555.8549198082088, 541.6216111945413, 531.0755563685036, 522.9419394687436, 516.2036684949165, 510.28441730462964, 505.13665638786154, 501.38570296066257, 497.1407451416736, 494.00515325568574, 490.759515482632, 488.2356435244717, 484.9104843050353, 482.12438875435964, 479.5355352045369, 476.6251705776657, 474.12272127944675, 471.2134249191299, 469.9328297375585, 467.41951087793956, 466.6716691333988, 464.0099822906988, 463.11725508920875, 461.03552935732074, 459.0803531705055, 458.8306814234902, 456.37224862787133, 457.09492321105546, 456.70278933453295, 454.48280369543096, 453.02952157929917, 450.8538563537624, 450.2379112391974, 448.4143486238965, 447.06319472732616, 445.758119227015, 446.21792536611883, 444.07062157762795, 446.06197273297437, 445.3293398566826, 442.93493238077093, 442.422099947636, 440.2419585440046, 439.9256465414524, 438.6425166352376, 437.89112626639167, 439.0284413989484, 436.60251252145275, 444.10352744341077, 445.35205429004145, 436.3699505691972, 440.9385531845813, 444.40225201988363, 438.8809163792953, 434.8464758637056, 440.4246440573423, 437.3711626826053, 433.0347430544264, 434.0442638992737, 431.9190459922028, 434.6192197329851, 432.66585151426995, 433.24986028519396, 433.34272918925154, 431.8479126248528, 431.60531484521573, 431.3554285532784, 429.91156733161296, 429.3883306680003, 430.99432772667376, 429.4809045059629, 432.0558054162804, 432.1491589086085, 429.3176997240096, 429.68246068599865, 429.97103015989603, 427.8190553262855, 431.7198248019857, 431.36623283947665, 426.777733217752, 430.56254016751615, 426.5062538711938, 436.369521929916, 436.6932690776801, 429.48449616061725, 430.1417219304948, 431.93095951016744, 429.72106243879324, 427.2045619807924, 427.26184745576035, 426.1914790168723, 426.1877931928457, 424.95940617028305, 425.9601142521248, 425.62065801407147, 424.0073974070049, 428.41545313228465, 428.0456717541744, 426.70333692122455, 426.35882263443506, 425.437126122536, 426.003330424798, 424.15132319636155, 426.0341054578736, 425.9112474067636, 425.3916840876542, 424.9820771829852, 424.52977340964566, 424.5723031211459, 423.6636563937831, 423.6871486384054, 422.6729475201544, 426.85573359351326, 426.56813998076876, 423.7425862834098, 423.7479332781841, 423.36019679345407, 422.49726309001704, 424.5796878729373, 421.33157001038643, 430.043102976119, 431.9733953525703, 421.7903124760745, 438.074590765972, 447.35447376974884, 428.9453481965028, 430.6237935996324, 436.4928844116796, 434.79265759298016, 425.73570476544535, 433.73290949705273, 439.42623924048127, 429.3310217233489, 427.5642682875739, 420.1318788083647, 419.24260705736464, 417.99779026469594, 415.99631317039217, 414.83882467331244, 414.1658780558606, 413.60365826612315, 412.87246358364024, 412.4320026921107]",0.03,150.0,10.0,False,0.0,0.987704378203476,-0.029914383071327988
methodological_closure_v1,D,SWI,swi06,tree,0,5822,10013,0.01,po_random_5fold,random_50k,full_background_50k,ipp,primary,50000,,,standard_kan_ipp,True,685.889202107006,58434.16190146452,,0.6847410108393518,0.8050422687511317,0.2789894556993754,0.3338758890721372,,,,,,False,,,207.5979144196792,23.64783559467694,"[63656.569998184605, 63414.95934823653, 62867.13779280482, 62366.54122402292, 61904.98749345794, 61362.74074495377, 60819.96728742878, 60369.096408682075, 60033.366884598094, 59736.7307328376, 59505.40499824182, 59329.81898954613, 59185.0002205807, 59118.677748113056, 59047.35237982432, 58999.39848895234, 58958.8473960093, 58939.52003417928, 58923.04696327213, 58888.60238273296, 58863.04187935042, 58830.459162391, 58807.78212763276, 58790.81160229199, 58779.864082401284, 58766.88393600446, 58748.875885618436, 58731.140110640736, 58716.05579733662, 58705.594311701825, 58698.40531335437, 58688.43966351992, 58681.96633740001, 58672.51380140831, 58663.437331007284, 58655.79129088205, 58647.62853855648, 58642.66990396997, 58636.3570290632, 58630.1182232259, 58623.73512793875, 58618.9992433648, 58613.590023473575, 58607.879315987535, 58601.485110748225, 58597.584745106375, 58591.10818712827, 58587.662762576634, 58581.68102899202, 58578.69540111338, 58572.08413111969, 58568.71140121123, 58563.62835938497, 58559.485816364184, 58554.815180061116, 58551.67839783141, 58547.165854054256, 58543.72266473585, 58541.194038820846, 58536.20870080461, 58535.01596552852, 58531.13700935187, 58530.38253676398, 58525.81969760253, 58527.391979898304, 58521.758591137055, 58525.24867084716, 58522.301849005424, 58516.19530094336, 58515.660554007976, 58512.50910113145, 58510.89259172787, 58508.02000057967, 58508.661426963154, 58504.07678889655, 58509.71432818982, 58507.800851527216, 58499.206029312736, 58502.00833701855, 58496.37121986405, 58499.46651169868, 58492.08409496677, 58486.95890606522, 58475.98685738498, 58463.76468717825, 58455.79185152987, 58449.35198096452, 58443.617259273065, 58438.10632876671, 58434.16190146452]",0.03,80.0,10.0,False,0.0,0.6841856479875617,0.0005553628517901421
methodological_closure_v1,D,SWI,swi07,tree,0,857,10013,0.01,po_random_5fold,random_50k,full_background_50k,ipp,primary,50000,,,standard_kan_ipp,True,625.9435324939986,7108.804697380871,,0.905277967171543,0.1562669280148628,0.8445505998265714,0.227260946009155,,,,,,False,,,373.36316547822014,24.757697120239765,"[9280.804821092675, 9217.83506447623, 9117.372030681947, 8989.163962390963, 8862.77925217752, 8727.37678920314, 8568.194685542136, 8399.79900059264, 8233.12133615138, 8078.2003661569, 7948.997645166699, 7842.061195974969, 7755.3669301239, 7686.23153203467, 7635.489437390823, 7603.560706066527, 7579.76446773374, 7555.239164259707, 7529.7697434540205, 7506.836845346528, 7490.34737909371, 7476.263161658919, 7464.704170325589, 7452.123937441133, 7435.941766812591, 7423.117885575598, 7414.261153473466, 7405.6454286418775, 7395.6679831282545, 7387.324242690596, 7377.893940121843, 7368.263102686133, 7361.9679042730995, 7354.137604980387, 7346.4731753858805, 7339.568801950656, 7331.902457004621, 7326.654150466828, 7321.144982079479, 7315.580743485524, 7310.061504195282, 7303.362315264952, 7297.638638642431, 7292.985605955679, 7287.714068868798, 7282.331458686014, 7278.439047400312, 7272.143609552819, 7267.398888655897, 7262.99758383792, 7259.330690233266, 7256.486801066772, 7254.020467266667, 7248.871258268116, 7245.485727369177, 7240.773820275724, 7238.6140351656095, 7234.768289684672, 7234.833645987848, 7229.579444142636, 7226.345285749306, 7224.430427505159, 7219.657295764555, 7218.365197026227, 7212.690723909691, 7218.51035608926, 7215.919946081308, 7203.935579951322, 7205.9717495392615, 7202.641848845191, 7195.535859927664, 7202.680370012086, 7199.49714129248, 7189.611607609814, 7190.251105146943, 7187.705964007545, 7181.168407883149, 7191.7727561475, 7190.278110082941, 7177.990361451425, 7175.803285993372, 7168.615731914913, 7156.711626463905, 7148.45260947811, 7141.054561188275, 7131.021163539243, 7123.912926084027, 7118.383756822001, 7112.882973587275, 7108.8046973808705]",0.03,80.0,10.0,False,0.0,0.8984321876774128,0.006845779494130122
methodological_closure_v1,D,SWI,swi08,tree,0,1452,10013,0.01,po_random_5fold,random_50k,full_background_50k,ipp,primary,50000,,,standard_kan_ipp,True,629.6242617969983,12687.221609736738,,0.8414341592447201,0.1935891020547393,0.7434393662397077,0.244537339511014,,,,,,False,,,231.98903880575816,23.87815670057292,"[15752.523552926741, 15655.960187226525, 15497.128955762244, 15326.00702129133, 15127.481931014974, 14888.849044165865, 14647.210249429758, 14415.616462321466, 14205.132718336426, 14019.620948140211, 13859.036385232159, 13718.334020315146, 13591.639448560572, 13492.892130434577, 13420.792204069692, 13354.240309912111, 13301.428403786078, 13256.3145550813, 13219.714537157402, 13189.670150850585, 13160.490596174719, 13133.47777608101, 13114.120298859167, 13098.974967044633, 13084.025165200828, 13071.226579890908, 13057.288847237824, 13043.398132875132, 13030.633275346514, 13016.507902379451, 13003.873185788396, 12991.964748645703, 12981.122313178112, 12971.893694718961, 12962.094257975024, 12951.795599471014, 12940.954462552896, 12930.050952841559, 12922.115029044335, 12912.873650417818, 12903.259271758612, 12894.655019036592, 12883.309875821702, 12877.015717213044, 12866.975947880876, 12861.008185970004, 12851.402877199776, 12847.284457601498, 12839.996773103234, 12834.617057894447, 12830.832753682706, 12822.520567761649, 12821.298802897914, 12817.692402989269, 12809.371658567408, 12808.44048740928, 12802.717691605028, 12802.346773000178, 12796.095053930114, 12795.270485183562, 12793.533677188452, 12787.461409769385, 12785.910693300804, 12784.660992074863, 12780.15600163632, 12783.481772866417, 12779.391145137733, 12775.818051153632, 12774.847276609322, 12769.66197665862, 12767.664459231186, 12768.496325525677, 12764.665773983592, 12765.43478432254, 12764.806873847343, 12757.295077859035, 12757.539030131282, 12753.495845871073, 12752.280675600927, 12750.1666975074, 12746.821610796584, 12743.989627633635, 12735.626390229014, 12729.660676421467, 12724.178667370308, 12717.184758022062, 12709.167469015802, 12701.720762731342, 12692.773361652437, 12687.221609736738]",0.03,80.0,10.0,False,0.0,0.8329519033247507,0.008482255919969428
methodological_closure_v1,D,SWI,swi09,tree,0,937,10013,1.0,po_random_5fold,random_50k,full_background_50k,ipp,primary,50000,,,standard_kan_ipp,True,625.3302801089885,8231.751711888535,,0.7726271924243067,0.0863453081367297,0.6150154229951857,0.152256398667175,,,,,,False,,,199.9543090037532,24.3456252842293,"[10161.653896910511, 10107.823643119924, 10013.242011827577, 9911.713040717459, 9812.76611130593, 9706.469540431708, 9581.74290255045, 9454.269669920583, 9347.9129034882, 9243.887536406652, 9138.959196478698, 9046.666865178966, 8969.136053495238, 8901.771129200679, 8843.666132444416, 8794.602630364001, 8755.004589108323, 8718.14135446247, 8681.886669821723, 8653.33961156285, 8625.303053798487, 8601.912454127842, 8588.561482289397, 8576.094011154642, 8563.657092564385, 8550.602977255701, 8538.93649382706, 8528.402340846933, 8518.106807383048, 8506.981180054674, 8496.649250386035, 8488.356999513082, 8481.16213684666, 8474.52025910733, 8466.836685367927, 8459.542106069708, 8453.051585532188, 8448.537199701532, 8442.597367328808, 8436.008508172088, 8429.956036043617, 8423.463883967723, 8419.133770915907, 8414.395270875464, 8408.237124376185, 8403.09878155227, 8398.200045528238, 8393.790420058993, 8389.644036069854, 8384.74730493795, 8380.193567550974, 8376.201017637568, 8372.093040714697, 8366.972044204986, 8363.931627617296, 8357.963364996478, 8353.650806826856, 8350.19121764303, 8344.787005904109, 8343.978478069677, 8338.022795700901, 8338.816510082535, 8335.157435187602, 8329.716864857257, 8328.279776485642, 8322.799364967737, 8323.628985257286, 8319.209886070938, 8314.307172528934, 8312.593048806704, 8307.440191648591, 8306.673371406812, 8302.379589097842, 8300.666467881054, 8297.591911488364, 8295.408399057413, 8292.954869837793, 8289.884603845563, 8288.157375232673, 8286.035470726583, 8283.654121969435, 8281.0556005896, 8273.602849385745, 8266.158550550985, 8258.301981312283, 8252.10472483635, 8246.881467425594, 8241.728907388479, 8236.285396676465, 8231.751711888535]",0.03,80.0,10.0,False,0.0,0.7806286279492396,-0.008001435524932932
methodological_closure_v1,D,SWI,swi10,tree,0,2830,10013,0.1,po_random_5fold,random_50k,full_background_50k,ipp,primary,50000,,,standard_kan_ipp,True,634.3929594049987,26692.954631309636,,0.7488121626149845,0.2772756950637697,0.5406615812151159,0.2723879335728623,,,,,,False,,,171.89294563290815,22.874669616982576,"[30782.122669219258, 30639.42846323638, 30347.419075094786, 30085.62009926736, 29778.422612900427, 29394.149190792374, 29059.338238831748, 28760.77355107401, 28453.1013315852, 28174.243336294763, 27945.219219265866, 27753.33350076113, 27596.1301079063, 27470.68004142807, 27375.571341561274, 27327.921396272595, 27289.826177437888, 27242.291031471505, 27202.219780859818, 27163.385362052224, 27134.411640798735, 27111.51689441921, 27089.88003423606, 27069.008631975914, 27057.313782343772, 27043.474359819895, 27036.304931846582, 27022.539889665444, 27008.146743721627, 26994.502127204654, 26982.365876870943, 26971.882124540356, 26961.067989708397, 26950.262226578347, 26938.872109024043, 26932.35848355979, 26922.059819147744, 26918.58493997376, 26905.617727323002, 26908.772321994158, 26900.108819669822, 26887.399373085205, 26892.549614001437, 26881.57373691131, 26884.054336143603, 26884.128216914596, 26869.983855198243, 26869.317800741745, 26867.68186152862, 26855.01847512136, 26860.689362301073, 26853.107481976887, 26850.85058053095, 26850.668641137057, 26844.67213112309, 26840.078995898995, 26839.654746995468, 26832.43902184422, 26831.55203320131, 26828.10034402776, 26824.481052701285, 26821.4637294909, 26820.048928571672, 26818.412301717806, 26813.77141722424, 26812.817058891877, 26809.688122303774, 26809.866218862706, 26803.95362262657, 26811.108621329502, 26808.147617472598, 26799.816944296275, 26806.952784478453, 26798.98110324405, 26800.84433785353, 26802.706995616867, 26793.58896106122, 26794.174007115915, 26793.915943036933, 26785.789205862067, 26790.22648793926, 26782.333022330356, 26774.303265175986, 26762.219508408074, 26748.4063005527, 26734.718070653755, 26718.937227742357, 26707.170915324798, 26698.63432765841, 26692.954631309633]",0.03,80.0,10.0,False,0.0,0.7335492078177402,0.015262954797244266
methodological_closure_v1,D,SWI,swi11,tree,0,749,10013,0.1,po_random_5fold,random_50k,full_background_50k,ipp,primary,50000,,,standard_kan_ipp,True,613.1900876319996,6110.291572353697,,0.8400706040351816,0.0509983589417192,0.7387953300569059,0.1270877670885074,,,,,,False,,,279.87452943807307,24.6961977685303,"[8120.342771147148, 8088.352359610208, 8018.115792133716, 7933.9501895841695, 7826.660131485272, 7703.609485706121, 7574.952885976733, 7440.617907026263, 7306.470659880076, 7182.044370957358, 7067.0825564504985, 6958.649931226174, 6860.792220160168, 6778.071184355292, 6707.062739695056, 6648.817714117873, 6603.131457295396, 6567.050113301063, 6541.792703228203, 6522.053629850272, 6501.588430703301, 6480.538637935775, 6461.702825369569, 6445.450153852107, 6431.1250913433, 6419.641027292749, 6405.669720026292, 6390.21746641711, 6375.053492160964, 6361.714126415035, 6350.42196160006, 6340.765251944484, 6331.40971163029, 6321.795792075231, 6312.42254608877, 6304.529102214713, 6299.529211664533, 6294.247698297617, 6288.530623694783, 6282.442757180554, 6277.7274751196355, 6272.056489602087, 6266.887841808432, 6261.741756051125, 6257.52451821994, 6252.653050637577, 6248.629819884849, 6244.366088311476, 6242.6094492655275, 6237.014545729113, 6235.158158826457, 6229.755804805574, 6229.194808069953, 6226.520037072899, 6221.924803579832, 6219.460940687579, 6216.845792212886, 6212.12617049249, 6212.375521867752, 6208.092959435987, 6205.009349445275, 6201.946651562797, 6199.478688331812, 6195.833251184076, 6195.156101758988, 6192.067311739451, 6189.672840855406, 6187.0315139355525, 6185.398344848021, 6182.403200465315, 6181.234451734268, 6178.550109278348, 6177.326177822034, 6174.791581009702, 6173.3413472756365, 6170.665204625228, 6170.453099790066, 6167.91623824027, 6166.49615828284, 6164.474950762816, 6163.255593147454, 6158.424003760106, 6150.93376365655, 6142.869457692829, 6133.97158216252, 6128.793483661392, 6125.234119210651, 6119.970355372528, 6113.90636995611, 6110.291572353697]",0.03,80.0,10.0,False,0.0,0.8425537778398814,-0.0024831738046997565
methodological_closure_v1,D,SWI,swi12,tree,0,37,10013,1.0,po_random_5fold,random_50k,full_background_50k,ipp,primary,50000,,,standard_kan_ipp,True,816.15669458099,150.7368013430773,,0.6040778544981487,0.0035876815118908,0.2695903136111277,0.0178187659173623,,,,,,False,,,339.31183052790874,27.40029943535608,"[400.07944020840074, 394.20978590296613, 387.664808987944, 380.7877084548542, 374.1922447728521, 367.195684655668, 360.5527102560988, 354.1076479696321, 348.0983210547402, 342.39219403187195, 336.2887068186729, 329.67848855955464, 322.3068044626216, 314.9425981776341, 308.5342872830529, 303.26143036613485, 299.6784590028154, 296.2807275123359, 293.01694229508587, 289.68523739064074, 286.04695741495215, 282.5839995958434, 279.29520473919405, 275.46359596576104, 272.1518265646928, 268.81086792955574, 265.16183361169993, 262.4872680300525, 259.41364561048374, 256.1581642053576, 253.8624524938328, 251.07875255541316, 248.9561829790272, 246.27734314357303, 244.20599607351176, 241.70517084582053, 239.79970438846638, 237.61435613235267, 234.5952307549601, 234.156992140368, 232.27548630805052, 230.8228476011384, 228.7634566287013, 229.24057672596507, 228.04739072512584, 224.5943062402562, 222.86911920540416, 220.99882306324136, 218.55613416279306, 217.7778487114716, 215.0552104428404, 214.91778092096442, 214.19091263431577, 211.04906827417872, 209.4284131816025, 208.25696712721057, 206.4035277933655, 205.61751230206414, 204.11068967080544, 204.53933928838882, 202.96789988430234, 201.11790206600676, 200.0393562517279, 199.68362149196653, 197.7316224387186, 198.4949181406482, 197.6819453038102, 194.33772647800672, 193.84324836279202, 194.91019948082845, 191.25803244248263, 197.33389051199086, 197.02603678497488, 194.65699531726054, 190.7106022863511, 192.67308746775942, 188.6961896980743, 190.45015156279328, 188.5497655039556, 189.48726963025914, 186.7437316398729, 185.07911938944937, 188.40938255989934, 188.20878669044473, 181.60672962466037, 185.33425754537484, 185.98246067051036, 181.67499832020508, 183.12842452149198, 184.73109871258956, 182.59602683216724, 179.16029434881392, 182.9447475744985, 184.0754421676607, 179.87623051704082, 179.97905210527006, 179.51237342080518, 178.3883230350773, 176.8219172416147, 177.79807018353443, 176.4627267308776, 179.10406439058087, 177.52386904066412, 176.59284603870105, 176.9410343022913, 173.85227509827703, 174.66433849196943, 174.7520338683723, 172.49187851858943, 176.67744722104624, 175.85703340390242, 173.62096121854157, 174.2874450660429, 172.40072662943268, 176.70923135602987, 174.11484870189008, 175.15887201258676, 175.8227853197764, 170.5488000072042, 174.88589793215922, 174.90421582985297, 171.04634954114943, 171.98215050279512, 170.44469455953913, 172.76286131998754, 172.5390458608177, 171.64951708435171, 172.07535929364877, 170.8367334248437, 170.3814857374876, 168.64574158999292, 169.41408988250583, 168.0859056739315, 166.97252581177014, 169.4928393143071, 168.62062598116543, 166.13370320591196, 166.225565110783, 166.93444799986867, 166.04445030665778, 165.53810625832327, 165.86248755004422, 164.640884504233, 167.00644642961745, 163.52407446514636, 168.98531084052905, 166.8549006767099, 167.7538566472154, 168.38620400923563, 166.28496235622498, 167.35570656539883, 161.8034729503518, 161.32276655192555, 159.59135331653476, 156.310013697761, 154.23916150768042, 153.00484666714112, 151.89415098164113, 151.21514218449843, 150.7368013430773]",0.03,150.0,10.0,False,0.0,0.6977184028820174,-0.0936405483838687
methodological_closure_v1,D,SWI,swi13,tree,0,3357,10013,0.001,po_random_5fold,random_50k,full_background_50k,ipp,primary,50000,,,standard_kan_ipp,True,645.7819213479961,32519.4500424353,,0.7342890788626858,0.513273124003116,0.4788380197954959,0.3663889316364314,,,,,,False,,,520.4928795791369,23.756667013119223,"[36552.78027981865, 36389.67189119458, 36039.534986990504, 35687.984183037865, 35407.12104290814, 35064.814967726896, 34678.365887794746, 34348.05493955391, 34084.42971440756, 33836.21542071766, 33614.86689423189, 33457.01797252561, 33344.407854167395, 33246.00969274176, 33162.17728703902, 33121.6941430617, 33083.03047786409, 33056.94344055415, 33028.69759826885, 33001.48311670413, 32979.40076691671, 32962.19172301043, 32945.49383435292, 32932.34107867431, 32915.96436582964, 32896.75611054884, 32876.45746704298, 32859.88789208293, 32845.59372502222, 32828.96841354812, 32815.209669974094, 32803.490991930616, 32793.24625087988, 32783.18436354876, 32776.31826121121, 32766.977979327934, 32759.372308646558, 32752.700190479067, 32745.199118098742, 32736.94996965472, 32729.76610702747, 32723.36165915417, 32714.262277271413, 32706.661553144757, 32698.652928912707, 32693.361573381142, 32686.7737621334, 32680.16213250586, 32674.00563231556, 32668.900983525808, 32668.108764400567, 32661.756507954447, 32667.63740062024, 32661.527155694275, 32667.813804516707, 32668.3297784145, 32656.790160782686, 32658.45428540854, 32656.370156133453, 32649.74097975783, 32651.21265066568, 32643.62480364547, 32651.439890464553, 32650.769389242312, 32635.470097223693, 32639.15460758738, 32636.29633889325, 32631.857918433292, 32632.098656076974, 32626.42144284413, 32629.60305691867, 32625.2450684486, 32627.864071178585, 32625.344465888553, 32623.237959121212, 32620.908317073794, 32620.90998288555, 32617.033032204457, 32621.09315837074, 32618.85297955192, 32613.089593944944, 32606.84674640368, 32594.74407071348, 32584.0140659512, 32570.622118053463, 32558.86836951201, 32546.11403204813, 32535.671559157487, 32526.201962414187, 32519.4500424353]",0.03,80.0,10.0,False,0.0,0.7256081818763056,0.008680896986380193
methodological_closure_v1,D,SWI,swi14,tree,0,2142,10013,0.1,po_random_5fold,random_50k,full_background_50k,ipp,primary,50000,,,standard_kan_ipp,True,635.0644464299985,19805.304701077515,,0.7895781345664384,0.2803704548901878,0.6459378466453037,0.2778718487215129,,,,,,False,,,262.7187662259868,23.417138566034637,"[23283.035014491692, 23167.43949023428, 22902.377841461814, 22642.370682830322, 22426.50176552317, 22169.60168335378, 21884.25326870885, 21627.474937233095, 21408.93310694505, 21193.601860565726, 20989.393321738073, 20831.525529497125, 20714.08346012116, 20607.02995570764, 20507.989749570886, 20435.58433490373, 20380.38708171645, 20334.58533556486, 20293.64839481432, 20262.16715759579, 20235.4755922667, 20216.75478948242, 20204.521939131384, 20194.520036100374, 20184.30801927949, 20169.811418568886, 20155.541975757842, 20140.84553955987, 20128.497026176923, 20115.664173277724, 20102.50798153886, 20094.794349984153, 20084.33360863619, 20076.286400131557, 20068.32284443579, 20061.9320252423, 20056.081044506107, 20048.872356861106, 20047.863254761323, 20040.93402401633, 20042.4171576094, 20036.20397087756, 20032.22316906661, 20026.743351315396, 20021.772877589992, 20015.75845132041, 20009.336185379336, 20003.750537354004, 19997.843718404303, 19991.455006606488, 19988.854307860165, 19982.63320313841, 19981.725378813455, 19976.90503691358, 19974.85627207333, 19970.773580720892, 19967.58133007881, 19963.281185206637, 19960.148248950994, 19955.81462303525, 19954.275603623053, 19950.839610772455, 19947.034232816433, 19943.867933113816, 19942.69060925685, 19938.177437440365, 19937.30498017871, 19933.620083664417, 19929.0119914293, 19925.03697087796, 19925.00167014107, 19920.0407608197, 19918.780353452723, 19915.376814310952, 19910.664330433363, 19907.22344519821, 19909.07606666608, 19905.665746064704, 19900.920559546405, 19898.377299411295, 19898.81764634087, 19891.920597754197, 19883.09174496293, 19870.074007713512, 19856.91526827422, 19844.384281150746, 19834.190654480506, 19826.701904844427, 19815.21702339553, 19805.304701077515]",0.03,80.0,10.0,False,0.0,0.7790617718189771,0.010516362747461372
methodological_closure_v1,D,SWI,swi15,tree,0,297,10013,1.0,po_random_5fold,random_50k,full_background_50k,ipp,primary,50000,,,standard_kan_ipp,True,617.894268109012,2169.6263059779,,0.7523270377538362,0.0411039964738697,0.5900214827971161,0.1076011907079466,,,,,,False,,,286.6316287622307,25.27497269249932,"[3213.09147887384, 3187.261150657521, 3148.97836281243, 3102.8320268739058, 3052.927990240229, 2996.114066339309, 2933.7338742002134, 2871.2296322744337, 2814.0042180170535, 2760.4228971173757, 2710.658182758332, 2666.32361607852, 2629.130495856513, 2598.7000056582165, 2576.5402307776776, 2562.356276194426, 2549.7489033595534, 2536.5794614439983, 2524.5259856940056, 2512.6947276527753, 2500.5695999501604, 2489.430950319892, 2479.802926483534, 2469.6199561393296, 2459.6566050415386, 2451.7904670537855, 2443.5683718096066, 2434.8218790718824, 2427.7197676619285, 2420.7450155010215, 2413.375607012052, 2406.255984866526, 2399.120844836086, 2392.900024639673, 2386.3285221527854, 2380.07563987454, 2374.160951390263, 2367.7640721642497, 2361.080822931843, 2356.3123433844535, 2350.784609439685, 2344.662782225625, 2339.178147807139, 2336.030096500042, 2332.6944978443744, 2329.9250021947532, 2325.745480223068, 2320.8045966112522, 2316.8249859393864, 2310.288120954616, 2305.839006707624, 2302.4452271445534, 2298.1437433497094, 2294.8602673050063, 2293.056674112045, 2289.4850731924007, 2286.459389966342, 2285.329131677035, 2279.9682976410186, 2283.571497492973, 2278.5557481261385, 2279.613888500725, 2278.7766033063162, 2272.6828963372513, 2271.625446463614, 2270.069686767048, 2266.654046773022, 2265.962321217813, 2262.4694801467076, 2264.136429958044, 2260.996422605473, 2261.7438041582386, 2259.6834049876798, 2253.622681133917, 2251.790402491347, 2252.0124914014523, 2248.7440312433646, 2251.007849794409, 2250.436671043854, 2245.2978607835353, 2243.6728411820404, 2238.7676887325406, 2229.2152198705144, 2214.993126937791, 2203.398032022248, 2194.280462264029, 2188.417722281596, 2181.992478473155, 2174.7751510373255, 2169.6263059779]",0.03,80.0,10.0,False,0.0,0.7746357794991033,-0.02230874174526709
methodological_closure_v1,D,SWI,swi16,tree,0,734,10013,0.1,po_random_5fold,random_50k,full_background_50k,ipp,primary,50000,,,standard_kan_ipp,True,607.2944916499982,6263.432062727626,,0.8185392104993011,0.1266005203115375,0.683889241651653,0.2208287435624239,,,,,,False,,,434.2641312095675,24.255353304187008,"[7946.847493020852, 7883.566501146732, 7804.343948729946, 7709.138654049251, 7605.557699038687, 7495.822068325343, 7374.293272238894, 7241.706830179957, 7117.672578262934, 7009.586295521094, 6928.951932528824, 6866.774387723626, 6810.55498015881, 6767.84971751375, 6739.6775422749015, 6712.000538895161, 6689.3913356265575, 6669.603022022143, 6647.344693624837, 6629.413697959574, 6615.404958173557, 6601.955213481345, 6588.011010870633, 6577.411241124734, 6566.019469531428, 6554.960668411335, 6546.330408632894, 6537.752255256279, 6528.311464256328, 6520.858162622825, 6512.074040534407, 6504.076109788061, 6499.183719072513, 6492.676434322006, 6489.123226140162, 6483.299799941691, 6480.765390650606, 6473.325768392455, 6475.924504435639, 6473.262508433663, 6460.584437117693, 6465.394934594481, 6461.762122124339, 6455.199665939119, 6453.296759129765, 6446.418699574969, 6449.552660652256, 6448.063961515588, 6439.544680084847, 6443.047806815383, 6443.05745491358, 6435.097032639855, 6434.677244947356, 6432.763884681198, 6430.28990582941, 6428.858656206937, 6423.16409838293, 6427.691690464721, 6428.0343029453825, 6419.0911319516945, 6420.0307619601745, 6422.015733907033, 6415.173656542186, 6417.817518227244, 6419.025075681782, 6413.838077085092, 6410.514888637942, 6410.5416679645, 6407.5965842342475, 6406.97240827929, 6403.605478958146, 6404.677581723298, 6402.636164434493, 6398.377410469889, 6398.451510141504, 6396.244031803895, 6392.9235853782, 6392.304016518515, 6388.527364438095, 6393.420542024725, 6387.282268247153, 6383.194679064405, 6372.7292174214335, 6360.355054428923, 6337.6304645686405, 6314.496750298525, 6294.520476736736, 6280.962398810358, 6271.638780928171, 6263.432062727626]",0.03,80.0,10.0,False,0.0,0.8243075351858725,-0.005768324686571402
methodological_closure_v1,D,SWI,swi17,tree,0,458,10013,0.01,po_random_5fold,random_50k,full_background_50k,ipp,primary,50000,,,standard_kan_ipp,True,612.6040493319888,3163.60369349851,,0.9598121867828204,0.4863055757607899,0.9424814581082844,0.3861185979282787,,,,,,False,,,158.18038149127793,24.4149634402843,"[4966.880776239853, 4930.224113841177, 4851.975815583705, 4767.344270108861, 4689.0815909635785, 4590.693513516161, 4479.112891802293, 4370.4340446509095, 4262.290539658454, 4152.167167014347, 4036.136023574071, 3919.9372134858204, 3811.6567039382367, 3722.1917004048187, 3649.554768952768, 3591.7564901948713, 3545.9569863892066, 3508.457210483002, 3479.9398731622387, 3460.897974611946, 3443.934491828481, 3427.89312009112, 3413.0434674475455, 3401.1822622031104, 3392.5470775466824, 3384.1828380867464, 3376.1354341415445, 3368.613332403645, 3360.9848565928824, 3352.8776776212558, 3345.333904923684, 3339.8652336599803, 3336.0893204206036, 3332.3653723129914, 3328.3230600426996, 3323.1474648858393, 3317.5402829684763, 3313.0811541698454, 3308.159723510998, 3305.047526248754, 3300.985290397573, 3299.2342327149295, 3294.582727624181, 3295.4519271744243, 3292.8243651750195, 3287.5263007775848, 3287.359156451392, 3282.731926118987, 3286.7528587511397, 3285.187429130983, 3275.6876791970158, 3280.410567652827, 3281.8786084313356, 3273.222120520309, 3270.3942423306503, 3271.9687845415688, 3266.682601446999, 3266.158118452881, 3264.9922833672595, 3260.874917306738, 3260.648536837259, 3258.1534683238556, 3255.669234194356, 3255.2005471731113, 3251.0383349703757, 3254.8447480092427, 3253.7893352916603, 3249.1275937977516, 3247.104492569882, 3248.604607153578, 3244.916377757306, 3243.8805823553153, 3242.4306671893482, 3240.2465102550905, 3237.634713610831, 3240.56772743735, 3236.413121480624, 3236.445852397819, 3236.1334809246628, 3230.8663652213795, 3229.1338809880313, 3226.754135150642, 3215.683108194295, 3206.330294548878, 3200.1686465820417, 3194.135291366452, 3186.9760607195635, 3180.860072867955, 3172.0832115991375, 3163.60369349851]",0.03,80.0,10.0,False,0.0,0.9864636651344534,-0.02665147835163295
methodological_closure_v1,D,SWI,swi18,tree,0,382,10013,0.01,po_random_5fold,random_50k,full_background_50k,ipp,primary,50000,,,standard_kan_ipp,True,627.6636382099969,2632.2589206244297,,0.9173348429881923,0.0389651064709224,0.8414311010905865,0.0974767947650071,,,,,,False,,,433.1082681910154,25.098488241310957,"[4141.158885630062, 4131.078947676498, 4084.2590478931857, 4015.4939868409333, 3946.5470836255204, 3869.3244617781324, 3778.7594808701742, 3686.1654303856426, 3599.8727579249025, 3511.5387782158427, 3424.6780636202384, 3348.117198274778, 3275.3877049472994, 3207.036994807903, 3151.963009495433, 3105.5795193695403, 3069.411950266911, 3041.6620634319897, 3017.849013934653, 2997.1020964227287, 2978.205683778935, 2960.5570479684657, 2944.2112183620743, 2928.6613291475705, 2915.400458703277, 2904.0507176708875, 2890.9694409554622, 2879.087781022174, 2868.984521291814, 2859.941750513521, 2851.361491785234, 2843.6454225382718, 2836.3003760794327, 2827.8629241239864, 2819.6455988791918, 2812.0080741642437, 2804.8373014574613, 2800.1355748366836, 2794.9481002693674, 2789.3901422968484, 2783.507345825914, 2778.466042181705, 2772.866253666601, 2767.559105877719, 2763.4726727479474, 2758.2978704083284, 2755.9221821705196, 2751.9587301147967, 2751.1829247194105, 2745.925174977822, 2748.4915503046736, 2747.7888437492015, 2741.4325996617704, 2740.6565645002806, 2739.336076582009, 2732.927548572972, 2737.527175494922, 2734.1888731897157, 2726.526755962982, 2725.87155788145, 2722.2563230467595, 2720.8827977159685, 2717.7820070433727, 2718.3303653341936, 2715.0860437446836, 2712.8945032748616, 2711.4026788925594, 2708.556212115462, 2707.429807445419, 2704.5154558970758, 2705.117379930486, 2701.183010722332, 2706.792869864206, 2706.3990483059715, 2696.6035788108147, 2707.250658666251, 2711.2588772276586, 2699.2701862163417, 2697.962701725953, 2704.089885387253, 2700.4120750972343, 2686.969744022385, 2680.681173883847, 2671.174210669063, 2664.4229141538417, 2658.07045858304, 2648.796862913597, 2642.7112342699097, 2637.004871404027, 2632.2589206244297]",0.03,80.0,10.0,False,0.0,0.938835871248007,-0.021501028259814703
methodological_closure_v1,D,SWI,swi19,tree,2000,36,10013,0.1,po_random_5fold,random_50k,full_background_50k,ipp,R2,50000,,,standard_kan_ipp,True,122.58812326598854,145.23607316332567,,0.5551594114363355,0.0063401325893496,0.2069031893214054,0.0103131504564669,,,,,,True,,,25.03783247481154,26.262352658078044,"[389.16332175046335, 388.265460535887, 387.29574363788026, 386.0795542750298, 384.63782776636856, 381.3990054354203, 379.76096031837267, 378.18598924590617, 376.6976842938454, 375.29101891251844, 372.63469336980825, 371.34078071204993, 370.04941276684247, 368.75234786048367, 367.4451512745524, 364.79448876083416, 363.4495196888824, 362.08971298021163, 360.713319389527, 359.3190142919337, 356.4774156627502, 355.03417137525304, 353.58050958660516, 352.12020788261043, 350.6565052031322, 347.72723168125253, 346.2636015161775, 344.8003561559602, 343.3360554030378, 341.86863812245895, 338.9178343706485, 337.43439396165, 335.9469280369714, 334.45534352530916, 332.9579622464057, 329.93917800614884, 328.418663638707, 326.8936485472062, 325.3657215730014, 323.83473254497625, 320.7587666744868, 319.2129275741221, 317.66303703855874, 316.1107101612026, 314.5575410994775, 311.4534010511337, 309.90417875686114, 308.3582038594686, 306.816731033051, 305.2808199607441, 302.2292907003255, 300.7161972219018, 299.21341522075176, 297.7219105274249, 296.2426137992671, 293.3257574309821, 291.8908427283481, 290.4730581275431, 289.073150736223, 287.69157652421325, 284.984267031707, 283.6579186813108, 282.348432954697, 281.0546310628628, 279.7754480872532, 277.25690785574875, 276.0154434784638, 274.78420159602376, 273.56164793455326, 272.345878481564, 269.9265037929478, 268.7186311007788, 267.50981528725106, 266.29972384028787, 265.08862060589604, 262.6673995809799, 261.4607718628294, 260.2591292147508, 259.0638525037247, 257.87600274687765, 255.52541913924574, 254.36413702380935, 253.2139160039302, 252.07448066922285, 250.9426328938037, 248.6754867591818, 247.52285432170535, 246.3428360326703, 245.1193507409444, 243.834111750282, 241.04724897663394, 239.57526231375329, 238.10652246194394, 236.69008147857483, 235.35025343327888, 232.85528944457803, 231.68298160071993, 230.54993713765597, 229.43717593645036, 228.32859540714466, 226.1166724898376, 225.02172175119102, 223.93986368603439, 222.8794257838431, 221.85305782371535, 219.93395136747236, 219.0314908638621, 218.1552100683655, 217.30010779818323, 216.46017810032245, 214.80077608336128, 213.978446398332, 213.16045488652574, 212.34539248015088, 211.53483787150432, 209.9328775665309, 209.1311664892331, 208.31794828924947, 207.4889621757812, 206.64419280778674, 204.91369344595978, 204.04904319001153, 203.20703159638754, 202.39933010896652, 201.62046878704945, 200.15461624146957, 199.44108925722378, 198.75273828358598, 198.0779055374761, 197.41401416839904, 196.14143910884536, 195.51805399951795, 194.92955331163677, 194.3697230853025, 193.82490955389858, 192.77128192991884, 192.29067093357781, 191.7839479531883, 191.32109001131184, 190.9030554956183, 190.00271758995106, 189.5856548806992, 189.13907611393577, 188.71353967548515, 188.3053006531817, 187.42751025855043, 187.03200746130497, 186.620432547614, 186.21362012480446, 185.83165649467594, 185.08910284775894, 184.7321268072855, 184.3895279182542, 184.05032266930309, 183.72070822461433, 183.08772707542417, 182.79175596847088, 182.50173181798885, 182.20929434084687, 181.92142589050053, 181.36217417358057, 181.08834163281375, 180.82080671202021, 180.56527424969534, 180.3187283185832, 179.82739590440346, 179.5723839064539, 179.33299362226708, 179.10094570930343, 178.86019226786252, 178.41371560790841, 178.1730956650441, 177.9663707131779, 177.73829780611325, 177.54605573960214, 177.10768631296867, 176.91056834709013, 176.6905917632901, 176.48758546713054, 176.28550908667378, 175.90609690486048, 175.69654764789303, 175.51685699150332, 175.32397190573548, 175.1385803624218, 174.77010075595265, 174.6027274559094, 174.42118577993926, 174.24895796378166, 169.64263732624042, 161.49085349728398, 158.98334513626148, 157.05901171426115, 155.20748524838575, 153.13267437051155, 150.3495762249401, 149.5105856046659, 148.32637095617227, 147.25542580683813, 145.23607316332567]",0.005,225.0,15.0,False,2.0,0.9079026363186332,-0.3527432248822977
methodological_closure_v1,D,SWI,swi20,tree,0,613,10013,1.0,po_random_5fold,random_50k,full_background_50k,ipp,primary,50000,,,standard_kan_ipp,True,634.5523896009981,5233.510007816469,,0.7264997829612868,0.0579809698782461,0.5112228338307796,0.1247131287283851,,,,,,False,,,324.54182663164994,23.78103974356917,"[6640.9667193912155, 6605.692697031243, 6547.048369766636, 6482.219445594454, 6406.085927460303, 6312.185152577892, 6212.3108649432315, 6118.739161902567, 6032.665536012294, 5957.371921930453, 5894.1154573971235, 5839.147649283355, 5786.807977133641, 5740.7738291772885, 5708.413274019929, 5678.448451486218, 5647.12552891916, 5619.711376622455, 5602.66822728159, 5591.295579821019, 5580.051751489354, 5569.344173937752, 5557.474102178194, 5544.277722483186, 5534.56159016658, 5525.167865260635, 5516.438350933469, 5508.341188473109, 5499.212831895119, 5490.909784149841, 5483.181041088389, 5477.766447775144, 5471.343881999725, 5464.390063594815, 5458.35606852129, 5453.753111200327, 5448.4547250402775, 5443.848406987687, 5440.3494899768375, 5435.356665672373, 5431.760056908006, 5425.495441775549, 5422.864209341193, 5417.328994620138, 5413.933072630282, 5408.040001053107, 5406.687848302788, 5402.177271445189, 5394.0391073912215, 5389.404840142642, 5387.428385724918, 5381.770353002914, 5381.658616315359, 5378.705862493026, 5371.802248560078, 5368.6772222502, 5365.698822578308, 5361.69900749999, 5360.761899083175, 5357.481074652205, 5353.631409359451, 5350.682844737703, 5348.651425673175, 5345.240380366372, 5344.250179674211, 5341.492475734522, 5338.957843208543, 5335.534452411246, 5334.982339527714, 5331.106958107684, 5329.886748614939, 5327.066423853267, 5324.445239869242, 5321.611664006699, 5321.9751096635355, 5319.63193933479, 5315.829871653401, 5313.968983384726, 5313.5793053461275, 5311.323727702493, 5308.505246725104, 5304.411546129163, 5291.213316582765, 5277.96049120233, 5264.3108977315405, 5254.620482361625, 5248.976568749778, 5242.833856078652, 5237.826711723772, 5233.510007816469]",0.03,80.0,10.0,False,0.0,0.7402539012045838,-0.013754118243296976
methodological_closure_v1,D,SWI,swi21,tree,0,426,10013,0.1,po_random_5fold,random_50k,full_background_50k,ipp,primary,50000,,,standard_kan_ipp,True,619.1262859790004,3597.681574466256,,0.6384995731360272,0.0426521806031193,0.3496919776124628,0.0705528904220941,,,,,,False,,,413.4776640281292,24.788005204973864,"[4616.144725190316, 4599.95098241616, 4551.300868768044, 4491.965496683362, 4440.153247269604, 4384.789477139614, 4321.628144457134, 4259.95073222523, 4208.632079033879, 4165.414321294814, 4128.062767963061, 4097.406207295405, 4071.0922732353147, 4046.9343242590157, 4028.252884638833, 4014.5654601842557, 4003.198259565236, 3992.4624242225605, 3981.747896933358, 3970.8793671565427, 3959.4321703550686, 3949.808200188572, 3941.143619367416, 3933.4480002422983, 3925.993669720396, 3918.401584104226, 3909.859417913841, 3901.5655061044467, 3893.0986161159294, 3885.8718254255114, 3878.4196991252265, 3871.0828746012844, 3863.461535666077, 3855.472839729622, 3847.969979863639, 3840.628250475481, 3833.8056901119703, 3825.729867642777, 3818.0461815278686, 3810.0988321322757, 3803.536000029942, 3797.9000760110157, 3793.9129862403943, 3790.857956078695, 3786.828426998945, 3782.1048665479375, 3777.1559596890493, 3771.8344647455533, 3766.4246687729606, 3761.63945310847, 3756.7468766516035, 3752.8335880425484, 3749.3980673933283, 3745.4908298527703, 3742.4187980932493, 3737.76729009372, 3733.523926374229, 3729.732871700307, 3725.8778210836895, 3724.0873238395334, 3718.7540238825727, 3722.1989439260014, 3715.9091412613425, 3718.405376220649, 3719.4544770714306, 3710.827649795749, 3713.720060198264, 3710.1077971261275, 3708.171028973394, 3705.5724979253364, 3704.973023487497, 3701.097464342487, 3700.8303663104684, 3698.978346198538, 3694.833773447042, 3694.194292202334, 3690.0872930909386, 3690.2447171591257, 3686.431716516518, 3688.2335907685288, 3685.9744224052506, 3679.6651741411292, 3670.7064023162548, 3655.5050220828252, 3642.6966912900134, 3631.589802294975, 3621.5851534222274, 3613.0439849808376, 3604.0286142706245, 3597.6815744662554]",0.03,80.0,10.0,False,0.0,0.6863270361776338,-0.047827463041606566
methodological_closure_v1,D,SWI,swi22,tree,0,560,10013,0.1,po_random_5fold,random_50k,full_background_50k,ipp,primary,50000,,,standard_kan_ipp,True,617.7832902480004,4432.110982413914,,0.8422108356499567,0.0923918266870767,0.7468229926342072,0.1709885091052402,,,,,,False,,,190.8354206933324,25.10346828062031,"[6068.62883623697, 6039.382372954251, 5969.248281782864, 5910.287935500232, 5844.617623892, 5758.043782225285, 5670.444239555795, 5586.334036116482, 5494.371154217755, 5399.594350149296, 5307.555183942797, 5219.763329162225, 5132.659944578576, 5048.220846873749, 4977.73657922281, 4924.868309426981, 4888.089509606765, 4860.855809681558, 4838.718826305527, 4819.794352390693, 4802.086273092481, 4785.775114497346, 4767.948341616234, 4749.474454341744, 4733.681692428137, 4719.009572179509, 4704.857639815162, 4691.819961552937, 4679.51122816489, 4668.566475749543, 4659.005172462165, 4651.531113567106, 4643.944269802522, 4637.226259806677, 4630.9112689770855, 4625.59104469067, 4620.432645710707, 4615.1854891178955, 4610.29516025129, 4605.46245324793, 4601.246004135899, 4596.966303407293, 4592.003070110704, 4587.552322836062, 4582.93567345746, 4578.225247444922, 4573.525056923595, 4568.607302716457, 4563.4974559260445, 4558.422653615897, 4553.922195919084, 4549.843804216756, 4545.712045225171, 4541.843686967887, 4538.189585920306, 4534.336815228441, 4531.70149267989, 4528.908814060307, 4526.142597455572, 4523.790979044969, 4521.462438610337, 4519.361139290523, 4517.11904164941, 4515.1800080887715, 4512.77591027794, 4511.46305251484, 4508.430441188386, 4507.265886147517, 4504.541198013186, 4503.575607426395, 4501.215392142373, 4499.452970097944, 4497.8790529477055, 4495.640011190914, 4494.853707037755, 4491.846644053412, 4490.959479260087, 4488.341863123841, 4487.279661908264, 4485.521008859166, 4483.805645516927, 4480.652196626987, 4471.832996297713, 4464.704924702208, 4459.768088760048, 4454.224974410259, 4448.846318285139, 4443.114589117519, 4436.908145929447, 4432.110982413914]",0.03,80.0,10.0,False,0.0,0.8522150720808028,-0.010004236430846136
methodological_closure_v1,D,SWI,swi23,tree,0,986,10013,1.0,po_random_5fold,random_50k,full_background_50k,ipp,primary,50000,,,standard_kan_ipp,True,611.2085882699903,8978.198505644285,,0.7041884427799213,0.293130761600174,0.4776628527887507,0.2452226680437495,,,,,,False,,,215.4691348910264,24.948076221834523,"[10699.223183133225, 10646.422169567797, 10564.717242692392, 10468.217103073877, 10350.08778550891, 10217.254704006054, 10094.467466732422, 9976.592276839034, 9866.760436245602, 9770.155790547937, 9692.086899428621, 9631.166442721076, 9580.21201594277, 9538.586820491699, 9507.34771052881, 9485.633259361182, 9464.073208814885, 9446.892404669903, 9431.99765171713, 9418.989995989292, 9405.369634456258, 9395.668166850479, 9383.909349960424, 9369.86353906367, 9355.74909333301, 9345.22541356379, 9333.890363464103, 9325.293293334718, 9315.702777168235, 9309.172846493142, 9301.48589822618, 9294.121258934056, 9285.470980652222, 9278.895665023047, 9272.264413219393, 9265.850490373323, 9259.246639472141, 9253.784365787204, 9246.936475074153, 9242.50326018956, 9236.697843831156, 9233.561061791608, 9228.181413233231, 9223.449695680272, 9219.185203343177, 9213.195115591066, 9207.924188184159, 9202.108957966751, 9196.274106804414, 9190.343980833359, 9184.531165667253, 9179.89586107148, 9172.784828496691, 9171.27045728053, 9164.418816280337, 9158.972900670167, 9155.062232887783, 9148.91886483703, 9144.391545077211, 9140.786596412681, 9135.302815602827, 9132.832214784394, 9128.058817595995, 9121.214611408057, 9116.681153504602, 9112.868081999048, 9107.585115150501, 9107.201341452184, 9103.362373699041, 9097.744413171215, 9094.868604959813, 9091.306484292292, 9088.115419135553, 9084.642825357347, 9083.257325531675, 9079.161939471482, 9077.720669816927, 9073.929532099908, 9073.206810133228, 9069.341859620301, 9067.10379734186, 9063.206467656362, 9047.916610297958, 9033.053984864247, 9020.287410552288, 9010.938296028575, 9002.643724932188, 8995.569281292635, 8987.34838984664, 8978.198505644285]",0.03,80.0,10.0,False,0.0,0.7306721665110106,-0.026483723731089315
methodological_closure_v1,D,SWI,swi24,tree,0,293,10013,0.001,po_random_5fold,random_50k,full_background_50k,ipp,primary,50000,,,standard_kan_ipp,True,579.9187156120024,2375.010499782692,,0.5919041654195905,0.0462848070166379,0.2630629764067885,0.0552240201774515,,,,,,False,,,306.23702141227415,25.846366559564053,"[3171.4739052156983, 3158.6686947283592, 3131.4696926545435, 3103.73075097834, 3073.6430381974224, 3041.538951217829, 3007.979496482226, 2977.0870075147395, 2946.5682076887, 2914.3778844528, 2884.4936542606024, 2859.3879792964353, 2837.6715007558773, 2818.6179938238006, 2803.5022635688288, 2790.3206678533884, 2778.736236647368, 2768.6373598377813, 2758.233388457748, 2747.9863314827576, 2737.451684525178, 2726.117492888845, 2715.85613337945, 2706.460642695557, 2697.29925590356, 2687.947408009429, 2680.3051659253806, 2673.5870439878345, 2668.1110222916973, 2661.7792854269305, 2654.8611042488083, 2647.3264177068913, 2639.150416476765, 2630.9750148384546, 2623.841794078058, 2616.338691716252, 2608.5995172770035, 2601.60447489323, 2594.9439948302092, 2588.802167360953, 2583.860169144715, 2577.3843502543864, 2571.3742018958055, 2566.102140619815, 2561.1898582576987, 2556.7765209641234, 2552.93909437024, 2548.8761156184155, 2544.135775537564, 2540.1775554482483, 2535.9326980089804, 2531.569296889756, 2528.940782846516, 2524.8836268808845, 2521.3621721733257, 2517.9797746161594, 2514.2872256742844, 2511.049784544925, 2507.592341227415, 2503.790062252624, 2502.105055945951, 2498.061791575054, 2495.8328266572344, 2494.2540220367923, 2490.036326741072, 2490.1519117108014, 2486.9075274764136, 2483.7775681432063, 2483.1438182606694, 2479.204951598107, 2478.1263277123635, 2477.371083679804, 2472.66226369736, 2478.266988366909, 2476.7285299649993, 2474.376623292948, 2469.214654160184, 2470.9108129131823, 2471.972159074079, 2464.297467670568, 2465.2605677314364, 2457.662726112637, 2448.967419086947, 2433.8542382466076, 2418.4129428940155, 2406.1828801387474, 2394.889912966175, 2387.910310752523, 2382.13207644896, 2375.0104997826916]",0.03,80.0,10.0,False,0.0,0.5620175662243703,0.029886599195220187
methodological_closure_v1,D,SWI,swi25,tree,0,279,10013,0.1,po_random_5fold,random_50k,full_background_50k,ipp,primary,50000,,,standard_kan_ipp,True,584.6842221789993,2024.9631755546252,,0.9425923617528852,0.2791516333519616,0.911773796458484,0.3119505400534154,,,,,,False,,,192.82293809392985,25.245814753613384,"[3023.5129218572806, 3002.541732919013, 2965.5327768122665, 2921.3915002808544, 2881.2368741182295, 2838.9885596908184, 2792.6529750364334, 2747.0475469339067, 2699.2312446918604, 2649.1141295837288, 2599.658960204183, 2551.899744502182, 2507.9040370242856, 2469.6779021782713, 2435.972005149698, 2409.8790952107197, 2388.6508631270062, 2371.064826416392, 2356.0272079065926, 2343.3696545064026, 2331.8291405300083, 2320.9888103530834, 2311.728141131632, 2303.641563029842, 2295.874601010691, 2288.8531002344234, 2281.1303870939473, 2272.951433372686, 2264.4313911401296, 2255.9917434121085, 2248.172293413936, 2240.9805405997677, 2234.327670102424, 2227.6749964159308, 2220.35896206985, 2212.429330215086, 2204.7956831014585, 2198.458465140579, 2193.264418993135, 2188.8447166004585, 2184.3533600183855, 2179.133173273438, 2173.7372425225267, 2168.6846836973637, 2164.3722180088134, 2161.432299847802, 2158.1632924999603, 2156.0711196033444, 2152.723548207454, 2150.3049245826505, 2147.7353588109745, 2145.0006880933743, 2144.369878353836, 2140.2211232015316, 2140.5891770194044, 2136.3426901282414, 2137.402070063724, 2136.757054971943, 2131.2582830687306, 2135.4564670938003, 2132.5941270796106, 2127.283306938765, 2127.6262641945127, 2124.8868896787135, 2124.339213422539, 2122.2285264941465, 2121.5036442640294, 2119.6556167085328, 2117.499325834398, 2117.1524922505596, 2114.135331674096, 2115.6894851215375, 2113.571739270983, 2110.522355976775, 2109.813262078242, 2108.01365806621, 2106.8298519700943, 2104.9652807793836, 2105.3924637458413, 2102.731583989522, 2103.1820188046754, 2098.30942796108, 2087.4901467696063, 2078.48286743781, 2068.0906144402625, 2060.003070997316, 2050.055851385399, 2045.0479241827325, 2036.4385550564677, 2024.9631755546254]",0.03,80.0,10.0,False,0.0,0.9659279159234028,-0.02333555417051758
methodological_closure_v1,D,SWI,swi26,tree,0,89,10013,0.0001,po_random_5fold,random_50k,full_background_50k,ipp,primary,50000,,,standard_kan_ipp,True,562.2073480450053,431.57354745047206,,0.6826052538193466,0.038089527401768,0.4990114067798507,0.0445775325738,,,,,,False,,,442.21914286609353,28.013685260000365,"[963.3068547956403, 955.6401863879267, 938.8376025850332, 922.3465116718804, 907.0753372852975, 890.2727550055151, 873.4220718537022, 854.6675898887556, 834.2456957862145, 814.3170205325068, 794.6025113093839, 774.6646688182069, 756.1082848600321, 739.0136311454409, 722.4009530104665, 708.9241404358927, 696.8677196008044, 687.3459229716416, 679.3759839087662, 672.9549846260683, 667.2267201000734, 661.8663600819407, 656.711747767081, 651.9051778743483, 647.641455488345, 643.2887879133375, 638.3863960374391, 632.4355819234279, 626.8657352054025, 621.9132508369788, 617.0310737604012, 611.8763744476504, 606.4618063158464, 600.5325158482424, 595.0073479106073, 591.2711195337699, 587.8744888225624, 583.631397898741, 579.0833286029103, 575.7287726221651, 572.3713535528776, 568.830130308525, 565.3548292891062, 562.0128061796833, 559.7194308440521, 556.1981270580519, 553.1867310212245, 549.692807806393, 546.843146449985, 544.6320817768536, 541.2470374700212, 537.9748053914848, 537.1553603177597, 533.0174082056712, 539.352218640236, 537.6630877129144, 527.7772004595047, 537.3586838574071, 538.8790970774805, 525.3753934933134, 536.6071061198428, 546.351864952709, 533.458372885628, 522.2560923002573, 525.7990040911097, 521.0216842269001, 520.1412681734085, 521.3764402581181, 515.1533107158205, 515.3440587938068, 517.4058533868308, 511.97334666576853, 512.0824143626585, 511.5616816249682, 508.6435986786118, 506.7797768507156, 509.13184463984186, 507.90463278335295, 503.94604223447084, 505.85640366017674, 502.87840967042274, 505.25753872118247, 505.13849324967197, 505.3904276969146, 502.25009050517076, 502.2782989639081, 502.87002933820196, 501.06930389128013, 497.82500826536653, 500.06485901212164, 499.6654196735263, 495.38610278290514, 493.886146278864, 499.3954359007253, 497.17806541599913, 493.3219902628425, 493.5640697656557, 493.15378124565245, 490.98718980056856, 493.42921685637754, 491.99254859084266, 490.0714452234326, 489.2013299342902, 489.3010466748971, 487.4174861632811, 490.4745626668176, 490.1048304131782, 485.7171494411963, 484.99357742437564, 487.07750925569195, 485.21762359242285, 485.16440217896127, 484.4284639463307, 484.64105267121147, 482.9456526530782, 483.64032979264675, 482.2577088362865, 482.3223300777941, 481.3460949626636, 481.24581730156683, 479.6365739568379, 481.7606425043096, 480.54728247156976, 478.2870125846582, 477.24528452621985, 480.3414316631328, 478.66839457496604, 477.2926980811051, 476.2867644370008, 477.45257279142714, 475.83374633021265, 476.33709373975296, 475.4027592315796, 475.1364018445219, 474.18482929897135, 474.60376358432217, 473.35596891712896, 474.14200849069493, 473.0247304059255, 472.4195470414284, 471.3079872159174, 472.9553581338256, 471.9257618824669, 470.60341843443103, 469.829881784188, 471.2933452920358, 470.26917894973883, 469.3447469260057, 468.4525245063219, 470.0996425530109, 469.0727848370252, 465.5902430475626, 464.93434974099677, 457.4086790019732, 448.5668100786104, 443.17906542782936, 439.6239272363086, 435.8412754694943, 433.7180916417641, 431.57354745047206]",0.03,150.0,10.0,False,0.0,0.793468667255075,-0.11086341343572848
methodological_closure_v1,D,SWI,swi27,tree,0,468,10013,1.0,po_random_5fold,random_50k,full_background_50k,ipp,primary,50000,,,standard_kan_ipp,True,503.5785037530004,3869.373713974516,,0.6786126848053348,0.0891283331122218,0.4725263182210296,0.1214474404400362,,,,,,False,,,489.5806938531505,24.50869479496035,"[5071.294151204875, 5044.628842984967, 4987.626576392477, 4935.417690081337, 4886.227708146189, 4823.32392811361, 4750.837857779535, 4682.072437104834, 4617.759720089522, 4554.475552631045, 4495.9267365364085, 4444.79106823661, 4399.64926361103, 4360.561137404682, 4329.306530389702, 4305.957287495787, 4287.056361044007, 4270.296861665381, 4255.1758351197395, 4240.7653349004495, 4226.535994734197, 4214.00272270238, 4204.292830268699, 4194.792942877895, 4185.127490112848, 4176.739818415894, 4168.805076659, 4161.232134936771, 4153.318533585127, 4146.376431999138, 4138.9867025575195, 4130.94239712649, 4121.691845877681, 4112.479458759522, 4103.175417102853, 4093.691835315666, 4085.0599453598306, 4077.66714090797, 4070.292174708284, 4062.2018573443925, 4054.2040229958625, 4047.0976496367357, 4039.948030910425, 4033.512422494298, 4029.943257788541, 4025.2149275221373, 4022.0004338717195, 4016.2595245014395, 4014.6208609934274, 4008.5599206130096, 4011.8162024700155, 4008.671878526192, 4002.03848952305, 4002.333418874291, 3999.109483246919, 3994.057584322651, 3993.1352083146867, 3988.4687507722324, 3986.0303822827273, 3982.533166016669, 3979.3432993787674, 3977.4280521736405, 3975.1952269890294, 3971.5528985083424, 3970.8870518635686, 3966.7454091922723, 3969.6824120023625, 3966.422159329434, 3962.8253395974184, 3963.267639819749, 3958.598545944995, 3960.645006773057, 3959.5845056018507, 3956.713281488005, 3953.221656645632, 3955.220458428235, 3952.617208412937, 3951.1339956240254, 3949.3621349622263, 3951.239714874446, 3947.85181978398, 3941.3306598949875, 3933.292463696286, 3926.142059435351, 3915.660610578362, 3905.682216438486, 3895.0773389897067, 3885.574652116835, 3875.787952571926, 3869.373713974516]",0.03,80.0,10.0,False,0.0,0.7097221254999068,-0.031109440694572
methodological_closure_v1,D,SWI,swi28,tree,0,5528,10013,0.01,po_random_5fold,random_50k,full_background_50k,ipp,primary,50000,,,standard_kan_ipp,True,494.22241570999904,54403.44504863687,,0.7969161358815374,0.6833624858701465,0.5885741148995587,0.4766629206220203,,,,,,False,,,685.2450979412309,22.74418513487288,"[60404.832225149854, 60190.295018719444, 59717.36971574555, 59234.3594262911, 58738.99117172065, 58209.143848789936, 57712.341723009486, 57257.21435207569, 56778.14345252294, 56352.88150169798, 56015.43751687668, 55748.22840640727, 55528.264953491765, 55367.3477713676, 55239.702952245454, 55156.794410404436, 55081.86437422056, 55029.62487109299, 54971.26889453318, 54931.269012243494, 54899.007078434224, 54881.49355814308, 54861.06704193126, 54834.59330841031, 54812.64408128383, 54790.292447261934, 54766.609966637225, 54749.69612233392, 54734.48308933377, 54720.38146324974, 54704.4893979781, 54689.47090427437, 54676.80109953981, 54664.177972188234, 54652.913058290134, 54642.71305765506, 54635.131359113984, 54628.34785771154, 54620.57334229342, 54613.840275257935, 54610.05252921157, 54603.69488064301, 54598.137232512, 54593.039840142774, 54588.24239381423, 54583.08431527287, 54579.179363262585, 54574.16685087382, 54571.4198724802, 54566.02947946361, 54562.64075710296, 54557.4307551669, 54553.76103983679, 54549.71018351758, 54543.983181844014, 54542.332198814474, 54535.24305058807, 54532.08439096988, 54527.28549286427, 54522.73322785583, 54520.052183872984, 54514.26780477011, 54513.11096677601, 54508.65089813708, 54505.835627375476, 54503.11361954696, 54499.75264243695, 54496.25550078761, 54497.83615112418, 54490.296212416775, 54496.72677147105, 54489.71061650459, 54492.402706858564, 54493.547882380444, 54482.1803953373, 54494.723878484234, 54489.07077767895, 54482.8024606556, 54488.3893598348, 54478.335326008186, 54478.89398802073, 54469.10712922716, 54462.35158018503, 54449.89618547026, 54438.943531414596, 54426.541794644036, 54419.82926415139, 54413.29394658906, 54407.88080970574, 54403.445048636866]",0.03,80.0,10.0,False,0.0,0.776234934565655,0.02068120131588247
methodological_closure_v1,D,SWI,swi29,tree,0,154,10013,0.1,po_random_5fold,random_50k,full_background_50k,ipp,primary,50000,,,standard_kan_ipp,True,440.9520776279969,1030.322894693044,,0.6223000100877636,0.0186167852031057,0.3470765320207364,0.0458215068989432,,,,,,False,,,207.15719314694925,25.416568177829408,"[1666.2198666631361, 1656.5434394971267, 1642.2843200697464, 1626.4507965040425, 1607.9033398085617, 1585.470221378063, 1560.9620406050942, 1539.1554411443174, 1519.1780991908454, 1499.4922737576974, 1481.37834393135, 1464.4116027146263, 1447.5753960444558, 1430.4489138151603, 1414.6604804606548, 1400.1778718658695, 1386.555328004423, 1374.6468086169646, 1363.0988107198693, 1353.143665710398, 1345.0868038860424, 1338.2308231103261, 1332.143432347236, 1326.6272119747382, 1321.3397869023233, 1316.201407973316, 1310.5717936713172, 1304.7670042891161, 1298.6460178022123, 1292.5777930614283, 1286.0750667472196, 1279.5688138173593, 1272.8614411503502, 1266.8385025594318, 1261.2840975848708, 1256.257974993119, 1251.2885327205772, 1246.3938162881695, 1240.995003670454, 1235.5358376553354, 1229.6775723310664, 1223.9618275782934, 1219.0085891650895, 1214.6285479377768, 1209.7527655160857, 1204.501884385022, 1199.1526185271848, 1194.0518483392004, 1189.6672905685039, 1184.8814591781643, 1180.8548929734754, 1177.1076823395535, 1173.4970752875297, 1170.4821248650555, 1166.7148746860532, 1164.1109737970223, 1160.1328135011581, 1157.04806667051, 1152.9196378319573, 1149.8015809601745, 1145.5274763851876, 1142.6304101317858, 1138.4739098656455, 1135.3228340568235, 1132.0918965680537, 1128.836391576349, 1125.9552122956832, 1123.9899858049391, 1120.9825632808436, 1119.7327808317198, 1115.769830798274, 1115.218058635511, 1111.227624874178, 1109.0484159755486, 1106.5547928694305, 1105.5042479250696, 1102.7445021801882, 1099.9310334107422, 1098.2615113736933, 1095.6014262463964, 1095.0079191312957, 1089.8401831435901, 1078.8596768191003, 1063.5906114537195, 1056.356441840287, 1049.4690479795331, 1043.3112124659851, 1038.806825756196, 1034.5262612995232, 1030.322894693044]",0.03,80.0,10.0,False,0.0,0.6530384343790983,-0.030738424291334665
methodological_closure_v1,D,SWI,swi30,tree,0,2800,10013,0.01,po_random_5fold,random_50k,full_background_50k,ipp,primary,50000,,,standard_kan_ipp,True,372.9521233989944,26725.86139503893,,0.7181270798862222,0.2816099051723283,0.4894243078014431,0.2412826216742849,,,,,,False,,,1063.4408103299306,22.73820710091702,"[30461.740040444503, 30309.306715776962, 30003.813211404173, 29734.951634169327, 29449.336317085337, 29121.26501124659, 28837.635989036782, 28580.23820028192, 28327.08138564554, 28101.965525267402, 27914.339631340903, 27764.385434856787, 27637.13022527932, 27523.461102331523, 27436.54566560226, 27380.274286124815, 27333.93654359762, 27281.76549031819, 27238.618058337735, 27213.637056374315, 27194.242379743187, 27164.647157613126, 27137.447013568795, 27112.092841029582, 27086.272649910003, 27066.9735767806, 27049.992892268583, 27034.38952192732, 27018.565084027156, 27005.35442626645, 26990.717954180553, 26977.70946649761, 26964.179616052967, 26952.43485098977, 26940.527238414932, 26930.779274132306, 26923.823177786202, 26912.458926551604, 26904.094529986225, 26899.401196369046, 26895.105270266115, 26889.680700452205, 26883.073562687583, 26878.843684509953, 26874.278993931, 26869.81953396516, 26868.33613741489, 26864.683265462198, 26860.5183665261, 26857.12661616734, 26853.448102896837, 26852.06216903239, 26846.444908684305, 26843.4459562525, 26842.993136059624, 26837.474031241887, 26837.419407354166, 26832.94265495198, 26833.409059743066, 26828.911586716622, 26828.12266501424, 26825.11103883437, 26823.442066198837, 26822.37568037002, 26819.49068798866, 26814.86811696995, 26818.169677728212, 26812.39807682807, 26817.10140448665, 26816.84799786495, 26805.502609549072, 26816.755077138314, 26813.069280611802, 26810.90794236375, 26807.38333860633, 26807.013981490494, 26801.887721768453, 26807.42105303699, 26799.10887449762, 26813.652943774956, 26814.82974896472, 26790.165538684174, 26785.903282330095, 26777.251172369943, 26769.02243413709, 26762.877647290097, 26754.226195752897, 26746.608628728092, 26733.090871126533, 26725.86139503893]",0.03,80.0,10.0,False,0.0,0.6891910985517484,0.028935981334473726
